title:Aegis's Endgame Analysis -> Special (Type & Element Combos)
description:Highest rated Special weapon for each 'Type + Element' combo.

//VS Velocity Baton
//notes:Aegis Top Void BGL: S Tier. Best With 'Bray Legacy' Origin Trait. MW: Reload or Handling
dimwishlist:item=1762785663&perks=3525010810,2822142346,776531651,2048641572
dimwishlist:item=1762785663&perks=3525010810,2822142346,776531651,1926441324
dimwishlist:item=1762785663&perks=3525010810,2822142346,776531651,243981275
dimwishlist:item=1762785663&perks=3525010810,2822142346,776531651,984655331
dimwishlist:item=1762785663&perks=3525010810,2822142346,2541826827,2048641572
dimwishlist:item=1762785663&perks=3525010810,2822142346,2541826827,1926441324
dimwishlist:item=1762785663&perks=3525010810,2822142346,2541826827,243981275
dimwishlist:item=1762785663&perks=3525010810,2822142346,2541826827,984655331
dimwishlist:item=1762785663&perks=3525010810,2822142346,3523296417,2048641572
dimwishlist:item=1762785663&perks=3525010810,2822142346,3523296417,1926441324
dimwishlist:item=1762785663&perks=3525010810,2822142346,3523296417,243981275
dimwishlist:item=1762785663&perks=3525010810,2822142346,3523296417,984655331
dimwishlist:item=1762785663&perks=3525010810,2822142346,1906147653,2048641572
dimwishlist:item=1762785663&perks=3525010810,2822142346,1906147653,1926441324
dimwishlist:item=1762785663&perks=3525010810,2822142346,1906147653,243981275
dimwishlist:item=1762785663&perks=3525010810,2822142346,1906147653,984655331
dimwishlist:item=1762785663&perks=3525010810,2822142346,3108830275,2048641572
dimwishlist:item=1762785663&perks=3525010810,2822142346,3108830275,1926441324
dimwishlist:item=1762785663&perks=3525010810,2822142346,3108830275,243981275
dimwishlist:item=1762785663&perks=3525010810,2822142346,3108830275,984655331
dimwishlist:item=1762785663&perks=3525010810,2822142346,855168139,2048641572
dimwishlist:item=1762785663&perks=3525010810,2822142346,855168139,1926441324
dimwishlist:item=1762785663&perks=3525010810,2822142346,855168139,243981275
dimwishlist:item=1762785663&perks=3525010810,2822142346,855168139,984655331
dimwishlist:item=1762785663&perks=3525010810,2108812838,776531651,2048641572
dimwishlist:item=1762785663&perks=3525010810,2108812838,776531651,1926441324
dimwishlist:item=1762785663&perks=3525010810,2108812838,776531651,243981275
dimwishlist:item=1762785663&perks=3525010810,2108812838,776531651,984655331
dimwishlist:item=1762785663&perks=3525010810,2108812838,2541826827,2048641572
dimwishlist:item=1762785663&perks=3525010810,2108812838,2541826827,1926441324
dimwishlist:item=1762785663&perks=3525010810,2108812838,2541826827,243981275
dimwishlist:item=1762785663&perks=3525010810,2108812838,2541826827,984655331
dimwishlist:item=1762785663&perks=3525010810,2108812838,3523296417,2048641572
dimwishlist:item=1762785663&perks=3525010810,2108812838,3523296417,1926441324
dimwishlist:item=1762785663&perks=3525010810,2108812838,3523296417,243981275
dimwishlist:item=1762785663&perks=3525010810,2108812838,3523296417,984655331
dimwishlist:item=1762785663&perks=3525010810,2108812838,1906147653,2048641572
dimwishlist:item=1762785663&perks=3525010810,2108812838,1906147653,1926441324
dimwishlist:item=1762785663&perks=3525010810,2108812838,1906147653,243981275
dimwishlist:item=1762785663&perks=3525010810,2108812838,1906147653,984655331
dimwishlist:item=1762785663&perks=3525010810,2108812838,3108830275,2048641572
dimwishlist:item=1762785663&perks=3525010810,2108812838,3108830275,1926441324
dimwishlist:item=1762785663&perks=3525010810,2108812838,3108830275,243981275
dimwishlist:item=1762785663&perks=3525010810,2108812838,3108830275,984655331
dimwishlist:item=1762785663&perks=3525010810,2108812838,855168139,2048641572
dimwishlist:item=1762785663&perks=3525010810,2108812838,855168139,1926441324
dimwishlist:item=1762785663&perks=3525010810,2108812838,855168139,243981275
dimwishlist:item=1762785663&perks=3525010810,2108812838,855168139,984655331
dimwishlist:item=1762785663&perks=3250572790,2822142346,776531651,2048641572
dimwishlist:item=1762785663&perks=3250572790,2822142346,776531651,1926441324
dimwishlist:item=1762785663&perks=3250572790,2822142346,776531651,243981275
dimwishlist:item=1762785663&perks=3250572790,2822142346,776531651,984655331
dimwishlist:item=1762785663&perks=3250572790,2822142346,2541826827,2048641572
dimwishlist:item=1762785663&perks=3250572790,2822142346,2541826827,1926441324
dimwishlist:item=1762785663&perks=3250572790,2822142346,2541826827,243981275
dimwishlist:item=1762785663&perks=3250572790,2822142346,2541826827,984655331
dimwishlist:item=1762785663&perks=3250572790,2822142346,3523296417,2048641572
dimwishlist:item=1762785663&perks=3250572790,2822142346,3523296417,1926441324
dimwishlist:item=1762785663&perks=3250572790,2822142346,3523296417,243981275
dimwishlist:item=1762785663&perks=3250572790,2822142346,3523296417,984655331
dimwishlist:item=1762785663&perks=3250572790,2822142346,1906147653,2048641572
dimwishlist:item=1762785663&perks=3250572790,2822142346,1906147653,1926441324
dimwishlist:item=1762785663&perks=3250572790,2822142346,1906147653,243981275
dimwishlist:item=1762785663&perks=3250572790,2822142346,1906147653,984655331
dimwishlist:item=1762785663&perks=3250572790,2822142346,3108830275,2048641572
dimwishlist:item=1762785663&perks=3250572790,2822142346,3108830275,1926441324
dimwishlist:item=1762785663&perks=3250572790,2822142346,3108830275,243981275
dimwishlist:item=1762785663&perks=3250572790,2822142346,3108830275,984655331
dimwishlist:item=1762785663&perks=3250572790,2822142346,855168139,2048641572
dimwishlist:item=1762785663&perks=3250572790,2822142346,855168139,1926441324
dimwishlist:item=1762785663&perks=3250572790,2822142346,855168139,243981275
dimwishlist:item=1762785663&perks=3250572790,2822142346,855168139,984655331
dimwishlist:item=1762785663&perks=3250572790,2108812838,776531651,2048641572
dimwishlist:item=1762785663&perks=3250572790,2108812838,776531651,1926441324
dimwishlist:item=1762785663&perks=3250572790,2108812838,776531651,243981275
dimwishlist:item=1762785663&perks=3250572790,2108812838,776531651,984655331
dimwishlist:item=1762785663&perks=3250572790,2108812838,2541826827,2048641572
dimwishlist:item=1762785663&perks=3250572790,2108812838,2541826827,1926441324
dimwishlist:item=1762785663&perks=3250572790,2108812838,2541826827,243981275
dimwishlist:item=1762785663&perks=3250572790,2108812838,2541826827,984655331
dimwishlist:item=1762785663&perks=3250572790,2108812838,3523296417,2048641572
dimwishlist:item=1762785663&perks=3250572790,2108812838,3523296417,1926441324
dimwishlist:item=1762785663&perks=3250572790,2108812838,3523296417,243981275
dimwishlist:item=1762785663&perks=3250572790,2108812838,3523296417,984655331
dimwishlist:item=1762785663&perks=3250572790,2108812838,1906147653,2048641572
dimwishlist:item=1762785663&perks=3250572790,2108812838,1906147653,1926441324
dimwishlist:item=1762785663&perks=3250572790,2108812838,1906147653,243981275
dimwishlist:item=1762785663&perks=3250572790,2108812838,1906147653,984655331
dimwishlist:item=1762785663&perks=3250572790,2108812838,3108830275,2048641572
dimwishlist:item=1762785663&perks=3250572790,2108812838,3108830275,1926441324
dimwishlist:item=1762785663&perks=3250572790,2108812838,3108830275,243981275
dimwishlist:item=1762785663&perks=3250572790,2108812838,3108830275,984655331
dimwishlist:item=1762785663&perks=3250572790,2108812838,855168139,2048641572
dimwishlist:item=1762785663&perks=3250572790,2108812838,855168139,1926441324
dimwishlist:item=1762785663&perks=3250572790,2108812838,855168139,243981275
dimwishlist:item=1762785663&perks=3250572790,2108812838,855168139,984655331
dimwishlist:item=2452936816&perks=3525010810,2822142346,776531651,2048641572
dimwishlist:item=2452936816&perks=3525010810,2822142346,776531651,1926441324
dimwishlist:item=2452936816&perks=3525010810,2822142346,776531651,2396489472
dimwishlist:item=2452936816&perks=3525010810,2822142346,776531651,598607952
dimwishlist:item=2452936816&perks=3525010810,2822142346,776531651,243981275
dimwishlist:item=2452936816&perks=3525010810,2822142346,776531651,984655331
dimwishlist:item=2452936816&perks=3525010810,2822142346,2541826827,2048641572
dimwishlist:item=2452936816&perks=3525010810,2822142346,2541826827,1926441324
dimwishlist:item=2452936816&perks=3525010810,2822142346,2541826827,2396489472
dimwishlist:item=2452936816&perks=3525010810,2822142346,2541826827,598607952
dimwishlist:item=2452936816&perks=3525010810,2822142346,2541826827,243981275
dimwishlist:item=2452936816&perks=3525010810,2822142346,2541826827,984655331
dimwishlist:item=2452936816&perks=3525010810,2822142346,3523296417,2048641572
dimwishlist:item=2452936816&perks=3525010810,2822142346,3523296417,1926441324
dimwishlist:item=2452936816&perks=3525010810,2822142346,3523296417,2396489472
dimwishlist:item=2452936816&perks=3525010810,2822142346,3523296417,598607952
dimwishlist:item=2452936816&perks=3525010810,2822142346,3523296417,243981275
dimwishlist:item=2452936816&perks=3525010810,2822142346,3523296417,984655331
dimwishlist:item=2452936816&perks=3525010810,2822142346,1906147653,2048641572
dimwishlist:item=2452936816&perks=3525010810,2822142346,1906147653,1926441324
dimwishlist:item=2452936816&perks=3525010810,2822142346,1906147653,2396489472
dimwishlist:item=2452936816&perks=3525010810,2822142346,1906147653,598607952
dimwishlist:item=2452936816&perks=3525010810,2822142346,1906147653,243981275
dimwishlist:item=2452936816&perks=3525010810,2822142346,1906147653,984655331
dimwishlist:item=2452936816&perks=3525010810,2822142346,3108830275,2048641572
dimwishlist:item=2452936816&perks=3525010810,2822142346,3108830275,1926441324
dimwishlist:item=2452936816&perks=3525010810,2822142346,3108830275,2396489472
dimwishlist:item=2452936816&perks=3525010810,2822142346,3108830275,598607952
dimwishlist:item=2452936816&perks=3525010810,2822142346,3108830275,243981275
dimwishlist:item=2452936816&perks=3525010810,2822142346,3108830275,984655331
dimwishlist:item=2452936816&perks=3525010810,2822142346,855168139,2048641572
dimwishlist:item=2452936816&perks=3525010810,2822142346,855168139,1926441324
dimwishlist:item=2452936816&perks=3525010810,2822142346,855168139,2396489472
dimwishlist:item=2452936816&perks=3525010810,2822142346,855168139,598607952
dimwishlist:item=2452936816&perks=3525010810,2822142346,855168139,243981275
dimwishlist:item=2452936816&perks=3525010810,2822142346,855168139,984655331
dimwishlist:item=2452936816&perks=3525010810,2108812838,776531651,2048641572
dimwishlist:item=2452936816&perks=3525010810,2108812838,776531651,1926441324
dimwishlist:item=2452936816&perks=3525010810,2108812838,776531651,2396489472
dimwishlist:item=2452936816&perks=3525010810,2108812838,776531651,598607952
dimwishlist:item=2452936816&perks=3525010810,2108812838,776531651,243981275
dimwishlist:item=2452936816&perks=3525010810,2108812838,776531651,984655331
dimwishlist:item=2452936816&perks=3525010810,2108812838,2541826827,2048641572
dimwishlist:item=2452936816&perks=3525010810,2108812838,2541826827,1926441324
dimwishlist:item=2452936816&perks=3525010810,2108812838,2541826827,2396489472
dimwishlist:item=2452936816&perks=3525010810,2108812838,2541826827,598607952
dimwishlist:item=2452936816&perks=3525010810,2108812838,2541826827,243981275
dimwishlist:item=2452936816&perks=3525010810,2108812838,2541826827,984655331
dimwishlist:item=2452936816&perks=3525010810,2108812838,3523296417,2048641572
dimwishlist:item=2452936816&perks=3525010810,2108812838,3523296417,1926441324
dimwishlist:item=2452936816&perks=3525010810,2108812838,3523296417,2396489472
dimwishlist:item=2452936816&perks=3525010810,2108812838,3523296417,598607952
dimwishlist:item=2452936816&perks=3525010810,2108812838,3523296417,243981275
dimwishlist:item=2452936816&perks=3525010810,2108812838,3523296417,984655331
dimwishlist:item=2452936816&perks=3525010810,2108812838,1906147653,2048641572
dimwishlist:item=2452936816&perks=3525010810,2108812838,1906147653,1926441324
dimwishlist:item=2452936816&perks=3525010810,2108812838,1906147653,2396489472
dimwishlist:item=2452936816&perks=3525010810,2108812838,1906147653,598607952
dimwishlist:item=2452936816&perks=3525010810,2108812838,1906147653,243981275
dimwishlist:item=2452936816&perks=3525010810,2108812838,1906147653,984655331
dimwishlist:item=2452936816&perks=3525010810,2108812838,3108830275,2048641572
dimwishlist:item=2452936816&perks=3525010810,2108812838,3108830275,1926441324
dimwishlist:item=2452936816&perks=3525010810,2108812838,3108830275,2396489472
dimwishlist:item=2452936816&perks=3525010810,2108812838,3108830275,598607952
dimwishlist:item=2452936816&perks=3525010810,2108812838,3108830275,243981275
dimwishlist:item=2452936816&perks=3525010810,2108812838,3108830275,984655331
dimwishlist:item=2452936816&perks=3525010810,2108812838,855168139,2048641572
dimwishlist:item=2452936816&perks=3525010810,2108812838,855168139,1926441324
dimwishlist:item=2452936816&perks=3525010810,2108812838,855168139,2396489472
dimwishlist:item=2452936816&perks=3525010810,2108812838,855168139,598607952
dimwishlist:item=2452936816&perks=3525010810,2108812838,855168139,243981275
dimwishlist:item=2452936816&perks=3525010810,2108812838,855168139,984655331
dimwishlist:item=2452936816&perks=3250572790,2822142346,776531651,2048641572
dimwishlist:item=2452936816&perks=3250572790,2822142346,776531651,1926441324
dimwishlist:item=2452936816&perks=3250572790,2822142346,776531651,2396489472
dimwishlist:item=2452936816&perks=3250572790,2822142346,776531651,598607952
dimwishlist:item=2452936816&perks=3250572790,2822142346,776531651,243981275
dimwishlist:item=2452936816&perks=3250572790,2822142346,776531651,984655331
dimwishlist:item=2452936816&perks=3250572790,2822142346,2541826827,2048641572
dimwishlist:item=2452936816&perks=3250572790,2822142346,2541826827,1926441324
dimwishlist:item=2452936816&perks=3250572790,2822142346,2541826827,2396489472
dimwishlist:item=2452936816&perks=3250572790,2822142346,2541826827,598607952
dimwishlist:item=2452936816&perks=3250572790,2822142346,2541826827,243981275
dimwishlist:item=2452936816&perks=3250572790,2822142346,2541826827,984655331
dimwishlist:item=2452936816&perks=3250572790,2822142346,3523296417,2048641572
dimwishlist:item=2452936816&perks=3250572790,2822142346,3523296417,1926441324
dimwishlist:item=2452936816&perks=3250572790,2822142346,3523296417,2396489472
dimwishlist:item=2452936816&perks=3250572790,2822142346,3523296417,598607952
dimwishlist:item=2452936816&perks=3250572790,2822142346,3523296417,243981275
dimwishlist:item=2452936816&perks=3250572790,2822142346,3523296417,984655331
dimwishlist:item=2452936816&perks=3250572790,2822142346,1906147653,2048641572
dimwishlist:item=2452936816&perks=3250572790,2822142346,1906147653,1926441324
dimwishlist:item=2452936816&perks=3250572790,2822142346,1906147653,2396489472
dimwishlist:item=2452936816&perks=3250572790,2822142346,1906147653,598607952
dimwishlist:item=2452936816&perks=3250572790,2822142346,1906147653,243981275
dimwishlist:item=2452936816&perks=3250572790,2822142346,1906147653,984655331
dimwishlist:item=2452936816&perks=3250572790,2822142346,3108830275,2048641572
dimwishlist:item=2452936816&perks=3250572790,2822142346,3108830275,1926441324
dimwishlist:item=2452936816&perks=3250572790,2822142346,3108830275,2396489472
dimwishlist:item=2452936816&perks=3250572790,2822142346,3108830275,598607952
dimwishlist:item=2452936816&perks=3250572790,2822142346,3108830275,243981275
dimwishlist:item=2452936816&perks=3250572790,2822142346,3108830275,984655331
dimwishlist:item=2452936816&perks=3250572790,2822142346,855168139,2048641572
dimwishlist:item=2452936816&perks=3250572790,2822142346,855168139,1926441324
dimwishlist:item=2452936816&perks=3250572790,2822142346,855168139,2396489472
dimwishlist:item=2452936816&perks=3250572790,2822142346,855168139,598607952
dimwishlist:item=2452936816&perks=3250572790,2822142346,855168139,243981275
dimwishlist:item=2452936816&perks=3250572790,2822142346,855168139,984655331
dimwishlist:item=2452936816&perks=3250572790,2108812838,776531651,2048641572
dimwishlist:item=2452936816&perks=3250572790,2108812838,776531651,1926441324
dimwishlist:item=2452936816&perks=3250572790,2108812838,776531651,2396489472
dimwishlist:item=2452936816&perks=3250572790,2108812838,776531651,598607952
dimwishlist:item=2452936816&perks=3250572790,2108812838,776531651,243981275
dimwishlist:item=2452936816&perks=3250572790,2108812838,776531651,984655331
dimwishlist:item=2452936816&perks=3250572790,2108812838,2541826827,2048641572
dimwishlist:item=2452936816&perks=3250572790,2108812838,2541826827,1926441324
dimwishlist:item=2452936816&perks=3250572790,2108812838,2541826827,2396489472
dimwishlist:item=2452936816&perks=3250572790,2108812838,2541826827,598607952
dimwishlist:item=2452936816&perks=3250572790,2108812838,2541826827,243981275
dimwishlist:item=2452936816&perks=3250572790,2108812838,2541826827,984655331
dimwishlist:item=2452936816&perks=3250572790,2108812838,3523296417,2048641572
dimwishlist:item=2452936816&perks=3250572790,2108812838,3523296417,1926441324
dimwishlist:item=2452936816&perks=3250572790,2108812838,3523296417,2396489472
dimwishlist:item=2452936816&perks=3250572790,2108812838,3523296417,598607952
dimwishlist:item=2452936816&perks=3250572790,2108812838,3523296417,243981275
dimwishlist:item=2452936816&perks=3250572790,2108812838,3523296417,984655331
dimwishlist:item=2452936816&perks=3250572790,2108812838,1906147653,2048641572
dimwishlist:item=2452936816&perks=3250572790,2108812838,1906147653,1926441324
dimwishlist:item=2452936816&perks=3250572790,2108812838,1906147653,2396489472
dimwishlist:item=2452936816&perks=3250572790,2108812838,1906147653,598607952
dimwishlist:item=2452936816&perks=3250572790,2108812838,1906147653,243981275
dimwishlist:item=2452936816&perks=3250572790,2108812838,1906147653,984655331
dimwishlist:item=2452936816&perks=3250572790,2108812838,3108830275,2048641572
dimwishlist:item=2452936816&perks=3250572790,2108812838,3108830275,1926441324
dimwishlist:item=2452936816&perks=3250572790,2108812838,3108830275,2396489472
dimwishlist:item=2452936816&perks=3250572790,2108812838,3108830275,598607952
dimwishlist:item=2452936816&perks=3250572790,2108812838,3108830275,243981275
dimwishlist:item=2452936816&perks=3250572790,2108812838,3108830275,984655331
dimwishlist:item=2452936816&perks=3250572790,2108812838,855168139,2048641572
dimwishlist:item=2452936816&perks=3250572790,2108812838,855168139,1926441324
dimwishlist:item=2452936816&perks=3250572790,2108812838,855168139,2396489472
dimwishlist:item=2452936816&perks=3250572790,2108812838,855168139,598607952
dimwishlist:item=2452936816&perks=3250572790,2108812838,855168139,243981275
dimwishlist:item=2452936816&perks=3250572790,2108812838,855168139,984655331


//Until Its Return
//notes:Aegis Top Strand Shotgun: A Tier. Best With 'Unsated Hunger' Origin Trait. MW: Handling or Reload
dimwishlist:item=2883484461&perks=1300023272,106909392,3300816228,3708227201
dimwishlist:item=2883484461&perks=1300023272,106909392,3300816228,781192741
dimwishlist:item=2883484461&perks=1300023272,106909392,3300816228,3751912585
dimwishlist:item=2883484461&perks=1300023272,106909392,3300816228,331667533
dimwishlist:item=2883484461&perks=1300023272,106909392,3300816228,2360754333
dimwishlist:item=2883484461&perks=1300023272,106909392,3300816228,2459015849
dimwishlist:item=2883484461&perks=1300023272,106909392,3528046508,3708227201
dimwishlist:item=2883484461&perks=1300023272,106909392,3528046508,781192741
dimwishlist:item=2883484461&perks=1300023272,106909392,3528046508,3751912585
dimwishlist:item=2883484461&perks=1300023272,106909392,3528046508,331667533
dimwishlist:item=2883484461&perks=1300023272,106909392,3528046508,2360754333
dimwishlist:item=2883484461&perks=1300023272,106909392,3528046508,2459015849
dimwishlist:item=2883484461&perks=1300023272,106909392,3643424744,3708227201
dimwishlist:item=2883484461&perks=1300023272,106909392,3643424744,781192741
dimwishlist:item=2883484461&perks=1300023272,106909392,3643424744,3751912585
dimwishlist:item=2883484461&perks=1300023272,106909392,3643424744,331667533
dimwishlist:item=2883484461&perks=1300023272,106909392,3643424744,2360754333
dimwishlist:item=2883484461&perks=1300023272,106909392,3643424744,2459015849
dimwishlist:item=2883484461&perks=1300023272,106909392,2682205016,3708227201
dimwishlist:item=2883484461&perks=1300023272,106909392,2682205016,781192741
dimwishlist:item=2883484461&perks=1300023272,106909392,2682205016,3751912585
dimwishlist:item=2883484461&perks=1300023272,106909392,2682205016,331667533
dimwishlist:item=2883484461&perks=1300023272,106909392,2682205016,2360754333
dimwishlist:item=2883484461&perks=1300023272,106909392,2682205016,2459015849
dimwishlist:item=2883484461&perks=1300023272,1783397184,3300816228,3708227201
dimwishlist:item=2883484461&perks=1300023272,1783397184,3300816228,781192741
dimwishlist:item=2883484461&perks=1300023272,1783397184,3300816228,3751912585
dimwishlist:item=2883484461&perks=1300023272,1783397184,3300816228,331667533
dimwishlist:item=2883484461&perks=1300023272,1783397184,3300816228,2360754333
dimwishlist:item=2883484461&perks=1300023272,1783397184,3300816228,2459015849
dimwishlist:item=2883484461&perks=1300023272,1783397184,3528046508,3708227201
dimwishlist:item=2883484461&perks=1300023272,1783397184,3528046508,781192741
dimwishlist:item=2883484461&perks=1300023272,1783397184,3528046508,3751912585
dimwishlist:item=2883484461&perks=1300023272,1783397184,3528046508,331667533
dimwishlist:item=2883484461&perks=1300023272,1783397184,3528046508,2360754333
dimwishlist:item=2883484461&perks=1300023272,1783397184,3528046508,2459015849
dimwishlist:item=2883484461&perks=1300023272,1783397184,3643424744,3708227201
dimwishlist:item=2883484461&perks=1300023272,1783397184,3643424744,781192741
dimwishlist:item=2883484461&perks=1300023272,1783397184,3643424744,3751912585
dimwishlist:item=2883484461&perks=1300023272,1783397184,3643424744,331667533
dimwishlist:item=2883484461&perks=1300023272,1783397184,3643424744,2360754333
dimwishlist:item=2883484461&perks=1300023272,1783397184,3643424744,2459015849
dimwishlist:item=2883484461&perks=1300023272,1783397184,2682205016,3708227201
dimwishlist:item=2883484461&perks=1300023272,1783397184,2682205016,781192741
dimwishlist:item=2883484461&perks=1300023272,1783397184,2682205016,3751912585
dimwishlist:item=2883484461&perks=1300023272,1783397184,2682205016,331667533
dimwishlist:item=2883484461&perks=1300023272,1783397184,2682205016,2360754333
dimwishlist:item=2883484461&perks=1300023272,1783397184,2682205016,2459015849
dimwishlist:item=2883484461&perks=2371713880,106909392,3300816228,3708227201
dimwishlist:item=2883484461&perks=2371713880,106909392,3300816228,781192741
dimwishlist:item=2883484461&perks=2371713880,106909392,3300816228,3751912585
dimwishlist:item=2883484461&perks=2371713880,106909392,3300816228,331667533
dimwishlist:item=2883484461&perks=2371713880,106909392,3300816228,2360754333
dimwishlist:item=2883484461&perks=2371713880,106909392,3300816228,2459015849
dimwishlist:item=2883484461&perks=2371713880,106909392,3528046508,3708227201
dimwishlist:item=2883484461&perks=2371713880,106909392,3528046508,781192741
dimwishlist:item=2883484461&perks=2371713880,106909392,3528046508,3751912585
dimwishlist:item=2883484461&perks=2371713880,106909392,3528046508,331667533
dimwishlist:item=2883484461&perks=2371713880,106909392,3528046508,2360754333
dimwishlist:item=2883484461&perks=2371713880,106909392,3528046508,2459015849
dimwishlist:item=2883484461&perks=2371713880,106909392,3643424744,3708227201
dimwishlist:item=2883484461&perks=2371713880,106909392,3643424744,781192741
dimwishlist:item=2883484461&perks=2371713880,106909392,3643424744,3751912585
dimwishlist:item=2883484461&perks=2371713880,106909392,3643424744,331667533
dimwishlist:item=2883484461&perks=2371713880,106909392,3643424744,2360754333
dimwishlist:item=2883484461&perks=2371713880,106909392,3643424744,2459015849
dimwishlist:item=2883484461&perks=2371713880,106909392,2682205016,3708227201
dimwishlist:item=2883484461&perks=2371713880,106909392,2682205016,781192741
dimwishlist:item=2883484461&perks=2371713880,106909392,2682205016,3751912585
dimwishlist:item=2883484461&perks=2371713880,106909392,2682205016,331667533
dimwishlist:item=2883484461&perks=2371713880,106909392,2682205016,2360754333
dimwishlist:item=2883484461&perks=2371713880,106909392,2682205016,2459015849
dimwishlist:item=2883484461&perks=2371713880,1783397184,3300816228,3708227201
dimwishlist:item=2883484461&perks=2371713880,1783397184,3300816228,781192741
dimwishlist:item=2883484461&perks=2371713880,1783397184,3300816228,3751912585
dimwishlist:item=2883484461&perks=2371713880,1783397184,3300816228,331667533
dimwishlist:item=2883484461&perks=2371713880,1783397184,3300816228,2360754333
dimwishlist:item=2883484461&perks=2371713880,1783397184,3300816228,2459015849
dimwishlist:item=2883484461&perks=2371713880,1783397184,3528046508,3708227201
dimwishlist:item=2883484461&perks=2371713880,1783397184,3528046508,781192741
dimwishlist:item=2883484461&perks=2371713880,1783397184,3528046508,3751912585
dimwishlist:item=2883484461&perks=2371713880,1783397184,3528046508,331667533
dimwishlist:item=2883484461&perks=2371713880,1783397184,3528046508,2360754333
dimwishlist:item=2883484461&perks=2371713880,1783397184,3528046508,2459015849
dimwishlist:item=2883484461&perks=2371713880,1783397184,3643424744,3708227201
dimwishlist:item=2883484461&perks=2371713880,1783397184,3643424744,781192741
dimwishlist:item=2883484461&perks=2371713880,1783397184,3643424744,3751912585
dimwishlist:item=2883484461&perks=2371713880,1783397184,3643424744,331667533
dimwishlist:item=2883484461&perks=2371713880,1783397184,3643424744,2360754333
dimwishlist:item=2883484461&perks=2371713880,1783397184,3643424744,2459015849
dimwishlist:item=2883484461&perks=2371713880,1783397184,2682205016,3708227201
dimwishlist:item=2883484461&perks=2371713880,1783397184,2682205016,781192741
dimwishlist:item=2883484461&perks=2371713880,1783397184,2682205016,3751912585
dimwishlist:item=2883484461&perks=2371713880,1783397184,2682205016,331667533
dimwishlist:item=2883484461&perks=2371713880,1783397184,2682205016,2360754333
dimwishlist:item=2883484461&perks=2371713880,1783397184,2682205016,2459015849


//Unsworn
//notes:Aegis Top Strand Trace: S Tier. Best With 'Subjugation' Origin Trait. MW: Reload
dimwishlist:item=1303313141&perks=1840239774,2749775325,3700496672,831391274
dimwishlist:item=1303313141&perks=1840239774,2749775325,3700496672,102912326
dimwishlist:item=1303313141&perks=1840239774,2749775325,3700496672,4198902903
dimwishlist:item=1303313141&perks=1840239774,2749775325,3700496672,222783511
dimwishlist:item=1303313141&perks=1840239774,2749775325,2840833776,831391274
dimwishlist:item=1303313141&perks=1840239774,2749775325,2840833776,102912326
dimwishlist:item=1303313141&perks=1840239774,2749775325,2840833776,4198902903
dimwishlist:item=1303313141&perks=1840239774,2749775325,2840833776,222783511
dimwishlist:item=1303313141&perks=1840239774,2749775325,960997401,831391274
dimwishlist:item=1303313141&perks=1840239774,2749775325,960997401,102912326
dimwishlist:item=1303313141&perks=1840239774,2749775325,960997401,4198902903
dimwishlist:item=1303313141&perks=1840239774,2749775325,960997401,222783511
dimwishlist:item=1303313141&perks=1840239774,2749775325,3244229373,831391274
dimwishlist:item=1303313141&perks=1840239774,2749775325,3244229373,102912326
dimwishlist:item=1303313141&perks=1840239774,2749775325,3244229373,4198902903
dimwishlist:item=1303313141&perks=1840239774,2749775325,3244229373,222783511
dimwishlist:item=1303313141&perks=1840239774,2073750249,3700496672,831391274
dimwishlist:item=1303313141&perks=1840239774,2073750249,3700496672,102912326
dimwishlist:item=1303313141&perks=1840239774,2073750249,3700496672,4198902903
dimwishlist:item=1303313141&perks=1840239774,2073750249,3700496672,222783511
dimwishlist:item=1303313141&perks=1840239774,2073750249,2840833776,831391274
dimwishlist:item=1303313141&perks=1840239774,2073750249,2840833776,102912326
dimwishlist:item=1303313141&perks=1840239774,2073750249,2840833776,4198902903
dimwishlist:item=1303313141&perks=1840239774,2073750249,2840833776,222783511
dimwishlist:item=1303313141&perks=1840239774,2073750249,960997401,831391274
dimwishlist:item=1303313141&perks=1840239774,2073750249,960997401,102912326
dimwishlist:item=1303313141&perks=1840239774,2073750249,960997401,4198902903
dimwishlist:item=1303313141&perks=1840239774,2073750249,960997401,222783511
dimwishlist:item=1303313141&perks=1840239774,2073750249,3244229373,831391274
dimwishlist:item=1303313141&perks=1840239774,2073750249,3244229373,102912326
dimwishlist:item=1303313141&perks=1840239774,2073750249,3244229373,4198902903
dimwishlist:item=1303313141&perks=1840239774,2073750249,3244229373,222783511
dimwishlist:item=1303313141&perks=1124871858,2749775325,3700496672,831391274
dimwishlist:item=1303313141&perks=1124871858,2749775325,3700496672,102912326
dimwishlist:item=1303313141&perks=1124871858,2749775325,3700496672,4198902903
dimwishlist:item=1303313141&perks=1124871858,2749775325,3700496672,222783511
dimwishlist:item=1303313141&perks=1124871858,2749775325,2840833776,831391274
dimwishlist:item=1303313141&perks=1124871858,2749775325,2840833776,102912326
dimwishlist:item=1303313141&perks=1124871858,2749775325,2840833776,4198902903
dimwishlist:item=1303313141&perks=1124871858,2749775325,2840833776,222783511
dimwishlist:item=1303313141&perks=1124871858,2749775325,960997401,831391274
dimwishlist:item=1303313141&perks=1124871858,2749775325,960997401,102912326
dimwishlist:item=1303313141&perks=1124871858,2749775325,960997401,4198902903
dimwishlist:item=1303313141&perks=1124871858,2749775325,960997401,222783511
dimwishlist:item=1303313141&perks=1124871858,2749775325,3244229373,831391274
dimwishlist:item=1303313141&perks=1124871858,2749775325,3244229373,102912326
dimwishlist:item=1303313141&perks=1124871858,2749775325,3244229373,4198902903
dimwishlist:item=1303313141&perks=1124871858,2749775325,3244229373,222783511
dimwishlist:item=1303313141&perks=1124871858,2073750249,3700496672,831391274
dimwishlist:item=1303313141&perks=1124871858,2073750249,3700496672,102912326
dimwishlist:item=1303313141&perks=1124871858,2073750249,3700496672,4198902903
dimwishlist:item=1303313141&perks=1124871858,2073750249,3700496672,222783511
dimwishlist:item=1303313141&perks=1124871858,2073750249,2840833776,831391274
dimwishlist:item=1303313141&perks=1124871858,2073750249,2840833776,102912326
dimwishlist:item=1303313141&perks=1124871858,2073750249,2840833776,4198902903
dimwishlist:item=1303313141&perks=1124871858,2073750249,2840833776,222783511
dimwishlist:item=1303313141&perks=1124871858,2073750249,960997401,831391274
dimwishlist:item=1303313141&perks=1124871858,2073750249,960997401,102912326
dimwishlist:item=1303313141&perks=1124871858,2073750249,960997401,4198902903
dimwishlist:item=1303313141&perks=1124871858,2073750249,960997401,222783511
dimwishlist:item=1303313141&perks=1124871858,2073750249,3244229373,831391274
dimwishlist:item=1303313141&perks=1124871858,2073750249,3244229373,102912326
dimwishlist:item=1303313141&perks=1124871858,2073750249,3244229373,4198902903
dimwishlist:item=1303313141&perks=1124871858,2073750249,3244229373,222783511
dimwishlist:item=3462679024&perks=1840239774,2749775325,3700496672,3640170453
dimwishlist:item=3462679024&perks=1840239774,2749775325,3700496672,1817983009
dimwishlist:item=3462679024&perks=1840239774,2749775325,3700496672,831391274
dimwishlist:item=3462679024&perks=1840239774,2749775325,3700496672,102912326
dimwishlist:item=3462679024&perks=1840239774,2749775325,3700496672,4198902903
dimwishlist:item=3462679024&perks=1840239774,2749775325,3700496672,222783511
dimwishlist:item=3462679024&perks=1840239774,2749775325,2840833776,3640170453
dimwishlist:item=3462679024&perks=1840239774,2749775325,2840833776,1817983009
dimwishlist:item=3462679024&perks=1840239774,2749775325,2840833776,831391274
dimwishlist:item=3462679024&perks=1840239774,2749775325,2840833776,102912326
dimwishlist:item=3462679024&perks=1840239774,2749775325,2840833776,4198902903
dimwishlist:item=3462679024&perks=1840239774,2749775325,2840833776,222783511
dimwishlist:item=3462679024&perks=1840239774,2749775325,960997401,3640170453
dimwishlist:item=3462679024&perks=1840239774,2749775325,960997401,1817983009
dimwishlist:item=3462679024&perks=1840239774,2749775325,960997401,831391274
dimwishlist:item=3462679024&perks=1840239774,2749775325,960997401,102912326
dimwishlist:item=3462679024&perks=1840239774,2749775325,960997401,4198902903
dimwishlist:item=3462679024&perks=1840239774,2749775325,960997401,222783511
dimwishlist:item=3462679024&perks=1840239774,2749775325,3244229373,3640170453
dimwishlist:item=3462679024&perks=1840239774,2749775325,3244229373,1817983009
dimwishlist:item=3462679024&perks=1840239774,2749775325,3244229373,831391274
dimwishlist:item=3462679024&perks=1840239774,2749775325,3244229373,102912326
dimwishlist:item=3462679024&perks=1840239774,2749775325,3244229373,4198902903
dimwishlist:item=3462679024&perks=1840239774,2749775325,3244229373,222783511
dimwishlist:item=3462679024&perks=1840239774,2073750249,3700496672,3640170453
dimwishlist:item=3462679024&perks=1840239774,2073750249,3700496672,1817983009
dimwishlist:item=3462679024&perks=1840239774,2073750249,3700496672,831391274
dimwishlist:item=3462679024&perks=1840239774,2073750249,3700496672,102912326
dimwishlist:item=3462679024&perks=1840239774,2073750249,3700496672,4198902903
dimwishlist:item=3462679024&perks=1840239774,2073750249,3700496672,222783511
dimwishlist:item=3462679024&perks=1840239774,2073750249,2840833776,3640170453
dimwishlist:item=3462679024&perks=1840239774,2073750249,2840833776,1817983009
dimwishlist:item=3462679024&perks=1840239774,2073750249,2840833776,831391274
dimwishlist:item=3462679024&perks=1840239774,2073750249,2840833776,102912326
dimwishlist:item=3462679024&perks=1840239774,2073750249,2840833776,4198902903
dimwishlist:item=3462679024&perks=1840239774,2073750249,2840833776,222783511
dimwishlist:item=3462679024&perks=1840239774,2073750249,960997401,3640170453
dimwishlist:item=3462679024&perks=1840239774,2073750249,960997401,1817983009
dimwishlist:item=3462679024&perks=1840239774,2073750249,960997401,831391274
dimwishlist:item=3462679024&perks=1840239774,2073750249,960997401,102912326
dimwishlist:item=3462679024&perks=1840239774,2073750249,960997401,4198902903
dimwishlist:item=3462679024&perks=1840239774,2073750249,960997401,222783511
dimwishlist:item=3462679024&perks=1840239774,2073750249,3244229373,3640170453
dimwishlist:item=3462679024&perks=1840239774,2073750249,3244229373,1817983009
dimwishlist:item=3462679024&perks=1840239774,2073750249,3244229373,831391274
dimwishlist:item=3462679024&perks=1840239774,2073750249,3244229373,102912326
dimwishlist:item=3462679024&perks=1840239774,2073750249,3244229373,4198902903
dimwishlist:item=3462679024&perks=1840239774,2073750249,3244229373,222783511
dimwishlist:item=3462679024&perks=1124871858,2749775325,3700496672,3640170453
dimwishlist:item=3462679024&perks=1124871858,2749775325,3700496672,1817983009
dimwishlist:item=3462679024&perks=1124871858,2749775325,3700496672,831391274
dimwishlist:item=3462679024&perks=1124871858,2749775325,3700496672,102912326
dimwishlist:item=3462679024&perks=1124871858,2749775325,3700496672,4198902903
dimwishlist:item=3462679024&perks=1124871858,2749775325,3700496672,222783511
dimwishlist:item=3462679024&perks=1124871858,2749775325,2840833776,3640170453
dimwishlist:item=3462679024&perks=1124871858,2749775325,2840833776,1817983009
dimwishlist:item=3462679024&perks=1124871858,2749775325,2840833776,831391274
dimwishlist:item=3462679024&perks=1124871858,2749775325,2840833776,102912326
dimwishlist:item=3462679024&perks=1124871858,2749775325,2840833776,4198902903
dimwishlist:item=3462679024&perks=1124871858,2749775325,2840833776,222783511
dimwishlist:item=3462679024&perks=1124871858,2749775325,960997401,3640170453
dimwishlist:item=3462679024&perks=1124871858,2749775325,960997401,1817983009
dimwishlist:item=3462679024&perks=1124871858,2749775325,960997401,831391274
dimwishlist:item=3462679024&perks=1124871858,2749775325,960997401,102912326
dimwishlist:item=3462679024&perks=1124871858,2749775325,960997401,4198902903
dimwishlist:item=3462679024&perks=1124871858,2749775325,960997401,222783511
dimwishlist:item=3462679024&perks=1124871858,2749775325,3244229373,3640170453
dimwishlist:item=3462679024&perks=1124871858,2749775325,3244229373,1817983009
dimwishlist:item=3462679024&perks=1124871858,2749775325,3244229373,831391274
dimwishlist:item=3462679024&perks=1124871858,2749775325,3244229373,102912326
dimwishlist:item=3462679024&perks=1124871858,2749775325,3244229373,4198902903
dimwishlist:item=3462679024&perks=1124871858,2749775325,3244229373,222783511
dimwishlist:item=3462679024&perks=1124871858,2073750249,3700496672,3640170453
dimwishlist:item=3462679024&perks=1124871858,2073750249,3700496672,1817983009
dimwishlist:item=3462679024&perks=1124871858,2073750249,3700496672,831391274
dimwishlist:item=3462679024&perks=1124871858,2073750249,3700496672,102912326
dimwishlist:item=3462679024&perks=1124871858,2073750249,3700496672,4198902903
dimwishlist:item=3462679024&perks=1124871858,2073750249,3700496672,222783511
dimwishlist:item=3462679024&perks=1124871858,2073750249,2840833776,3640170453
dimwishlist:item=3462679024&perks=1124871858,2073750249,2840833776,1817983009
dimwishlist:item=3462679024&perks=1124871858,2073750249,2840833776,831391274
dimwishlist:item=3462679024&perks=1124871858,2073750249,2840833776,102912326
dimwishlist:item=3462679024&perks=1124871858,2073750249,2840833776,4198902903
dimwishlist:item=3462679024&perks=1124871858,2073750249,2840833776,222783511
dimwishlist:item=3462679024&perks=1124871858,2073750249,960997401,3640170453
dimwishlist:item=3462679024&perks=1124871858,2073750249,960997401,1817983009
dimwishlist:item=3462679024&perks=1124871858,2073750249,960997401,831391274
dimwishlist:item=3462679024&perks=1124871858,2073750249,960997401,102912326
dimwishlist:item=3462679024&perks=1124871858,2073750249,960997401,4198902903
dimwishlist:item=3462679024&perks=1124871858,2073750249,960997401,222783511
dimwishlist:item=3462679024&perks=1124871858,2073750249,3244229373,3640170453
dimwishlist:item=3462679024&perks=1124871858,2073750249,3244229373,1817983009
dimwishlist:item=3462679024&perks=1124871858,2073750249,3244229373,831391274
dimwishlist:item=3462679024&perks=1124871858,2073750249,3244229373,102912326
dimwishlist:item=3462679024&perks=1124871858,2073750249,3244229373,4198902903
dimwishlist:item=3462679024&perks=1124871858,2073750249,3244229373,222783511


//Tinasha's Mastery
//notes:Aegis Top Stasis Rocket Sidearm: A Tier. Best With 'Skulking Wolf' Origin Trait. MW: Reload
dimwishlist:item=480368036&perks=3525010810,106909392,1421772400,2978966579
dimwishlist:item=480368036&perks=3525010810,106909392,1421772400,344235611
dimwishlist:item=480368036&perks=3525010810,106909392,1421772400,3708227201
dimwishlist:item=480368036&perks=3525010810,106909392,1421772400,781192741
dimwishlist:item=480368036&perks=3525010810,106909392,1421772400,2109543898
dimwishlist:item=480368036&perks=3525010810,106909392,1421772400,2799030358
dimwishlist:item=480368036&perks=3525010810,106909392,3291427296,2978966579
dimwishlist:item=480368036&perks=3525010810,106909392,3291427296,344235611
dimwishlist:item=480368036&perks=3525010810,106909392,3291427296,3708227201
dimwishlist:item=480368036&perks=3525010810,106909392,3291427296,781192741
dimwishlist:item=480368036&perks=3525010810,106909392,3291427296,2109543898
dimwishlist:item=480368036&perks=3525010810,106909392,3291427296,2799030358
dimwishlist:item=480368036&perks=3525010810,106909392,3993379141,2978966579
dimwishlist:item=480368036&perks=3525010810,106909392,3993379141,344235611
dimwishlist:item=480368036&perks=3525010810,106909392,3993379141,3708227201
dimwishlist:item=480368036&perks=3525010810,106909392,3993379141,781192741
dimwishlist:item=480368036&perks=3525010810,106909392,3993379141,2109543898
dimwishlist:item=480368036&perks=3525010810,106909392,3993379141,2799030358
dimwishlist:item=480368036&perks=3525010810,106909392,1164602481,2978966579
dimwishlist:item=480368036&perks=3525010810,106909392,1164602481,344235611
dimwishlist:item=480368036&perks=3525010810,106909392,1164602481,3708227201
dimwishlist:item=480368036&perks=3525010810,106909392,1164602481,781192741
dimwishlist:item=480368036&perks=3525010810,106909392,1164602481,2109543898
dimwishlist:item=480368036&perks=3525010810,106909392,1164602481,2799030358
dimwishlist:item=480368036&perks=3525010810,106909392,951095735,2978966579
dimwishlist:item=480368036&perks=3525010810,106909392,951095735,344235611
dimwishlist:item=480368036&perks=3525010810,106909392,951095735,3708227201
dimwishlist:item=480368036&perks=3525010810,106909392,951095735,781192741
dimwishlist:item=480368036&perks=3525010810,106909392,951095735,2109543898
dimwishlist:item=480368036&perks=3525010810,106909392,951095735,2799030358
dimwishlist:item=480368036&perks=3525010810,106909392,3878366039,2978966579
dimwishlist:item=480368036&perks=3525010810,106909392,3878366039,344235611
dimwishlist:item=480368036&perks=3525010810,106909392,3878366039,3708227201
dimwishlist:item=480368036&perks=3525010810,106909392,3878366039,781192741
dimwishlist:item=480368036&perks=3525010810,106909392,3878366039,2109543898
dimwishlist:item=480368036&perks=3525010810,106909392,3878366039,2799030358
dimwishlist:item=480368036&perks=3525010810,1783397184,1421772400,2978966579
dimwishlist:item=480368036&perks=3525010810,1783397184,1421772400,344235611
dimwishlist:item=480368036&perks=3525010810,1783397184,1421772400,3708227201
dimwishlist:item=480368036&perks=3525010810,1783397184,1421772400,781192741
dimwishlist:item=480368036&perks=3525010810,1783397184,1421772400,2109543898
dimwishlist:item=480368036&perks=3525010810,1783397184,1421772400,2799030358
dimwishlist:item=480368036&perks=3525010810,1783397184,3291427296,2978966579
dimwishlist:item=480368036&perks=3525010810,1783397184,3291427296,344235611
dimwishlist:item=480368036&perks=3525010810,1783397184,3291427296,3708227201
dimwishlist:item=480368036&perks=3525010810,1783397184,3291427296,781192741
dimwishlist:item=480368036&perks=3525010810,1783397184,3291427296,2109543898
dimwishlist:item=480368036&perks=3525010810,1783397184,3291427296,2799030358
dimwishlist:item=480368036&perks=3525010810,1783397184,3993379141,2978966579
dimwishlist:item=480368036&perks=3525010810,1783397184,3993379141,344235611
dimwishlist:item=480368036&perks=3525010810,1783397184,3993379141,3708227201
dimwishlist:item=480368036&perks=3525010810,1783397184,3993379141,781192741
dimwishlist:item=480368036&perks=3525010810,1783397184,3993379141,2109543898
dimwishlist:item=480368036&perks=3525010810,1783397184,3993379141,2799030358
dimwishlist:item=480368036&perks=3525010810,1783397184,1164602481,2978966579
dimwishlist:item=480368036&perks=3525010810,1783397184,1164602481,344235611
dimwishlist:item=480368036&perks=3525010810,1783397184,1164602481,3708227201
dimwishlist:item=480368036&perks=3525010810,1783397184,1164602481,781192741
dimwishlist:item=480368036&perks=3525010810,1783397184,1164602481,2109543898
dimwishlist:item=480368036&perks=3525010810,1783397184,1164602481,2799030358
dimwishlist:item=480368036&perks=3525010810,1783397184,951095735,2978966579
dimwishlist:item=480368036&perks=3525010810,1783397184,951095735,344235611
dimwishlist:item=480368036&perks=3525010810,1783397184,951095735,3708227201
dimwishlist:item=480368036&perks=3525010810,1783397184,951095735,781192741
dimwishlist:item=480368036&perks=3525010810,1783397184,951095735,2109543898
dimwishlist:item=480368036&perks=3525010810,1783397184,951095735,2799030358
dimwishlist:item=480368036&perks=3525010810,1783397184,3878366039,2978966579
dimwishlist:item=480368036&perks=3525010810,1783397184,3878366039,344235611
dimwishlist:item=480368036&perks=3525010810,1783397184,3878366039,3708227201
dimwishlist:item=480368036&perks=3525010810,1783397184,3878366039,781192741
dimwishlist:item=480368036&perks=3525010810,1783397184,3878366039,2109543898
dimwishlist:item=480368036&perks=3525010810,1783397184,3878366039,2799030358
dimwishlist:item=480368036&perks=3250572790,106909392,1421772400,2978966579
dimwishlist:item=480368036&perks=3250572790,106909392,1421772400,344235611
dimwishlist:item=480368036&perks=3250572790,106909392,1421772400,3708227201
dimwishlist:item=480368036&perks=3250572790,106909392,1421772400,781192741
dimwishlist:item=480368036&perks=3250572790,106909392,1421772400,2109543898
dimwishlist:item=480368036&perks=3250572790,106909392,1421772400,2799030358
dimwishlist:item=480368036&perks=3250572790,106909392,3291427296,2978966579
dimwishlist:item=480368036&perks=3250572790,106909392,3291427296,344235611
dimwishlist:item=480368036&perks=3250572790,106909392,3291427296,3708227201
dimwishlist:item=480368036&perks=3250572790,106909392,3291427296,781192741
dimwishlist:item=480368036&perks=3250572790,106909392,3291427296,2109543898
dimwishlist:item=480368036&perks=3250572790,106909392,3291427296,2799030358
dimwishlist:item=480368036&perks=3250572790,106909392,3993379141,2978966579
dimwishlist:item=480368036&perks=3250572790,106909392,3993379141,344235611
dimwishlist:item=480368036&perks=3250572790,106909392,3993379141,3708227201
dimwishlist:item=480368036&perks=3250572790,106909392,3993379141,781192741
dimwishlist:item=480368036&perks=3250572790,106909392,3993379141,2109543898
dimwishlist:item=480368036&perks=3250572790,106909392,3993379141,2799030358
dimwishlist:item=480368036&perks=3250572790,106909392,1164602481,2978966579
dimwishlist:item=480368036&perks=3250572790,106909392,1164602481,344235611
dimwishlist:item=480368036&perks=3250572790,106909392,1164602481,3708227201
dimwishlist:item=480368036&perks=3250572790,106909392,1164602481,781192741
dimwishlist:item=480368036&perks=3250572790,106909392,1164602481,2109543898
dimwishlist:item=480368036&perks=3250572790,106909392,1164602481,2799030358
dimwishlist:item=480368036&perks=3250572790,106909392,951095735,2978966579
dimwishlist:item=480368036&perks=3250572790,106909392,951095735,344235611
dimwishlist:item=480368036&perks=3250572790,106909392,951095735,3708227201
dimwishlist:item=480368036&perks=3250572790,106909392,951095735,781192741
dimwishlist:item=480368036&perks=3250572790,106909392,951095735,2109543898
dimwishlist:item=480368036&perks=3250572790,106909392,951095735,2799030358
dimwishlist:item=480368036&perks=3250572790,106909392,3878366039,2978966579
dimwishlist:item=480368036&perks=3250572790,106909392,3878366039,344235611
dimwishlist:item=480368036&perks=3250572790,106909392,3878366039,3708227201
dimwishlist:item=480368036&perks=3250572790,106909392,3878366039,781192741
dimwishlist:item=480368036&perks=3250572790,106909392,3878366039,2109543898
dimwishlist:item=480368036&perks=3250572790,106909392,3878366039,2799030358
dimwishlist:item=480368036&perks=3250572790,1783397184,1421772400,2978966579
dimwishlist:item=480368036&perks=3250572790,1783397184,1421772400,344235611
dimwishlist:item=480368036&perks=3250572790,1783397184,1421772400,3708227201
dimwishlist:item=480368036&perks=3250572790,1783397184,1421772400,781192741
dimwishlist:item=480368036&perks=3250572790,1783397184,1421772400,2109543898
dimwishlist:item=480368036&perks=3250572790,1783397184,1421772400,2799030358
dimwishlist:item=480368036&perks=3250572790,1783397184,3291427296,2978966579
dimwishlist:item=480368036&perks=3250572790,1783397184,3291427296,344235611
dimwishlist:item=480368036&perks=3250572790,1783397184,3291427296,3708227201
dimwishlist:item=480368036&perks=3250572790,1783397184,3291427296,781192741
dimwishlist:item=480368036&perks=3250572790,1783397184,3291427296,2109543898
dimwishlist:item=480368036&perks=3250572790,1783397184,3291427296,2799030358
dimwishlist:item=480368036&perks=3250572790,1783397184,3993379141,2978966579
dimwishlist:item=480368036&perks=3250572790,1783397184,3993379141,344235611
dimwishlist:item=480368036&perks=3250572790,1783397184,3993379141,3708227201
dimwishlist:item=480368036&perks=3250572790,1783397184,3993379141,781192741
dimwishlist:item=480368036&perks=3250572790,1783397184,3993379141,2109543898
dimwishlist:item=480368036&perks=3250572790,1783397184,3993379141,2799030358
dimwishlist:item=480368036&perks=3250572790,1783397184,1164602481,2978966579
dimwishlist:item=480368036&perks=3250572790,1783397184,1164602481,344235611
dimwishlist:item=480368036&perks=3250572790,1783397184,1164602481,3708227201
dimwishlist:item=480368036&perks=3250572790,1783397184,1164602481,781192741
dimwishlist:item=480368036&perks=3250572790,1783397184,1164602481,2109543898
dimwishlist:item=480368036&perks=3250572790,1783397184,1164602481,2799030358
dimwishlist:item=480368036&perks=3250572790,1783397184,951095735,2978966579
dimwishlist:item=480368036&perks=3250572790,1783397184,951095735,344235611
dimwishlist:item=480368036&perks=3250572790,1783397184,951095735,3708227201
dimwishlist:item=480368036&perks=3250572790,1783397184,951095735,781192741
dimwishlist:item=480368036&perks=3250572790,1783397184,951095735,2109543898
dimwishlist:item=480368036&perks=3250572790,1783397184,951095735,2799030358
dimwishlist:item=480368036&perks=3250572790,1783397184,3878366039,2978966579
dimwishlist:item=480368036&perks=3250572790,1783397184,3878366039,344235611
dimwishlist:item=480368036&perks=3250572790,1783397184,3878366039,3708227201
dimwishlist:item=480368036&perks=3250572790,1783397184,3878366039,781192741
dimwishlist:item=480368036&perks=3250572790,1783397184,3878366039,2109543898
dimwishlist:item=480368036&perks=3250572790,1783397184,3878366039,2799030358
dimwishlist:item=480368036&perks=1478423395,106909392,1421772400,2978966579
dimwishlist:item=480368036&perks=1478423395,106909392,1421772400,344235611
dimwishlist:item=480368036&perks=1478423395,106909392,1421772400,3708227201
dimwishlist:item=480368036&perks=1478423395,106909392,1421772400,781192741
dimwishlist:item=480368036&perks=1478423395,106909392,1421772400,2109543898
dimwishlist:item=480368036&perks=1478423395,106909392,1421772400,2799030358
dimwishlist:item=480368036&perks=1478423395,106909392,3291427296,2978966579
dimwishlist:item=480368036&perks=1478423395,106909392,3291427296,344235611
dimwishlist:item=480368036&perks=1478423395,106909392,3291427296,3708227201
dimwishlist:item=480368036&perks=1478423395,106909392,3291427296,781192741
dimwishlist:item=480368036&perks=1478423395,106909392,3291427296,2109543898
dimwishlist:item=480368036&perks=1478423395,106909392,3291427296,2799030358
dimwishlist:item=480368036&perks=1478423395,106909392,3993379141,2978966579
dimwishlist:item=480368036&perks=1478423395,106909392,3993379141,344235611
dimwishlist:item=480368036&perks=1478423395,106909392,3993379141,3708227201
dimwishlist:item=480368036&perks=1478423395,106909392,3993379141,781192741
dimwishlist:item=480368036&perks=1478423395,106909392,3993379141,2109543898
dimwishlist:item=480368036&perks=1478423395,106909392,3993379141,2799030358
dimwishlist:item=480368036&perks=1478423395,106909392,1164602481,2978966579
dimwishlist:item=480368036&perks=1478423395,106909392,1164602481,344235611
dimwishlist:item=480368036&perks=1478423395,106909392,1164602481,3708227201
dimwishlist:item=480368036&perks=1478423395,106909392,1164602481,781192741
dimwishlist:item=480368036&perks=1478423395,106909392,1164602481,2109543898
dimwishlist:item=480368036&perks=1478423395,106909392,1164602481,2799030358
dimwishlist:item=480368036&perks=1478423395,106909392,951095735,2978966579
dimwishlist:item=480368036&perks=1478423395,106909392,951095735,344235611
dimwishlist:item=480368036&perks=1478423395,106909392,951095735,3708227201
dimwishlist:item=480368036&perks=1478423395,106909392,951095735,781192741
dimwishlist:item=480368036&perks=1478423395,106909392,951095735,2109543898
dimwishlist:item=480368036&perks=1478423395,106909392,951095735,2799030358
dimwishlist:item=480368036&perks=1478423395,106909392,3878366039,2978966579
dimwishlist:item=480368036&perks=1478423395,106909392,3878366039,344235611
dimwishlist:item=480368036&perks=1478423395,106909392,3878366039,3708227201
dimwishlist:item=480368036&perks=1478423395,106909392,3878366039,781192741
dimwishlist:item=480368036&perks=1478423395,106909392,3878366039,2109543898
dimwishlist:item=480368036&perks=1478423395,106909392,3878366039,2799030358
dimwishlist:item=480368036&perks=1478423395,1783397184,1421772400,2978966579
dimwishlist:item=480368036&perks=1478423395,1783397184,1421772400,344235611
dimwishlist:item=480368036&perks=1478423395,1783397184,1421772400,3708227201
dimwishlist:item=480368036&perks=1478423395,1783397184,1421772400,781192741
dimwishlist:item=480368036&perks=1478423395,1783397184,1421772400,2109543898
dimwishlist:item=480368036&perks=1478423395,1783397184,1421772400,2799030358
dimwishlist:item=480368036&perks=1478423395,1783397184,3291427296,2978966579
dimwishlist:item=480368036&perks=1478423395,1783397184,3291427296,344235611
dimwishlist:item=480368036&perks=1478423395,1783397184,3291427296,3708227201
dimwishlist:item=480368036&perks=1478423395,1783397184,3291427296,781192741
dimwishlist:item=480368036&perks=1478423395,1783397184,3291427296,2109543898
dimwishlist:item=480368036&perks=1478423395,1783397184,3291427296,2799030358
dimwishlist:item=480368036&perks=1478423395,1783397184,3993379141,2978966579
dimwishlist:item=480368036&perks=1478423395,1783397184,3993379141,344235611
dimwishlist:item=480368036&perks=1478423395,1783397184,3993379141,3708227201
dimwishlist:item=480368036&perks=1478423395,1783397184,3993379141,781192741
dimwishlist:item=480368036&perks=1478423395,1783397184,3993379141,2109543898
dimwishlist:item=480368036&perks=1478423395,1783397184,3993379141,2799030358
dimwishlist:item=480368036&perks=1478423395,1783397184,1164602481,2978966579
dimwishlist:item=480368036&perks=1478423395,1783397184,1164602481,344235611
dimwishlist:item=480368036&perks=1478423395,1783397184,1164602481,3708227201
dimwishlist:item=480368036&perks=1478423395,1783397184,1164602481,781192741
dimwishlist:item=480368036&perks=1478423395,1783397184,1164602481,2109543898
dimwishlist:item=480368036&perks=1478423395,1783397184,1164602481,2799030358
dimwishlist:item=480368036&perks=1478423395,1783397184,951095735,2978966579
dimwishlist:item=480368036&perks=1478423395,1783397184,951095735,344235611
dimwishlist:item=480368036&perks=1478423395,1783397184,951095735,3708227201
dimwishlist:item=480368036&perks=1478423395,1783397184,951095735,781192741
dimwishlist:item=480368036&perks=1478423395,1783397184,951095735,2109543898
dimwishlist:item=480368036&perks=1478423395,1783397184,951095735,2799030358
dimwishlist:item=480368036&perks=1478423395,1783397184,3878366039,2978966579
dimwishlist:item=480368036&perks=1478423395,1783397184,3878366039,344235611
dimwishlist:item=480368036&perks=1478423395,1783397184,3878366039,3708227201
dimwishlist:item=480368036&perks=1478423395,1783397184,3878366039,781192741
dimwishlist:item=480368036&perks=1478423395,1783397184,3878366039,2109543898
dimwishlist:item=480368036&perks=1478423395,1783397184,3878366039,2799030358
dimwishlist:item=480368036&perks=373417387,106909392,1421772400,2978966579
dimwishlist:item=480368036&perks=373417387,106909392,1421772400,344235611
dimwishlist:item=480368036&perks=373417387,106909392,1421772400,3708227201
dimwishlist:item=480368036&perks=373417387,106909392,1421772400,781192741
dimwishlist:item=480368036&perks=373417387,106909392,1421772400,2109543898
dimwishlist:item=480368036&perks=373417387,106909392,1421772400,2799030358
dimwishlist:item=480368036&perks=373417387,106909392,3291427296,2978966579
dimwishlist:item=480368036&perks=373417387,106909392,3291427296,344235611
dimwishlist:item=480368036&perks=373417387,106909392,3291427296,3708227201
dimwishlist:item=480368036&perks=373417387,106909392,3291427296,781192741
dimwishlist:item=480368036&perks=373417387,106909392,3291427296,2109543898
dimwishlist:item=480368036&perks=373417387,106909392,3291427296,2799030358
dimwishlist:item=480368036&perks=373417387,106909392,3993379141,2978966579
dimwishlist:item=480368036&perks=373417387,106909392,3993379141,344235611
dimwishlist:item=480368036&perks=373417387,106909392,3993379141,3708227201
dimwishlist:item=480368036&perks=373417387,106909392,3993379141,781192741
dimwishlist:item=480368036&perks=373417387,106909392,3993379141,2109543898
dimwishlist:item=480368036&perks=373417387,106909392,3993379141,2799030358
dimwishlist:item=480368036&perks=373417387,106909392,1164602481,2978966579
dimwishlist:item=480368036&perks=373417387,106909392,1164602481,344235611
dimwishlist:item=480368036&perks=373417387,106909392,1164602481,3708227201
dimwishlist:item=480368036&perks=373417387,106909392,1164602481,781192741
dimwishlist:item=480368036&perks=373417387,106909392,1164602481,2109543898
dimwishlist:item=480368036&perks=373417387,106909392,1164602481,2799030358
dimwishlist:item=480368036&perks=373417387,106909392,951095735,2978966579
dimwishlist:item=480368036&perks=373417387,106909392,951095735,344235611
dimwishlist:item=480368036&perks=373417387,106909392,951095735,3708227201
dimwishlist:item=480368036&perks=373417387,106909392,951095735,781192741
dimwishlist:item=480368036&perks=373417387,106909392,951095735,2109543898
dimwishlist:item=480368036&perks=373417387,106909392,951095735,2799030358
dimwishlist:item=480368036&perks=373417387,106909392,3878366039,2978966579
dimwishlist:item=480368036&perks=373417387,106909392,3878366039,344235611
dimwishlist:item=480368036&perks=373417387,106909392,3878366039,3708227201
dimwishlist:item=480368036&perks=373417387,106909392,3878366039,781192741
dimwishlist:item=480368036&perks=373417387,106909392,3878366039,2109543898
dimwishlist:item=480368036&perks=373417387,106909392,3878366039,2799030358
dimwishlist:item=480368036&perks=373417387,1783397184,1421772400,2978966579
dimwishlist:item=480368036&perks=373417387,1783397184,1421772400,344235611
dimwishlist:item=480368036&perks=373417387,1783397184,1421772400,3708227201
dimwishlist:item=480368036&perks=373417387,1783397184,1421772400,781192741
dimwishlist:item=480368036&perks=373417387,1783397184,1421772400,2109543898
dimwishlist:item=480368036&perks=373417387,1783397184,1421772400,2799030358
dimwishlist:item=480368036&perks=373417387,1783397184,3291427296,2978966579
dimwishlist:item=480368036&perks=373417387,1783397184,3291427296,344235611
dimwishlist:item=480368036&perks=373417387,1783397184,3291427296,3708227201
dimwishlist:item=480368036&perks=373417387,1783397184,3291427296,781192741
dimwishlist:item=480368036&perks=373417387,1783397184,3291427296,2109543898
dimwishlist:item=480368036&perks=373417387,1783397184,3291427296,2799030358
dimwishlist:item=480368036&perks=373417387,1783397184,3993379141,2978966579
dimwishlist:item=480368036&perks=373417387,1783397184,3993379141,344235611
dimwishlist:item=480368036&perks=373417387,1783397184,3993379141,3708227201
dimwishlist:item=480368036&perks=373417387,1783397184,3993379141,781192741
dimwishlist:item=480368036&perks=373417387,1783397184,3993379141,2109543898
dimwishlist:item=480368036&perks=373417387,1783397184,3993379141,2799030358
dimwishlist:item=480368036&perks=373417387,1783397184,1164602481,2978966579
dimwishlist:item=480368036&perks=373417387,1783397184,1164602481,344235611
dimwishlist:item=480368036&perks=373417387,1783397184,1164602481,3708227201
dimwishlist:item=480368036&perks=373417387,1783397184,1164602481,781192741
dimwishlist:item=480368036&perks=373417387,1783397184,1164602481,2109543898
dimwishlist:item=480368036&perks=373417387,1783397184,1164602481,2799030358
dimwishlist:item=480368036&perks=373417387,1783397184,951095735,2978966579
dimwishlist:item=480368036&perks=373417387,1783397184,951095735,344235611
dimwishlist:item=480368036&perks=373417387,1783397184,951095735,3708227201
dimwishlist:item=480368036&perks=373417387,1783397184,951095735,781192741
dimwishlist:item=480368036&perks=373417387,1783397184,951095735,2109543898
dimwishlist:item=480368036&perks=373417387,1783397184,951095735,2799030358
dimwishlist:item=480368036&perks=373417387,1783397184,3878366039,2978966579
dimwishlist:item=480368036&perks=373417387,1783397184,3878366039,344235611
dimwishlist:item=480368036&perks=373417387,1783397184,3878366039,3708227201
dimwishlist:item=480368036&perks=373417387,1783397184,3878366039,781192741
dimwishlist:item=480368036&perks=373417387,1783397184,3878366039,2109543898
dimwishlist:item=480368036&perks=373417387,1783397184,3878366039,2799030358
dimwishlist:item=247984828&perks=3525010810,106909392,1421772400,2978966579
dimwishlist:item=247984828&perks=3525010810,106909392,1421772400,344235611
dimwishlist:item=247984828&perks=3525010810,106909392,1421772400,3708227201
dimwishlist:item=247984828&perks=3525010810,106909392,1421772400,781192741
dimwishlist:item=247984828&perks=3525010810,106909392,1421772400,2109543898
dimwishlist:item=247984828&perks=3525010810,106909392,1421772400,2799030358
dimwishlist:item=247984828&perks=3525010810,106909392,3291427296,2978966579
dimwishlist:item=247984828&perks=3525010810,106909392,3291427296,344235611
dimwishlist:item=247984828&perks=3525010810,106909392,3291427296,3708227201
dimwishlist:item=247984828&perks=3525010810,106909392,3291427296,781192741
dimwishlist:item=247984828&perks=3525010810,106909392,3291427296,2109543898
dimwishlist:item=247984828&perks=3525010810,106909392,3291427296,2799030358
dimwishlist:item=247984828&perks=3525010810,106909392,3993379141,2978966579
dimwishlist:item=247984828&perks=3525010810,106909392,3993379141,344235611
dimwishlist:item=247984828&perks=3525010810,106909392,3993379141,3708227201
dimwishlist:item=247984828&perks=3525010810,106909392,3993379141,781192741
dimwishlist:item=247984828&perks=3525010810,106909392,3993379141,2109543898
dimwishlist:item=247984828&perks=3525010810,106909392,3993379141,2799030358
dimwishlist:item=247984828&perks=3525010810,106909392,1164602481,2978966579
dimwishlist:item=247984828&perks=3525010810,106909392,1164602481,344235611
dimwishlist:item=247984828&perks=3525010810,106909392,1164602481,3708227201
dimwishlist:item=247984828&perks=3525010810,106909392,1164602481,781192741
dimwishlist:item=247984828&perks=3525010810,106909392,1164602481,2109543898
dimwishlist:item=247984828&perks=3525010810,106909392,1164602481,2799030358
dimwishlist:item=247984828&perks=3525010810,106909392,951095735,2978966579
dimwishlist:item=247984828&perks=3525010810,106909392,951095735,344235611
dimwishlist:item=247984828&perks=3525010810,106909392,951095735,3708227201
dimwishlist:item=247984828&perks=3525010810,106909392,951095735,781192741
dimwishlist:item=247984828&perks=3525010810,106909392,951095735,2109543898
dimwishlist:item=247984828&perks=3525010810,106909392,951095735,2799030358
dimwishlist:item=247984828&perks=3525010810,106909392,3878366039,2978966579
dimwishlist:item=247984828&perks=3525010810,106909392,3878366039,344235611
dimwishlist:item=247984828&perks=3525010810,106909392,3878366039,3708227201
dimwishlist:item=247984828&perks=3525010810,106909392,3878366039,781192741
dimwishlist:item=247984828&perks=3525010810,106909392,3878366039,2109543898
dimwishlist:item=247984828&perks=3525010810,106909392,3878366039,2799030358
dimwishlist:item=247984828&perks=3525010810,1783397184,1421772400,2978966579
dimwishlist:item=247984828&perks=3525010810,1783397184,1421772400,344235611
dimwishlist:item=247984828&perks=3525010810,1783397184,1421772400,3708227201
dimwishlist:item=247984828&perks=3525010810,1783397184,1421772400,781192741
dimwishlist:item=247984828&perks=3525010810,1783397184,1421772400,2109543898
dimwishlist:item=247984828&perks=3525010810,1783397184,1421772400,2799030358
dimwishlist:item=247984828&perks=3525010810,1783397184,3291427296,2978966579
dimwishlist:item=247984828&perks=3525010810,1783397184,3291427296,344235611
dimwishlist:item=247984828&perks=3525010810,1783397184,3291427296,3708227201
dimwishlist:item=247984828&perks=3525010810,1783397184,3291427296,781192741
dimwishlist:item=247984828&perks=3525010810,1783397184,3291427296,2109543898
dimwishlist:item=247984828&perks=3525010810,1783397184,3291427296,2799030358
dimwishlist:item=247984828&perks=3525010810,1783397184,3993379141,2978966579
dimwishlist:item=247984828&perks=3525010810,1783397184,3993379141,344235611
dimwishlist:item=247984828&perks=3525010810,1783397184,3993379141,3708227201
dimwishlist:item=247984828&perks=3525010810,1783397184,3993379141,781192741
dimwishlist:item=247984828&perks=3525010810,1783397184,3993379141,2109543898
dimwishlist:item=247984828&perks=3525010810,1783397184,3993379141,2799030358
dimwishlist:item=247984828&perks=3525010810,1783397184,1164602481,2978966579
dimwishlist:item=247984828&perks=3525010810,1783397184,1164602481,344235611
dimwishlist:item=247984828&perks=3525010810,1783397184,1164602481,3708227201
dimwishlist:item=247984828&perks=3525010810,1783397184,1164602481,781192741
dimwishlist:item=247984828&perks=3525010810,1783397184,1164602481,2109543898
dimwishlist:item=247984828&perks=3525010810,1783397184,1164602481,2799030358
dimwishlist:item=247984828&perks=3525010810,1783397184,951095735,2978966579
dimwishlist:item=247984828&perks=3525010810,1783397184,951095735,344235611
dimwishlist:item=247984828&perks=3525010810,1783397184,951095735,3708227201
dimwishlist:item=247984828&perks=3525010810,1783397184,951095735,781192741
dimwishlist:item=247984828&perks=3525010810,1783397184,951095735,2109543898
dimwishlist:item=247984828&perks=3525010810,1783397184,951095735,2799030358
dimwishlist:item=247984828&perks=3525010810,1783397184,3878366039,2978966579
dimwishlist:item=247984828&perks=3525010810,1783397184,3878366039,344235611
dimwishlist:item=247984828&perks=3525010810,1783397184,3878366039,3708227201
dimwishlist:item=247984828&perks=3525010810,1783397184,3878366039,781192741
dimwishlist:item=247984828&perks=3525010810,1783397184,3878366039,2109543898
dimwishlist:item=247984828&perks=3525010810,1783397184,3878366039,2799030358
dimwishlist:item=247984828&perks=3250572790,106909392,1421772400,2978966579
dimwishlist:item=247984828&perks=3250572790,106909392,1421772400,344235611
dimwishlist:item=247984828&perks=3250572790,106909392,1421772400,3708227201
dimwishlist:item=247984828&perks=3250572790,106909392,1421772400,781192741
dimwishlist:item=247984828&perks=3250572790,106909392,1421772400,2109543898
dimwishlist:item=247984828&perks=3250572790,106909392,1421772400,2799030358
dimwishlist:item=247984828&perks=3250572790,106909392,3291427296,2978966579
dimwishlist:item=247984828&perks=3250572790,106909392,3291427296,344235611
dimwishlist:item=247984828&perks=3250572790,106909392,3291427296,3708227201
dimwishlist:item=247984828&perks=3250572790,106909392,3291427296,781192741
dimwishlist:item=247984828&perks=3250572790,106909392,3291427296,2109543898
dimwishlist:item=247984828&perks=3250572790,106909392,3291427296,2799030358
dimwishlist:item=247984828&perks=3250572790,106909392,3993379141,2978966579
dimwishlist:item=247984828&perks=3250572790,106909392,3993379141,344235611
dimwishlist:item=247984828&perks=3250572790,106909392,3993379141,3708227201
dimwishlist:item=247984828&perks=3250572790,106909392,3993379141,781192741
dimwishlist:item=247984828&perks=3250572790,106909392,3993379141,2109543898
dimwishlist:item=247984828&perks=3250572790,106909392,3993379141,2799030358
dimwishlist:item=247984828&perks=3250572790,106909392,1164602481,2978966579
dimwishlist:item=247984828&perks=3250572790,106909392,1164602481,344235611
dimwishlist:item=247984828&perks=3250572790,106909392,1164602481,3708227201
dimwishlist:item=247984828&perks=3250572790,106909392,1164602481,781192741
dimwishlist:item=247984828&perks=3250572790,106909392,1164602481,2109543898
dimwishlist:item=247984828&perks=3250572790,106909392,1164602481,2799030358
dimwishlist:item=247984828&perks=3250572790,106909392,951095735,2978966579
dimwishlist:item=247984828&perks=3250572790,106909392,951095735,344235611
dimwishlist:item=247984828&perks=3250572790,106909392,951095735,3708227201
dimwishlist:item=247984828&perks=3250572790,106909392,951095735,781192741
dimwishlist:item=247984828&perks=3250572790,106909392,951095735,2109543898
dimwishlist:item=247984828&perks=3250572790,106909392,951095735,2799030358
dimwishlist:item=247984828&perks=3250572790,106909392,3878366039,2978966579
dimwishlist:item=247984828&perks=3250572790,106909392,3878366039,344235611
dimwishlist:item=247984828&perks=3250572790,106909392,3878366039,3708227201
dimwishlist:item=247984828&perks=3250572790,106909392,3878366039,781192741
dimwishlist:item=247984828&perks=3250572790,106909392,3878366039,2109543898
dimwishlist:item=247984828&perks=3250572790,106909392,3878366039,2799030358
dimwishlist:item=247984828&perks=3250572790,1783397184,1421772400,2978966579
dimwishlist:item=247984828&perks=3250572790,1783397184,1421772400,344235611
dimwishlist:item=247984828&perks=3250572790,1783397184,1421772400,3708227201
dimwishlist:item=247984828&perks=3250572790,1783397184,1421772400,781192741
dimwishlist:item=247984828&perks=3250572790,1783397184,1421772400,2109543898
dimwishlist:item=247984828&perks=3250572790,1783397184,1421772400,2799030358
dimwishlist:item=247984828&perks=3250572790,1783397184,3291427296,2978966579
dimwishlist:item=247984828&perks=3250572790,1783397184,3291427296,344235611
dimwishlist:item=247984828&perks=3250572790,1783397184,3291427296,3708227201
dimwishlist:item=247984828&perks=3250572790,1783397184,3291427296,781192741
dimwishlist:item=247984828&perks=3250572790,1783397184,3291427296,2109543898
dimwishlist:item=247984828&perks=3250572790,1783397184,3291427296,2799030358
dimwishlist:item=247984828&perks=3250572790,1783397184,3993379141,2978966579
dimwishlist:item=247984828&perks=3250572790,1783397184,3993379141,344235611
dimwishlist:item=247984828&perks=3250572790,1783397184,3993379141,3708227201
dimwishlist:item=247984828&perks=3250572790,1783397184,3993379141,781192741
dimwishlist:item=247984828&perks=3250572790,1783397184,3993379141,2109543898
dimwishlist:item=247984828&perks=3250572790,1783397184,3993379141,2799030358
dimwishlist:item=247984828&perks=3250572790,1783397184,1164602481,2978966579
dimwishlist:item=247984828&perks=3250572790,1783397184,1164602481,344235611
dimwishlist:item=247984828&perks=3250572790,1783397184,1164602481,3708227201
dimwishlist:item=247984828&perks=3250572790,1783397184,1164602481,781192741
dimwishlist:item=247984828&perks=3250572790,1783397184,1164602481,2109543898
dimwishlist:item=247984828&perks=3250572790,1783397184,1164602481,2799030358
dimwishlist:item=247984828&perks=3250572790,1783397184,951095735,2978966579
dimwishlist:item=247984828&perks=3250572790,1783397184,951095735,344235611
dimwishlist:item=247984828&perks=3250572790,1783397184,951095735,3708227201
dimwishlist:item=247984828&perks=3250572790,1783397184,951095735,781192741
dimwishlist:item=247984828&perks=3250572790,1783397184,951095735,2109543898
dimwishlist:item=247984828&perks=3250572790,1783397184,951095735,2799030358
dimwishlist:item=247984828&perks=3250572790,1783397184,3878366039,2978966579
dimwishlist:item=247984828&perks=3250572790,1783397184,3878366039,344235611
dimwishlist:item=247984828&perks=3250572790,1783397184,3878366039,3708227201
dimwishlist:item=247984828&perks=3250572790,1783397184,3878366039,781192741
dimwishlist:item=247984828&perks=3250572790,1783397184,3878366039,2109543898
dimwishlist:item=247984828&perks=3250572790,1783397184,3878366039,2799030358
dimwishlist:item=247984828&perks=1478423395,106909392,1421772400,2978966579
dimwishlist:item=247984828&perks=1478423395,106909392,1421772400,344235611
dimwishlist:item=247984828&perks=1478423395,106909392,1421772400,3708227201
dimwishlist:item=247984828&perks=1478423395,106909392,1421772400,781192741
dimwishlist:item=247984828&perks=1478423395,106909392,1421772400,2109543898
dimwishlist:item=247984828&perks=1478423395,106909392,1421772400,2799030358
dimwishlist:item=247984828&perks=1478423395,106909392,3291427296,2978966579
dimwishlist:item=247984828&perks=1478423395,106909392,3291427296,344235611
dimwishlist:item=247984828&perks=1478423395,106909392,3291427296,3708227201
dimwishlist:item=247984828&perks=1478423395,106909392,3291427296,781192741
dimwishlist:item=247984828&perks=1478423395,106909392,3291427296,2109543898
dimwishlist:item=247984828&perks=1478423395,106909392,3291427296,2799030358
dimwishlist:item=247984828&perks=1478423395,106909392,3993379141,2978966579
dimwishlist:item=247984828&perks=1478423395,106909392,3993379141,344235611
dimwishlist:item=247984828&perks=1478423395,106909392,3993379141,3708227201
dimwishlist:item=247984828&perks=1478423395,106909392,3993379141,781192741
dimwishlist:item=247984828&perks=1478423395,106909392,3993379141,2109543898
dimwishlist:item=247984828&perks=1478423395,106909392,3993379141,2799030358
dimwishlist:item=247984828&perks=1478423395,106909392,1164602481,2978966579
dimwishlist:item=247984828&perks=1478423395,106909392,1164602481,344235611
dimwishlist:item=247984828&perks=1478423395,106909392,1164602481,3708227201
dimwishlist:item=247984828&perks=1478423395,106909392,1164602481,781192741
dimwishlist:item=247984828&perks=1478423395,106909392,1164602481,2109543898
dimwishlist:item=247984828&perks=1478423395,106909392,1164602481,2799030358
dimwishlist:item=247984828&perks=1478423395,106909392,951095735,2978966579
dimwishlist:item=247984828&perks=1478423395,106909392,951095735,344235611
dimwishlist:item=247984828&perks=1478423395,106909392,951095735,3708227201
dimwishlist:item=247984828&perks=1478423395,106909392,951095735,781192741
dimwishlist:item=247984828&perks=1478423395,106909392,951095735,2109543898
dimwishlist:item=247984828&perks=1478423395,106909392,951095735,2799030358
dimwishlist:item=247984828&perks=1478423395,106909392,3878366039,2978966579
dimwishlist:item=247984828&perks=1478423395,106909392,3878366039,344235611
dimwishlist:item=247984828&perks=1478423395,106909392,3878366039,3708227201
dimwishlist:item=247984828&perks=1478423395,106909392,3878366039,781192741
dimwishlist:item=247984828&perks=1478423395,106909392,3878366039,2109543898
dimwishlist:item=247984828&perks=1478423395,106909392,3878366039,2799030358
dimwishlist:item=247984828&perks=1478423395,1783397184,1421772400,2978966579
dimwishlist:item=247984828&perks=1478423395,1783397184,1421772400,344235611
dimwishlist:item=247984828&perks=1478423395,1783397184,1421772400,3708227201
dimwishlist:item=247984828&perks=1478423395,1783397184,1421772400,781192741
dimwishlist:item=247984828&perks=1478423395,1783397184,1421772400,2109543898
dimwishlist:item=247984828&perks=1478423395,1783397184,1421772400,2799030358
dimwishlist:item=247984828&perks=1478423395,1783397184,3291427296,2978966579
dimwishlist:item=247984828&perks=1478423395,1783397184,3291427296,344235611
dimwishlist:item=247984828&perks=1478423395,1783397184,3291427296,3708227201
dimwishlist:item=247984828&perks=1478423395,1783397184,3291427296,781192741
dimwishlist:item=247984828&perks=1478423395,1783397184,3291427296,2109543898
dimwishlist:item=247984828&perks=1478423395,1783397184,3291427296,2799030358
dimwishlist:item=247984828&perks=1478423395,1783397184,3993379141,2978966579
dimwishlist:item=247984828&perks=1478423395,1783397184,3993379141,344235611
dimwishlist:item=247984828&perks=1478423395,1783397184,3993379141,3708227201
dimwishlist:item=247984828&perks=1478423395,1783397184,3993379141,781192741
dimwishlist:item=247984828&perks=1478423395,1783397184,3993379141,2109543898
dimwishlist:item=247984828&perks=1478423395,1783397184,3993379141,2799030358
dimwishlist:item=247984828&perks=1478423395,1783397184,1164602481,2978966579
dimwishlist:item=247984828&perks=1478423395,1783397184,1164602481,344235611
dimwishlist:item=247984828&perks=1478423395,1783397184,1164602481,3708227201
dimwishlist:item=247984828&perks=1478423395,1783397184,1164602481,781192741
dimwishlist:item=247984828&perks=1478423395,1783397184,1164602481,2109543898
dimwishlist:item=247984828&perks=1478423395,1783397184,1164602481,2799030358
dimwishlist:item=247984828&perks=1478423395,1783397184,951095735,2978966579
dimwishlist:item=247984828&perks=1478423395,1783397184,951095735,344235611
dimwishlist:item=247984828&perks=1478423395,1783397184,951095735,3708227201
dimwishlist:item=247984828&perks=1478423395,1783397184,951095735,781192741
dimwishlist:item=247984828&perks=1478423395,1783397184,951095735,2109543898
dimwishlist:item=247984828&perks=1478423395,1783397184,951095735,2799030358
dimwishlist:item=247984828&perks=1478423395,1783397184,3878366039,2978966579
dimwishlist:item=247984828&perks=1478423395,1783397184,3878366039,344235611
dimwishlist:item=247984828&perks=1478423395,1783397184,3878366039,3708227201
dimwishlist:item=247984828&perks=1478423395,1783397184,3878366039,781192741
dimwishlist:item=247984828&perks=1478423395,1783397184,3878366039,2109543898
dimwishlist:item=247984828&perks=1478423395,1783397184,3878366039,2799030358
dimwishlist:item=247984828&perks=373417387,106909392,1421772400,2978966579
dimwishlist:item=247984828&perks=373417387,106909392,1421772400,344235611
dimwishlist:item=247984828&perks=373417387,106909392,1421772400,3708227201
dimwishlist:item=247984828&perks=373417387,106909392,1421772400,781192741
dimwishlist:item=247984828&perks=373417387,106909392,1421772400,2109543898
dimwishlist:item=247984828&perks=373417387,106909392,1421772400,2799030358
dimwishlist:item=247984828&perks=373417387,106909392,3291427296,2978966579
dimwishlist:item=247984828&perks=373417387,106909392,3291427296,344235611
dimwishlist:item=247984828&perks=373417387,106909392,3291427296,3708227201
dimwishlist:item=247984828&perks=373417387,106909392,3291427296,781192741
dimwishlist:item=247984828&perks=373417387,106909392,3291427296,2109543898
dimwishlist:item=247984828&perks=373417387,106909392,3291427296,2799030358
dimwishlist:item=247984828&perks=373417387,106909392,3993379141,2978966579
dimwishlist:item=247984828&perks=373417387,106909392,3993379141,344235611
dimwishlist:item=247984828&perks=373417387,106909392,3993379141,3708227201
dimwishlist:item=247984828&perks=373417387,106909392,3993379141,781192741
dimwishlist:item=247984828&perks=373417387,106909392,3993379141,2109543898
dimwishlist:item=247984828&perks=373417387,106909392,3993379141,2799030358
dimwishlist:item=247984828&perks=373417387,106909392,1164602481,2978966579
dimwishlist:item=247984828&perks=373417387,106909392,1164602481,344235611
dimwishlist:item=247984828&perks=373417387,106909392,1164602481,3708227201
dimwishlist:item=247984828&perks=373417387,106909392,1164602481,781192741
dimwishlist:item=247984828&perks=373417387,106909392,1164602481,2109543898
dimwishlist:item=247984828&perks=373417387,106909392,1164602481,2799030358
dimwishlist:item=247984828&perks=373417387,106909392,951095735,2978966579
dimwishlist:item=247984828&perks=373417387,106909392,951095735,344235611
dimwishlist:item=247984828&perks=373417387,106909392,951095735,3708227201
dimwishlist:item=247984828&perks=373417387,106909392,951095735,781192741
dimwishlist:item=247984828&perks=373417387,106909392,951095735,2109543898
dimwishlist:item=247984828&perks=373417387,106909392,951095735,2799030358
dimwishlist:item=247984828&perks=373417387,106909392,3878366039,2978966579
dimwishlist:item=247984828&perks=373417387,106909392,3878366039,344235611
dimwishlist:item=247984828&perks=373417387,106909392,3878366039,3708227201
dimwishlist:item=247984828&perks=373417387,106909392,3878366039,781192741
dimwishlist:item=247984828&perks=373417387,106909392,3878366039,2109543898
dimwishlist:item=247984828&perks=373417387,106909392,3878366039,2799030358
dimwishlist:item=247984828&perks=373417387,1783397184,1421772400,2978966579
dimwishlist:item=247984828&perks=373417387,1783397184,1421772400,344235611
dimwishlist:item=247984828&perks=373417387,1783397184,1421772400,3708227201
dimwishlist:item=247984828&perks=373417387,1783397184,1421772400,781192741
dimwishlist:item=247984828&perks=373417387,1783397184,1421772400,2109543898
dimwishlist:item=247984828&perks=373417387,1783397184,1421772400,2799030358
dimwishlist:item=247984828&perks=373417387,1783397184,3291427296,2978966579
dimwishlist:item=247984828&perks=373417387,1783397184,3291427296,344235611
dimwishlist:item=247984828&perks=373417387,1783397184,3291427296,3708227201
dimwishlist:item=247984828&perks=373417387,1783397184,3291427296,781192741
dimwishlist:item=247984828&perks=373417387,1783397184,3291427296,2109543898
dimwishlist:item=247984828&perks=373417387,1783397184,3291427296,2799030358
dimwishlist:item=247984828&perks=373417387,1783397184,3993379141,2978966579
dimwishlist:item=247984828&perks=373417387,1783397184,3993379141,344235611
dimwishlist:item=247984828&perks=373417387,1783397184,3993379141,3708227201
dimwishlist:item=247984828&perks=373417387,1783397184,3993379141,781192741
dimwishlist:item=247984828&perks=373417387,1783397184,3993379141,2109543898
dimwishlist:item=247984828&perks=373417387,1783397184,3993379141,2799030358
dimwishlist:item=247984828&perks=373417387,1783397184,1164602481,2978966579
dimwishlist:item=247984828&perks=373417387,1783397184,1164602481,344235611
dimwishlist:item=247984828&perks=373417387,1783397184,1164602481,3708227201
dimwishlist:item=247984828&perks=373417387,1783397184,1164602481,781192741
dimwishlist:item=247984828&perks=373417387,1783397184,1164602481,2109543898
dimwishlist:item=247984828&perks=373417387,1783397184,1164602481,2799030358
dimwishlist:item=247984828&perks=373417387,1783397184,951095735,2978966579
dimwishlist:item=247984828&perks=373417387,1783397184,951095735,344235611
dimwishlist:item=247984828&perks=373417387,1783397184,951095735,3708227201
dimwishlist:item=247984828&perks=373417387,1783397184,951095735,781192741
dimwishlist:item=247984828&perks=373417387,1783397184,951095735,2109543898
dimwishlist:item=247984828&perks=373417387,1783397184,951095735,2799030358
dimwishlist:item=247984828&perks=373417387,1783397184,3878366039,2978966579
dimwishlist:item=247984828&perks=373417387,1783397184,3878366039,344235611
dimwishlist:item=247984828&perks=373417387,1783397184,3878366039,3708227201
dimwishlist:item=247984828&perks=373417387,1783397184,3878366039,781192741
dimwishlist:item=247984828&perks=373417387,1783397184,3878366039,2109543898
dimwishlist:item=247984828&perks=373417387,1783397184,3878366039,2799030358


//Threat Level
//notes:Aegis Top Kinetic Shotgun: S Tier. Best With 'Elliptical Orbit' Origin Trait. MW: Handling or Reload
dimwishlist:item=1523151869&perks=1300023272,106909392,3751912585,1226351311
dimwishlist:item=1523151869&perks=1300023272,106909392,3751912585,3251326479
dimwishlist:item=1523151869&perks=1300023272,106909392,3751912585,2360754333
dimwishlist:item=1523151869&perks=1300023272,106909392,3751912585,2459015849
dimwishlist:item=1523151869&perks=1300023272,106909392,3751912585,3640170453
dimwishlist:item=1523151869&perks=1300023272,106909392,3751912585,1817983009
dimwishlist:item=1523151869&perks=1300023272,106909392,331667533,1226351311
dimwishlist:item=1523151869&perks=1300023272,106909392,331667533,3251326479
dimwishlist:item=1523151869&perks=1300023272,106909392,331667533,2360754333
dimwishlist:item=1523151869&perks=1300023272,106909392,331667533,2459015849
dimwishlist:item=1523151869&perks=1300023272,106909392,331667533,3640170453
dimwishlist:item=1523151869&perks=1300023272,106909392,331667533,1817983009
dimwishlist:item=1523151869&perks=1300023272,106909392,2679249093,1226351311
dimwishlist:item=1523151869&perks=1300023272,106909392,2679249093,3251326479
dimwishlist:item=1523151869&perks=1300023272,106909392,2679249093,2360754333
dimwishlist:item=1523151869&perks=1300023272,106909392,2679249093,2459015849
dimwishlist:item=1523151869&perks=1300023272,106909392,2679249093,3640170453
dimwishlist:item=1523151869&perks=1300023272,106909392,2679249093,1817983009
dimwishlist:item=1523151869&perks=1300023272,106909392,788178929,1226351311
dimwishlist:item=1523151869&perks=1300023272,106909392,788178929,3251326479
dimwishlist:item=1523151869&perks=1300023272,106909392,788178929,2360754333
dimwishlist:item=1523151869&perks=1300023272,106909392,788178929,2459015849
dimwishlist:item=1523151869&perks=1300023272,106909392,788178929,3640170453
dimwishlist:item=1523151869&perks=1300023272,106909392,788178929,1817983009
dimwishlist:item=1523151869&perks=1300023272,106909392,1556840489,1226351311
dimwishlist:item=1523151869&perks=1300023272,106909392,1556840489,3251326479
dimwishlist:item=1523151869&perks=1300023272,106909392,1556840489,2360754333
dimwishlist:item=1523151869&perks=1300023272,106909392,1556840489,2459015849
dimwishlist:item=1523151869&perks=1300023272,106909392,1556840489,3640170453
dimwishlist:item=1523151869&perks=1300023272,106909392,1556840489,1817983009
dimwishlist:item=1523151869&perks=1300023272,106909392,3442762221,1226351311
dimwishlist:item=1523151869&perks=1300023272,106909392,3442762221,3251326479
dimwishlist:item=1523151869&perks=1300023272,106909392,3442762221,2360754333
dimwishlist:item=1523151869&perks=1300023272,106909392,3442762221,2459015849
dimwishlist:item=1523151869&perks=1300023272,106909392,3442762221,3640170453
dimwishlist:item=1523151869&perks=1300023272,106909392,3442762221,1817983009
dimwishlist:item=1523151869&perks=1300023272,1783397184,3751912585,1226351311
dimwishlist:item=1523151869&perks=1300023272,1783397184,3751912585,3251326479
dimwishlist:item=1523151869&perks=1300023272,1783397184,3751912585,2360754333
dimwishlist:item=1523151869&perks=1300023272,1783397184,3751912585,2459015849
dimwishlist:item=1523151869&perks=1300023272,1783397184,3751912585,3640170453
dimwishlist:item=1523151869&perks=1300023272,1783397184,3751912585,1817983009
dimwishlist:item=1523151869&perks=1300023272,1783397184,331667533,1226351311
dimwishlist:item=1523151869&perks=1300023272,1783397184,331667533,3251326479
dimwishlist:item=1523151869&perks=1300023272,1783397184,331667533,2360754333
dimwishlist:item=1523151869&perks=1300023272,1783397184,331667533,2459015849
dimwishlist:item=1523151869&perks=1300023272,1783397184,331667533,3640170453
dimwishlist:item=1523151869&perks=1300023272,1783397184,331667533,1817983009
dimwishlist:item=1523151869&perks=1300023272,1783397184,2679249093,1226351311
dimwishlist:item=1523151869&perks=1300023272,1783397184,2679249093,3251326479
dimwishlist:item=1523151869&perks=1300023272,1783397184,2679249093,2360754333
dimwishlist:item=1523151869&perks=1300023272,1783397184,2679249093,2459015849
dimwishlist:item=1523151869&perks=1300023272,1783397184,2679249093,3640170453
dimwishlist:item=1523151869&perks=1300023272,1783397184,2679249093,1817983009
dimwishlist:item=1523151869&perks=1300023272,1783397184,788178929,1226351311
dimwishlist:item=1523151869&perks=1300023272,1783397184,788178929,3251326479
dimwishlist:item=1523151869&perks=1300023272,1783397184,788178929,2360754333
dimwishlist:item=1523151869&perks=1300023272,1783397184,788178929,2459015849
dimwishlist:item=1523151869&perks=1300023272,1783397184,788178929,3640170453
dimwishlist:item=1523151869&perks=1300023272,1783397184,788178929,1817983009
dimwishlist:item=1523151869&perks=1300023272,1783397184,1556840489,1226351311
dimwishlist:item=1523151869&perks=1300023272,1783397184,1556840489,3251326479
dimwishlist:item=1523151869&perks=1300023272,1783397184,1556840489,2360754333
dimwishlist:item=1523151869&perks=1300023272,1783397184,1556840489,2459015849
dimwishlist:item=1523151869&perks=1300023272,1783397184,1556840489,3640170453
dimwishlist:item=1523151869&perks=1300023272,1783397184,1556840489,1817983009
dimwishlist:item=1523151869&perks=1300023272,1783397184,3442762221,1226351311
dimwishlist:item=1523151869&perks=1300023272,1783397184,3442762221,3251326479
dimwishlist:item=1523151869&perks=1300023272,1783397184,3442762221,2360754333
dimwishlist:item=1523151869&perks=1300023272,1783397184,3442762221,2459015849
dimwishlist:item=1523151869&perks=1300023272,1783397184,3442762221,3640170453
dimwishlist:item=1523151869&perks=1300023272,1783397184,3442762221,1817983009
dimwishlist:item=1523151869&perks=2371713880,106909392,3751912585,1226351311
dimwishlist:item=1523151869&perks=2371713880,106909392,3751912585,3251326479
dimwishlist:item=1523151869&perks=2371713880,106909392,3751912585,2360754333
dimwishlist:item=1523151869&perks=2371713880,106909392,3751912585,2459015849
dimwishlist:item=1523151869&perks=2371713880,106909392,3751912585,3640170453
dimwishlist:item=1523151869&perks=2371713880,106909392,3751912585,1817983009
dimwishlist:item=1523151869&perks=2371713880,106909392,331667533,1226351311
dimwishlist:item=1523151869&perks=2371713880,106909392,331667533,3251326479
dimwishlist:item=1523151869&perks=2371713880,106909392,331667533,2360754333
dimwishlist:item=1523151869&perks=2371713880,106909392,331667533,2459015849
dimwishlist:item=1523151869&perks=2371713880,106909392,331667533,3640170453
dimwishlist:item=1523151869&perks=2371713880,106909392,331667533,1817983009
dimwishlist:item=1523151869&perks=2371713880,106909392,2679249093,1226351311
dimwishlist:item=1523151869&perks=2371713880,106909392,2679249093,3251326479
dimwishlist:item=1523151869&perks=2371713880,106909392,2679249093,2360754333
dimwishlist:item=1523151869&perks=2371713880,106909392,2679249093,2459015849
dimwishlist:item=1523151869&perks=2371713880,106909392,2679249093,3640170453
dimwishlist:item=1523151869&perks=2371713880,106909392,2679249093,1817983009
dimwishlist:item=1523151869&perks=2371713880,106909392,788178929,1226351311
dimwishlist:item=1523151869&perks=2371713880,106909392,788178929,3251326479
dimwishlist:item=1523151869&perks=2371713880,106909392,788178929,2360754333
dimwishlist:item=1523151869&perks=2371713880,106909392,788178929,2459015849
dimwishlist:item=1523151869&perks=2371713880,106909392,788178929,3640170453
dimwishlist:item=1523151869&perks=2371713880,106909392,788178929,1817983009
dimwishlist:item=1523151869&perks=2371713880,106909392,1556840489,1226351311
dimwishlist:item=1523151869&perks=2371713880,106909392,1556840489,3251326479
dimwishlist:item=1523151869&perks=2371713880,106909392,1556840489,2360754333
dimwishlist:item=1523151869&perks=2371713880,106909392,1556840489,2459015849
dimwishlist:item=1523151869&perks=2371713880,106909392,1556840489,3640170453
dimwishlist:item=1523151869&perks=2371713880,106909392,1556840489,1817983009
dimwishlist:item=1523151869&perks=2371713880,106909392,3442762221,1226351311
dimwishlist:item=1523151869&perks=2371713880,106909392,3442762221,3251326479
dimwishlist:item=1523151869&perks=2371713880,106909392,3442762221,2360754333
dimwishlist:item=1523151869&perks=2371713880,106909392,3442762221,2459015849
dimwishlist:item=1523151869&perks=2371713880,106909392,3442762221,3640170453
dimwishlist:item=1523151869&perks=2371713880,106909392,3442762221,1817983009
dimwishlist:item=1523151869&perks=2371713880,1783397184,3751912585,1226351311
dimwishlist:item=1523151869&perks=2371713880,1783397184,3751912585,3251326479
dimwishlist:item=1523151869&perks=2371713880,1783397184,3751912585,2360754333
dimwishlist:item=1523151869&perks=2371713880,1783397184,3751912585,2459015849
dimwishlist:item=1523151869&perks=2371713880,1783397184,3751912585,3640170453
dimwishlist:item=1523151869&perks=2371713880,1783397184,3751912585,1817983009
dimwishlist:item=1523151869&perks=2371713880,1783397184,331667533,1226351311
dimwishlist:item=1523151869&perks=2371713880,1783397184,331667533,3251326479
dimwishlist:item=1523151869&perks=2371713880,1783397184,331667533,2360754333
dimwishlist:item=1523151869&perks=2371713880,1783397184,331667533,2459015849
dimwishlist:item=1523151869&perks=2371713880,1783397184,331667533,3640170453
dimwishlist:item=1523151869&perks=2371713880,1783397184,331667533,1817983009
dimwishlist:item=1523151869&perks=2371713880,1783397184,2679249093,1226351311
dimwishlist:item=1523151869&perks=2371713880,1783397184,2679249093,3251326479
dimwishlist:item=1523151869&perks=2371713880,1783397184,2679249093,2360754333
dimwishlist:item=1523151869&perks=2371713880,1783397184,2679249093,2459015849
dimwishlist:item=1523151869&perks=2371713880,1783397184,2679249093,3640170453
dimwishlist:item=1523151869&perks=2371713880,1783397184,2679249093,1817983009
dimwishlist:item=1523151869&perks=2371713880,1783397184,788178929,1226351311
dimwishlist:item=1523151869&perks=2371713880,1783397184,788178929,3251326479
dimwishlist:item=1523151869&perks=2371713880,1783397184,788178929,2360754333
dimwishlist:item=1523151869&perks=2371713880,1783397184,788178929,2459015849
dimwishlist:item=1523151869&perks=2371713880,1783397184,788178929,3640170453
dimwishlist:item=1523151869&perks=2371713880,1783397184,788178929,1817983009
dimwishlist:item=1523151869&perks=2371713880,1783397184,1556840489,1226351311
dimwishlist:item=1523151869&perks=2371713880,1783397184,1556840489,3251326479
dimwishlist:item=1523151869&perks=2371713880,1783397184,1556840489,2360754333
dimwishlist:item=1523151869&perks=2371713880,1783397184,1556840489,2459015849
dimwishlist:item=1523151869&perks=2371713880,1783397184,1556840489,3640170453
dimwishlist:item=1523151869&perks=2371713880,1783397184,1556840489,1817983009
dimwishlist:item=1523151869&perks=2371713880,1783397184,3442762221,1226351311
dimwishlist:item=1523151869&perks=2371713880,1783397184,3442762221,3251326479
dimwishlist:item=1523151869&perks=2371713880,1783397184,3442762221,2360754333
dimwishlist:item=1523151869&perks=2371713880,1783397184,3442762221,2459015849
dimwishlist:item=1523151869&perks=2371713880,1783397184,3442762221,3640170453
dimwishlist:item=1523151869&perks=2371713880,1783397184,3442762221,1817983009
dimwishlist:item=950894542&perks=1300023272,106909392,3751912585,1226351311
dimwishlist:item=950894542&perks=1300023272,106909392,3751912585,3251326479
dimwishlist:item=950894542&perks=1300023272,106909392,3751912585,2360754333
dimwishlist:item=950894542&perks=1300023272,106909392,3751912585,2459015849
dimwishlist:item=950894542&perks=1300023272,106909392,3751912585,3640170453
dimwishlist:item=950894542&perks=1300023272,106909392,3751912585,1817983009
dimwishlist:item=950894542&perks=1300023272,106909392,331667533,1226351311
dimwishlist:item=950894542&perks=1300023272,106909392,331667533,3251326479
dimwishlist:item=950894542&perks=1300023272,106909392,331667533,2360754333
dimwishlist:item=950894542&perks=1300023272,106909392,331667533,2459015849
dimwishlist:item=950894542&perks=1300023272,106909392,331667533,3640170453
dimwishlist:item=950894542&perks=1300023272,106909392,331667533,1817983009
dimwishlist:item=950894542&perks=1300023272,106909392,2679249093,1226351311
dimwishlist:item=950894542&perks=1300023272,106909392,2679249093,3251326479
dimwishlist:item=950894542&perks=1300023272,106909392,2679249093,2360754333
dimwishlist:item=950894542&perks=1300023272,106909392,2679249093,2459015849
dimwishlist:item=950894542&perks=1300023272,106909392,2679249093,3640170453
dimwishlist:item=950894542&perks=1300023272,106909392,2679249093,1817983009
dimwishlist:item=950894542&perks=1300023272,106909392,788178929,1226351311
dimwishlist:item=950894542&perks=1300023272,106909392,788178929,3251326479
dimwishlist:item=950894542&perks=1300023272,106909392,788178929,2360754333
dimwishlist:item=950894542&perks=1300023272,106909392,788178929,2459015849
dimwishlist:item=950894542&perks=1300023272,106909392,788178929,3640170453
dimwishlist:item=950894542&perks=1300023272,106909392,788178929,1817983009
dimwishlist:item=950894542&perks=1300023272,106909392,1556840489,1226351311
dimwishlist:item=950894542&perks=1300023272,106909392,1556840489,3251326479
dimwishlist:item=950894542&perks=1300023272,106909392,1556840489,2360754333
dimwishlist:item=950894542&perks=1300023272,106909392,1556840489,2459015849
dimwishlist:item=950894542&perks=1300023272,106909392,1556840489,3640170453
dimwishlist:item=950894542&perks=1300023272,106909392,1556840489,1817983009
dimwishlist:item=950894542&perks=1300023272,106909392,3442762221,1226351311
dimwishlist:item=950894542&perks=1300023272,106909392,3442762221,3251326479
dimwishlist:item=950894542&perks=1300023272,106909392,3442762221,2360754333
dimwishlist:item=950894542&perks=1300023272,106909392,3442762221,2459015849
dimwishlist:item=950894542&perks=1300023272,106909392,3442762221,3640170453
dimwishlist:item=950894542&perks=1300023272,106909392,3442762221,1817983009
dimwishlist:item=950894542&perks=1300023272,1783397184,3751912585,1226351311
dimwishlist:item=950894542&perks=1300023272,1783397184,3751912585,3251326479
dimwishlist:item=950894542&perks=1300023272,1783397184,3751912585,2360754333
dimwishlist:item=950894542&perks=1300023272,1783397184,3751912585,2459015849
dimwishlist:item=950894542&perks=1300023272,1783397184,3751912585,3640170453
dimwishlist:item=950894542&perks=1300023272,1783397184,3751912585,1817983009
dimwishlist:item=950894542&perks=1300023272,1783397184,331667533,1226351311
dimwishlist:item=950894542&perks=1300023272,1783397184,331667533,3251326479
dimwishlist:item=950894542&perks=1300023272,1783397184,331667533,2360754333
dimwishlist:item=950894542&perks=1300023272,1783397184,331667533,2459015849
dimwishlist:item=950894542&perks=1300023272,1783397184,331667533,3640170453
dimwishlist:item=950894542&perks=1300023272,1783397184,331667533,1817983009
dimwishlist:item=950894542&perks=1300023272,1783397184,2679249093,1226351311
dimwishlist:item=950894542&perks=1300023272,1783397184,2679249093,3251326479
dimwishlist:item=950894542&perks=1300023272,1783397184,2679249093,2360754333
dimwishlist:item=950894542&perks=1300023272,1783397184,2679249093,2459015849
dimwishlist:item=950894542&perks=1300023272,1783397184,2679249093,3640170453
dimwishlist:item=950894542&perks=1300023272,1783397184,2679249093,1817983009
dimwishlist:item=950894542&perks=1300023272,1783397184,788178929,1226351311
dimwishlist:item=950894542&perks=1300023272,1783397184,788178929,3251326479
dimwishlist:item=950894542&perks=1300023272,1783397184,788178929,2360754333
dimwishlist:item=950894542&perks=1300023272,1783397184,788178929,2459015849
dimwishlist:item=950894542&perks=1300023272,1783397184,788178929,3640170453
dimwishlist:item=950894542&perks=1300023272,1783397184,788178929,1817983009
dimwishlist:item=950894542&perks=1300023272,1783397184,1556840489,1226351311
dimwishlist:item=950894542&perks=1300023272,1783397184,1556840489,3251326479
dimwishlist:item=950894542&perks=1300023272,1783397184,1556840489,2360754333
dimwishlist:item=950894542&perks=1300023272,1783397184,1556840489,2459015849
dimwishlist:item=950894542&perks=1300023272,1783397184,1556840489,3640170453
dimwishlist:item=950894542&perks=1300023272,1783397184,1556840489,1817983009
dimwishlist:item=950894542&perks=1300023272,1783397184,3442762221,1226351311
dimwishlist:item=950894542&perks=1300023272,1783397184,3442762221,3251326479
dimwishlist:item=950894542&perks=1300023272,1783397184,3442762221,2360754333
dimwishlist:item=950894542&perks=1300023272,1783397184,3442762221,2459015849
dimwishlist:item=950894542&perks=1300023272,1783397184,3442762221,3640170453
dimwishlist:item=950894542&perks=1300023272,1783397184,3442762221,1817983009
dimwishlist:item=950894542&perks=2371713880,106909392,3751912585,1226351311
dimwishlist:item=950894542&perks=2371713880,106909392,3751912585,3251326479
dimwishlist:item=950894542&perks=2371713880,106909392,3751912585,2360754333
dimwishlist:item=950894542&perks=2371713880,106909392,3751912585,2459015849
dimwishlist:item=950894542&perks=2371713880,106909392,3751912585,3640170453
dimwishlist:item=950894542&perks=2371713880,106909392,3751912585,1817983009
dimwishlist:item=950894542&perks=2371713880,106909392,331667533,1226351311
dimwishlist:item=950894542&perks=2371713880,106909392,331667533,3251326479
dimwishlist:item=950894542&perks=2371713880,106909392,331667533,2360754333
dimwishlist:item=950894542&perks=2371713880,106909392,331667533,2459015849
dimwishlist:item=950894542&perks=2371713880,106909392,331667533,3640170453
dimwishlist:item=950894542&perks=2371713880,106909392,331667533,1817983009
dimwishlist:item=950894542&perks=2371713880,106909392,2679249093,1226351311
dimwishlist:item=950894542&perks=2371713880,106909392,2679249093,3251326479
dimwishlist:item=950894542&perks=2371713880,106909392,2679249093,2360754333
dimwishlist:item=950894542&perks=2371713880,106909392,2679249093,2459015849
dimwishlist:item=950894542&perks=2371713880,106909392,2679249093,3640170453
dimwishlist:item=950894542&perks=2371713880,106909392,2679249093,1817983009
dimwishlist:item=950894542&perks=2371713880,106909392,788178929,1226351311
dimwishlist:item=950894542&perks=2371713880,106909392,788178929,3251326479
dimwishlist:item=950894542&perks=2371713880,106909392,788178929,2360754333
dimwishlist:item=950894542&perks=2371713880,106909392,788178929,2459015849
dimwishlist:item=950894542&perks=2371713880,106909392,788178929,3640170453
dimwishlist:item=950894542&perks=2371713880,106909392,788178929,1817983009
dimwishlist:item=950894542&perks=2371713880,106909392,1556840489,1226351311
dimwishlist:item=950894542&perks=2371713880,106909392,1556840489,3251326479
dimwishlist:item=950894542&perks=2371713880,106909392,1556840489,2360754333
dimwishlist:item=950894542&perks=2371713880,106909392,1556840489,2459015849
dimwishlist:item=950894542&perks=2371713880,106909392,1556840489,3640170453
dimwishlist:item=950894542&perks=2371713880,106909392,1556840489,1817983009
dimwishlist:item=950894542&perks=2371713880,106909392,3442762221,1226351311
dimwishlist:item=950894542&perks=2371713880,106909392,3442762221,3251326479
dimwishlist:item=950894542&perks=2371713880,106909392,3442762221,2360754333
dimwishlist:item=950894542&perks=2371713880,106909392,3442762221,2459015849
dimwishlist:item=950894542&perks=2371713880,106909392,3442762221,3640170453
dimwishlist:item=950894542&perks=2371713880,106909392,3442762221,1817983009
dimwishlist:item=950894542&perks=2371713880,1783397184,3751912585,1226351311
dimwishlist:item=950894542&perks=2371713880,1783397184,3751912585,3251326479
dimwishlist:item=950894542&perks=2371713880,1783397184,3751912585,2360754333
dimwishlist:item=950894542&perks=2371713880,1783397184,3751912585,2459015849
dimwishlist:item=950894542&perks=2371713880,1783397184,3751912585,3640170453
dimwishlist:item=950894542&perks=2371713880,1783397184,3751912585,1817983009
dimwishlist:item=950894542&perks=2371713880,1783397184,331667533,1226351311
dimwishlist:item=950894542&perks=2371713880,1783397184,331667533,3251326479
dimwishlist:item=950894542&perks=2371713880,1783397184,331667533,2360754333
dimwishlist:item=950894542&perks=2371713880,1783397184,331667533,2459015849
dimwishlist:item=950894542&perks=2371713880,1783397184,331667533,3640170453
dimwishlist:item=950894542&perks=2371713880,1783397184,331667533,1817983009
dimwishlist:item=950894542&perks=2371713880,1783397184,2679249093,1226351311
dimwishlist:item=950894542&perks=2371713880,1783397184,2679249093,3251326479
dimwishlist:item=950894542&perks=2371713880,1783397184,2679249093,2360754333
dimwishlist:item=950894542&perks=2371713880,1783397184,2679249093,2459015849
dimwishlist:item=950894542&perks=2371713880,1783397184,2679249093,3640170453
dimwishlist:item=950894542&perks=2371713880,1783397184,2679249093,1817983009
dimwishlist:item=950894542&perks=2371713880,1783397184,788178929,1226351311
dimwishlist:item=950894542&perks=2371713880,1783397184,788178929,3251326479
dimwishlist:item=950894542&perks=2371713880,1783397184,788178929,2360754333
dimwishlist:item=950894542&perks=2371713880,1783397184,788178929,2459015849
dimwishlist:item=950894542&perks=2371713880,1783397184,788178929,3640170453
dimwishlist:item=950894542&perks=2371713880,1783397184,788178929,1817983009
dimwishlist:item=950894542&perks=2371713880,1783397184,1556840489,1226351311
dimwishlist:item=950894542&perks=2371713880,1783397184,1556840489,3251326479
dimwishlist:item=950894542&perks=2371713880,1783397184,1556840489,2360754333
dimwishlist:item=950894542&perks=2371713880,1783397184,1556840489,2459015849
dimwishlist:item=950894542&perks=2371713880,1783397184,1556840489,3640170453
dimwishlist:item=950894542&perks=2371713880,1783397184,1556840489,1817983009
dimwishlist:item=950894542&perks=2371713880,1783397184,3442762221,1226351311
dimwishlist:item=950894542&perks=2371713880,1783397184,3442762221,3251326479
dimwishlist:item=950894542&perks=2371713880,1783397184,3442762221,2360754333
dimwishlist:item=950894542&perks=2371713880,1783397184,3442762221,2459015849
dimwishlist:item=950894542&perks=2371713880,1783397184,3442762221,3640170453
dimwishlist:item=950894542&perks=2371713880,1783397184,3442762221,1817983009


//The Wizened Rebuke
//notes:Aegis Top Arc Fusion: S Tier. Best With 'Skulking Wolf' Origin Trait. MW: Charge Time
dimwishlist:item=293709641&perks=1840239774,689005463,3643424744,2594592626
dimwishlist:item=293709641&perks=1840239774,689005463,3643424744,2037312142
dimwishlist:item=293709641&perks=1840239774,689005463,3643424744,1427256713
dimwishlist:item=293709641&perks=1840239774,689005463,3643424744,254337357
dimwishlist:item=293709641&perks=1840239774,689005463,2682205016,2594592626
dimwishlist:item=293709641&perks=1840239774,689005463,2682205016,2037312142
dimwishlist:item=293709641&perks=1840239774,689005463,2682205016,1427256713
dimwishlist:item=293709641&perks=1840239774,689005463,2682205016,254337357
dimwishlist:item=293709641&perks=1840239774,689005463,3978468247,2594592626
dimwishlist:item=293709641&perks=1840239774,689005463,3978468247,2037312142
dimwishlist:item=293709641&perks=1840239774,689005463,3978468247,1427256713
dimwishlist:item=293709641&perks=1840239774,689005463,3978468247,254337357
dimwishlist:item=293709641&perks=1840239774,689005463,906981559,2594592626
dimwishlist:item=293709641&perks=1840239774,689005463,906981559,2037312142
dimwishlist:item=293709641&perks=1840239774,689005463,906981559,1427256713
dimwishlist:item=293709641&perks=1840239774,689005463,906981559,254337357
dimwishlist:item=293709641&perks=1840239774,1279785143,3643424744,2594592626
dimwishlist:item=293709641&perks=1840239774,1279785143,3643424744,2037312142
dimwishlist:item=293709641&perks=1840239774,1279785143,3643424744,1427256713
dimwishlist:item=293709641&perks=1840239774,1279785143,3643424744,254337357
dimwishlist:item=293709641&perks=1840239774,1279785143,2682205016,2594592626
dimwishlist:item=293709641&perks=1840239774,1279785143,2682205016,2037312142
dimwishlist:item=293709641&perks=1840239774,1279785143,2682205016,1427256713
dimwishlist:item=293709641&perks=1840239774,1279785143,2682205016,254337357
dimwishlist:item=293709641&perks=1840239774,1279785143,3978468247,2594592626
dimwishlist:item=293709641&perks=1840239774,1279785143,3978468247,2037312142
dimwishlist:item=293709641&perks=1840239774,1279785143,3978468247,1427256713
dimwishlist:item=293709641&perks=1840239774,1279785143,3978468247,254337357
dimwishlist:item=293709641&perks=1840239774,1279785143,906981559,2594592626
dimwishlist:item=293709641&perks=1840239774,1279785143,906981559,2037312142
dimwishlist:item=293709641&perks=1840239774,1279785143,906981559,1427256713
dimwishlist:item=293709641&perks=1840239774,1279785143,906981559,254337357
dimwishlist:item=293709641&perks=1124871858,689005463,3643424744,2594592626
dimwishlist:item=293709641&perks=1124871858,689005463,3643424744,2037312142
dimwishlist:item=293709641&perks=1124871858,689005463,3643424744,1427256713
dimwishlist:item=293709641&perks=1124871858,689005463,3643424744,254337357
dimwishlist:item=293709641&perks=1124871858,689005463,2682205016,2594592626
dimwishlist:item=293709641&perks=1124871858,689005463,2682205016,2037312142
dimwishlist:item=293709641&perks=1124871858,689005463,2682205016,1427256713
dimwishlist:item=293709641&perks=1124871858,689005463,2682205016,254337357
dimwishlist:item=293709641&perks=1124871858,689005463,3978468247,2594592626
dimwishlist:item=293709641&perks=1124871858,689005463,3978468247,2037312142
dimwishlist:item=293709641&perks=1124871858,689005463,3978468247,1427256713
dimwishlist:item=293709641&perks=1124871858,689005463,3978468247,254337357
dimwishlist:item=293709641&perks=1124871858,689005463,906981559,2594592626
dimwishlist:item=293709641&perks=1124871858,689005463,906981559,2037312142
dimwishlist:item=293709641&perks=1124871858,689005463,906981559,1427256713
dimwishlist:item=293709641&perks=1124871858,689005463,906981559,254337357
dimwishlist:item=293709641&perks=1124871858,1279785143,3643424744,2594592626
dimwishlist:item=293709641&perks=1124871858,1279785143,3643424744,2037312142
dimwishlist:item=293709641&perks=1124871858,1279785143,3643424744,1427256713
dimwishlist:item=293709641&perks=1124871858,1279785143,3643424744,254337357
dimwishlist:item=293709641&perks=1124871858,1279785143,2682205016,2594592626
dimwishlist:item=293709641&perks=1124871858,1279785143,2682205016,2037312142
dimwishlist:item=293709641&perks=1124871858,1279785143,2682205016,1427256713
dimwishlist:item=293709641&perks=1124871858,1279785143,2682205016,254337357
dimwishlist:item=293709641&perks=1124871858,1279785143,3978468247,2594592626
dimwishlist:item=293709641&perks=1124871858,1279785143,3978468247,2037312142
dimwishlist:item=293709641&perks=1124871858,1279785143,3978468247,1427256713
dimwishlist:item=293709641&perks=1124871858,1279785143,3978468247,254337357
dimwishlist:item=293709641&perks=1124871858,1279785143,906981559,2594592626
dimwishlist:item=293709641&perks=1124871858,1279785143,906981559,2037312142
dimwishlist:item=293709641&perks=1124871858,1279785143,906981559,1427256713
dimwishlist:item=293709641&perks=1124871858,1279785143,906981559,254337357
dimwishlist:item=293709641&perks=839105230,689005463,3643424744,2594592626
dimwishlist:item=293709641&perks=839105230,689005463,3643424744,2037312142
dimwishlist:item=293709641&perks=839105230,689005463,3643424744,1427256713
dimwishlist:item=293709641&perks=839105230,689005463,3643424744,254337357
dimwishlist:item=293709641&perks=839105230,689005463,2682205016,2594592626
dimwishlist:item=293709641&perks=839105230,689005463,2682205016,2037312142
dimwishlist:item=293709641&perks=839105230,689005463,2682205016,1427256713
dimwishlist:item=293709641&perks=839105230,689005463,2682205016,254337357
dimwishlist:item=293709641&perks=839105230,689005463,3978468247,2594592626
dimwishlist:item=293709641&perks=839105230,689005463,3978468247,2037312142
dimwishlist:item=293709641&perks=839105230,689005463,3978468247,1427256713
dimwishlist:item=293709641&perks=839105230,689005463,3978468247,254337357
dimwishlist:item=293709641&perks=839105230,689005463,906981559,2594592626
dimwishlist:item=293709641&perks=839105230,689005463,906981559,2037312142
dimwishlist:item=293709641&perks=839105230,689005463,906981559,1427256713
dimwishlist:item=293709641&perks=839105230,689005463,906981559,254337357
dimwishlist:item=293709641&perks=839105230,1279785143,3643424744,2594592626
dimwishlist:item=293709641&perks=839105230,1279785143,3643424744,2037312142
dimwishlist:item=293709641&perks=839105230,1279785143,3643424744,1427256713
dimwishlist:item=293709641&perks=839105230,1279785143,3643424744,254337357
dimwishlist:item=293709641&perks=839105230,1279785143,2682205016,2594592626
dimwishlist:item=293709641&perks=839105230,1279785143,2682205016,2037312142
dimwishlist:item=293709641&perks=839105230,1279785143,2682205016,1427256713
dimwishlist:item=293709641&perks=839105230,1279785143,2682205016,254337357
dimwishlist:item=293709641&perks=839105230,1279785143,3978468247,2594592626
dimwishlist:item=293709641&perks=839105230,1279785143,3978468247,2037312142
dimwishlist:item=293709641&perks=839105230,1279785143,3978468247,1427256713
dimwishlist:item=293709641&perks=839105230,1279785143,3978468247,254337357
dimwishlist:item=293709641&perks=839105230,1279785143,906981559,2594592626
dimwishlist:item=293709641&perks=839105230,1279785143,906981559,2037312142
dimwishlist:item=293709641&perks=839105230,1279785143,906981559,1427256713
dimwishlist:item=293709641&perks=839105230,1279785143,906981559,254337357
dimwishlist:item=293709641&perks=3048246338,689005463,3643424744,2594592626
dimwishlist:item=293709641&perks=3048246338,689005463,3643424744,2037312142
dimwishlist:item=293709641&perks=3048246338,689005463,3643424744,1427256713
dimwishlist:item=293709641&perks=3048246338,689005463,3643424744,254337357
dimwishlist:item=293709641&perks=3048246338,689005463,2682205016,2594592626
dimwishlist:item=293709641&perks=3048246338,689005463,2682205016,2037312142
dimwishlist:item=293709641&perks=3048246338,689005463,2682205016,1427256713
dimwishlist:item=293709641&perks=3048246338,689005463,2682205016,254337357
dimwishlist:item=293709641&perks=3048246338,689005463,3978468247,2594592626
dimwishlist:item=293709641&perks=3048246338,689005463,3978468247,2037312142
dimwishlist:item=293709641&perks=3048246338,689005463,3978468247,1427256713
dimwishlist:item=293709641&perks=3048246338,689005463,3978468247,254337357
dimwishlist:item=293709641&perks=3048246338,689005463,906981559,2594592626
dimwishlist:item=293709641&perks=3048246338,689005463,906981559,2037312142
dimwishlist:item=293709641&perks=3048246338,689005463,906981559,1427256713
dimwishlist:item=293709641&perks=3048246338,689005463,906981559,254337357
dimwishlist:item=293709641&perks=3048246338,1279785143,3643424744,2594592626
dimwishlist:item=293709641&perks=3048246338,1279785143,3643424744,2037312142
dimwishlist:item=293709641&perks=3048246338,1279785143,3643424744,1427256713
dimwishlist:item=293709641&perks=3048246338,1279785143,3643424744,254337357
dimwishlist:item=293709641&perks=3048246338,1279785143,2682205016,2594592626
dimwishlist:item=293709641&perks=3048246338,1279785143,2682205016,2037312142
dimwishlist:item=293709641&perks=3048246338,1279785143,2682205016,1427256713
dimwishlist:item=293709641&perks=3048246338,1279785143,2682205016,254337357
dimwishlist:item=293709641&perks=3048246338,1279785143,3978468247,2594592626
dimwishlist:item=293709641&perks=3048246338,1279785143,3978468247,2037312142
dimwishlist:item=293709641&perks=3048246338,1279785143,3978468247,1427256713
dimwishlist:item=293709641&perks=3048246338,1279785143,3978468247,254337357
dimwishlist:item=293709641&perks=3048246338,1279785143,906981559,2594592626
dimwishlist:item=293709641&perks=3048246338,1279785143,906981559,2037312142
dimwishlist:item=293709641&perks=3048246338,1279785143,906981559,1427256713
dimwishlist:item=293709641&perks=3048246338,1279785143,906981559,254337357


//The Mountaintop
//notes:(BRAVE version) - Aegis Top Kinetic BGL: B Tier. Best With 'Indomitability' Origin Trait. MW: Reload or Handling
dimwishlist:item=568611922&perks=3525010810,2822142346,951095735,4104185692
dimwishlist:item=568611922&perks=3525010810,2822142346,951095735,3007133316
dimwishlist:item=568611922&perks=3525010810,2822142346,951095735,469285294
dimwishlist:item=568611922&perks=3525010810,2822142346,951095735,3335686050
dimwishlist:item=568611922&perks=3525010810,2822142346,3878366039,4104185692
dimwishlist:item=568611922&perks=3525010810,2822142346,3878366039,3007133316
dimwishlist:item=568611922&perks=3525010810,2822142346,3878366039,469285294
dimwishlist:item=568611922&perks=3525010810,2822142346,3878366039,3335686050
dimwishlist:item=568611922&perks=3525010810,2822142346,3300816228,4104185692
dimwishlist:item=568611922&perks=3525010810,2822142346,3300816228,3007133316
dimwishlist:item=568611922&perks=3525010810,2822142346,3300816228,469285294
dimwishlist:item=568611922&perks=3525010810,2822142346,3300816228,3335686050
dimwishlist:item=568611922&perks=3525010810,2822142346,3528046508,4104185692
dimwishlist:item=568611922&perks=3525010810,2822142346,3528046508,3007133316
dimwishlist:item=568611922&perks=3525010810,2822142346,3528046508,469285294
dimwishlist:item=568611922&perks=3525010810,2822142346,3528046508,3335686050
dimwishlist:item=568611922&perks=3525010810,2822142346,1556840489,4104185692
dimwishlist:item=568611922&perks=3525010810,2822142346,1556840489,3007133316
dimwishlist:item=568611922&perks=3525010810,2822142346,1556840489,469285294
dimwishlist:item=568611922&perks=3525010810,2822142346,1556840489,3335686050
dimwishlist:item=568611922&perks=3525010810,2822142346,3442762221,4104185692
dimwishlist:item=568611922&perks=3525010810,2822142346,3442762221,3007133316
dimwishlist:item=568611922&perks=3525010810,2822142346,3442762221,469285294
dimwishlist:item=568611922&perks=3525010810,2822142346,3442762221,3335686050
dimwishlist:item=568611922&perks=3525010810,2108812838,951095735,4104185692
dimwishlist:item=568611922&perks=3525010810,2108812838,951095735,3007133316
dimwishlist:item=568611922&perks=3525010810,2108812838,951095735,469285294
dimwishlist:item=568611922&perks=3525010810,2108812838,951095735,3335686050
dimwishlist:item=568611922&perks=3525010810,2108812838,3878366039,4104185692
dimwishlist:item=568611922&perks=3525010810,2108812838,3878366039,3007133316
dimwishlist:item=568611922&perks=3525010810,2108812838,3878366039,469285294
dimwishlist:item=568611922&perks=3525010810,2108812838,3878366039,3335686050
dimwishlist:item=568611922&perks=3525010810,2108812838,3300816228,4104185692
dimwishlist:item=568611922&perks=3525010810,2108812838,3300816228,3007133316
dimwishlist:item=568611922&perks=3525010810,2108812838,3300816228,469285294
dimwishlist:item=568611922&perks=3525010810,2108812838,3300816228,3335686050
dimwishlist:item=568611922&perks=3525010810,2108812838,3528046508,4104185692
dimwishlist:item=568611922&perks=3525010810,2108812838,3528046508,3007133316
dimwishlist:item=568611922&perks=3525010810,2108812838,3528046508,469285294
dimwishlist:item=568611922&perks=3525010810,2108812838,3528046508,3335686050
dimwishlist:item=568611922&perks=3525010810,2108812838,1556840489,4104185692
dimwishlist:item=568611922&perks=3525010810,2108812838,1556840489,3007133316
dimwishlist:item=568611922&perks=3525010810,2108812838,1556840489,469285294
dimwishlist:item=568611922&perks=3525010810,2108812838,1556840489,3335686050
dimwishlist:item=568611922&perks=3525010810,2108812838,3442762221,4104185692
dimwishlist:item=568611922&perks=3525010810,2108812838,3442762221,3007133316
dimwishlist:item=568611922&perks=3525010810,2108812838,3442762221,469285294
dimwishlist:item=568611922&perks=3525010810,2108812838,3442762221,3335686050
dimwishlist:item=568611922&perks=3525010810,3301904089,951095735,4104185692
dimwishlist:item=568611922&perks=3525010810,3301904089,951095735,3007133316
dimwishlist:item=568611922&perks=3525010810,3301904089,951095735,469285294
dimwishlist:item=568611922&perks=3525010810,3301904089,951095735,3335686050
dimwishlist:item=568611922&perks=3525010810,3301904089,3878366039,4104185692
dimwishlist:item=568611922&perks=3525010810,3301904089,3878366039,3007133316
dimwishlist:item=568611922&perks=3525010810,3301904089,3878366039,469285294
dimwishlist:item=568611922&perks=3525010810,3301904089,3878366039,3335686050
dimwishlist:item=568611922&perks=3525010810,3301904089,3300816228,4104185692
dimwishlist:item=568611922&perks=3525010810,3301904089,3300816228,3007133316
dimwishlist:item=568611922&perks=3525010810,3301904089,3300816228,469285294
dimwishlist:item=568611922&perks=3525010810,3301904089,3300816228,3335686050
dimwishlist:item=568611922&perks=3525010810,3301904089,3528046508,4104185692
dimwishlist:item=568611922&perks=3525010810,3301904089,3528046508,3007133316
dimwishlist:item=568611922&perks=3525010810,3301904089,3528046508,469285294
dimwishlist:item=568611922&perks=3525010810,3301904089,3528046508,3335686050
dimwishlist:item=568611922&perks=3525010810,3301904089,1556840489,4104185692
dimwishlist:item=568611922&perks=3525010810,3301904089,1556840489,3007133316
dimwishlist:item=568611922&perks=3525010810,3301904089,1556840489,469285294
dimwishlist:item=568611922&perks=3525010810,3301904089,1556840489,3335686050
dimwishlist:item=568611922&perks=3525010810,3301904089,3442762221,4104185692
dimwishlist:item=568611922&perks=3525010810,3301904089,3442762221,3007133316
dimwishlist:item=568611922&perks=3525010810,3301904089,3442762221,469285294
dimwishlist:item=568611922&perks=3525010810,3301904089,3442762221,3335686050
dimwishlist:item=568611922&perks=3525010810,409713597,951095735,4104185692
dimwishlist:item=568611922&perks=3525010810,409713597,951095735,3007133316
dimwishlist:item=568611922&perks=3525010810,409713597,951095735,469285294
dimwishlist:item=568611922&perks=3525010810,409713597,951095735,3335686050
dimwishlist:item=568611922&perks=3525010810,409713597,3878366039,4104185692
dimwishlist:item=568611922&perks=3525010810,409713597,3878366039,3007133316
dimwishlist:item=568611922&perks=3525010810,409713597,3878366039,469285294
dimwishlist:item=568611922&perks=3525010810,409713597,3878366039,3335686050
dimwishlist:item=568611922&perks=3525010810,409713597,3300816228,4104185692
dimwishlist:item=568611922&perks=3525010810,409713597,3300816228,3007133316
dimwishlist:item=568611922&perks=3525010810,409713597,3300816228,469285294
dimwishlist:item=568611922&perks=3525010810,409713597,3300816228,3335686050
dimwishlist:item=568611922&perks=3525010810,409713597,3528046508,4104185692
dimwishlist:item=568611922&perks=3525010810,409713597,3528046508,3007133316
dimwishlist:item=568611922&perks=3525010810,409713597,3528046508,469285294
dimwishlist:item=568611922&perks=3525010810,409713597,3528046508,3335686050
dimwishlist:item=568611922&perks=3525010810,409713597,1556840489,4104185692
dimwishlist:item=568611922&perks=3525010810,409713597,1556840489,3007133316
dimwishlist:item=568611922&perks=3525010810,409713597,1556840489,469285294
dimwishlist:item=568611922&perks=3525010810,409713597,1556840489,3335686050
dimwishlist:item=568611922&perks=3525010810,409713597,3442762221,4104185692
dimwishlist:item=568611922&perks=3525010810,409713597,3442762221,3007133316
dimwishlist:item=568611922&perks=3525010810,409713597,3442762221,469285294
dimwishlist:item=568611922&perks=3525010810,409713597,3442762221,3335686050
dimwishlist:item=568611922&perks=3525010810,3492396210,951095735,4104185692
dimwishlist:item=568611922&perks=3525010810,3492396210,951095735,3007133316
dimwishlist:item=568611922&perks=3525010810,3492396210,951095735,469285294
dimwishlist:item=568611922&perks=3525010810,3492396210,951095735,3335686050
dimwishlist:item=568611922&perks=3525010810,3492396210,3878366039,4104185692
dimwishlist:item=568611922&perks=3525010810,3492396210,3878366039,3007133316
dimwishlist:item=568611922&perks=3525010810,3492396210,3878366039,469285294
dimwishlist:item=568611922&perks=3525010810,3492396210,3878366039,3335686050
dimwishlist:item=568611922&perks=3525010810,3492396210,3300816228,4104185692
dimwishlist:item=568611922&perks=3525010810,3492396210,3300816228,3007133316
dimwishlist:item=568611922&perks=3525010810,3492396210,3300816228,469285294
dimwishlist:item=568611922&perks=3525010810,3492396210,3300816228,3335686050
dimwishlist:item=568611922&perks=3525010810,3492396210,3528046508,4104185692
dimwishlist:item=568611922&perks=3525010810,3492396210,3528046508,3007133316
dimwishlist:item=568611922&perks=3525010810,3492396210,3528046508,469285294
dimwishlist:item=568611922&perks=3525010810,3492396210,3528046508,3335686050
dimwishlist:item=568611922&perks=3525010810,3492396210,1556840489,4104185692
dimwishlist:item=568611922&perks=3525010810,3492396210,1556840489,3007133316
dimwishlist:item=568611922&perks=3525010810,3492396210,1556840489,469285294
dimwishlist:item=568611922&perks=3525010810,3492396210,1556840489,3335686050
dimwishlist:item=568611922&perks=3525010810,3492396210,3442762221,4104185692
dimwishlist:item=568611922&perks=3525010810,3492396210,3442762221,3007133316
dimwishlist:item=568611922&perks=3525010810,3492396210,3442762221,469285294
dimwishlist:item=568611922&perks=3525010810,3492396210,3442762221,3335686050
dimwishlist:item=568611922&perks=3525010810,3807404750,951095735,4104185692
dimwishlist:item=568611922&perks=3525010810,3807404750,951095735,3007133316
dimwishlist:item=568611922&perks=3525010810,3807404750,951095735,469285294
dimwishlist:item=568611922&perks=3525010810,3807404750,951095735,3335686050
dimwishlist:item=568611922&perks=3525010810,3807404750,3878366039,4104185692
dimwishlist:item=568611922&perks=3525010810,3807404750,3878366039,3007133316
dimwishlist:item=568611922&perks=3525010810,3807404750,3878366039,469285294
dimwishlist:item=568611922&perks=3525010810,3807404750,3878366039,3335686050
dimwishlist:item=568611922&perks=3525010810,3807404750,3300816228,4104185692
dimwishlist:item=568611922&perks=3525010810,3807404750,3300816228,3007133316
dimwishlist:item=568611922&perks=3525010810,3807404750,3300816228,469285294
dimwishlist:item=568611922&perks=3525010810,3807404750,3300816228,3335686050
dimwishlist:item=568611922&perks=3525010810,3807404750,3528046508,4104185692
dimwishlist:item=568611922&perks=3525010810,3807404750,3528046508,3007133316
dimwishlist:item=568611922&perks=3525010810,3807404750,3528046508,469285294
dimwishlist:item=568611922&perks=3525010810,3807404750,3528046508,3335686050
dimwishlist:item=568611922&perks=3525010810,3807404750,1556840489,4104185692
dimwishlist:item=568611922&perks=3525010810,3807404750,1556840489,3007133316
dimwishlist:item=568611922&perks=3525010810,3807404750,1556840489,469285294
dimwishlist:item=568611922&perks=3525010810,3807404750,1556840489,3335686050
dimwishlist:item=568611922&perks=3525010810,3807404750,3442762221,4104185692
dimwishlist:item=568611922&perks=3525010810,3807404750,3442762221,3007133316
dimwishlist:item=568611922&perks=3525010810,3807404750,3442762221,469285294
dimwishlist:item=568611922&perks=3525010810,3807404750,3442762221,3335686050
dimwishlist:item=568611922&perks=3250572790,2822142346,951095735,4104185692
dimwishlist:item=568611922&perks=3250572790,2822142346,951095735,3007133316
dimwishlist:item=568611922&perks=3250572790,2822142346,951095735,469285294
dimwishlist:item=568611922&perks=3250572790,2822142346,951095735,3335686050
dimwishlist:item=568611922&perks=3250572790,2822142346,3878366039,4104185692
dimwishlist:item=568611922&perks=3250572790,2822142346,3878366039,3007133316
dimwishlist:item=568611922&perks=3250572790,2822142346,3878366039,469285294
dimwishlist:item=568611922&perks=3250572790,2822142346,3878366039,3335686050
dimwishlist:item=568611922&perks=3250572790,2822142346,3300816228,4104185692
dimwishlist:item=568611922&perks=3250572790,2822142346,3300816228,3007133316
dimwishlist:item=568611922&perks=3250572790,2822142346,3300816228,469285294
dimwishlist:item=568611922&perks=3250572790,2822142346,3300816228,3335686050
dimwishlist:item=568611922&perks=3250572790,2822142346,3528046508,4104185692
dimwishlist:item=568611922&perks=3250572790,2822142346,3528046508,3007133316
dimwishlist:item=568611922&perks=3250572790,2822142346,3528046508,469285294
dimwishlist:item=568611922&perks=3250572790,2822142346,3528046508,3335686050
dimwishlist:item=568611922&perks=3250572790,2822142346,1556840489,4104185692
dimwishlist:item=568611922&perks=3250572790,2822142346,1556840489,3007133316
dimwishlist:item=568611922&perks=3250572790,2822142346,1556840489,469285294
dimwishlist:item=568611922&perks=3250572790,2822142346,1556840489,3335686050
dimwishlist:item=568611922&perks=3250572790,2822142346,3442762221,4104185692
dimwishlist:item=568611922&perks=3250572790,2822142346,3442762221,3007133316
dimwishlist:item=568611922&perks=3250572790,2822142346,3442762221,469285294
dimwishlist:item=568611922&perks=3250572790,2822142346,3442762221,3335686050
dimwishlist:item=568611922&perks=3250572790,2108812838,951095735,4104185692
dimwishlist:item=568611922&perks=3250572790,2108812838,951095735,3007133316
dimwishlist:item=568611922&perks=3250572790,2108812838,951095735,469285294
dimwishlist:item=568611922&perks=3250572790,2108812838,951095735,3335686050
dimwishlist:item=568611922&perks=3250572790,2108812838,3878366039,4104185692
dimwishlist:item=568611922&perks=3250572790,2108812838,3878366039,3007133316
dimwishlist:item=568611922&perks=3250572790,2108812838,3878366039,469285294
dimwishlist:item=568611922&perks=3250572790,2108812838,3878366039,3335686050
dimwishlist:item=568611922&perks=3250572790,2108812838,3300816228,4104185692
dimwishlist:item=568611922&perks=3250572790,2108812838,3300816228,3007133316
dimwishlist:item=568611922&perks=3250572790,2108812838,3300816228,469285294
dimwishlist:item=568611922&perks=3250572790,2108812838,3300816228,3335686050
dimwishlist:item=568611922&perks=3250572790,2108812838,3528046508,4104185692
dimwishlist:item=568611922&perks=3250572790,2108812838,3528046508,3007133316
dimwishlist:item=568611922&perks=3250572790,2108812838,3528046508,469285294
dimwishlist:item=568611922&perks=3250572790,2108812838,3528046508,3335686050
dimwishlist:item=568611922&perks=3250572790,2108812838,1556840489,4104185692
dimwishlist:item=568611922&perks=3250572790,2108812838,1556840489,3007133316
dimwishlist:item=568611922&perks=3250572790,2108812838,1556840489,469285294
dimwishlist:item=568611922&perks=3250572790,2108812838,1556840489,3335686050
dimwishlist:item=568611922&perks=3250572790,2108812838,3442762221,4104185692
dimwishlist:item=568611922&perks=3250572790,2108812838,3442762221,3007133316
dimwishlist:item=568611922&perks=3250572790,2108812838,3442762221,469285294
dimwishlist:item=568611922&perks=3250572790,2108812838,3442762221,3335686050
dimwishlist:item=568611922&perks=3250572790,3301904089,951095735,4104185692
dimwishlist:item=568611922&perks=3250572790,3301904089,951095735,3007133316
dimwishlist:item=568611922&perks=3250572790,3301904089,951095735,469285294
dimwishlist:item=568611922&perks=3250572790,3301904089,951095735,3335686050
dimwishlist:item=568611922&perks=3250572790,3301904089,3878366039,4104185692
dimwishlist:item=568611922&perks=3250572790,3301904089,3878366039,3007133316
dimwishlist:item=568611922&perks=3250572790,3301904089,3878366039,469285294
dimwishlist:item=568611922&perks=3250572790,3301904089,3878366039,3335686050
dimwishlist:item=568611922&perks=3250572790,3301904089,3300816228,4104185692
dimwishlist:item=568611922&perks=3250572790,3301904089,3300816228,3007133316
dimwishlist:item=568611922&perks=3250572790,3301904089,3300816228,469285294
dimwishlist:item=568611922&perks=3250572790,3301904089,3300816228,3335686050
dimwishlist:item=568611922&perks=3250572790,3301904089,3528046508,4104185692
dimwishlist:item=568611922&perks=3250572790,3301904089,3528046508,3007133316
dimwishlist:item=568611922&perks=3250572790,3301904089,3528046508,469285294
dimwishlist:item=568611922&perks=3250572790,3301904089,3528046508,3335686050
dimwishlist:item=568611922&perks=3250572790,3301904089,1556840489,4104185692
dimwishlist:item=568611922&perks=3250572790,3301904089,1556840489,3007133316
dimwishlist:item=568611922&perks=3250572790,3301904089,1556840489,469285294
dimwishlist:item=568611922&perks=3250572790,3301904089,1556840489,3335686050
dimwishlist:item=568611922&perks=3250572790,3301904089,3442762221,4104185692
dimwishlist:item=568611922&perks=3250572790,3301904089,3442762221,3007133316
dimwishlist:item=568611922&perks=3250572790,3301904089,3442762221,469285294
dimwishlist:item=568611922&perks=3250572790,3301904089,3442762221,3335686050
dimwishlist:item=568611922&perks=3250572790,409713597,951095735,4104185692
dimwishlist:item=568611922&perks=3250572790,409713597,951095735,3007133316
dimwishlist:item=568611922&perks=3250572790,409713597,951095735,469285294
dimwishlist:item=568611922&perks=3250572790,409713597,951095735,3335686050
dimwishlist:item=568611922&perks=3250572790,409713597,3878366039,4104185692
dimwishlist:item=568611922&perks=3250572790,409713597,3878366039,3007133316
dimwishlist:item=568611922&perks=3250572790,409713597,3878366039,469285294
dimwishlist:item=568611922&perks=3250572790,409713597,3878366039,3335686050
dimwishlist:item=568611922&perks=3250572790,409713597,3300816228,4104185692
dimwishlist:item=568611922&perks=3250572790,409713597,3300816228,3007133316
dimwishlist:item=568611922&perks=3250572790,409713597,3300816228,469285294
dimwishlist:item=568611922&perks=3250572790,409713597,3300816228,3335686050
dimwishlist:item=568611922&perks=3250572790,409713597,3528046508,4104185692
dimwishlist:item=568611922&perks=3250572790,409713597,3528046508,3007133316
dimwishlist:item=568611922&perks=3250572790,409713597,3528046508,469285294
dimwishlist:item=568611922&perks=3250572790,409713597,3528046508,3335686050
dimwishlist:item=568611922&perks=3250572790,409713597,1556840489,4104185692
dimwishlist:item=568611922&perks=3250572790,409713597,1556840489,3007133316
dimwishlist:item=568611922&perks=3250572790,409713597,1556840489,469285294
dimwishlist:item=568611922&perks=3250572790,409713597,1556840489,3335686050
dimwishlist:item=568611922&perks=3250572790,409713597,3442762221,4104185692
dimwishlist:item=568611922&perks=3250572790,409713597,3442762221,3007133316
dimwishlist:item=568611922&perks=3250572790,409713597,3442762221,469285294
dimwishlist:item=568611922&perks=3250572790,409713597,3442762221,3335686050
dimwishlist:item=568611922&perks=3250572790,3492396210,951095735,4104185692
dimwishlist:item=568611922&perks=3250572790,3492396210,951095735,3007133316
dimwishlist:item=568611922&perks=3250572790,3492396210,951095735,469285294
dimwishlist:item=568611922&perks=3250572790,3492396210,951095735,3335686050
dimwishlist:item=568611922&perks=3250572790,3492396210,3878366039,4104185692
dimwishlist:item=568611922&perks=3250572790,3492396210,3878366039,3007133316
dimwishlist:item=568611922&perks=3250572790,3492396210,3878366039,469285294
dimwishlist:item=568611922&perks=3250572790,3492396210,3878366039,3335686050
dimwishlist:item=568611922&perks=3250572790,3492396210,3300816228,4104185692
dimwishlist:item=568611922&perks=3250572790,3492396210,3300816228,3007133316
dimwishlist:item=568611922&perks=3250572790,3492396210,3300816228,469285294
dimwishlist:item=568611922&perks=3250572790,3492396210,3300816228,3335686050
dimwishlist:item=568611922&perks=3250572790,3492396210,3528046508,4104185692
dimwishlist:item=568611922&perks=3250572790,3492396210,3528046508,3007133316
dimwishlist:item=568611922&perks=3250572790,3492396210,3528046508,469285294
dimwishlist:item=568611922&perks=3250572790,3492396210,3528046508,3335686050
dimwishlist:item=568611922&perks=3250572790,3492396210,1556840489,4104185692
dimwishlist:item=568611922&perks=3250572790,3492396210,1556840489,3007133316
dimwishlist:item=568611922&perks=3250572790,3492396210,1556840489,469285294
dimwishlist:item=568611922&perks=3250572790,3492396210,1556840489,3335686050
dimwishlist:item=568611922&perks=3250572790,3492396210,3442762221,4104185692
dimwishlist:item=568611922&perks=3250572790,3492396210,3442762221,3007133316
dimwishlist:item=568611922&perks=3250572790,3492396210,3442762221,469285294
dimwishlist:item=568611922&perks=3250572790,3492396210,3442762221,3335686050
dimwishlist:item=568611922&perks=3250572790,3807404750,951095735,4104185692
dimwishlist:item=568611922&perks=3250572790,3807404750,951095735,3007133316
dimwishlist:item=568611922&perks=3250572790,3807404750,951095735,469285294
dimwishlist:item=568611922&perks=3250572790,3807404750,951095735,3335686050
dimwishlist:item=568611922&perks=3250572790,3807404750,3878366039,4104185692
dimwishlist:item=568611922&perks=3250572790,3807404750,3878366039,3007133316
dimwishlist:item=568611922&perks=3250572790,3807404750,3878366039,469285294
dimwishlist:item=568611922&perks=3250572790,3807404750,3878366039,3335686050
dimwishlist:item=568611922&perks=3250572790,3807404750,3300816228,4104185692
dimwishlist:item=568611922&perks=3250572790,3807404750,3300816228,3007133316
dimwishlist:item=568611922&perks=3250572790,3807404750,3300816228,469285294
dimwishlist:item=568611922&perks=3250572790,3807404750,3300816228,3335686050
dimwishlist:item=568611922&perks=3250572790,3807404750,3528046508,4104185692
dimwishlist:item=568611922&perks=3250572790,3807404750,3528046508,3007133316
dimwishlist:item=568611922&perks=3250572790,3807404750,3528046508,469285294
dimwishlist:item=568611922&perks=3250572790,3807404750,3528046508,3335686050
dimwishlist:item=568611922&perks=3250572790,3807404750,1556840489,4104185692
dimwishlist:item=568611922&perks=3250572790,3807404750,1556840489,3007133316
dimwishlist:item=568611922&perks=3250572790,3807404750,1556840489,469285294
dimwishlist:item=568611922&perks=3250572790,3807404750,1556840489,3335686050
dimwishlist:item=568611922&perks=3250572790,3807404750,3442762221,4104185692
dimwishlist:item=568611922&perks=3250572790,3807404750,3442762221,3007133316
dimwishlist:item=568611922&perks=3250572790,3807404750,3442762221,469285294
dimwishlist:item=568611922&perks=3250572790,3807404750,3442762221,3335686050
dimwishlist:item=4043921923&perks=3525010810,2822142346,951095735,4104185692
dimwishlist:item=4043921923&perks=3525010810,2822142346,951095735,3007133316
dimwishlist:item=4043921923&perks=3525010810,2822142346,951095735,469285294
dimwishlist:item=4043921923&perks=3525010810,2822142346,951095735,3335686050
dimwishlist:item=4043921923&perks=3525010810,2822142346,3878366039,4104185692
dimwishlist:item=4043921923&perks=3525010810,2822142346,3878366039,3007133316
dimwishlist:item=4043921923&perks=3525010810,2822142346,3878366039,469285294
dimwishlist:item=4043921923&perks=3525010810,2822142346,3878366039,3335686050
dimwishlist:item=4043921923&perks=3525010810,2822142346,3300816228,4104185692
dimwishlist:item=4043921923&perks=3525010810,2822142346,3300816228,3007133316
dimwishlist:item=4043921923&perks=3525010810,2822142346,3300816228,469285294
dimwishlist:item=4043921923&perks=3525010810,2822142346,3300816228,3335686050
dimwishlist:item=4043921923&perks=3525010810,2822142346,3528046508,4104185692
dimwishlist:item=4043921923&perks=3525010810,2822142346,3528046508,3007133316
dimwishlist:item=4043921923&perks=3525010810,2822142346,3528046508,469285294
dimwishlist:item=4043921923&perks=3525010810,2822142346,3528046508,3335686050
dimwishlist:item=4043921923&perks=3525010810,2822142346,1556840489,4104185692
dimwishlist:item=4043921923&perks=3525010810,2822142346,1556840489,3007133316
dimwishlist:item=4043921923&perks=3525010810,2822142346,1556840489,469285294
dimwishlist:item=4043921923&perks=3525010810,2822142346,1556840489,3335686050
dimwishlist:item=4043921923&perks=3525010810,2822142346,3442762221,4104185692
dimwishlist:item=4043921923&perks=3525010810,2822142346,3442762221,3007133316
dimwishlist:item=4043921923&perks=3525010810,2822142346,3442762221,469285294
dimwishlist:item=4043921923&perks=3525010810,2822142346,3442762221,3335686050
dimwishlist:item=4043921923&perks=3525010810,2108812838,951095735,4104185692
dimwishlist:item=4043921923&perks=3525010810,2108812838,951095735,3007133316
dimwishlist:item=4043921923&perks=3525010810,2108812838,951095735,469285294
dimwishlist:item=4043921923&perks=3525010810,2108812838,951095735,3335686050
dimwishlist:item=4043921923&perks=3525010810,2108812838,3878366039,4104185692
dimwishlist:item=4043921923&perks=3525010810,2108812838,3878366039,3007133316
dimwishlist:item=4043921923&perks=3525010810,2108812838,3878366039,469285294
dimwishlist:item=4043921923&perks=3525010810,2108812838,3878366039,3335686050
dimwishlist:item=4043921923&perks=3525010810,2108812838,3300816228,4104185692
dimwishlist:item=4043921923&perks=3525010810,2108812838,3300816228,3007133316
dimwishlist:item=4043921923&perks=3525010810,2108812838,3300816228,469285294
dimwishlist:item=4043921923&perks=3525010810,2108812838,3300816228,3335686050
dimwishlist:item=4043921923&perks=3525010810,2108812838,3528046508,4104185692
dimwishlist:item=4043921923&perks=3525010810,2108812838,3528046508,3007133316
dimwishlist:item=4043921923&perks=3525010810,2108812838,3528046508,469285294
dimwishlist:item=4043921923&perks=3525010810,2108812838,3528046508,3335686050
dimwishlist:item=4043921923&perks=3525010810,2108812838,1556840489,4104185692
dimwishlist:item=4043921923&perks=3525010810,2108812838,1556840489,3007133316
dimwishlist:item=4043921923&perks=3525010810,2108812838,1556840489,469285294
dimwishlist:item=4043921923&perks=3525010810,2108812838,1556840489,3335686050
dimwishlist:item=4043921923&perks=3525010810,2108812838,3442762221,4104185692
dimwishlist:item=4043921923&perks=3525010810,2108812838,3442762221,3007133316
dimwishlist:item=4043921923&perks=3525010810,2108812838,3442762221,469285294
dimwishlist:item=4043921923&perks=3525010810,2108812838,3442762221,3335686050
dimwishlist:item=4043921923&perks=3525010810,3301904089,951095735,4104185692
dimwishlist:item=4043921923&perks=3525010810,3301904089,951095735,3007133316
dimwishlist:item=4043921923&perks=3525010810,3301904089,951095735,469285294
dimwishlist:item=4043921923&perks=3525010810,3301904089,951095735,3335686050
dimwishlist:item=4043921923&perks=3525010810,3301904089,3878366039,4104185692
dimwishlist:item=4043921923&perks=3525010810,3301904089,3878366039,3007133316
dimwishlist:item=4043921923&perks=3525010810,3301904089,3878366039,469285294
dimwishlist:item=4043921923&perks=3525010810,3301904089,3878366039,3335686050
dimwishlist:item=4043921923&perks=3525010810,3301904089,3300816228,4104185692
dimwishlist:item=4043921923&perks=3525010810,3301904089,3300816228,3007133316
dimwishlist:item=4043921923&perks=3525010810,3301904089,3300816228,469285294
dimwishlist:item=4043921923&perks=3525010810,3301904089,3300816228,3335686050
dimwishlist:item=4043921923&perks=3525010810,3301904089,3528046508,4104185692
dimwishlist:item=4043921923&perks=3525010810,3301904089,3528046508,3007133316
dimwishlist:item=4043921923&perks=3525010810,3301904089,3528046508,469285294
dimwishlist:item=4043921923&perks=3525010810,3301904089,3528046508,3335686050
dimwishlist:item=4043921923&perks=3525010810,3301904089,1556840489,4104185692
dimwishlist:item=4043921923&perks=3525010810,3301904089,1556840489,3007133316
dimwishlist:item=4043921923&perks=3525010810,3301904089,1556840489,469285294
dimwishlist:item=4043921923&perks=3525010810,3301904089,1556840489,3335686050
dimwishlist:item=4043921923&perks=3525010810,3301904089,3442762221,4104185692
dimwishlist:item=4043921923&perks=3525010810,3301904089,3442762221,3007133316
dimwishlist:item=4043921923&perks=3525010810,3301904089,3442762221,469285294
dimwishlist:item=4043921923&perks=3525010810,3301904089,3442762221,3335686050
dimwishlist:item=4043921923&perks=3525010810,409713597,951095735,4104185692
dimwishlist:item=4043921923&perks=3525010810,409713597,951095735,3007133316
dimwishlist:item=4043921923&perks=3525010810,409713597,951095735,469285294
dimwishlist:item=4043921923&perks=3525010810,409713597,951095735,3335686050
dimwishlist:item=4043921923&perks=3525010810,409713597,3878366039,4104185692
dimwishlist:item=4043921923&perks=3525010810,409713597,3878366039,3007133316
dimwishlist:item=4043921923&perks=3525010810,409713597,3878366039,469285294
dimwishlist:item=4043921923&perks=3525010810,409713597,3878366039,3335686050
dimwishlist:item=4043921923&perks=3525010810,409713597,3300816228,4104185692
dimwishlist:item=4043921923&perks=3525010810,409713597,3300816228,3007133316
dimwishlist:item=4043921923&perks=3525010810,409713597,3300816228,469285294
dimwishlist:item=4043921923&perks=3525010810,409713597,3300816228,3335686050
dimwishlist:item=4043921923&perks=3525010810,409713597,3528046508,4104185692
dimwishlist:item=4043921923&perks=3525010810,409713597,3528046508,3007133316
dimwishlist:item=4043921923&perks=3525010810,409713597,3528046508,469285294
dimwishlist:item=4043921923&perks=3525010810,409713597,3528046508,3335686050
dimwishlist:item=4043921923&perks=3525010810,409713597,1556840489,4104185692
dimwishlist:item=4043921923&perks=3525010810,409713597,1556840489,3007133316
dimwishlist:item=4043921923&perks=3525010810,409713597,1556840489,469285294
dimwishlist:item=4043921923&perks=3525010810,409713597,1556840489,3335686050
dimwishlist:item=4043921923&perks=3525010810,409713597,3442762221,4104185692
dimwishlist:item=4043921923&perks=3525010810,409713597,3442762221,3007133316
dimwishlist:item=4043921923&perks=3525010810,409713597,3442762221,469285294
dimwishlist:item=4043921923&perks=3525010810,409713597,3442762221,3335686050
dimwishlist:item=4043921923&perks=3525010810,3492396210,951095735,4104185692
dimwishlist:item=4043921923&perks=3525010810,3492396210,951095735,3007133316
dimwishlist:item=4043921923&perks=3525010810,3492396210,951095735,469285294
dimwishlist:item=4043921923&perks=3525010810,3492396210,951095735,3335686050
dimwishlist:item=4043921923&perks=3525010810,3492396210,3878366039,4104185692
dimwishlist:item=4043921923&perks=3525010810,3492396210,3878366039,3007133316
dimwishlist:item=4043921923&perks=3525010810,3492396210,3878366039,469285294
dimwishlist:item=4043921923&perks=3525010810,3492396210,3878366039,3335686050
dimwishlist:item=4043921923&perks=3525010810,3492396210,3300816228,4104185692
dimwishlist:item=4043921923&perks=3525010810,3492396210,3300816228,3007133316
dimwishlist:item=4043921923&perks=3525010810,3492396210,3300816228,469285294
dimwishlist:item=4043921923&perks=3525010810,3492396210,3300816228,3335686050
dimwishlist:item=4043921923&perks=3525010810,3492396210,3528046508,4104185692
dimwishlist:item=4043921923&perks=3525010810,3492396210,3528046508,3007133316
dimwishlist:item=4043921923&perks=3525010810,3492396210,3528046508,469285294
dimwishlist:item=4043921923&perks=3525010810,3492396210,3528046508,3335686050
dimwishlist:item=4043921923&perks=3525010810,3492396210,1556840489,4104185692
dimwishlist:item=4043921923&perks=3525010810,3492396210,1556840489,3007133316
dimwishlist:item=4043921923&perks=3525010810,3492396210,1556840489,469285294
dimwishlist:item=4043921923&perks=3525010810,3492396210,1556840489,3335686050
dimwishlist:item=4043921923&perks=3525010810,3492396210,3442762221,4104185692
dimwishlist:item=4043921923&perks=3525010810,3492396210,3442762221,3007133316
dimwishlist:item=4043921923&perks=3525010810,3492396210,3442762221,469285294
dimwishlist:item=4043921923&perks=3525010810,3492396210,3442762221,3335686050
dimwishlist:item=4043921923&perks=3525010810,3807404750,951095735,4104185692
dimwishlist:item=4043921923&perks=3525010810,3807404750,951095735,3007133316
dimwishlist:item=4043921923&perks=3525010810,3807404750,951095735,469285294
dimwishlist:item=4043921923&perks=3525010810,3807404750,951095735,3335686050
dimwishlist:item=4043921923&perks=3525010810,3807404750,3878366039,4104185692
dimwishlist:item=4043921923&perks=3525010810,3807404750,3878366039,3007133316
dimwishlist:item=4043921923&perks=3525010810,3807404750,3878366039,469285294
dimwishlist:item=4043921923&perks=3525010810,3807404750,3878366039,3335686050
dimwishlist:item=4043921923&perks=3525010810,3807404750,3300816228,4104185692
dimwishlist:item=4043921923&perks=3525010810,3807404750,3300816228,3007133316
dimwishlist:item=4043921923&perks=3525010810,3807404750,3300816228,469285294
dimwishlist:item=4043921923&perks=3525010810,3807404750,3300816228,3335686050
dimwishlist:item=4043921923&perks=3525010810,3807404750,3528046508,4104185692
dimwishlist:item=4043921923&perks=3525010810,3807404750,3528046508,3007133316
dimwishlist:item=4043921923&perks=3525010810,3807404750,3528046508,469285294
dimwishlist:item=4043921923&perks=3525010810,3807404750,3528046508,3335686050
dimwishlist:item=4043921923&perks=3525010810,3807404750,1556840489,4104185692
dimwishlist:item=4043921923&perks=3525010810,3807404750,1556840489,3007133316
dimwishlist:item=4043921923&perks=3525010810,3807404750,1556840489,469285294
dimwishlist:item=4043921923&perks=3525010810,3807404750,1556840489,3335686050
dimwishlist:item=4043921923&perks=3525010810,3807404750,3442762221,4104185692
dimwishlist:item=4043921923&perks=3525010810,3807404750,3442762221,3007133316
dimwishlist:item=4043921923&perks=3525010810,3807404750,3442762221,469285294
dimwishlist:item=4043921923&perks=3525010810,3807404750,3442762221,3335686050
dimwishlist:item=4043921923&perks=3250572790,2822142346,951095735,4104185692
dimwishlist:item=4043921923&perks=3250572790,2822142346,951095735,3007133316
dimwishlist:item=4043921923&perks=3250572790,2822142346,951095735,469285294
dimwishlist:item=4043921923&perks=3250572790,2822142346,951095735,3335686050
dimwishlist:item=4043921923&perks=3250572790,2822142346,3878366039,4104185692
dimwishlist:item=4043921923&perks=3250572790,2822142346,3878366039,3007133316
dimwishlist:item=4043921923&perks=3250572790,2822142346,3878366039,469285294
dimwishlist:item=4043921923&perks=3250572790,2822142346,3878366039,3335686050
dimwishlist:item=4043921923&perks=3250572790,2822142346,3300816228,4104185692
dimwishlist:item=4043921923&perks=3250572790,2822142346,3300816228,3007133316
dimwishlist:item=4043921923&perks=3250572790,2822142346,3300816228,469285294
dimwishlist:item=4043921923&perks=3250572790,2822142346,3300816228,3335686050
dimwishlist:item=4043921923&perks=3250572790,2822142346,3528046508,4104185692
dimwishlist:item=4043921923&perks=3250572790,2822142346,3528046508,3007133316
dimwishlist:item=4043921923&perks=3250572790,2822142346,3528046508,469285294
dimwishlist:item=4043921923&perks=3250572790,2822142346,3528046508,3335686050
dimwishlist:item=4043921923&perks=3250572790,2822142346,1556840489,4104185692
dimwishlist:item=4043921923&perks=3250572790,2822142346,1556840489,3007133316
dimwishlist:item=4043921923&perks=3250572790,2822142346,1556840489,469285294
dimwishlist:item=4043921923&perks=3250572790,2822142346,1556840489,3335686050
dimwishlist:item=4043921923&perks=3250572790,2822142346,3442762221,4104185692
dimwishlist:item=4043921923&perks=3250572790,2822142346,3442762221,3007133316
dimwishlist:item=4043921923&perks=3250572790,2822142346,3442762221,469285294
dimwishlist:item=4043921923&perks=3250572790,2822142346,3442762221,3335686050
dimwishlist:item=4043921923&perks=3250572790,2108812838,951095735,4104185692
dimwishlist:item=4043921923&perks=3250572790,2108812838,951095735,3007133316
dimwishlist:item=4043921923&perks=3250572790,2108812838,951095735,469285294
dimwishlist:item=4043921923&perks=3250572790,2108812838,951095735,3335686050
dimwishlist:item=4043921923&perks=3250572790,2108812838,3878366039,4104185692
dimwishlist:item=4043921923&perks=3250572790,2108812838,3878366039,3007133316
dimwishlist:item=4043921923&perks=3250572790,2108812838,3878366039,469285294
dimwishlist:item=4043921923&perks=3250572790,2108812838,3878366039,3335686050
dimwishlist:item=4043921923&perks=3250572790,2108812838,3300816228,4104185692
dimwishlist:item=4043921923&perks=3250572790,2108812838,3300816228,3007133316
dimwishlist:item=4043921923&perks=3250572790,2108812838,3300816228,469285294
dimwishlist:item=4043921923&perks=3250572790,2108812838,3300816228,3335686050
dimwishlist:item=4043921923&perks=3250572790,2108812838,3528046508,4104185692
dimwishlist:item=4043921923&perks=3250572790,2108812838,3528046508,3007133316
dimwishlist:item=4043921923&perks=3250572790,2108812838,3528046508,469285294
dimwishlist:item=4043921923&perks=3250572790,2108812838,3528046508,3335686050
dimwishlist:item=4043921923&perks=3250572790,2108812838,1556840489,4104185692
dimwishlist:item=4043921923&perks=3250572790,2108812838,1556840489,3007133316
dimwishlist:item=4043921923&perks=3250572790,2108812838,1556840489,469285294
dimwishlist:item=4043921923&perks=3250572790,2108812838,1556840489,3335686050
dimwishlist:item=4043921923&perks=3250572790,2108812838,3442762221,4104185692
dimwishlist:item=4043921923&perks=3250572790,2108812838,3442762221,3007133316
dimwishlist:item=4043921923&perks=3250572790,2108812838,3442762221,469285294
dimwishlist:item=4043921923&perks=3250572790,2108812838,3442762221,3335686050
dimwishlist:item=4043921923&perks=3250572790,3301904089,951095735,4104185692
dimwishlist:item=4043921923&perks=3250572790,3301904089,951095735,3007133316
dimwishlist:item=4043921923&perks=3250572790,3301904089,951095735,469285294
dimwishlist:item=4043921923&perks=3250572790,3301904089,951095735,3335686050
dimwishlist:item=4043921923&perks=3250572790,3301904089,3878366039,4104185692
dimwishlist:item=4043921923&perks=3250572790,3301904089,3878366039,3007133316
dimwishlist:item=4043921923&perks=3250572790,3301904089,3878366039,469285294
dimwishlist:item=4043921923&perks=3250572790,3301904089,3878366039,3335686050
dimwishlist:item=4043921923&perks=3250572790,3301904089,3300816228,4104185692
dimwishlist:item=4043921923&perks=3250572790,3301904089,3300816228,3007133316
dimwishlist:item=4043921923&perks=3250572790,3301904089,3300816228,469285294
dimwishlist:item=4043921923&perks=3250572790,3301904089,3300816228,3335686050
dimwishlist:item=4043921923&perks=3250572790,3301904089,3528046508,4104185692
dimwishlist:item=4043921923&perks=3250572790,3301904089,3528046508,3007133316
dimwishlist:item=4043921923&perks=3250572790,3301904089,3528046508,469285294
dimwishlist:item=4043921923&perks=3250572790,3301904089,3528046508,3335686050
dimwishlist:item=4043921923&perks=3250572790,3301904089,1556840489,4104185692
dimwishlist:item=4043921923&perks=3250572790,3301904089,1556840489,3007133316
dimwishlist:item=4043921923&perks=3250572790,3301904089,1556840489,469285294
dimwishlist:item=4043921923&perks=3250572790,3301904089,1556840489,3335686050
dimwishlist:item=4043921923&perks=3250572790,3301904089,3442762221,4104185692
dimwishlist:item=4043921923&perks=3250572790,3301904089,3442762221,3007133316
dimwishlist:item=4043921923&perks=3250572790,3301904089,3442762221,469285294
dimwishlist:item=4043921923&perks=3250572790,3301904089,3442762221,3335686050
dimwishlist:item=4043921923&perks=3250572790,409713597,951095735,4104185692
dimwishlist:item=4043921923&perks=3250572790,409713597,951095735,3007133316
dimwishlist:item=4043921923&perks=3250572790,409713597,951095735,469285294
dimwishlist:item=4043921923&perks=3250572790,409713597,951095735,3335686050
dimwishlist:item=4043921923&perks=3250572790,409713597,3878366039,4104185692
dimwishlist:item=4043921923&perks=3250572790,409713597,3878366039,3007133316
dimwishlist:item=4043921923&perks=3250572790,409713597,3878366039,469285294
dimwishlist:item=4043921923&perks=3250572790,409713597,3878366039,3335686050
dimwishlist:item=4043921923&perks=3250572790,409713597,3300816228,4104185692
dimwishlist:item=4043921923&perks=3250572790,409713597,3300816228,3007133316
dimwishlist:item=4043921923&perks=3250572790,409713597,3300816228,469285294
dimwishlist:item=4043921923&perks=3250572790,409713597,3300816228,3335686050
dimwishlist:item=4043921923&perks=3250572790,409713597,3528046508,4104185692
dimwishlist:item=4043921923&perks=3250572790,409713597,3528046508,3007133316
dimwishlist:item=4043921923&perks=3250572790,409713597,3528046508,469285294
dimwishlist:item=4043921923&perks=3250572790,409713597,3528046508,3335686050
dimwishlist:item=4043921923&perks=3250572790,409713597,1556840489,4104185692
dimwishlist:item=4043921923&perks=3250572790,409713597,1556840489,3007133316
dimwishlist:item=4043921923&perks=3250572790,409713597,1556840489,469285294
dimwishlist:item=4043921923&perks=3250572790,409713597,1556840489,3335686050
dimwishlist:item=4043921923&perks=3250572790,409713597,3442762221,4104185692
dimwishlist:item=4043921923&perks=3250572790,409713597,3442762221,3007133316
dimwishlist:item=4043921923&perks=3250572790,409713597,3442762221,469285294
dimwishlist:item=4043921923&perks=3250572790,409713597,3442762221,3335686050
dimwishlist:item=4043921923&perks=3250572790,3492396210,951095735,4104185692
dimwishlist:item=4043921923&perks=3250572790,3492396210,951095735,3007133316
dimwishlist:item=4043921923&perks=3250572790,3492396210,951095735,469285294
dimwishlist:item=4043921923&perks=3250572790,3492396210,951095735,3335686050
dimwishlist:item=4043921923&perks=3250572790,3492396210,3878366039,4104185692
dimwishlist:item=4043921923&perks=3250572790,3492396210,3878366039,3007133316
dimwishlist:item=4043921923&perks=3250572790,3492396210,3878366039,469285294
dimwishlist:item=4043921923&perks=3250572790,3492396210,3878366039,3335686050
dimwishlist:item=4043921923&perks=3250572790,3492396210,3300816228,4104185692
dimwishlist:item=4043921923&perks=3250572790,3492396210,3300816228,3007133316
dimwishlist:item=4043921923&perks=3250572790,3492396210,3300816228,469285294
dimwishlist:item=4043921923&perks=3250572790,3492396210,3300816228,3335686050
dimwishlist:item=4043921923&perks=3250572790,3492396210,3528046508,4104185692
dimwishlist:item=4043921923&perks=3250572790,3492396210,3528046508,3007133316
dimwishlist:item=4043921923&perks=3250572790,3492396210,3528046508,469285294
dimwishlist:item=4043921923&perks=3250572790,3492396210,3528046508,3335686050
dimwishlist:item=4043921923&perks=3250572790,3492396210,1556840489,4104185692
dimwishlist:item=4043921923&perks=3250572790,3492396210,1556840489,3007133316
dimwishlist:item=4043921923&perks=3250572790,3492396210,1556840489,469285294
dimwishlist:item=4043921923&perks=3250572790,3492396210,1556840489,3335686050
dimwishlist:item=4043921923&perks=3250572790,3492396210,3442762221,4104185692
dimwishlist:item=4043921923&perks=3250572790,3492396210,3442762221,3007133316
dimwishlist:item=4043921923&perks=3250572790,3492396210,3442762221,469285294
dimwishlist:item=4043921923&perks=3250572790,3492396210,3442762221,3335686050
dimwishlist:item=4043921923&perks=3250572790,3807404750,951095735,4104185692
dimwishlist:item=4043921923&perks=3250572790,3807404750,951095735,3007133316
dimwishlist:item=4043921923&perks=3250572790,3807404750,951095735,469285294
dimwishlist:item=4043921923&perks=3250572790,3807404750,951095735,3335686050
dimwishlist:item=4043921923&perks=3250572790,3807404750,3878366039,4104185692
dimwishlist:item=4043921923&perks=3250572790,3807404750,3878366039,3007133316
dimwishlist:item=4043921923&perks=3250572790,3807404750,3878366039,469285294
dimwishlist:item=4043921923&perks=3250572790,3807404750,3878366039,3335686050
dimwishlist:item=4043921923&perks=3250572790,3807404750,3300816228,4104185692
dimwishlist:item=4043921923&perks=3250572790,3807404750,3300816228,3007133316
dimwishlist:item=4043921923&perks=3250572790,3807404750,3300816228,469285294
dimwishlist:item=4043921923&perks=3250572790,3807404750,3300816228,3335686050
dimwishlist:item=4043921923&perks=3250572790,3807404750,3528046508,4104185692
dimwishlist:item=4043921923&perks=3250572790,3807404750,3528046508,3007133316
dimwishlist:item=4043921923&perks=3250572790,3807404750,3528046508,469285294
dimwishlist:item=4043921923&perks=3250572790,3807404750,3528046508,3335686050
dimwishlist:item=4043921923&perks=3250572790,3807404750,1556840489,4104185692
dimwishlist:item=4043921923&perks=3250572790,3807404750,1556840489,3007133316
dimwishlist:item=4043921923&perks=3250572790,3807404750,1556840489,469285294
dimwishlist:item=4043921923&perks=3250572790,3807404750,1556840489,3335686050
dimwishlist:item=4043921923&perks=3250572790,3807404750,3442762221,4104185692
dimwishlist:item=4043921923&perks=3250572790,3807404750,3442762221,3007133316
dimwishlist:item=4043921923&perks=3250572790,3807404750,3442762221,469285294
dimwishlist:item=4043921923&perks=3250572790,3807404750,3442762221,3335686050
dimwishlist:item=3736001861&perks=3525010810,2822142346,951095735,4104185692
dimwishlist:item=3736001861&perks=3525010810,2822142346,951095735,3007133316
dimwishlist:item=3736001861&perks=3525010810,2822142346,951095735,469285294
dimwishlist:item=3736001861&perks=3525010810,2822142346,951095735,3335686050
dimwishlist:item=3736001861&perks=3525010810,2822142346,3878366039,4104185692
dimwishlist:item=3736001861&perks=3525010810,2822142346,3878366039,3007133316
dimwishlist:item=3736001861&perks=3525010810,2822142346,3878366039,469285294
dimwishlist:item=3736001861&perks=3525010810,2822142346,3878366039,3335686050
dimwishlist:item=3736001861&perks=3525010810,2822142346,3300816228,4104185692
dimwishlist:item=3736001861&perks=3525010810,2822142346,3300816228,3007133316
dimwishlist:item=3736001861&perks=3525010810,2822142346,3300816228,469285294
dimwishlist:item=3736001861&perks=3525010810,2822142346,3300816228,3335686050
dimwishlist:item=3736001861&perks=3525010810,2822142346,3528046508,4104185692
dimwishlist:item=3736001861&perks=3525010810,2822142346,3528046508,3007133316
dimwishlist:item=3736001861&perks=3525010810,2822142346,3528046508,469285294
dimwishlist:item=3736001861&perks=3525010810,2822142346,3528046508,3335686050
dimwishlist:item=3736001861&perks=3525010810,2822142346,1556840489,4104185692
dimwishlist:item=3736001861&perks=3525010810,2822142346,1556840489,3007133316
dimwishlist:item=3736001861&perks=3525010810,2822142346,1556840489,469285294
dimwishlist:item=3736001861&perks=3525010810,2822142346,1556840489,3335686050
dimwishlist:item=3736001861&perks=3525010810,2822142346,3442762221,4104185692
dimwishlist:item=3736001861&perks=3525010810,2822142346,3442762221,3007133316
dimwishlist:item=3736001861&perks=3525010810,2822142346,3442762221,469285294
dimwishlist:item=3736001861&perks=3525010810,2822142346,3442762221,3335686050
dimwishlist:item=3736001861&perks=3525010810,2108812838,951095735,4104185692
dimwishlist:item=3736001861&perks=3525010810,2108812838,951095735,3007133316
dimwishlist:item=3736001861&perks=3525010810,2108812838,951095735,469285294
dimwishlist:item=3736001861&perks=3525010810,2108812838,951095735,3335686050
dimwishlist:item=3736001861&perks=3525010810,2108812838,3878366039,4104185692
dimwishlist:item=3736001861&perks=3525010810,2108812838,3878366039,3007133316
dimwishlist:item=3736001861&perks=3525010810,2108812838,3878366039,469285294
dimwishlist:item=3736001861&perks=3525010810,2108812838,3878366039,3335686050
dimwishlist:item=3736001861&perks=3525010810,2108812838,3300816228,4104185692
dimwishlist:item=3736001861&perks=3525010810,2108812838,3300816228,3007133316
dimwishlist:item=3736001861&perks=3525010810,2108812838,3300816228,469285294
dimwishlist:item=3736001861&perks=3525010810,2108812838,3300816228,3335686050
dimwishlist:item=3736001861&perks=3525010810,2108812838,3528046508,4104185692
dimwishlist:item=3736001861&perks=3525010810,2108812838,3528046508,3007133316
dimwishlist:item=3736001861&perks=3525010810,2108812838,3528046508,469285294
dimwishlist:item=3736001861&perks=3525010810,2108812838,3528046508,3335686050
dimwishlist:item=3736001861&perks=3525010810,2108812838,1556840489,4104185692
dimwishlist:item=3736001861&perks=3525010810,2108812838,1556840489,3007133316
dimwishlist:item=3736001861&perks=3525010810,2108812838,1556840489,469285294
dimwishlist:item=3736001861&perks=3525010810,2108812838,1556840489,3335686050
dimwishlist:item=3736001861&perks=3525010810,2108812838,3442762221,4104185692
dimwishlist:item=3736001861&perks=3525010810,2108812838,3442762221,3007133316
dimwishlist:item=3736001861&perks=3525010810,2108812838,3442762221,469285294
dimwishlist:item=3736001861&perks=3525010810,2108812838,3442762221,3335686050
dimwishlist:item=3736001861&perks=3525010810,3301904089,951095735,4104185692
dimwishlist:item=3736001861&perks=3525010810,3301904089,951095735,3007133316
dimwishlist:item=3736001861&perks=3525010810,3301904089,951095735,469285294
dimwishlist:item=3736001861&perks=3525010810,3301904089,951095735,3335686050
dimwishlist:item=3736001861&perks=3525010810,3301904089,3878366039,4104185692
dimwishlist:item=3736001861&perks=3525010810,3301904089,3878366039,3007133316
dimwishlist:item=3736001861&perks=3525010810,3301904089,3878366039,469285294
dimwishlist:item=3736001861&perks=3525010810,3301904089,3878366039,3335686050
dimwishlist:item=3736001861&perks=3525010810,3301904089,3300816228,4104185692
dimwishlist:item=3736001861&perks=3525010810,3301904089,3300816228,3007133316
dimwishlist:item=3736001861&perks=3525010810,3301904089,3300816228,469285294
dimwishlist:item=3736001861&perks=3525010810,3301904089,3300816228,3335686050
dimwishlist:item=3736001861&perks=3525010810,3301904089,3528046508,4104185692
dimwishlist:item=3736001861&perks=3525010810,3301904089,3528046508,3007133316
dimwishlist:item=3736001861&perks=3525010810,3301904089,3528046508,469285294
dimwishlist:item=3736001861&perks=3525010810,3301904089,3528046508,3335686050
dimwishlist:item=3736001861&perks=3525010810,3301904089,1556840489,4104185692
dimwishlist:item=3736001861&perks=3525010810,3301904089,1556840489,3007133316
dimwishlist:item=3736001861&perks=3525010810,3301904089,1556840489,469285294
dimwishlist:item=3736001861&perks=3525010810,3301904089,1556840489,3335686050
dimwishlist:item=3736001861&perks=3525010810,3301904089,3442762221,4104185692
dimwishlist:item=3736001861&perks=3525010810,3301904089,3442762221,3007133316
dimwishlist:item=3736001861&perks=3525010810,3301904089,3442762221,469285294
dimwishlist:item=3736001861&perks=3525010810,3301904089,3442762221,3335686050
dimwishlist:item=3736001861&perks=3525010810,409713597,951095735,4104185692
dimwishlist:item=3736001861&perks=3525010810,409713597,951095735,3007133316
dimwishlist:item=3736001861&perks=3525010810,409713597,951095735,469285294
dimwishlist:item=3736001861&perks=3525010810,409713597,951095735,3335686050
dimwishlist:item=3736001861&perks=3525010810,409713597,3878366039,4104185692
dimwishlist:item=3736001861&perks=3525010810,409713597,3878366039,3007133316
dimwishlist:item=3736001861&perks=3525010810,409713597,3878366039,469285294
dimwishlist:item=3736001861&perks=3525010810,409713597,3878366039,3335686050
dimwishlist:item=3736001861&perks=3525010810,409713597,3300816228,4104185692
dimwishlist:item=3736001861&perks=3525010810,409713597,3300816228,3007133316
dimwishlist:item=3736001861&perks=3525010810,409713597,3300816228,469285294
dimwishlist:item=3736001861&perks=3525010810,409713597,3300816228,3335686050
dimwishlist:item=3736001861&perks=3525010810,409713597,3528046508,4104185692
dimwishlist:item=3736001861&perks=3525010810,409713597,3528046508,3007133316
dimwishlist:item=3736001861&perks=3525010810,409713597,3528046508,469285294
dimwishlist:item=3736001861&perks=3525010810,409713597,3528046508,3335686050
dimwishlist:item=3736001861&perks=3525010810,409713597,1556840489,4104185692
dimwishlist:item=3736001861&perks=3525010810,409713597,1556840489,3007133316
dimwishlist:item=3736001861&perks=3525010810,409713597,1556840489,469285294
dimwishlist:item=3736001861&perks=3525010810,409713597,1556840489,3335686050
dimwishlist:item=3736001861&perks=3525010810,409713597,3442762221,4104185692
dimwishlist:item=3736001861&perks=3525010810,409713597,3442762221,3007133316
dimwishlist:item=3736001861&perks=3525010810,409713597,3442762221,469285294
dimwishlist:item=3736001861&perks=3525010810,409713597,3442762221,3335686050
dimwishlist:item=3736001861&perks=3525010810,3492396210,951095735,4104185692
dimwishlist:item=3736001861&perks=3525010810,3492396210,951095735,3007133316
dimwishlist:item=3736001861&perks=3525010810,3492396210,951095735,469285294
dimwishlist:item=3736001861&perks=3525010810,3492396210,951095735,3335686050
dimwishlist:item=3736001861&perks=3525010810,3492396210,3878366039,4104185692
dimwishlist:item=3736001861&perks=3525010810,3492396210,3878366039,3007133316
dimwishlist:item=3736001861&perks=3525010810,3492396210,3878366039,469285294
dimwishlist:item=3736001861&perks=3525010810,3492396210,3878366039,3335686050
dimwishlist:item=3736001861&perks=3525010810,3492396210,3300816228,4104185692
dimwishlist:item=3736001861&perks=3525010810,3492396210,3300816228,3007133316
dimwishlist:item=3736001861&perks=3525010810,3492396210,3300816228,469285294
dimwishlist:item=3736001861&perks=3525010810,3492396210,3300816228,3335686050
dimwishlist:item=3736001861&perks=3525010810,3492396210,3528046508,4104185692
dimwishlist:item=3736001861&perks=3525010810,3492396210,3528046508,3007133316
dimwishlist:item=3736001861&perks=3525010810,3492396210,3528046508,469285294
dimwishlist:item=3736001861&perks=3525010810,3492396210,3528046508,3335686050
dimwishlist:item=3736001861&perks=3525010810,3492396210,1556840489,4104185692
dimwishlist:item=3736001861&perks=3525010810,3492396210,1556840489,3007133316
dimwishlist:item=3736001861&perks=3525010810,3492396210,1556840489,469285294
dimwishlist:item=3736001861&perks=3525010810,3492396210,1556840489,3335686050
dimwishlist:item=3736001861&perks=3525010810,3492396210,3442762221,4104185692
dimwishlist:item=3736001861&perks=3525010810,3492396210,3442762221,3007133316
dimwishlist:item=3736001861&perks=3525010810,3492396210,3442762221,469285294
dimwishlist:item=3736001861&perks=3525010810,3492396210,3442762221,3335686050
dimwishlist:item=3736001861&perks=3525010810,3807404750,951095735,4104185692
dimwishlist:item=3736001861&perks=3525010810,3807404750,951095735,3007133316
dimwishlist:item=3736001861&perks=3525010810,3807404750,951095735,469285294
dimwishlist:item=3736001861&perks=3525010810,3807404750,951095735,3335686050
dimwishlist:item=3736001861&perks=3525010810,3807404750,3878366039,4104185692
dimwishlist:item=3736001861&perks=3525010810,3807404750,3878366039,3007133316
dimwishlist:item=3736001861&perks=3525010810,3807404750,3878366039,469285294
dimwishlist:item=3736001861&perks=3525010810,3807404750,3878366039,3335686050
dimwishlist:item=3736001861&perks=3525010810,3807404750,3300816228,4104185692
dimwishlist:item=3736001861&perks=3525010810,3807404750,3300816228,3007133316
dimwishlist:item=3736001861&perks=3525010810,3807404750,3300816228,469285294
dimwishlist:item=3736001861&perks=3525010810,3807404750,3300816228,3335686050
dimwishlist:item=3736001861&perks=3525010810,3807404750,3528046508,4104185692
dimwishlist:item=3736001861&perks=3525010810,3807404750,3528046508,3007133316
dimwishlist:item=3736001861&perks=3525010810,3807404750,3528046508,469285294
dimwishlist:item=3736001861&perks=3525010810,3807404750,3528046508,3335686050
dimwishlist:item=3736001861&perks=3525010810,3807404750,1556840489,4104185692
dimwishlist:item=3736001861&perks=3525010810,3807404750,1556840489,3007133316
dimwishlist:item=3736001861&perks=3525010810,3807404750,1556840489,469285294
dimwishlist:item=3736001861&perks=3525010810,3807404750,1556840489,3335686050
dimwishlist:item=3736001861&perks=3525010810,3807404750,3442762221,4104185692
dimwishlist:item=3736001861&perks=3525010810,3807404750,3442762221,3007133316
dimwishlist:item=3736001861&perks=3525010810,3807404750,3442762221,469285294
dimwishlist:item=3736001861&perks=3525010810,3807404750,3442762221,3335686050
dimwishlist:item=3736001861&perks=3250572790,2822142346,951095735,4104185692
dimwishlist:item=3736001861&perks=3250572790,2822142346,951095735,3007133316
dimwishlist:item=3736001861&perks=3250572790,2822142346,951095735,469285294
dimwishlist:item=3736001861&perks=3250572790,2822142346,951095735,3335686050
dimwishlist:item=3736001861&perks=3250572790,2822142346,3878366039,4104185692
dimwishlist:item=3736001861&perks=3250572790,2822142346,3878366039,3007133316
dimwishlist:item=3736001861&perks=3250572790,2822142346,3878366039,469285294
dimwishlist:item=3736001861&perks=3250572790,2822142346,3878366039,3335686050
dimwishlist:item=3736001861&perks=3250572790,2822142346,3300816228,4104185692
dimwishlist:item=3736001861&perks=3250572790,2822142346,3300816228,3007133316
dimwishlist:item=3736001861&perks=3250572790,2822142346,3300816228,469285294
dimwishlist:item=3736001861&perks=3250572790,2822142346,3300816228,3335686050
dimwishlist:item=3736001861&perks=3250572790,2822142346,3528046508,4104185692
dimwishlist:item=3736001861&perks=3250572790,2822142346,3528046508,3007133316
dimwishlist:item=3736001861&perks=3250572790,2822142346,3528046508,469285294
dimwishlist:item=3736001861&perks=3250572790,2822142346,3528046508,3335686050
dimwishlist:item=3736001861&perks=3250572790,2822142346,1556840489,4104185692
dimwishlist:item=3736001861&perks=3250572790,2822142346,1556840489,3007133316
dimwishlist:item=3736001861&perks=3250572790,2822142346,1556840489,469285294
dimwishlist:item=3736001861&perks=3250572790,2822142346,1556840489,3335686050
dimwishlist:item=3736001861&perks=3250572790,2822142346,3442762221,4104185692
dimwishlist:item=3736001861&perks=3250572790,2822142346,3442762221,3007133316
dimwishlist:item=3736001861&perks=3250572790,2822142346,3442762221,469285294
dimwishlist:item=3736001861&perks=3250572790,2822142346,3442762221,3335686050
dimwishlist:item=3736001861&perks=3250572790,2108812838,951095735,4104185692
dimwishlist:item=3736001861&perks=3250572790,2108812838,951095735,3007133316
dimwishlist:item=3736001861&perks=3250572790,2108812838,951095735,469285294
dimwishlist:item=3736001861&perks=3250572790,2108812838,951095735,3335686050
dimwishlist:item=3736001861&perks=3250572790,2108812838,3878366039,4104185692
dimwishlist:item=3736001861&perks=3250572790,2108812838,3878366039,3007133316
dimwishlist:item=3736001861&perks=3250572790,2108812838,3878366039,469285294
dimwishlist:item=3736001861&perks=3250572790,2108812838,3878366039,3335686050
dimwishlist:item=3736001861&perks=3250572790,2108812838,3300816228,4104185692
dimwishlist:item=3736001861&perks=3250572790,2108812838,3300816228,3007133316
dimwishlist:item=3736001861&perks=3250572790,2108812838,3300816228,469285294
dimwishlist:item=3736001861&perks=3250572790,2108812838,3300816228,3335686050
dimwishlist:item=3736001861&perks=3250572790,2108812838,3528046508,4104185692
dimwishlist:item=3736001861&perks=3250572790,2108812838,3528046508,3007133316
dimwishlist:item=3736001861&perks=3250572790,2108812838,3528046508,469285294
dimwishlist:item=3736001861&perks=3250572790,2108812838,3528046508,3335686050
dimwishlist:item=3736001861&perks=3250572790,2108812838,1556840489,4104185692
dimwishlist:item=3736001861&perks=3250572790,2108812838,1556840489,3007133316
dimwishlist:item=3736001861&perks=3250572790,2108812838,1556840489,469285294
dimwishlist:item=3736001861&perks=3250572790,2108812838,1556840489,3335686050
dimwishlist:item=3736001861&perks=3250572790,2108812838,3442762221,4104185692
dimwishlist:item=3736001861&perks=3250572790,2108812838,3442762221,3007133316
dimwishlist:item=3736001861&perks=3250572790,2108812838,3442762221,469285294
dimwishlist:item=3736001861&perks=3250572790,2108812838,3442762221,3335686050
dimwishlist:item=3736001861&perks=3250572790,3301904089,951095735,4104185692
dimwishlist:item=3736001861&perks=3250572790,3301904089,951095735,3007133316
dimwishlist:item=3736001861&perks=3250572790,3301904089,951095735,469285294
dimwishlist:item=3736001861&perks=3250572790,3301904089,951095735,3335686050
dimwishlist:item=3736001861&perks=3250572790,3301904089,3878366039,4104185692
dimwishlist:item=3736001861&perks=3250572790,3301904089,3878366039,3007133316
dimwishlist:item=3736001861&perks=3250572790,3301904089,3878366039,469285294
dimwishlist:item=3736001861&perks=3250572790,3301904089,3878366039,3335686050
dimwishlist:item=3736001861&perks=3250572790,3301904089,3300816228,4104185692
dimwishlist:item=3736001861&perks=3250572790,3301904089,3300816228,3007133316
dimwishlist:item=3736001861&perks=3250572790,3301904089,3300816228,469285294
dimwishlist:item=3736001861&perks=3250572790,3301904089,3300816228,3335686050
dimwishlist:item=3736001861&perks=3250572790,3301904089,3528046508,4104185692
dimwishlist:item=3736001861&perks=3250572790,3301904089,3528046508,3007133316
dimwishlist:item=3736001861&perks=3250572790,3301904089,3528046508,469285294
dimwishlist:item=3736001861&perks=3250572790,3301904089,3528046508,3335686050
dimwishlist:item=3736001861&perks=3250572790,3301904089,1556840489,4104185692
dimwishlist:item=3736001861&perks=3250572790,3301904089,1556840489,3007133316
dimwishlist:item=3736001861&perks=3250572790,3301904089,1556840489,469285294
dimwishlist:item=3736001861&perks=3250572790,3301904089,1556840489,3335686050
dimwishlist:item=3736001861&perks=3250572790,3301904089,3442762221,4104185692
dimwishlist:item=3736001861&perks=3250572790,3301904089,3442762221,3007133316
dimwishlist:item=3736001861&perks=3250572790,3301904089,3442762221,469285294
dimwishlist:item=3736001861&perks=3250572790,3301904089,3442762221,3335686050
dimwishlist:item=3736001861&perks=3250572790,409713597,951095735,4104185692
dimwishlist:item=3736001861&perks=3250572790,409713597,951095735,3007133316
dimwishlist:item=3736001861&perks=3250572790,409713597,951095735,469285294
dimwishlist:item=3736001861&perks=3250572790,409713597,951095735,3335686050
dimwishlist:item=3736001861&perks=3250572790,409713597,3878366039,4104185692
dimwishlist:item=3736001861&perks=3250572790,409713597,3878366039,3007133316
dimwishlist:item=3736001861&perks=3250572790,409713597,3878366039,469285294
dimwishlist:item=3736001861&perks=3250572790,409713597,3878366039,3335686050
dimwishlist:item=3736001861&perks=3250572790,409713597,3300816228,4104185692
dimwishlist:item=3736001861&perks=3250572790,409713597,3300816228,3007133316
dimwishlist:item=3736001861&perks=3250572790,409713597,3300816228,469285294
dimwishlist:item=3736001861&perks=3250572790,409713597,3300816228,3335686050
dimwishlist:item=3736001861&perks=3250572790,409713597,3528046508,4104185692
dimwishlist:item=3736001861&perks=3250572790,409713597,3528046508,3007133316
dimwishlist:item=3736001861&perks=3250572790,409713597,3528046508,469285294
dimwishlist:item=3736001861&perks=3250572790,409713597,3528046508,3335686050
dimwishlist:item=3736001861&perks=3250572790,409713597,1556840489,4104185692
dimwishlist:item=3736001861&perks=3250572790,409713597,1556840489,3007133316
dimwishlist:item=3736001861&perks=3250572790,409713597,1556840489,469285294
dimwishlist:item=3736001861&perks=3250572790,409713597,1556840489,3335686050
dimwishlist:item=3736001861&perks=3250572790,409713597,3442762221,4104185692
dimwishlist:item=3736001861&perks=3250572790,409713597,3442762221,3007133316
dimwishlist:item=3736001861&perks=3250572790,409713597,3442762221,469285294
dimwishlist:item=3736001861&perks=3250572790,409713597,3442762221,3335686050
dimwishlist:item=3736001861&perks=3250572790,3492396210,951095735,4104185692
dimwishlist:item=3736001861&perks=3250572790,3492396210,951095735,3007133316
dimwishlist:item=3736001861&perks=3250572790,3492396210,951095735,469285294
dimwishlist:item=3736001861&perks=3250572790,3492396210,951095735,3335686050
dimwishlist:item=3736001861&perks=3250572790,3492396210,3878366039,4104185692
dimwishlist:item=3736001861&perks=3250572790,3492396210,3878366039,3007133316
dimwishlist:item=3736001861&perks=3250572790,3492396210,3878366039,469285294
dimwishlist:item=3736001861&perks=3250572790,3492396210,3878366039,3335686050
dimwishlist:item=3736001861&perks=3250572790,3492396210,3300816228,4104185692
dimwishlist:item=3736001861&perks=3250572790,3492396210,3300816228,3007133316
dimwishlist:item=3736001861&perks=3250572790,3492396210,3300816228,469285294
dimwishlist:item=3736001861&perks=3250572790,3492396210,3300816228,3335686050
dimwishlist:item=3736001861&perks=3250572790,3492396210,3528046508,4104185692
dimwishlist:item=3736001861&perks=3250572790,3492396210,3528046508,3007133316
dimwishlist:item=3736001861&perks=3250572790,3492396210,3528046508,469285294
dimwishlist:item=3736001861&perks=3250572790,3492396210,3528046508,3335686050
dimwishlist:item=3736001861&perks=3250572790,3492396210,1556840489,4104185692
dimwishlist:item=3736001861&perks=3250572790,3492396210,1556840489,3007133316
dimwishlist:item=3736001861&perks=3250572790,3492396210,1556840489,469285294
dimwishlist:item=3736001861&perks=3250572790,3492396210,1556840489,3335686050
dimwishlist:item=3736001861&perks=3250572790,3492396210,3442762221,4104185692
dimwishlist:item=3736001861&perks=3250572790,3492396210,3442762221,3007133316
dimwishlist:item=3736001861&perks=3250572790,3492396210,3442762221,469285294
dimwishlist:item=3736001861&perks=3250572790,3492396210,3442762221,3335686050
dimwishlist:item=3736001861&perks=3250572790,3807404750,951095735,4104185692
dimwishlist:item=3736001861&perks=3250572790,3807404750,951095735,3007133316
dimwishlist:item=3736001861&perks=3250572790,3807404750,951095735,469285294
dimwishlist:item=3736001861&perks=3250572790,3807404750,951095735,3335686050
dimwishlist:item=3736001861&perks=3250572790,3807404750,3878366039,4104185692
dimwishlist:item=3736001861&perks=3250572790,3807404750,3878366039,3007133316
dimwishlist:item=3736001861&perks=3250572790,3807404750,3878366039,469285294
dimwishlist:item=3736001861&perks=3250572790,3807404750,3878366039,3335686050
dimwishlist:item=3736001861&perks=3250572790,3807404750,3300816228,4104185692
dimwishlist:item=3736001861&perks=3250572790,3807404750,3300816228,3007133316
dimwishlist:item=3736001861&perks=3250572790,3807404750,3300816228,469285294
dimwishlist:item=3736001861&perks=3250572790,3807404750,3300816228,3335686050
dimwishlist:item=3736001861&perks=3250572790,3807404750,3528046508,4104185692
dimwishlist:item=3736001861&perks=3250572790,3807404750,3528046508,3007133316
dimwishlist:item=3736001861&perks=3250572790,3807404750,3528046508,469285294
dimwishlist:item=3736001861&perks=3250572790,3807404750,3528046508,3335686050
dimwishlist:item=3736001861&perks=3250572790,3807404750,1556840489,4104185692
dimwishlist:item=3736001861&perks=3250572790,3807404750,1556840489,3007133316
dimwishlist:item=3736001861&perks=3250572790,3807404750,1556840489,469285294
dimwishlist:item=3736001861&perks=3250572790,3807404750,1556840489,3335686050
dimwishlist:item=3736001861&perks=3250572790,3807404750,3442762221,4104185692
dimwishlist:item=3736001861&perks=3250572790,3807404750,3442762221,3007133316
dimwishlist:item=3736001861&perks=3250572790,3807404750,3442762221,469285294
dimwishlist:item=3736001861&perks=3250572790,3807404750,3442762221,3335686050


//The Helmsman
//notes:Aegis Top Arc Sniper: S Tier. Best With 'Accelerated Assault' Origin Trait. MW: Handling
dimwishlist:item=2325078119&perks=1840239774,106909392,3978468247,1089671869
dimwishlist:item=2325078119&perks=1840239774,106909392,3978468247,496047945
dimwishlist:item=2325078119&perks=1840239774,106909392,3978468247,654512643
dimwishlist:item=2325078119&perks=1840239774,106909392,3978468247,4065965131
dimwishlist:item=2325078119&perks=1840239774,106909392,3978468247,1546637391
dimwishlist:item=2325078119&perks=1840239774,106909392,3978468247,3418165135
dimwishlist:item=2325078119&perks=1840239774,106909392,906981559,1089671869
dimwishlist:item=2325078119&perks=1840239774,106909392,906981559,496047945
dimwishlist:item=2325078119&perks=1840239774,106909392,906981559,654512643
dimwishlist:item=2325078119&perks=1840239774,106909392,906981559,4065965131
dimwishlist:item=2325078119&perks=1840239774,106909392,906981559,1546637391
dimwishlist:item=2325078119&perks=1840239774,106909392,906981559,3418165135
dimwishlist:item=2325078119&perks=1840239774,106909392,2458610193,1089671869
dimwishlist:item=2325078119&perks=1840239774,106909392,2458610193,496047945
dimwishlist:item=2325078119&perks=1840239774,106909392,2458610193,654512643
dimwishlist:item=2325078119&perks=1840239774,106909392,2458610193,4065965131
dimwishlist:item=2325078119&perks=1840239774,106909392,2458610193,1546637391
dimwishlist:item=2325078119&perks=1840239774,106909392,2458610193,3418165135
dimwishlist:item=2325078119&perks=1840239774,106909392,2133978453,1089671869
dimwishlist:item=2325078119&perks=1840239774,106909392,2133978453,496047945
dimwishlist:item=2325078119&perks=1840239774,106909392,2133978453,654512643
dimwishlist:item=2325078119&perks=1840239774,106909392,2133978453,4065965131
dimwishlist:item=2325078119&perks=1840239774,106909392,2133978453,1546637391
dimwishlist:item=2325078119&perks=1840239774,106909392,2133978453,3418165135
dimwishlist:item=2325078119&perks=1840239774,106909392,957782887,1089671869
dimwishlist:item=2325078119&perks=1840239774,106909392,957782887,496047945
dimwishlist:item=2325078119&perks=1840239774,106909392,957782887,654512643
dimwishlist:item=2325078119&perks=1840239774,106909392,957782887,4065965131
dimwishlist:item=2325078119&perks=1840239774,106909392,957782887,1546637391
dimwishlist:item=2325078119&perks=1840239774,106909392,957782887,3418165135
dimwishlist:item=2325078119&perks=1840239774,106909392,4116820839,1089671869
dimwishlist:item=2325078119&perks=1840239774,106909392,4116820839,496047945
dimwishlist:item=2325078119&perks=1840239774,106909392,4116820839,654512643
dimwishlist:item=2325078119&perks=1840239774,106909392,4116820839,4065965131
dimwishlist:item=2325078119&perks=1840239774,106909392,4116820839,1546637391
dimwishlist:item=2325078119&perks=1840239774,106909392,4116820839,3418165135
dimwishlist:item=2325078119&perks=1840239774,1783397184,3978468247,1089671869
dimwishlist:item=2325078119&perks=1840239774,1783397184,3978468247,496047945
dimwishlist:item=2325078119&perks=1840239774,1783397184,3978468247,654512643
dimwishlist:item=2325078119&perks=1840239774,1783397184,3978468247,4065965131
dimwishlist:item=2325078119&perks=1840239774,1783397184,3978468247,1546637391
dimwishlist:item=2325078119&perks=1840239774,1783397184,3978468247,3418165135
dimwishlist:item=2325078119&perks=1840239774,1783397184,906981559,1089671869
dimwishlist:item=2325078119&perks=1840239774,1783397184,906981559,496047945
dimwishlist:item=2325078119&perks=1840239774,1783397184,906981559,654512643
dimwishlist:item=2325078119&perks=1840239774,1783397184,906981559,4065965131
dimwishlist:item=2325078119&perks=1840239774,1783397184,906981559,1546637391
dimwishlist:item=2325078119&perks=1840239774,1783397184,906981559,3418165135
dimwishlist:item=2325078119&perks=1840239774,1783397184,2458610193,1089671869
dimwishlist:item=2325078119&perks=1840239774,1783397184,2458610193,496047945
dimwishlist:item=2325078119&perks=1840239774,1783397184,2458610193,654512643
dimwishlist:item=2325078119&perks=1840239774,1783397184,2458610193,4065965131
dimwishlist:item=2325078119&perks=1840239774,1783397184,2458610193,1546637391
dimwishlist:item=2325078119&perks=1840239774,1783397184,2458610193,3418165135
dimwishlist:item=2325078119&perks=1840239774,1783397184,2133978453,1089671869
dimwishlist:item=2325078119&perks=1840239774,1783397184,2133978453,496047945
dimwishlist:item=2325078119&perks=1840239774,1783397184,2133978453,654512643
dimwishlist:item=2325078119&perks=1840239774,1783397184,2133978453,4065965131
dimwishlist:item=2325078119&perks=1840239774,1783397184,2133978453,1546637391
dimwishlist:item=2325078119&perks=1840239774,1783397184,2133978453,3418165135
dimwishlist:item=2325078119&perks=1840239774,1783397184,957782887,1089671869
dimwishlist:item=2325078119&perks=1840239774,1783397184,957782887,496047945
dimwishlist:item=2325078119&perks=1840239774,1783397184,957782887,654512643
dimwishlist:item=2325078119&perks=1840239774,1783397184,957782887,4065965131
dimwishlist:item=2325078119&perks=1840239774,1783397184,957782887,1546637391
dimwishlist:item=2325078119&perks=1840239774,1783397184,957782887,3418165135
dimwishlist:item=2325078119&perks=1840239774,1783397184,4116820839,1089671869
dimwishlist:item=2325078119&perks=1840239774,1783397184,4116820839,496047945
dimwishlist:item=2325078119&perks=1840239774,1783397184,4116820839,654512643
dimwishlist:item=2325078119&perks=1840239774,1783397184,4116820839,4065965131
dimwishlist:item=2325078119&perks=1840239774,1783397184,4116820839,1546637391
dimwishlist:item=2325078119&perks=1840239774,1783397184,4116820839,3418165135
dimwishlist:item=2325078119&perks=1124871858,106909392,3978468247,1089671869
dimwishlist:item=2325078119&perks=1124871858,106909392,3978468247,496047945
dimwishlist:item=2325078119&perks=1124871858,106909392,3978468247,654512643
dimwishlist:item=2325078119&perks=1124871858,106909392,3978468247,4065965131
dimwishlist:item=2325078119&perks=1124871858,106909392,3978468247,1546637391
dimwishlist:item=2325078119&perks=1124871858,106909392,3978468247,3418165135
dimwishlist:item=2325078119&perks=1124871858,106909392,906981559,1089671869
dimwishlist:item=2325078119&perks=1124871858,106909392,906981559,496047945
dimwishlist:item=2325078119&perks=1124871858,106909392,906981559,654512643
dimwishlist:item=2325078119&perks=1124871858,106909392,906981559,4065965131
dimwishlist:item=2325078119&perks=1124871858,106909392,906981559,1546637391
dimwishlist:item=2325078119&perks=1124871858,106909392,906981559,3418165135
dimwishlist:item=2325078119&perks=1124871858,106909392,2458610193,1089671869
dimwishlist:item=2325078119&perks=1124871858,106909392,2458610193,496047945
dimwishlist:item=2325078119&perks=1124871858,106909392,2458610193,654512643
dimwishlist:item=2325078119&perks=1124871858,106909392,2458610193,4065965131
dimwishlist:item=2325078119&perks=1124871858,106909392,2458610193,1546637391
dimwishlist:item=2325078119&perks=1124871858,106909392,2458610193,3418165135
dimwishlist:item=2325078119&perks=1124871858,106909392,2133978453,1089671869
dimwishlist:item=2325078119&perks=1124871858,106909392,2133978453,496047945
dimwishlist:item=2325078119&perks=1124871858,106909392,2133978453,654512643
dimwishlist:item=2325078119&perks=1124871858,106909392,2133978453,4065965131
dimwishlist:item=2325078119&perks=1124871858,106909392,2133978453,1546637391
dimwishlist:item=2325078119&perks=1124871858,106909392,2133978453,3418165135
dimwishlist:item=2325078119&perks=1124871858,106909392,957782887,1089671869
dimwishlist:item=2325078119&perks=1124871858,106909392,957782887,496047945
dimwishlist:item=2325078119&perks=1124871858,106909392,957782887,654512643
dimwishlist:item=2325078119&perks=1124871858,106909392,957782887,4065965131
dimwishlist:item=2325078119&perks=1124871858,106909392,957782887,1546637391
dimwishlist:item=2325078119&perks=1124871858,106909392,957782887,3418165135
dimwishlist:item=2325078119&perks=1124871858,106909392,4116820839,1089671869
dimwishlist:item=2325078119&perks=1124871858,106909392,4116820839,496047945
dimwishlist:item=2325078119&perks=1124871858,106909392,4116820839,654512643
dimwishlist:item=2325078119&perks=1124871858,106909392,4116820839,4065965131
dimwishlist:item=2325078119&perks=1124871858,106909392,4116820839,1546637391
dimwishlist:item=2325078119&perks=1124871858,106909392,4116820839,3418165135
dimwishlist:item=2325078119&perks=1124871858,1783397184,3978468247,1089671869
dimwishlist:item=2325078119&perks=1124871858,1783397184,3978468247,496047945
dimwishlist:item=2325078119&perks=1124871858,1783397184,3978468247,654512643
dimwishlist:item=2325078119&perks=1124871858,1783397184,3978468247,4065965131
dimwishlist:item=2325078119&perks=1124871858,1783397184,3978468247,1546637391
dimwishlist:item=2325078119&perks=1124871858,1783397184,3978468247,3418165135
dimwishlist:item=2325078119&perks=1124871858,1783397184,906981559,1089671869
dimwishlist:item=2325078119&perks=1124871858,1783397184,906981559,496047945
dimwishlist:item=2325078119&perks=1124871858,1783397184,906981559,654512643
dimwishlist:item=2325078119&perks=1124871858,1783397184,906981559,4065965131
dimwishlist:item=2325078119&perks=1124871858,1783397184,906981559,1546637391
dimwishlist:item=2325078119&perks=1124871858,1783397184,906981559,3418165135
dimwishlist:item=2325078119&perks=1124871858,1783397184,2458610193,1089671869
dimwishlist:item=2325078119&perks=1124871858,1783397184,2458610193,496047945
dimwishlist:item=2325078119&perks=1124871858,1783397184,2458610193,654512643
dimwishlist:item=2325078119&perks=1124871858,1783397184,2458610193,4065965131
dimwishlist:item=2325078119&perks=1124871858,1783397184,2458610193,1546637391
dimwishlist:item=2325078119&perks=1124871858,1783397184,2458610193,3418165135
dimwishlist:item=2325078119&perks=1124871858,1783397184,2133978453,1089671869
dimwishlist:item=2325078119&perks=1124871858,1783397184,2133978453,496047945
dimwishlist:item=2325078119&perks=1124871858,1783397184,2133978453,654512643
dimwishlist:item=2325078119&perks=1124871858,1783397184,2133978453,4065965131
dimwishlist:item=2325078119&perks=1124871858,1783397184,2133978453,1546637391
dimwishlist:item=2325078119&perks=1124871858,1783397184,2133978453,3418165135
dimwishlist:item=2325078119&perks=1124871858,1783397184,957782887,1089671869
dimwishlist:item=2325078119&perks=1124871858,1783397184,957782887,496047945
dimwishlist:item=2325078119&perks=1124871858,1783397184,957782887,654512643
dimwishlist:item=2325078119&perks=1124871858,1783397184,957782887,4065965131
dimwishlist:item=2325078119&perks=1124871858,1783397184,957782887,1546637391
dimwishlist:item=2325078119&perks=1124871858,1783397184,957782887,3418165135
dimwishlist:item=2325078119&perks=1124871858,1783397184,4116820839,1089671869
dimwishlist:item=2325078119&perks=1124871858,1783397184,4116820839,496047945
dimwishlist:item=2325078119&perks=1124871858,1783397184,4116820839,654512643
dimwishlist:item=2325078119&perks=1124871858,1783397184,4116820839,4065965131
dimwishlist:item=2325078119&perks=1124871858,1783397184,4116820839,1546637391
dimwishlist:item=2325078119&perks=1124871858,1783397184,4116820839,3418165135
dimwishlist:item=3215649176&perks=1840239774,106909392,3978468247,1089671869
dimwishlist:item=3215649176&perks=1840239774,106909392,3978468247,496047945
dimwishlist:item=3215649176&perks=1840239774,106909392,3978468247,654512643
dimwishlist:item=3215649176&perks=1840239774,106909392,3978468247,4065965131
dimwishlist:item=3215649176&perks=1840239774,106909392,3978468247,1546637391
dimwishlist:item=3215649176&perks=1840239774,106909392,3978468247,3418165135
dimwishlist:item=3215649176&perks=1840239774,106909392,906981559,1089671869
dimwishlist:item=3215649176&perks=1840239774,106909392,906981559,496047945
dimwishlist:item=3215649176&perks=1840239774,106909392,906981559,654512643
dimwishlist:item=3215649176&perks=1840239774,106909392,906981559,4065965131
dimwishlist:item=3215649176&perks=1840239774,106909392,906981559,1546637391
dimwishlist:item=3215649176&perks=1840239774,106909392,906981559,3418165135
dimwishlist:item=3215649176&perks=1840239774,106909392,2458610193,1089671869
dimwishlist:item=3215649176&perks=1840239774,106909392,2458610193,496047945
dimwishlist:item=3215649176&perks=1840239774,106909392,2458610193,654512643
dimwishlist:item=3215649176&perks=1840239774,106909392,2458610193,4065965131
dimwishlist:item=3215649176&perks=1840239774,106909392,2458610193,1546637391
dimwishlist:item=3215649176&perks=1840239774,106909392,2458610193,3418165135
dimwishlist:item=3215649176&perks=1840239774,106909392,2133978453,1089671869
dimwishlist:item=3215649176&perks=1840239774,106909392,2133978453,496047945
dimwishlist:item=3215649176&perks=1840239774,106909392,2133978453,654512643
dimwishlist:item=3215649176&perks=1840239774,106909392,2133978453,4065965131
dimwishlist:item=3215649176&perks=1840239774,106909392,2133978453,1546637391
dimwishlist:item=3215649176&perks=1840239774,106909392,2133978453,3418165135
dimwishlist:item=3215649176&perks=1840239774,106909392,957782887,1089671869
dimwishlist:item=3215649176&perks=1840239774,106909392,957782887,496047945
dimwishlist:item=3215649176&perks=1840239774,106909392,957782887,654512643
dimwishlist:item=3215649176&perks=1840239774,106909392,957782887,4065965131
dimwishlist:item=3215649176&perks=1840239774,106909392,957782887,1546637391
dimwishlist:item=3215649176&perks=1840239774,106909392,957782887,3418165135
dimwishlist:item=3215649176&perks=1840239774,106909392,4116820839,1089671869
dimwishlist:item=3215649176&perks=1840239774,106909392,4116820839,496047945
dimwishlist:item=3215649176&perks=1840239774,106909392,4116820839,654512643
dimwishlist:item=3215649176&perks=1840239774,106909392,4116820839,4065965131
dimwishlist:item=3215649176&perks=1840239774,106909392,4116820839,1546637391
dimwishlist:item=3215649176&perks=1840239774,106909392,4116820839,3418165135
dimwishlist:item=3215649176&perks=1840239774,1783397184,3978468247,1089671869
dimwishlist:item=3215649176&perks=1840239774,1783397184,3978468247,496047945
dimwishlist:item=3215649176&perks=1840239774,1783397184,3978468247,654512643
dimwishlist:item=3215649176&perks=1840239774,1783397184,3978468247,4065965131
dimwishlist:item=3215649176&perks=1840239774,1783397184,3978468247,1546637391
dimwishlist:item=3215649176&perks=1840239774,1783397184,3978468247,3418165135
dimwishlist:item=3215649176&perks=1840239774,1783397184,906981559,1089671869
dimwishlist:item=3215649176&perks=1840239774,1783397184,906981559,496047945
dimwishlist:item=3215649176&perks=1840239774,1783397184,906981559,654512643
dimwishlist:item=3215649176&perks=1840239774,1783397184,906981559,4065965131
dimwishlist:item=3215649176&perks=1840239774,1783397184,906981559,1546637391
dimwishlist:item=3215649176&perks=1840239774,1783397184,906981559,3418165135
dimwishlist:item=3215649176&perks=1840239774,1783397184,2458610193,1089671869
dimwishlist:item=3215649176&perks=1840239774,1783397184,2458610193,496047945
dimwishlist:item=3215649176&perks=1840239774,1783397184,2458610193,654512643
dimwishlist:item=3215649176&perks=1840239774,1783397184,2458610193,4065965131
dimwishlist:item=3215649176&perks=1840239774,1783397184,2458610193,1546637391
dimwishlist:item=3215649176&perks=1840239774,1783397184,2458610193,3418165135
dimwishlist:item=3215649176&perks=1840239774,1783397184,2133978453,1089671869
dimwishlist:item=3215649176&perks=1840239774,1783397184,2133978453,496047945
dimwishlist:item=3215649176&perks=1840239774,1783397184,2133978453,654512643
dimwishlist:item=3215649176&perks=1840239774,1783397184,2133978453,4065965131
dimwishlist:item=3215649176&perks=1840239774,1783397184,2133978453,1546637391
dimwishlist:item=3215649176&perks=1840239774,1783397184,2133978453,3418165135
dimwishlist:item=3215649176&perks=1840239774,1783397184,957782887,1089671869
dimwishlist:item=3215649176&perks=1840239774,1783397184,957782887,496047945
dimwishlist:item=3215649176&perks=1840239774,1783397184,957782887,654512643
dimwishlist:item=3215649176&perks=1840239774,1783397184,957782887,4065965131
dimwishlist:item=3215649176&perks=1840239774,1783397184,957782887,1546637391
dimwishlist:item=3215649176&perks=1840239774,1783397184,957782887,3418165135
dimwishlist:item=3215649176&perks=1840239774,1783397184,4116820839,1089671869
dimwishlist:item=3215649176&perks=1840239774,1783397184,4116820839,496047945
dimwishlist:item=3215649176&perks=1840239774,1783397184,4116820839,654512643
dimwishlist:item=3215649176&perks=1840239774,1783397184,4116820839,4065965131
dimwishlist:item=3215649176&perks=1840239774,1783397184,4116820839,1546637391
dimwishlist:item=3215649176&perks=1840239774,1783397184,4116820839,3418165135
dimwishlist:item=3215649176&perks=1124871858,106909392,3978468247,1089671869
dimwishlist:item=3215649176&perks=1124871858,106909392,3978468247,496047945
dimwishlist:item=3215649176&perks=1124871858,106909392,3978468247,654512643
dimwishlist:item=3215649176&perks=1124871858,106909392,3978468247,4065965131
dimwishlist:item=3215649176&perks=1124871858,106909392,3978468247,1546637391
dimwishlist:item=3215649176&perks=1124871858,106909392,3978468247,3418165135
dimwishlist:item=3215649176&perks=1124871858,106909392,906981559,1089671869
dimwishlist:item=3215649176&perks=1124871858,106909392,906981559,496047945
dimwishlist:item=3215649176&perks=1124871858,106909392,906981559,654512643
dimwishlist:item=3215649176&perks=1124871858,106909392,906981559,4065965131
dimwishlist:item=3215649176&perks=1124871858,106909392,906981559,1546637391
dimwishlist:item=3215649176&perks=1124871858,106909392,906981559,3418165135
dimwishlist:item=3215649176&perks=1124871858,106909392,2458610193,1089671869
dimwishlist:item=3215649176&perks=1124871858,106909392,2458610193,496047945
dimwishlist:item=3215649176&perks=1124871858,106909392,2458610193,654512643
dimwishlist:item=3215649176&perks=1124871858,106909392,2458610193,4065965131
dimwishlist:item=3215649176&perks=1124871858,106909392,2458610193,1546637391
dimwishlist:item=3215649176&perks=1124871858,106909392,2458610193,3418165135
dimwishlist:item=3215649176&perks=1124871858,106909392,2133978453,1089671869
dimwishlist:item=3215649176&perks=1124871858,106909392,2133978453,496047945
dimwishlist:item=3215649176&perks=1124871858,106909392,2133978453,654512643
dimwishlist:item=3215649176&perks=1124871858,106909392,2133978453,4065965131
dimwishlist:item=3215649176&perks=1124871858,106909392,2133978453,1546637391
dimwishlist:item=3215649176&perks=1124871858,106909392,2133978453,3418165135
dimwishlist:item=3215649176&perks=1124871858,106909392,957782887,1089671869
dimwishlist:item=3215649176&perks=1124871858,106909392,957782887,496047945
dimwishlist:item=3215649176&perks=1124871858,106909392,957782887,654512643
dimwishlist:item=3215649176&perks=1124871858,106909392,957782887,4065965131
dimwishlist:item=3215649176&perks=1124871858,106909392,957782887,1546637391
dimwishlist:item=3215649176&perks=1124871858,106909392,957782887,3418165135
dimwishlist:item=3215649176&perks=1124871858,106909392,4116820839,1089671869
dimwishlist:item=3215649176&perks=1124871858,106909392,4116820839,496047945
dimwishlist:item=3215649176&perks=1124871858,106909392,4116820839,654512643
dimwishlist:item=3215649176&perks=1124871858,106909392,4116820839,4065965131
dimwishlist:item=3215649176&perks=1124871858,106909392,4116820839,1546637391
dimwishlist:item=3215649176&perks=1124871858,106909392,4116820839,3418165135
dimwishlist:item=3215649176&perks=1124871858,1783397184,3978468247,1089671869
dimwishlist:item=3215649176&perks=1124871858,1783397184,3978468247,496047945
dimwishlist:item=3215649176&perks=1124871858,1783397184,3978468247,654512643
dimwishlist:item=3215649176&perks=1124871858,1783397184,3978468247,4065965131
dimwishlist:item=3215649176&perks=1124871858,1783397184,3978468247,1546637391
dimwishlist:item=3215649176&perks=1124871858,1783397184,3978468247,3418165135
dimwishlist:item=3215649176&perks=1124871858,1783397184,906981559,1089671869
dimwishlist:item=3215649176&perks=1124871858,1783397184,906981559,496047945
dimwishlist:item=3215649176&perks=1124871858,1783397184,906981559,654512643
dimwishlist:item=3215649176&perks=1124871858,1783397184,906981559,4065965131
dimwishlist:item=3215649176&perks=1124871858,1783397184,906981559,1546637391
dimwishlist:item=3215649176&perks=1124871858,1783397184,906981559,3418165135
dimwishlist:item=3215649176&perks=1124871858,1783397184,2458610193,1089671869
dimwishlist:item=3215649176&perks=1124871858,1783397184,2458610193,496047945
dimwishlist:item=3215649176&perks=1124871858,1783397184,2458610193,654512643
dimwishlist:item=3215649176&perks=1124871858,1783397184,2458610193,4065965131
dimwishlist:item=3215649176&perks=1124871858,1783397184,2458610193,1546637391
dimwishlist:item=3215649176&perks=1124871858,1783397184,2458610193,3418165135
dimwishlist:item=3215649176&perks=1124871858,1783397184,2133978453,1089671869
dimwishlist:item=3215649176&perks=1124871858,1783397184,2133978453,496047945
dimwishlist:item=3215649176&perks=1124871858,1783397184,2133978453,654512643
dimwishlist:item=3215649176&perks=1124871858,1783397184,2133978453,4065965131
dimwishlist:item=3215649176&perks=1124871858,1783397184,2133978453,1546637391
dimwishlist:item=3215649176&perks=1124871858,1783397184,2133978453,3418165135
dimwishlist:item=3215649176&perks=1124871858,1783397184,957782887,1089671869
dimwishlist:item=3215649176&perks=1124871858,1783397184,957782887,496047945
dimwishlist:item=3215649176&perks=1124871858,1783397184,957782887,654512643
dimwishlist:item=3215649176&perks=1124871858,1783397184,957782887,4065965131
dimwishlist:item=3215649176&perks=1124871858,1783397184,957782887,1546637391
dimwishlist:item=3215649176&perks=1124871858,1783397184,957782887,3418165135
dimwishlist:item=3215649176&perks=1124871858,1783397184,4116820839,1089671869
dimwishlist:item=3215649176&perks=1124871858,1783397184,4116820839,496047945
dimwishlist:item=3215649176&perks=1124871858,1783397184,4116820839,654512643
dimwishlist:item=3215649176&perks=1124871858,1783397184,4116820839,4065965131
dimwishlist:item=3215649176&perks=1124871858,1783397184,4116820839,1546637391
dimwishlist:item=3215649176&perks=1124871858,1783397184,4116820839,3418165135


//The Eremite
//notes:Aegis Top Solar Fusion: A Tier. Best With 'Head Rush' Origin Trait. MW: Charge Time
dimwishlist:item=3347946548&perks=1840239774,689005463,968510818,2594592626
dimwishlist:item=3347946548&perks=1840239774,689005463,968510818,2037312142
dimwishlist:item=3347946548&perks=1840239774,689005463,968510818,1427256713
dimwishlist:item=3347946548&perks=1840239774,689005463,968510818,254337357
dimwishlist:item=3347946548&perks=1840239774,689005463,424370782,2594592626
dimwishlist:item=3347946548&perks=1840239774,689005463,424370782,2037312142
dimwishlist:item=3347946548&perks=1840239774,689005463,424370782,1427256713
dimwishlist:item=3347946548&perks=1840239774,689005463,424370782,254337357
dimwishlist:item=3347946548&perks=1840239774,1279785143,968510818,2594592626
dimwishlist:item=3347946548&perks=1840239774,1279785143,968510818,2037312142
dimwishlist:item=3347946548&perks=1840239774,1279785143,968510818,1427256713
dimwishlist:item=3347946548&perks=1840239774,1279785143,968510818,254337357
dimwishlist:item=3347946548&perks=1840239774,1279785143,424370782,2594592626
dimwishlist:item=3347946548&perks=1840239774,1279785143,424370782,2037312142
dimwishlist:item=3347946548&perks=1840239774,1279785143,424370782,1427256713
dimwishlist:item=3347946548&perks=1840239774,1279785143,424370782,254337357
dimwishlist:item=3347946548&perks=1124871858,689005463,968510818,2594592626
dimwishlist:item=3347946548&perks=1124871858,689005463,968510818,2037312142
dimwishlist:item=3347946548&perks=1124871858,689005463,968510818,1427256713
dimwishlist:item=3347946548&perks=1124871858,689005463,968510818,254337357
dimwishlist:item=3347946548&perks=1124871858,689005463,424370782,2594592626
dimwishlist:item=3347946548&perks=1124871858,689005463,424370782,2037312142
dimwishlist:item=3347946548&perks=1124871858,689005463,424370782,1427256713
dimwishlist:item=3347946548&perks=1124871858,689005463,424370782,254337357
dimwishlist:item=3347946548&perks=1124871858,1279785143,968510818,2594592626
dimwishlist:item=3347946548&perks=1124871858,1279785143,968510818,2037312142
dimwishlist:item=3347946548&perks=1124871858,1279785143,968510818,1427256713
dimwishlist:item=3347946548&perks=1124871858,1279785143,968510818,254337357
dimwishlist:item=3347946548&perks=1124871858,1279785143,424370782,2594592626
dimwishlist:item=3347946548&perks=1124871858,1279785143,424370782,2037312142
dimwishlist:item=3347946548&perks=1124871858,1279785143,424370782,1427256713
dimwishlist:item=3347946548&perks=1124871858,1279785143,424370782,254337357
dimwishlist:item=3347946548&perks=839105230,689005463,968510818,2594592626
dimwishlist:item=3347946548&perks=839105230,689005463,968510818,2037312142
dimwishlist:item=3347946548&perks=839105230,689005463,968510818,1427256713
dimwishlist:item=3347946548&perks=839105230,689005463,968510818,254337357
dimwishlist:item=3347946548&perks=839105230,689005463,424370782,2594592626
dimwishlist:item=3347946548&perks=839105230,689005463,424370782,2037312142
dimwishlist:item=3347946548&perks=839105230,689005463,424370782,1427256713
dimwishlist:item=3347946548&perks=839105230,689005463,424370782,254337357
dimwishlist:item=3347946548&perks=839105230,1279785143,968510818,2594592626
dimwishlist:item=3347946548&perks=839105230,1279785143,968510818,2037312142
dimwishlist:item=3347946548&perks=839105230,1279785143,968510818,1427256713
dimwishlist:item=3347946548&perks=839105230,1279785143,968510818,254337357
dimwishlist:item=3347946548&perks=839105230,1279785143,424370782,2594592626
dimwishlist:item=3347946548&perks=839105230,1279785143,424370782,2037312142
dimwishlist:item=3347946548&perks=839105230,1279785143,424370782,1427256713
dimwishlist:item=3347946548&perks=839105230,1279785143,424370782,254337357
dimwishlist:item=3347946548&perks=3048246338,689005463,968510818,2594592626
dimwishlist:item=3347946548&perks=3048246338,689005463,968510818,2037312142
dimwishlist:item=3347946548&perks=3048246338,689005463,968510818,1427256713
dimwishlist:item=3347946548&perks=3048246338,689005463,968510818,254337357
dimwishlist:item=3347946548&perks=3048246338,689005463,424370782,2594592626
dimwishlist:item=3347946548&perks=3048246338,689005463,424370782,2037312142
dimwishlist:item=3347946548&perks=3048246338,689005463,424370782,1427256713
dimwishlist:item=3347946548&perks=3048246338,689005463,424370782,254337357
dimwishlist:item=3347946548&perks=3048246338,1279785143,968510818,2594592626
dimwishlist:item=3347946548&perks=3048246338,1279785143,968510818,2037312142
dimwishlist:item=3347946548&perks=3048246338,1279785143,968510818,1427256713
dimwishlist:item=3347946548&perks=3048246338,1279785143,968510818,254337357
dimwishlist:item=3347946548&perks=3048246338,1279785143,424370782,2594592626
dimwishlist:item=3347946548&perks=3048246338,1279785143,424370782,2037312142
dimwishlist:item=3347946548&perks=3048246338,1279785143,424370782,1427256713
dimwishlist:item=3347946548&perks=3048246338,1279785143,424370782,254337357


//The Call
//notes:Aegis Top Strand Rocket Sidearm: A Tier. Best With 'Dealer's Choice' Origin Trait. MW: Reload
dimwishlist:item=3947966653&perks=3525010810,106909392,923806249,3640170453
dimwishlist:item=3947966653&perks=3525010810,106909392,923806249,1817983009
dimwishlist:item=3947966653&perks=3525010810,106909392,923806249,831391274
dimwishlist:item=3947966653&perks=3525010810,106909392,923806249,102912326
dimwishlist:item=3947966653&perks=3525010810,106909392,923806249,2610012052
dimwishlist:item=3947966653&perks=3525010810,106909392,3422796781,3640170453
dimwishlist:item=3947966653&perks=3525010810,106909392,3422796781,1817983009
dimwishlist:item=3947966653&perks=3525010810,106909392,3422796781,831391274
dimwishlist:item=3947966653&perks=3525010810,106909392,3422796781,102912326
dimwishlist:item=3947966653&perks=3525010810,106909392,3422796781,2610012052
dimwishlist:item=3947966653&perks=3525010810,106909392,1556840489,3640170453
dimwishlist:item=3947966653&perks=3525010810,106909392,1556840489,1817983009
dimwishlist:item=3947966653&perks=3525010810,106909392,1556840489,831391274
dimwishlist:item=3947966653&perks=3525010810,106909392,1556840489,102912326
dimwishlist:item=3947966653&perks=3525010810,106909392,1556840489,2610012052
dimwishlist:item=3947966653&perks=3525010810,106909392,3442762221,3640170453
dimwishlist:item=3947966653&perks=3525010810,106909392,3442762221,1817983009
dimwishlist:item=3947966653&perks=3525010810,106909392,3442762221,831391274
dimwishlist:item=3947966653&perks=3525010810,106909392,3442762221,102912326
dimwishlist:item=3947966653&perks=3525010810,106909392,3442762221,2610012052
dimwishlist:item=3947966653&perks=3525010810,106909392,3523296417,3640170453
dimwishlist:item=3947966653&perks=3525010810,106909392,3523296417,1817983009
dimwishlist:item=3947966653&perks=3525010810,106909392,3523296417,831391274
dimwishlist:item=3947966653&perks=3525010810,106909392,3523296417,102912326
dimwishlist:item=3947966653&perks=3525010810,106909392,3523296417,2610012052
dimwishlist:item=3947966653&perks=3525010810,106909392,1906147653,3640170453
dimwishlist:item=3947966653&perks=3525010810,106909392,1906147653,1817983009
dimwishlist:item=3947966653&perks=3525010810,106909392,1906147653,831391274
dimwishlist:item=3947966653&perks=3525010810,106909392,1906147653,102912326
dimwishlist:item=3947966653&perks=3525010810,106909392,1906147653,2610012052
dimwishlist:item=3947966653&perks=3525010810,1783397184,923806249,3640170453
dimwishlist:item=3947966653&perks=3525010810,1783397184,923806249,1817983009
dimwishlist:item=3947966653&perks=3525010810,1783397184,923806249,831391274
dimwishlist:item=3947966653&perks=3525010810,1783397184,923806249,102912326
dimwishlist:item=3947966653&perks=3525010810,1783397184,923806249,2610012052
dimwishlist:item=3947966653&perks=3525010810,1783397184,3422796781,3640170453
dimwishlist:item=3947966653&perks=3525010810,1783397184,3422796781,1817983009
dimwishlist:item=3947966653&perks=3525010810,1783397184,3422796781,831391274
dimwishlist:item=3947966653&perks=3525010810,1783397184,3422796781,102912326
dimwishlist:item=3947966653&perks=3525010810,1783397184,3422796781,2610012052
dimwishlist:item=3947966653&perks=3525010810,1783397184,1556840489,3640170453
dimwishlist:item=3947966653&perks=3525010810,1783397184,1556840489,1817983009
dimwishlist:item=3947966653&perks=3525010810,1783397184,1556840489,831391274
dimwishlist:item=3947966653&perks=3525010810,1783397184,1556840489,102912326
dimwishlist:item=3947966653&perks=3525010810,1783397184,1556840489,2610012052
dimwishlist:item=3947966653&perks=3525010810,1783397184,3442762221,3640170453
dimwishlist:item=3947966653&perks=3525010810,1783397184,3442762221,1817983009
dimwishlist:item=3947966653&perks=3525010810,1783397184,3442762221,831391274
dimwishlist:item=3947966653&perks=3525010810,1783397184,3442762221,102912326
dimwishlist:item=3947966653&perks=3525010810,1783397184,3442762221,2610012052
dimwishlist:item=3947966653&perks=3525010810,1783397184,3523296417,3640170453
dimwishlist:item=3947966653&perks=3525010810,1783397184,3523296417,1817983009
dimwishlist:item=3947966653&perks=3525010810,1783397184,3523296417,831391274
dimwishlist:item=3947966653&perks=3525010810,1783397184,3523296417,102912326
dimwishlist:item=3947966653&perks=3525010810,1783397184,3523296417,2610012052
dimwishlist:item=3947966653&perks=3525010810,1783397184,1906147653,3640170453
dimwishlist:item=3947966653&perks=3525010810,1783397184,1906147653,1817983009
dimwishlist:item=3947966653&perks=3525010810,1783397184,1906147653,831391274
dimwishlist:item=3947966653&perks=3525010810,1783397184,1906147653,102912326
dimwishlist:item=3947966653&perks=3525010810,1783397184,1906147653,2610012052
dimwishlist:item=3947966653&perks=3250572790,106909392,923806249,3640170453
dimwishlist:item=3947966653&perks=3250572790,106909392,923806249,1817983009
dimwishlist:item=3947966653&perks=3250572790,106909392,923806249,831391274
dimwishlist:item=3947966653&perks=3250572790,106909392,923806249,102912326
dimwishlist:item=3947966653&perks=3250572790,106909392,923806249,2610012052
dimwishlist:item=3947966653&perks=3250572790,106909392,3422796781,3640170453
dimwishlist:item=3947966653&perks=3250572790,106909392,3422796781,1817983009
dimwishlist:item=3947966653&perks=3250572790,106909392,3422796781,831391274
dimwishlist:item=3947966653&perks=3250572790,106909392,3422796781,102912326
dimwishlist:item=3947966653&perks=3250572790,106909392,3422796781,2610012052
dimwishlist:item=3947966653&perks=3250572790,106909392,1556840489,3640170453
dimwishlist:item=3947966653&perks=3250572790,106909392,1556840489,1817983009
dimwishlist:item=3947966653&perks=3250572790,106909392,1556840489,831391274
dimwishlist:item=3947966653&perks=3250572790,106909392,1556840489,102912326
dimwishlist:item=3947966653&perks=3250572790,106909392,1556840489,2610012052
dimwishlist:item=3947966653&perks=3250572790,106909392,3442762221,3640170453
dimwishlist:item=3947966653&perks=3250572790,106909392,3442762221,1817983009
dimwishlist:item=3947966653&perks=3250572790,106909392,3442762221,831391274
dimwishlist:item=3947966653&perks=3250572790,106909392,3442762221,102912326
dimwishlist:item=3947966653&perks=3250572790,106909392,3442762221,2610012052
dimwishlist:item=3947966653&perks=3250572790,106909392,3523296417,3640170453
dimwishlist:item=3947966653&perks=3250572790,106909392,3523296417,1817983009
dimwishlist:item=3947966653&perks=3250572790,106909392,3523296417,831391274
dimwishlist:item=3947966653&perks=3250572790,106909392,3523296417,102912326
dimwishlist:item=3947966653&perks=3250572790,106909392,3523296417,2610012052
dimwishlist:item=3947966653&perks=3250572790,106909392,1906147653,3640170453
dimwishlist:item=3947966653&perks=3250572790,106909392,1906147653,1817983009
dimwishlist:item=3947966653&perks=3250572790,106909392,1906147653,831391274
dimwishlist:item=3947966653&perks=3250572790,106909392,1906147653,102912326
dimwishlist:item=3947966653&perks=3250572790,106909392,1906147653,2610012052
dimwishlist:item=3947966653&perks=3250572790,1783397184,923806249,3640170453
dimwishlist:item=3947966653&perks=3250572790,1783397184,923806249,1817983009
dimwishlist:item=3947966653&perks=3250572790,1783397184,923806249,831391274
dimwishlist:item=3947966653&perks=3250572790,1783397184,923806249,102912326
dimwishlist:item=3947966653&perks=3250572790,1783397184,923806249,2610012052
dimwishlist:item=3947966653&perks=3250572790,1783397184,3422796781,3640170453
dimwishlist:item=3947966653&perks=3250572790,1783397184,3422796781,1817983009
dimwishlist:item=3947966653&perks=3250572790,1783397184,3422796781,831391274
dimwishlist:item=3947966653&perks=3250572790,1783397184,3422796781,102912326
dimwishlist:item=3947966653&perks=3250572790,1783397184,3422796781,2610012052
dimwishlist:item=3947966653&perks=3250572790,1783397184,1556840489,3640170453
dimwishlist:item=3947966653&perks=3250572790,1783397184,1556840489,1817983009
dimwishlist:item=3947966653&perks=3250572790,1783397184,1556840489,831391274
dimwishlist:item=3947966653&perks=3250572790,1783397184,1556840489,102912326
dimwishlist:item=3947966653&perks=3250572790,1783397184,1556840489,2610012052
dimwishlist:item=3947966653&perks=3250572790,1783397184,3442762221,3640170453
dimwishlist:item=3947966653&perks=3250572790,1783397184,3442762221,1817983009
dimwishlist:item=3947966653&perks=3250572790,1783397184,3442762221,831391274
dimwishlist:item=3947966653&perks=3250572790,1783397184,3442762221,102912326
dimwishlist:item=3947966653&perks=3250572790,1783397184,3442762221,2610012052
dimwishlist:item=3947966653&perks=3250572790,1783397184,3523296417,3640170453
dimwishlist:item=3947966653&perks=3250572790,1783397184,3523296417,1817983009
dimwishlist:item=3947966653&perks=3250572790,1783397184,3523296417,831391274
dimwishlist:item=3947966653&perks=3250572790,1783397184,3523296417,102912326
dimwishlist:item=3947966653&perks=3250572790,1783397184,3523296417,2610012052
dimwishlist:item=3947966653&perks=3250572790,1783397184,1906147653,3640170453
dimwishlist:item=3947966653&perks=3250572790,1783397184,1906147653,1817983009
dimwishlist:item=3947966653&perks=3250572790,1783397184,1906147653,831391274
dimwishlist:item=3947966653&perks=3250572790,1783397184,1906147653,102912326
dimwishlist:item=3947966653&perks=3250572790,1783397184,1906147653,2610012052
dimwishlist:item=3947966653&perks=1478423395,106909392,923806249,3640170453
dimwishlist:item=3947966653&perks=1478423395,106909392,923806249,1817983009
dimwishlist:item=3947966653&perks=1478423395,106909392,923806249,831391274
dimwishlist:item=3947966653&perks=1478423395,106909392,923806249,102912326
dimwishlist:item=3947966653&perks=1478423395,106909392,923806249,2610012052
dimwishlist:item=3947966653&perks=1478423395,106909392,3422796781,3640170453
dimwishlist:item=3947966653&perks=1478423395,106909392,3422796781,1817983009
dimwishlist:item=3947966653&perks=1478423395,106909392,3422796781,831391274
dimwishlist:item=3947966653&perks=1478423395,106909392,3422796781,102912326
dimwishlist:item=3947966653&perks=1478423395,106909392,3422796781,2610012052
dimwishlist:item=3947966653&perks=1478423395,106909392,1556840489,3640170453
dimwishlist:item=3947966653&perks=1478423395,106909392,1556840489,1817983009
dimwishlist:item=3947966653&perks=1478423395,106909392,1556840489,831391274
dimwishlist:item=3947966653&perks=1478423395,106909392,1556840489,102912326
dimwishlist:item=3947966653&perks=1478423395,106909392,1556840489,2610012052
dimwishlist:item=3947966653&perks=1478423395,106909392,3442762221,3640170453
dimwishlist:item=3947966653&perks=1478423395,106909392,3442762221,1817983009
dimwishlist:item=3947966653&perks=1478423395,106909392,3442762221,831391274
dimwishlist:item=3947966653&perks=1478423395,106909392,3442762221,102912326
dimwishlist:item=3947966653&perks=1478423395,106909392,3442762221,2610012052
dimwishlist:item=3947966653&perks=1478423395,106909392,3523296417,3640170453
dimwishlist:item=3947966653&perks=1478423395,106909392,3523296417,1817983009
dimwishlist:item=3947966653&perks=1478423395,106909392,3523296417,831391274
dimwishlist:item=3947966653&perks=1478423395,106909392,3523296417,102912326
dimwishlist:item=3947966653&perks=1478423395,106909392,3523296417,2610012052
dimwishlist:item=3947966653&perks=1478423395,106909392,1906147653,3640170453
dimwishlist:item=3947966653&perks=1478423395,106909392,1906147653,1817983009
dimwishlist:item=3947966653&perks=1478423395,106909392,1906147653,831391274
dimwishlist:item=3947966653&perks=1478423395,106909392,1906147653,102912326
dimwishlist:item=3947966653&perks=1478423395,106909392,1906147653,2610012052
dimwishlist:item=3947966653&perks=1478423395,1783397184,923806249,3640170453
dimwishlist:item=3947966653&perks=1478423395,1783397184,923806249,1817983009
dimwishlist:item=3947966653&perks=1478423395,1783397184,923806249,831391274
dimwishlist:item=3947966653&perks=1478423395,1783397184,923806249,102912326
dimwishlist:item=3947966653&perks=1478423395,1783397184,923806249,2610012052
dimwishlist:item=3947966653&perks=1478423395,1783397184,3422796781,3640170453
dimwishlist:item=3947966653&perks=1478423395,1783397184,3422796781,1817983009
dimwishlist:item=3947966653&perks=1478423395,1783397184,3422796781,831391274
dimwishlist:item=3947966653&perks=1478423395,1783397184,3422796781,102912326
dimwishlist:item=3947966653&perks=1478423395,1783397184,3422796781,2610012052
dimwishlist:item=3947966653&perks=1478423395,1783397184,1556840489,3640170453
dimwishlist:item=3947966653&perks=1478423395,1783397184,1556840489,1817983009
dimwishlist:item=3947966653&perks=1478423395,1783397184,1556840489,831391274
dimwishlist:item=3947966653&perks=1478423395,1783397184,1556840489,102912326
dimwishlist:item=3947966653&perks=1478423395,1783397184,1556840489,2610012052
dimwishlist:item=3947966653&perks=1478423395,1783397184,3442762221,3640170453
dimwishlist:item=3947966653&perks=1478423395,1783397184,3442762221,1817983009
dimwishlist:item=3947966653&perks=1478423395,1783397184,3442762221,831391274
dimwishlist:item=3947966653&perks=1478423395,1783397184,3442762221,102912326
dimwishlist:item=3947966653&perks=1478423395,1783397184,3442762221,2610012052
dimwishlist:item=3947966653&perks=1478423395,1783397184,3523296417,3640170453
dimwishlist:item=3947966653&perks=1478423395,1783397184,3523296417,1817983009
dimwishlist:item=3947966653&perks=1478423395,1783397184,3523296417,831391274
dimwishlist:item=3947966653&perks=1478423395,1783397184,3523296417,102912326
dimwishlist:item=3947966653&perks=1478423395,1783397184,3523296417,2610012052
dimwishlist:item=3947966653&perks=1478423395,1783397184,1906147653,3640170453
dimwishlist:item=3947966653&perks=1478423395,1783397184,1906147653,1817983009
dimwishlist:item=3947966653&perks=1478423395,1783397184,1906147653,831391274
dimwishlist:item=3947966653&perks=1478423395,1783397184,1906147653,102912326
dimwishlist:item=3947966653&perks=1478423395,1783397184,1906147653,2610012052
dimwishlist:item=3947966653&perks=373417387,106909392,923806249,3640170453
dimwishlist:item=3947966653&perks=373417387,106909392,923806249,1817983009
dimwishlist:item=3947966653&perks=373417387,106909392,923806249,831391274
dimwishlist:item=3947966653&perks=373417387,106909392,923806249,102912326
dimwishlist:item=3947966653&perks=373417387,106909392,923806249,2610012052
dimwishlist:item=3947966653&perks=373417387,106909392,3422796781,3640170453
dimwishlist:item=3947966653&perks=373417387,106909392,3422796781,1817983009
dimwishlist:item=3947966653&perks=373417387,106909392,3422796781,831391274
dimwishlist:item=3947966653&perks=373417387,106909392,3422796781,102912326
dimwishlist:item=3947966653&perks=373417387,106909392,3422796781,2610012052
dimwishlist:item=3947966653&perks=373417387,106909392,1556840489,3640170453
dimwishlist:item=3947966653&perks=373417387,106909392,1556840489,1817983009
dimwishlist:item=3947966653&perks=373417387,106909392,1556840489,831391274
dimwishlist:item=3947966653&perks=373417387,106909392,1556840489,102912326
dimwishlist:item=3947966653&perks=373417387,106909392,1556840489,2610012052
dimwishlist:item=3947966653&perks=373417387,106909392,3442762221,3640170453
dimwishlist:item=3947966653&perks=373417387,106909392,3442762221,1817983009
dimwishlist:item=3947966653&perks=373417387,106909392,3442762221,831391274
dimwishlist:item=3947966653&perks=373417387,106909392,3442762221,102912326
dimwishlist:item=3947966653&perks=373417387,106909392,3442762221,2610012052
dimwishlist:item=3947966653&perks=373417387,106909392,3523296417,3640170453
dimwishlist:item=3947966653&perks=373417387,106909392,3523296417,1817983009
dimwishlist:item=3947966653&perks=373417387,106909392,3523296417,831391274
dimwishlist:item=3947966653&perks=373417387,106909392,3523296417,102912326
dimwishlist:item=3947966653&perks=373417387,106909392,3523296417,2610012052
dimwishlist:item=3947966653&perks=373417387,106909392,1906147653,3640170453
dimwishlist:item=3947966653&perks=373417387,106909392,1906147653,1817983009
dimwishlist:item=3947966653&perks=373417387,106909392,1906147653,831391274
dimwishlist:item=3947966653&perks=373417387,106909392,1906147653,102912326
dimwishlist:item=3947966653&perks=373417387,106909392,1906147653,2610012052
dimwishlist:item=3947966653&perks=373417387,1783397184,923806249,3640170453
dimwishlist:item=3947966653&perks=373417387,1783397184,923806249,1817983009
dimwishlist:item=3947966653&perks=373417387,1783397184,923806249,831391274
dimwishlist:item=3947966653&perks=373417387,1783397184,923806249,102912326
dimwishlist:item=3947966653&perks=373417387,1783397184,923806249,2610012052
dimwishlist:item=3947966653&perks=373417387,1783397184,3422796781,3640170453
dimwishlist:item=3947966653&perks=373417387,1783397184,3422796781,1817983009
dimwishlist:item=3947966653&perks=373417387,1783397184,3422796781,831391274
dimwishlist:item=3947966653&perks=373417387,1783397184,3422796781,102912326
dimwishlist:item=3947966653&perks=373417387,1783397184,3422796781,2610012052
dimwishlist:item=3947966653&perks=373417387,1783397184,1556840489,3640170453
dimwishlist:item=3947966653&perks=373417387,1783397184,1556840489,1817983009
dimwishlist:item=3947966653&perks=373417387,1783397184,1556840489,831391274
dimwishlist:item=3947966653&perks=373417387,1783397184,1556840489,102912326
dimwishlist:item=3947966653&perks=373417387,1783397184,1556840489,2610012052
dimwishlist:item=3947966653&perks=373417387,1783397184,3442762221,3640170453
dimwishlist:item=3947966653&perks=373417387,1783397184,3442762221,1817983009
dimwishlist:item=3947966653&perks=373417387,1783397184,3442762221,831391274
dimwishlist:item=3947966653&perks=373417387,1783397184,3442762221,102912326
dimwishlist:item=3947966653&perks=373417387,1783397184,3442762221,2610012052
dimwishlist:item=3947966653&perks=373417387,1783397184,3523296417,3640170453
dimwishlist:item=3947966653&perks=373417387,1783397184,3523296417,1817983009
dimwishlist:item=3947966653&perks=373417387,1783397184,3523296417,831391274
dimwishlist:item=3947966653&perks=373417387,1783397184,3523296417,102912326
dimwishlist:item=3947966653&perks=373417387,1783397184,3523296417,2610012052
dimwishlist:item=3947966653&perks=373417387,1783397184,1906147653,3640170453
dimwishlist:item=3947966653&perks=373417387,1783397184,1906147653,1817983009
dimwishlist:item=3947966653&perks=373417387,1783397184,1906147653,831391274
dimwishlist:item=3947966653&perks=373417387,1783397184,1906147653,102912326
dimwishlist:item=3947966653&perks=373417387,1783397184,1906147653,2610012052


//Something Something
//notes:Aegis Top Kinetic Sniper: S Tier. Best With 'Accelerated Assault' Origin Trait. MW: Handling
dimwishlist:item=3421075982&perks=1840239774,106909392,3400784728,1089671869
dimwishlist:item=3421075982&perks=1840239774,106909392,3400784728,496047945
dimwishlist:item=3421075982&perks=1840239774,106909392,3400784728,1226351311
dimwishlist:item=3421075982&perks=1840239774,106909392,3400784728,3251326479
dimwishlist:item=3421075982&perks=1840239774,106909392,3400784728,3201496230
dimwishlist:item=3421075982&perks=1840239774,106909392,3400784728,1545231802
dimwishlist:item=3421075982&perks=1840239774,106909392,573122728,1089671869
dimwishlist:item=3421075982&perks=1840239774,106909392,573122728,496047945
dimwishlist:item=3421075982&perks=1840239774,106909392,573122728,1226351311
dimwishlist:item=3421075982&perks=1840239774,106909392,573122728,3251326479
dimwishlist:item=3421075982&perks=1840239774,106909392,573122728,3201496230
dimwishlist:item=3421075982&perks=1840239774,106909392,573122728,1545231802
dimwishlist:item=3421075982&perks=1840239774,106909392,3978468247,1089671869
dimwishlist:item=3421075982&perks=1840239774,106909392,3978468247,496047945
dimwishlist:item=3421075982&perks=1840239774,106909392,3978468247,1226351311
dimwishlist:item=3421075982&perks=1840239774,106909392,3978468247,3251326479
dimwishlist:item=3421075982&perks=1840239774,106909392,3978468247,3201496230
dimwishlist:item=3421075982&perks=1840239774,106909392,3978468247,1545231802
dimwishlist:item=3421075982&perks=1840239774,106909392,906981559,1089671869
dimwishlist:item=3421075982&perks=1840239774,106909392,906981559,496047945
dimwishlist:item=3421075982&perks=1840239774,106909392,906981559,1226351311
dimwishlist:item=3421075982&perks=1840239774,106909392,906981559,3251326479
dimwishlist:item=3421075982&perks=1840239774,106909392,906981559,3201496230
dimwishlist:item=3421075982&perks=1840239774,106909392,906981559,1545231802
dimwishlist:item=3421075982&perks=1840239774,1783397184,3400784728,1089671869
dimwishlist:item=3421075982&perks=1840239774,1783397184,3400784728,496047945
dimwishlist:item=3421075982&perks=1840239774,1783397184,3400784728,1226351311
dimwishlist:item=3421075982&perks=1840239774,1783397184,3400784728,3251326479
dimwishlist:item=3421075982&perks=1840239774,1783397184,3400784728,3201496230
dimwishlist:item=3421075982&perks=1840239774,1783397184,3400784728,1545231802
dimwishlist:item=3421075982&perks=1840239774,1783397184,573122728,1089671869
dimwishlist:item=3421075982&perks=1840239774,1783397184,573122728,496047945
dimwishlist:item=3421075982&perks=1840239774,1783397184,573122728,1226351311
dimwishlist:item=3421075982&perks=1840239774,1783397184,573122728,3251326479
dimwishlist:item=3421075982&perks=1840239774,1783397184,573122728,3201496230
dimwishlist:item=3421075982&perks=1840239774,1783397184,573122728,1545231802
dimwishlist:item=3421075982&perks=1840239774,1783397184,3978468247,1089671869
dimwishlist:item=3421075982&perks=1840239774,1783397184,3978468247,496047945
dimwishlist:item=3421075982&perks=1840239774,1783397184,3978468247,1226351311
dimwishlist:item=3421075982&perks=1840239774,1783397184,3978468247,3251326479
dimwishlist:item=3421075982&perks=1840239774,1783397184,3978468247,3201496230
dimwishlist:item=3421075982&perks=1840239774,1783397184,3978468247,1545231802
dimwishlist:item=3421075982&perks=1840239774,1783397184,906981559,1089671869
dimwishlist:item=3421075982&perks=1840239774,1783397184,906981559,496047945
dimwishlist:item=3421075982&perks=1840239774,1783397184,906981559,1226351311
dimwishlist:item=3421075982&perks=1840239774,1783397184,906981559,3251326479
dimwishlist:item=3421075982&perks=1840239774,1783397184,906981559,3201496230
dimwishlist:item=3421075982&perks=1840239774,1783397184,906981559,1545231802
dimwishlist:item=3421075982&perks=1124871858,106909392,3400784728,1089671869
dimwishlist:item=3421075982&perks=1124871858,106909392,3400784728,496047945
dimwishlist:item=3421075982&perks=1124871858,106909392,3400784728,1226351311
dimwishlist:item=3421075982&perks=1124871858,106909392,3400784728,3251326479
dimwishlist:item=3421075982&perks=1124871858,106909392,3400784728,3201496230
dimwishlist:item=3421075982&perks=1124871858,106909392,3400784728,1545231802
dimwishlist:item=3421075982&perks=1124871858,106909392,573122728,1089671869
dimwishlist:item=3421075982&perks=1124871858,106909392,573122728,496047945
dimwishlist:item=3421075982&perks=1124871858,106909392,573122728,1226351311
dimwishlist:item=3421075982&perks=1124871858,106909392,573122728,3251326479
dimwishlist:item=3421075982&perks=1124871858,106909392,573122728,3201496230
dimwishlist:item=3421075982&perks=1124871858,106909392,573122728,1545231802
dimwishlist:item=3421075982&perks=1124871858,106909392,3978468247,1089671869
dimwishlist:item=3421075982&perks=1124871858,106909392,3978468247,496047945
dimwishlist:item=3421075982&perks=1124871858,106909392,3978468247,1226351311
dimwishlist:item=3421075982&perks=1124871858,106909392,3978468247,3251326479
dimwishlist:item=3421075982&perks=1124871858,106909392,3978468247,3201496230
dimwishlist:item=3421075982&perks=1124871858,106909392,3978468247,1545231802
dimwishlist:item=3421075982&perks=1124871858,106909392,906981559,1089671869
dimwishlist:item=3421075982&perks=1124871858,106909392,906981559,496047945
dimwishlist:item=3421075982&perks=1124871858,106909392,906981559,1226351311
dimwishlist:item=3421075982&perks=1124871858,106909392,906981559,3251326479
dimwishlist:item=3421075982&perks=1124871858,106909392,906981559,3201496230
dimwishlist:item=3421075982&perks=1124871858,106909392,906981559,1545231802
dimwishlist:item=3421075982&perks=1124871858,1783397184,3400784728,1089671869
dimwishlist:item=3421075982&perks=1124871858,1783397184,3400784728,496047945
dimwishlist:item=3421075982&perks=1124871858,1783397184,3400784728,1226351311
dimwishlist:item=3421075982&perks=1124871858,1783397184,3400784728,3251326479
dimwishlist:item=3421075982&perks=1124871858,1783397184,3400784728,3201496230
dimwishlist:item=3421075982&perks=1124871858,1783397184,3400784728,1545231802
dimwishlist:item=3421075982&perks=1124871858,1783397184,573122728,1089671869
dimwishlist:item=3421075982&perks=1124871858,1783397184,573122728,496047945
dimwishlist:item=3421075982&perks=1124871858,1783397184,573122728,1226351311
dimwishlist:item=3421075982&perks=1124871858,1783397184,573122728,3251326479
dimwishlist:item=3421075982&perks=1124871858,1783397184,573122728,3201496230
dimwishlist:item=3421075982&perks=1124871858,1783397184,573122728,1545231802
dimwishlist:item=3421075982&perks=1124871858,1783397184,3978468247,1089671869
dimwishlist:item=3421075982&perks=1124871858,1783397184,3978468247,496047945
dimwishlist:item=3421075982&perks=1124871858,1783397184,3978468247,1226351311
dimwishlist:item=3421075982&perks=1124871858,1783397184,3978468247,3251326479
dimwishlist:item=3421075982&perks=1124871858,1783397184,3978468247,3201496230
dimwishlist:item=3421075982&perks=1124871858,1783397184,3978468247,1545231802
dimwishlist:item=3421075982&perks=1124871858,1783397184,906981559,1089671869
dimwishlist:item=3421075982&perks=1124871858,1783397184,906981559,496047945
dimwishlist:item=3421075982&perks=1124871858,1783397184,906981559,1226351311
dimwishlist:item=3421075982&perks=1124871858,1783397184,906981559,3251326479
dimwishlist:item=3421075982&perks=1124871858,1783397184,906981559,3201496230
dimwishlist:item=3421075982&perks=1124871858,1783397184,906981559,1545231802
dimwishlist:item=690412397&perks=1840239774,106909392,3400784728,1089671869
dimwishlist:item=690412397&perks=1840239774,106909392,3400784728,496047945
dimwishlist:item=690412397&perks=1840239774,106909392,3400784728,1226351311
dimwishlist:item=690412397&perks=1840239774,106909392,3400784728,3251326479
dimwishlist:item=690412397&perks=1840239774,106909392,3400784728,3201496230
dimwishlist:item=690412397&perks=1840239774,106909392,3400784728,1545231802
dimwishlist:item=690412397&perks=1840239774,106909392,573122728,1089671869
dimwishlist:item=690412397&perks=1840239774,106909392,573122728,496047945
dimwishlist:item=690412397&perks=1840239774,106909392,573122728,1226351311
dimwishlist:item=690412397&perks=1840239774,106909392,573122728,3251326479
dimwishlist:item=690412397&perks=1840239774,106909392,573122728,3201496230
dimwishlist:item=690412397&perks=1840239774,106909392,573122728,1545231802
dimwishlist:item=690412397&perks=1840239774,106909392,3978468247,1089671869
dimwishlist:item=690412397&perks=1840239774,106909392,3978468247,496047945
dimwishlist:item=690412397&perks=1840239774,106909392,3978468247,1226351311
dimwishlist:item=690412397&perks=1840239774,106909392,3978468247,3251326479
dimwishlist:item=690412397&perks=1840239774,106909392,3978468247,3201496230
dimwishlist:item=690412397&perks=1840239774,106909392,3978468247,1545231802
dimwishlist:item=690412397&perks=1840239774,106909392,906981559,1089671869
dimwishlist:item=690412397&perks=1840239774,106909392,906981559,496047945
dimwishlist:item=690412397&perks=1840239774,106909392,906981559,1226351311
dimwishlist:item=690412397&perks=1840239774,106909392,906981559,3251326479
dimwishlist:item=690412397&perks=1840239774,106909392,906981559,3201496230
dimwishlist:item=690412397&perks=1840239774,106909392,906981559,1545231802
dimwishlist:item=690412397&perks=1840239774,1783397184,3400784728,1089671869
dimwishlist:item=690412397&perks=1840239774,1783397184,3400784728,496047945
dimwishlist:item=690412397&perks=1840239774,1783397184,3400784728,1226351311
dimwishlist:item=690412397&perks=1840239774,1783397184,3400784728,3251326479
dimwishlist:item=690412397&perks=1840239774,1783397184,3400784728,3201496230
dimwishlist:item=690412397&perks=1840239774,1783397184,3400784728,1545231802
dimwishlist:item=690412397&perks=1840239774,1783397184,573122728,1089671869
dimwishlist:item=690412397&perks=1840239774,1783397184,573122728,496047945
dimwishlist:item=690412397&perks=1840239774,1783397184,573122728,1226351311
dimwishlist:item=690412397&perks=1840239774,1783397184,573122728,3251326479
dimwishlist:item=690412397&perks=1840239774,1783397184,573122728,3201496230
dimwishlist:item=690412397&perks=1840239774,1783397184,573122728,1545231802
dimwishlist:item=690412397&perks=1840239774,1783397184,3978468247,1089671869
dimwishlist:item=690412397&perks=1840239774,1783397184,3978468247,496047945
dimwishlist:item=690412397&perks=1840239774,1783397184,3978468247,1226351311
dimwishlist:item=690412397&perks=1840239774,1783397184,3978468247,3251326479
dimwishlist:item=690412397&perks=1840239774,1783397184,3978468247,3201496230
dimwishlist:item=690412397&perks=1840239774,1783397184,3978468247,1545231802
dimwishlist:item=690412397&perks=1840239774,1783397184,906981559,1089671869
dimwishlist:item=690412397&perks=1840239774,1783397184,906981559,496047945
dimwishlist:item=690412397&perks=1840239774,1783397184,906981559,1226351311
dimwishlist:item=690412397&perks=1840239774,1783397184,906981559,3251326479
dimwishlist:item=690412397&perks=1840239774,1783397184,906981559,3201496230
dimwishlist:item=690412397&perks=1840239774,1783397184,906981559,1545231802
dimwishlist:item=690412397&perks=1124871858,106909392,3400784728,1089671869
dimwishlist:item=690412397&perks=1124871858,106909392,3400784728,496047945
dimwishlist:item=690412397&perks=1124871858,106909392,3400784728,1226351311
dimwishlist:item=690412397&perks=1124871858,106909392,3400784728,3251326479
dimwishlist:item=690412397&perks=1124871858,106909392,3400784728,3201496230
dimwishlist:item=690412397&perks=1124871858,106909392,3400784728,1545231802
dimwishlist:item=690412397&perks=1124871858,106909392,573122728,1089671869
dimwishlist:item=690412397&perks=1124871858,106909392,573122728,496047945
dimwishlist:item=690412397&perks=1124871858,106909392,573122728,1226351311
dimwishlist:item=690412397&perks=1124871858,106909392,573122728,3251326479
dimwishlist:item=690412397&perks=1124871858,106909392,573122728,3201496230
dimwishlist:item=690412397&perks=1124871858,106909392,573122728,1545231802
dimwishlist:item=690412397&perks=1124871858,106909392,3978468247,1089671869
dimwishlist:item=690412397&perks=1124871858,106909392,3978468247,496047945
dimwishlist:item=690412397&perks=1124871858,106909392,3978468247,1226351311
dimwishlist:item=690412397&perks=1124871858,106909392,3978468247,3251326479
dimwishlist:item=690412397&perks=1124871858,106909392,3978468247,3201496230
dimwishlist:item=690412397&perks=1124871858,106909392,3978468247,1545231802
dimwishlist:item=690412397&perks=1124871858,106909392,906981559,1089671869
dimwishlist:item=690412397&perks=1124871858,106909392,906981559,496047945
dimwishlist:item=690412397&perks=1124871858,106909392,906981559,1226351311
dimwishlist:item=690412397&perks=1124871858,106909392,906981559,3251326479
dimwishlist:item=690412397&perks=1124871858,106909392,906981559,3201496230
dimwishlist:item=690412397&perks=1124871858,106909392,906981559,1545231802
dimwishlist:item=690412397&perks=1124871858,1783397184,3400784728,1089671869
dimwishlist:item=690412397&perks=1124871858,1783397184,3400784728,496047945
dimwishlist:item=690412397&perks=1124871858,1783397184,3400784728,1226351311
dimwishlist:item=690412397&perks=1124871858,1783397184,3400784728,3251326479
dimwishlist:item=690412397&perks=1124871858,1783397184,3400784728,3201496230
dimwishlist:item=690412397&perks=1124871858,1783397184,3400784728,1545231802
dimwishlist:item=690412397&perks=1124871858,1783397184,573122728,1089671869
dimwishlist:item=690412397&perks=1124871858,1783397184,573122728,496047945
dimwishlist:item=690412397&perks=1124871858,1783397184,573122728,1226351311
dimwishlist:item=690412397&perks=1124871858,1783397184,573122728,3251326479
dimwishlist:item=690412397&perks=1124871858,1783397184,573122728,3201496230
dimwishlist:item=690412397&perks=1124871858,1783397184,573122728,1545231802
dimwishlist:item=690412397&perks=1124871858,1783397184,3978468247,1089671869
dimwishlist:item=690412397&perks=1124871858,1783397184,3978468247,496047945
dimwishlist:item=690412397&perks=1124871858,1783397184,3978468247,1226351311
dimwishlist:item=690412397&perks=1124871858,1783397184,3978468247,3251326479
dimwishlist:item=690412397&perks=1124871858,1783397184,3978468247,3201496230
dimwishlist:item=690412397&perks=1124871858,1783397184,3978468247,1545231802
dimwishlist:item=690412397&perks=1124871858,1783397184,906981559,1089671869
dimwishlist:item=690412397&perks=1124871858,1783397184,906981559,496047945
dimwishlist:item=690412397&perks=1124871858,1783397184,906981559,1226351311
dimwishlist:item=690412397&perks=1124871858,1783397184,906981559,3251326479
dimwishlist:item=690412397&perks=1124871858,1783397184,906981559,3201496230
dimwishlist:item=690412397&perks=1124871858,1783397184,906981559,1545231802


//Returned Memory
//notes:Aegis Top Solar Rocket Sidearm: S Tier. Best With 'Tenacity' Origin Trait. MW: Reload
dimwishlist:item=4049127142&perks=3525010810,106909392,3017780555,3201496230
dimwishlist:item=4049127142&perks=3525010810,106909392,3017780555,1545231802
dimwishlist:item=4049127142&perks=3525010810,106909392,3017780555,4293542123
dimwishlist:item=4049127142&perks=3525010810,106909392,3017780555,2675184851
dimwishlist:item=4049127142&perks=3525010810,106909392,3017780555,2890807135
dimwishlist:item=4049127142&perks=3525010810,106909392,3017780555,3581929919
dimwishlist:item=4049127142&perks=3525010810,106909392,4223976499,3201496230
dimwishlist:item=4049127142&perks=3525010810,106909392,4223976499,1545231802
dimwishlist:item=4049127142&perks=3525010810,106909392,4223976499,4293542123
dimwishlist:item=4049127142&perks=3525010810,106909392,4223976499,2675184851
dimwishlist:item=4049127142&perks=3525010810,106909392,4223976499,2890807135
dimwishlist:item=4049127142&perks=3525010810,106909392,4223976499,3581929919
dimwishlist:item=4049127142&perks=3525010810,106909392,2360347339,3201496230
dimwishlist:item=4049127142&perks=3525010810,106909392,2360347339,1545231802
dimwishlist:item=4049127142&perks=3525010810,106909392,2360347339,4293542123
dimwishlist:item=4049127142&perks=3525010810,106909392,2360347339,2675184851
dimwishlist:item=4049127142&perks=3525010810,106909392,2360347339,2890807135
dimwishlist:item=4049127142&perks=3525010810,106909392,2360347339,3581929919
dimwishlist:item=4049127142&perks=3525010810,106909392,4096144819,3201496230
dimwishlist:item=4049127142&perks=3525010810,106909392,4096144819,1545231802
dimwishlist:item=4049127142&perks=3525010810,106909392,4096144819,4293542123
dimwishlist:item=4049127142&perks=3525010810,106909392,4096144819,2675184851
dimwishlist:item=4049127142&perks=3525010810,106909392,4096144819,2890807135
dimwishlist:item=4049127142&perks=3525010810,106909392,4096144819,3581929919
dimwishlist:item=4049127142&perks=3525010810,106909392,1556840489,3201496230
dimwishlist:item=4049127142&perks=3525010810,106909392,1556840489,1545231802
dimwishlist:item=4049127142&perks=3525010810,106909392,1556840489,4293542123
dimwishlist:item=4049127142&perks=3525010810,106909392,1556840489,2675184851
dimwishlist:item=4049127142&perks=3525010810,106909392,1556840489,2890807135
dimwishlist:item=4049127142&perks=3525010810,106909392,1556840489,3581929919
dimwishlist:item=4049127142&perks=3525010810,106909392,3442762221,3201496230
dimwishlist:item=4049127142&perks=3525010810,106909392,3442762221,1545231802
dimwishlist:item=4049127142&perks=3525010810,106909392,3442762221,4293542123
dimwishlist:item=4049127142&perks=3525010810,106909392,3442762221,2675184851
dimwishlist:item=4049127142&perks=3525010810,106909392,3442762221,2890807135
dimwishlist:item=4049127142&perks=3525010810,106909392,3442762221,3581929919
dimwishlist:item=4049127142&perks=3525010810,1783397184,3017780555,3201496230
dimwishlist:item=4049127142&perks=3525010810,1783397184,3017780555,1545231802
dimwishlist:item=4049127142&perks=3525010810,1783397184,3017780555,4293542123
dimwishlist:item=4049127142&perks=3525010810,1783397184,3017780555,2675184851
dimwishlist:item=4049127142&perks=3525010810,1783397184,3017780555,2890807135
dimwishlist:item=4049127142&perks=3525010810,1783397184,3017780555,3581929919
dimwishlist:item=4049127142&perks=3525010810,1783397184,4223976499,3201496230
dimwishlist:item=4049127142&perks=3525010810,1783397184,4223976499,1545231802
dimwishlist:item=4049127142&perks=3525010810,1783397184,4223976499,4293542123
dimwishlist:item=4049127142&perks=3525010810,1783397184,4223976499,2675184851
dimwishlist:item=4049127142&perks=3525010810,1783397184,4223976499,2890807135
dimwishlist:item=4049127142&perks=3525010810,1783397184,4223976499,3581929919
dimwishlist:item=4049127142&perks=3525010810,1783397184,2360347339,3201496230
dimwishlist:item=4049127142&perks=3525010810,1783397184,2360347339,1545231802
dimwishlist:item=4049127142&perks=3525010810,1783397184,2360347339,4293542123
dimwishlist:item=4049127142&perks=3525010810,1783397184,2360347339,2675184851
dimwishlist:item=4049127142&perks=3525010810,1783397184,2360347339,2890807135
dimwishlist:item=4049127142&perks=3525010810,1783397184,2360347339,3581929919
dimwishlist:item=4049127142&perks=3525010810,1783397184,4096144819,3201496230
dimwishlist:item=4049127142&perks=3525010810,1783397184,4096144819,1545231802
dimwishlist:item=4049127142&perks=3525010810,1783397184,4096144819,4293542123
dimwishlist:item=4049127142&perks=3525010810,1783397184,4096144819,2675184851
dimwishlist:item=4049127142&perks=3525010810,1783397184,4096144819,2890807135
dimwishlist:item=4049127142&perks=3525010810,1783397184,4096144819,3581929919
dimwishlist:item=4049127142&perks=3525010810,1783397184,1556840489,3201496230
dimwishlist:item=4049127142&perks=3525010810,1783397184,1556840489,1545231802
dimwishlist:item=4049127142&perks=3525010810,1783397184,1556840489,4293542123
dimwishlist:item=4049127142&perks=3525010810,1783397184,1556840489,2675184851
dimwishlist:item=4049127142&perks=3525010810,1783397184,1556840489,2890807135
dimwishlist:item=4049127142&perks=3525010810,1783397184,1556840489,3581929919
dimwishlist:item=4049127142&perks=3525010810,1783397184,3442762221,3201496230
dimwishlist:item=4049127142&perks=3525010810,1783397184,3442762221,1545231802
dimwishlist:item=4049127142&perks=3525010810,1783397184,3442762221,4293542123
dimwishlist:item=4049127142&perks=3525010810,1783397184,3442762221,2675184851
dimwishlist:item=4049127142&perks=3525010810,1783397184,3442762221,2890807135
dimwishlist:item=4049127142&perks=3525010810,1783397184,3442762221,3581929919
dimwishlist:item=4049127142&perks=3525010810,1380253176,3017780555,3201496230
dimwishlist:item=4049127142&perks=3525010810,1380253176,3017780555,1545231802
dimwishlist:item=4049127142&perks=3525010810,1380253176,3017780555,4293542123
dimwishlist:item=4049127142&perks=3525010810,1380253176,3017780555,2675184851
dimwishlist:item=4049127142&perks=3525010810,1380253176,3017780555,2890807135
dimwishlist:item=4049127142&perks=3525010810,1380253176,3017780555,3581929919
dimwishlist:item=4049127142&perks=3525010810,1380253176,4223976499,3201496230
dimwishlist:item=4049127142&perks=3525010810,1380253176,4223976499,1545231802
dimwishlist:item=4049127142&perks=3525010810,1380253176,4223976499,4293542123
dimwishlist:item=4049127142&perks=3525010810,1380253176,4223976499,2675184851
dimwishlist:item=4049127142&perks=3525010810,1380253176,4223976499,2890807135
dimwishlist:item=4049127142&perks=3525010810,1380253176,4223976499,3581929919
dimwishlist:item=4049127142&perks=3525010810,1380253176,2360347339,3201496230
dimwishlist:item=4049127142&perks=3525010810,1380253176,2360347339,1545231802
dimwishlist:item=4049127142&perks=3525010810,1380253176,2360347339,4293542123
dimwishlist:item=4049127142&perks=3525010810,1380253176,2360347339,2675184851
dimwishlist:item=4049127142&perks=3525010810,1380253176,2360347339,2890807135
dimwishlist:item=4049127142&perks=3525010810,1380253176,2360347339,3581929919
dimwishlist:item=4049127142&perks=3525010810,1380253176,4096144819,3201496230
dimwishlist:item=4049127142&perks=3525010810,1380253176,4096144819,1545231802
dimwishlist:item=4049127142&perks=3525010810,1380253176,4096144819,4293542123
dimwishlist:item=4049127142&perks=3525010810,1380253176,4096144819,2675184851
dimwishlist:item=4049127142&perks=3525010810,1380253176,4096144819,2890807135
dimwishlist:item=4049127142&perks=3525010810,1380253176,4096144819,3581929919
dimwishlist:item=4049127142&perks=3525010810,1380253176,1556840489,3201496230
dimwishlist:item=4049127142&perks=3525010810,1380253176,1556840489,1545231802
dimwishlist:item=4049127142&perks=3525010810,1380253176,1556840489,4293542123
dimwishlist:item=4049127142&perks=3525010810,1380253176,1556840489,2675184851
dimwishlist:item=4049127142&perks=3525010810,1380253176,1556840489,2890807135
dimwishlist:item=4049127142&perks=3525010810,1380253176,1556840489,3581929919
dimwishlist:item=4049127142&perks=3525010810,1380253176,3442762221,3201496230
dimwishlist:item=4049127142&perks=3525010810,1380253176,3442762221,1545231802
dimwishlist:item=4049127142&perks=3525010810,1380253176,3442762221,4293542123
dimwishlist:item=4049127142&perks=3525010810,1380253176,3442762221,2675184851
dimwishlist:item=4049127142&perks=3525010810,1380253176,3442762221,2890807135
dimwishlist:item=4049127142&perks=3525010810,1380253176,3442762221,3581929919
dimwishlist:item=4049127142&perks=3525010810,3781548872,3017780555,3201496230
dimwishlist:item=4049127142&perks=3525010810,3781548872,3017780555,1545231802
dimwishlist:item=4049127142&perks=3525010810,3781548872,3017780555,4293542123
dimwishlist:item=4049127142&perks=3525010810,3781548872,3017780555,2675184851
dimwishlist:item=4049127142&perks=3525010810,3781548872,3017780555,2890807135
dimwishlist:item=4049127142&perks=3525010810,3781548872,3017780555,3581929919
dimwishlist:item=4049127142&perks=3525010810,3781548872,4223976499,3201496230
dimwishlist:item=4049127142&perks=3525010810,3781548872,4223976499,1545231802
dimwishlist:item=4049127142&perks=3525010810,3781548872,4223976499,4293542123
dimwishlist:item=4049127142&perks=3525010810,3781548872,4223976499,2675184851
dimwishlist:item=4049127142&perks=3525010810,3781548872,4223976499,2890807135
dimwishlist:item=4049127142&perks=3525010810,3781548872,4223976499,3581929919
dimwishlist:item=4049127142&perks=3525010810,3781548872,2360347339,3201496230
dimwishlist:item=4049127142&perks=3525010810,3781548872,2360347339,1545231802
dimwishlist:item=4049127142&perks=3525010810,3781548872,2360347339,4293542123
dimwishlist:item=4049127142&perks=3525010810,3781548872,2360347339,2675184851
dimwishlist:item=4049127142&perks=3525010810,3781548872,2360347339,2890807135
dimwishlist:item=4049127142&perks=3525010810,3781548872,2360347339,3581929919
dimwishlist:item=4049127142&perks=3525010810,3781548872,4096144819,3201496230
dimwishlist:item=4049127142&perks=3525010810,3781548872,4096144819,1545231802
dimwishlist:item=4049127142&perks=3525010810,3781548872,4096144819,4293542123
dimwishlist:item=4049127142&perks=3525010810,3781548872,4096144819,2675184851
dimwishlist:item=4049127142&perks=3525010810,3781548872,4096144819,2890807135
dimwishlist:item=4049127142&perks=3525010810,3781548872,4096144819,3581929919
dimwishlist:item=4049127142&perks=3525010810,3781548872,1556840489,3201496230
dimwishlist:item=4049127142&perks=3525010810,3781548872,1556840489,1545231802
dimwishlist:item=4049127142&perks=3525010810,3781548872,1556840489,4293542123
dimwishlist:item=4049127142&perks=3525010810,3781548872,1556840489,2675184851
dimwishlist:item=4049127142&perks=3525010810,3781548872,1556840489,2890807135
dimwishlist:item=4049127142&perks=3525010810,3781548872,1556840489,3581929919
dimwishlist:item=4049127142&perks=3525010810,3781548872,3442762221,3201496230
dimwishlist:item=4049127142&perks=3525010810,3781548872,3442762221,1545231802
dimwishlist:item=4049127142&perks=3525010810,3781548872,3442762221,4293542123
dimwishlist:item=4049127142&perks=3525010810,3781548872,3442762221,2675184851
dimwishlist:item=4049127142&perks=3525010810,3781548872,3442762221,2890807135
dimwishlist:item=4049127142&perks=3525010810,3781548872,3442762221,3581929919
dimwishlist:item=4049127142&perks=3525010810,1431678320,3017780555,3201496230
dimwishlist:item=4049127142&perks=3525010810,1431678320,3017780555,1545231802
dimwishlist:item=4049127142&perks=3525010810,1431678320,3017780555,4293542123
dimwishlist:item=4049127142&perks=3525010810,1431678320,3017780555,2675184851
dimwishlist:item=4049127142&perks=3525010810,1431678320,3017780555,2890807135
dimwishlist:item=4049127142&perks=3525010810,1431678320,3017780555,3581929919
dimwishlist:item=4049127142&perks=3525010810,1431678320,4223976499,3201496230
dimwishlist:item=4049127142&perks=3525010810,1431678320,4223976499,1545231802
dimwishlist:item=4049127142&perks=3525010810,1431678320,4223976499,4293542123
dimwishlist:item=4049127142&perks=3525010810,1431678320,4223976499,2675184851
dimwishlist:item=4049127142&perks=3525010810,1431678320,4223976499,2890807135
dimwishlist:item=4049127142&perks=3525010810,1431678320,4223976499,3581929919
dimwishlist:item=4049127142&perks=3525010810,1431678320,2360347339,3201496230
dimwishlist:item=4049127142&perks=3525010810,1431678320,2360347339,1545231802
dimwishlist:item=4049127142&perks=3525010810,1431678320,2360347339,4293542123
dimwishlist:item=4049127142&perks=3525010810,1431678320,2360347339,2675184851
dimwishlist:item=4049127142&perks=3525010810,1431678320,2360347339,2890807135
dimwishlist:item=4049127142&perks=3525010810,1431678320,2360347339,3581929919
dimwishlist:item=4049127142&perks=3525010810,1431678320,4096144819,3201496230
dimwishlist:item=4049127142&perks=3525010810,1431678320,4096144819,1545231802
dimwishlist:item=4049127142&perks=3525010810,1431678320,4096144819,4293542123
dimwishlist:item=4049127142&perks=3525010810,1431678320,4096144819,2675184851
dimwishlist:item=4049127142&perks=3525010810,1431678320,4096144819,2890807135
dimwishlist:item=4049127142&perks=3525010810,1431678320,4096144819,3581929919
dimwishlist:item=4049127142&perks=3525010810,1431678320,1556840489,3201496230
dimwishlist:item=4049127142&perks=3525010810,1431678320,1556840489,1545231802
dimwishlist:item=4049127142&perks=3525010810,1431678320,1556840489,4293542123
dimwishlist:item=4049127142&perks=3525010810,1431678320,1556840489,2675184851
dimwishlist:item=4049127142&perks=3525010810,1431678320,1556840489,2890807135
dimwishlist:item=4049127142&perks=3525010810,1431678320,1556840489,3581929919
dimwishlist:item=4049127142&perks=3525010810,1431678320,3442762221,3201496230
dimwishlist:item=4049127142&perks=3525010810,1431678320,3442762221,1545231802
dimwishlist:item=4049127142&perks=3525010810,1431678320,3442762221,4293542123
dimwishlist:item=4049127142&perks=3525010810,1431678320,3442762221,2675184851
dimwishlist:item=4049127142&perks=3525010810,1431678320,3442762221,2890807135
dimwishlist:item=4049127142&perks=3525010810,1431678320,3442762221,3581929919
dimwishlist:item=4049127142&perks=3525010810,550838496,3017780555,3201496230
dimwishlist:item=4049127142&perks=3525010810,550838496,3017780555,1545231802
dimwishlist:item=4049127142&perks=3525010810,550838496,3017780555,4293542123
dimwishlist:item=4049127142&perks=3525010810,550838496,3017780555,2675184851
dimwishlist:item=4049127142&perks=3525010810,550838496,3017780555,2890807135
dimwishlist:item=4049127142&perks=3525010810,550838496,3017780555,3581929919
dimwishlist:item=4049127142&perks=3525010810,550838496,4223976499,3201496230
dimwishlist:item=4049127142&perks=3525010810,550838496,4223976499,1545231802
dimwishlist:item=4049127142&perks=3525010810,550838496,4223976499,4293542123
dimwishlist:item=4049127142&perks=3525010810,550838496,4223976499,2675184851
dimwishlist:item=4049127142&perks=3525010810,550838496,4223976499,2890807135
dimwishlist:item=4049127142&perks=3525010810,550838496,4223976499,3581929919
dimwishlist:item=4049127142&perks=3525010810,550838496,2360347339,3201496230
dimwishlist:item=4049127142&perks=3525010810,550838496,2360347339,1545231802
dimwishlist:item=4049127142&perks=3525010810,550838496,2360347339,4293542123
dimwishlist:item=4049127142&perks=3525010810,550838496,2360347339,2675184851
dimwishlist:item=4049127142&perks=3525010810,550838496,2360347339,2890807135
dimwishlist:item=4049127142&perks=3525010810,550838496,2360347339,3581929919
dimwishlist:item=4049127142&perks=3525010810,550838496,4096144819,3201496230
dimwishlist:item=4049127142&perks=3525010810,550838496,4096144819,1545231802
dimwishlist:item=4049127142&perks=3525010810,550838496,4096144819,4293542123
dimwishlist:item=4049127142&perks=3525010810,550838496,4096144819,2675184851
dimwishlist:item=4049127142&perks=3525010810,550838496,4096144819,2890807135
dimwishlist:item=4049127142&perks=3525010810,550838496,4096144819,3581929919
dimwishlist:item=4049127142&perks=3525010810,550838496,1556840489,3201496230
dimwishlist:item=4049127142&perks=3525010810,550838496,1556840489,1545231802
dimwishlist:item=4049127142&perks=3525010810,550838496,1556840489,4293542123
dimwishlist:item=4049127142&perks=3525010810,550838496,1556840489,2675184851
dimwishlist:item=4049127142&perks=3525010810,550838496,1556840489,2890807135
dimwishlist:item=4049127142&perks=3525010810,550838496,1556840489,3581929919
dimwishlist:item=4049127142&perks=3525010810,550838496,3442762221,3201496230
dimwishlist:item=4049127142&perks=3525010810,550838496,3442762221,1545231802
dimwishlist:item=4049127142&perks=3525010810,550838496,3442762221,4293542123
dimwishlist:item=4049127142&perks=3525010810,550838496,3442762221,2675184851
dimwishlist:item=4049127142&perks=3525010810,550838496,3442762221,2890807135
dimwishlist:item=4049127142&perks=3525010810,550838496,3442762221,3581929919
dimwishlist:item=4049127142&perks=3250572790,106909392,3017780555,3201496230
dimwishlist:item=4049127142&perks=3250572790,106909392,3017780555,1545231802
dimwishlist:item=4049127142&perks=3250572790,106909392,3017780555,4293542123
dimwishlist:item=4049127142&perks=3250572790,106909392,3017780555,2675184851
dimwishlist:item=4049127142&perks=3250572790,106909392,3017780555,2890807135
dimwishlist:item=4049127142&perks=3250572790,106909392,3017780555,3581929919
dimwishlist:item=4049127142&perks=3250572790,106909392,4223976499,3201496230
dimwishlist:item=4049127142&perks=3250572790,106909392,4223976499,1545231802
dimwishlist:item=4049127142&perks=3250572790,106909392,4223976499,4293542123
dimwishlist:item=4049127142&perks=3250572790,106909392,4223976499,2675184851
dimwishlist:item=4049127142&perks=3250572790,106909392,4223976499,2890807135
dimwishlist:item=4049127142&perks=3250572790,106909392,4223976499,3581929919
dimwishlist:item=4049127142&perks=3250572790,106909392,2360347339,3201496230
dimwishlist:item=4049127142&perks=3250572790,106909392,2360347339,1545231802
dimwishlist:item=4049127142&perks=3250572790,106909392,2360347339,4293542123
dimwishlist:item=4049127142&perks=3250572790,106909392,2360347339,2675184851
dimwishlist:item=4049127142&perks=3250572790,106909392,2360347339,2890807135
dimwishlist:item=4049127142&perks=3250572790,106909392,2360347339,3581929919
dimwishlist:item=4049127142&perks=3250572790,106909392,4096144819,3201496230
dimwishlist:item=4049127142&perks=3250572790,106909392,4096144819,1545231802
dimwishlist:item=4049127142&perks=3250572790,106909392,4096144819,4293542123
dimwishlist:item=4049127142&perks=3250572790,106909392,4096144819,2675184851
dimwishlist:item=4049127142&perks=3250572790,106909392,4096144819,2890807135
dimwishlist:item=4049127142&perks=3250572790,106909392,4096144819,3581929919
dimwishlist:item=4049127142&perks=3250572790,106909392,1556840489,3201496230
dimwishlist:item=4049127142&perks=3250572790,106909392,1556840489,1545231802
dimwishlist:item=4049127142&perks=3250572790,106909392,1556840489,4293542123
dimwishlist:item=4049127142&perks=3250572790,106909392,1556840489,2675184851
dimwishlist:item=4049127142&perks=3250572790,106909392,1556840489,2890807135
dimwishlist:item=4049127142&perks=3250572790,106909392,1556840489,3581929919
dimwishlist:item=4049127142&perks=3250572790,106909392,3442762221,3201496230
dimwishlist:item=4049127142&perks=3250572790,106909392,3442762221,1545231802
dimwishlist:item=4049127142&perks=3250572790,106909392,3442762221,4293542123
dimwishlist:item=4049127142&perks=3250572790,106909392,3442762221,2675184851
dimwishlist:item=4049127142&perks=3250572790,106909392,3442762221,2890807135
dimwishlist:item=4049127142&perks=3250572790,106909392,3442762221,3581929919
dimwishlist:item=4049127142&perks=3250572790,1783397184,3017780555,3201496230
dimwishlist:item=4049127142&perks=3250572790,1783397184,3017780555,1545231802
dimwishlist:item=4049127142&perks=3250572790,1783397184,3017780555,4293542123
dimwishlist:item=4049127142&perks=3250572790,1783397184,3017780555,2675184851
dimwishlist:item=4049127142&perks=3250572790,1783397184,3017780555,2890807135
dimwishlist:item=4049127142&perks=3250572790,1783397184,3017780555,3581929919
dimwishlist:item=4049127142&perks=3250572790,1783397184,4223976499,3201496230
dimwishlist:item=4049127142&perks=3250572790,1783397184,4223976499,1545231802
dimwishlist:item=4049127142&perks=3250572790,1783397184,4223976499,4293542123
dimwishlist:item=4049127142&perks=3250572790,1783397184,4223976499,2675184851
dimwishlist:item=4049127142&perks=3250572790,1783397184,4223976499,2890807135
dimwishlist:item=4049127142&perks=3250572790,1783397184,4223976499,3581929919
dimwishlist:item=4049127142&perks=3250572790,1783397184,2360347339,3201496230
dimwishlist:item=4049127142&perks=3250572790,1783397184,2360347339,1545231802
dimwishlist:item=4049127142&perks=3250572790,1783397184,2360347339,4293542123
dimwishlist:item=4049127142&perks=3250572790,1783397184,2360347339,2675184851
dimwishlist:item=4049127142&perks=3250572790,1783397184,2360347339,2890807135
dimwishlist:item=4049127142&perks=3250572790,1783397184,2360347339,3581929919
dimwishlist:item=4049127142&perks=3250572790,1783397184,4096144819,3201496230
dimwishlist:item=4049127142&perks=3250572790,1783397184,4096144819,1545231802
dimwishlist:item=4049127142&perks=3250572790,1783397184,4096144819,4293542123
dimwishlist:item=4049127142&perks=3250572790,1783397184,4096144819,2675184851
dimwishlist:item=4049127142&perks=3250572790,1783397184,4096144819,2890807135
dimwishlist:item=4049127142&perks=3250572790,1783397184,4096144819,3581929919
dimwishlist:item=4049127142&perks=3250572790,1783397184,1556840489,3201496230
dimwishlist:item=4049127142&perks=3250572790,1783397184,1556840489,1545231802
dimwishlist:item=4049127142&perks=3250572790,1783397184,1556840489,4293542123
dimwishlist:item=4049127142&perks=3250572790,1783397184,1556840489,2675184851
dimwishlist:item=4049127142&perks=3250572790,1783397184,1556840489,2890807135
dimwishlist:item=4049127142&perks=3250572790,1783397184,1556840489,3581929919
dimwishlist:item=4049127142&perks=3250572790,1783397184,3442762221,3201496230
dimwishlist:item=4049127142&perks=3250572790,1783397184,3442762221,1545231802
dimwishlist:item=4049127142&perks=3250572790,1783397184,3442762221,4293542123
dimwishlist:item=4049127142&perks=3250572790,1783397184,3442762221,2675184851
dimwishlist:item=4049127142&perks=3250572790,1783397184,3442762221,2890807135
dimwishlist:item=4049127142&perks=3250572790,1783397184,3442762221,3581929919
dimwishlist:item=4049127142&perks=3250572790,1380253176,3017780555,3201496230
dimwishlist:item=4049127142&perks=3250572790,1380253176,3017780555,1545231802
dimwishlist:item=4049127142&perks=3250572790,1380253176,3017780555,4293542123
dimwishlist:item=4049127142&perks=3250572790,1380253176,3017780555,2675184851
dimwishlist:item=4049127142&perks=3250572790,1380253176,3017780555,2890807135
dimwishlist:item=4049127142&perks=3250572790,1380253176,3017780555,3581929919
dimwishlist:item=4049127142&perks=3250572790,1380253176,4223976499,3201496230
dimwishlist:item=4049127142&perks=3250572790,1380253176,4223976499,1545231802
dimwishlist:item=4049127142&perks=3250572790,1380253176,4223976499,4293542123
dimwishlist:item=4049127142&perks=3250572790,1380253176,4223976499,2675184851
dimwishlist:item=4049127142&perks=3250572790,1380253176,4223976499,2890807135
dimwishlist:item=4049127142&perks=3250572790,1380253176,4223976499,3581929919
dimwishlist:item=4049127142&perks=3250572790,1380253176,2360347339,3201496230
dimwishlist:item=4049127142&perks=3250572790,1380253176,2360347339,1545231802
dimwishlist:item=4049127142&perks=3250572790,1380253176,2360347339,4293542123
dimwishlist:item=4049127142&perks=3250572790,1380253176,2360347339,2675184851
dimwishlist:item=4049127142&perks=3250572790,1380253176,2360347339,2890807135
dimwishlist:item=4049127142&perks=3250572790,1380253176,2360347339,3581929919
dimwishlist:item=4049127142&perks=3250572790,1380253176,4096144819,3201496230
dimwishlist:item=4049127142&perks=3250572790,1380253176,4096144819,1545231802
dimwishlist:item=4049127142&perks=3250572790,1380253176,4096144819,4293542123
dimwishlist:item=4049127142&perks=3250572790,1380253176,4096144819,2675184851
dimwishlist:item=4049127142&perks=3250572790,1380253176,4096144819,2890807135
dimwishlist:item=4049127142&perks=3250572790,1380253176,4096144819,3581929919
dimwishlist:item=4049127142&perks=3250572790,1380253176,1556840489,3201496230
dimwishlist:item=4049127142&perks=3250572790,1380253176,1556840489,1545231802
dimwishlist:item=4049127142&perks=3250572790,1380253176,1556840489,4293542123
dimwishlist:item=4049127142&perks=3250572790,1380253176,1556840489,2675184851
dimwishlist:item=4049127142&perks=3250572790,1380253176,1556840489,2890807135
dimwishlist:item=4049127142&perks=3250572790,1380253176,1556840489,3581929919
dimwishlist:item=4049127142&perks=3250572790,1380253176,3442762221,3201496230
dimwishlist:item=4049127142&perks=3250572790,1380253176,3442762221,1545231802
dimwishlist:item=4049127142&perks=3250572790,1380253176,3442762221,4293542123
dimwishlist:item=4049127142&perks=3250572790,1380253176,3442762221,2675184851
dimwishlist:item=4049127142&perks=3250572790,1380253176,3442762221,2890807135
dimwishlist:item=4049127142&perks=3250572790,1380253176,3442762221,3581929919
dimwishlist:item=4049127142&perks=3250572790,3781548872,3017780555,3201496230
dimwishlist:item=4049127142&perks=3250572790,3781548872,3017780555,1545231802
dimwishlist:item=4049127142&perks=3250572790,3781548872,3017780555,4293542123
dimwishlist:item=4049127142&perks=3250572790,3781548872,3017780555,2675184851
dimwishlist:item=4049127142&perks=3250572790,3781548872,3017780555,2890807135
dimwishlist:item=4049127142&perks=3250572790,3781548872,3017780555,3581929919
dimwishlist:item=4049127142&perks=3250572790,3781548872,4223976499,3201496230
dimwishlist:item=4049127142&perks=3250572790,3781548872,4223976499,1545231802
dimwishlist:item=4049127142&perks=3250572790,3781548872,4223976499,4293542123
dimwishlist:item=4049127142&perks=3250572790,3781548872,4223976499,2675184851
dimwishlist:item=4049127142&perks=3250572790,3781548872,4223976499,2890807135
dimwishlist:item=4049127142&perks=3250572790,3781548872,4223976499,3581929919
dimwishlist:item=4049127142&perks=3250572790,3781548872,2360347339,3201496230
dimwishlist:item=4049127142&perks=3250572790,3781548872,2360347339,1545231802
dimwishlist:item=4049127142&perks=3250572790,3781548872,2360347339,4293542123
dimwishlist:item=4049127142&perks=3250572790,3781548872,2360347339,2675184851
dimwishlist:item=4049127142&perks=3250572790,3781548872,2360347339,2890807135
dimwishlist:item=4049127142&perks=3250572790,3781548872,2360347339,3581929919
dimwishlist:item=4049127142&perks=3250572790,3781548872,4096144819,3201496230
dimwishlist:item=4049127142&perks=3250572790,3781548872,4096144819,1545231802
dimwishlist:item=4049127142&perks=3250572790,3781548872,4096144819,4293542123
dimwishlist:item=4049127142&perks=3250572790,3781548872,4096144819,2675184851
dimwishlist:item=4049127142&perks=3250572790,3781548872,4096144819,2890807135
dimwishlist:item=4049127142&perks=3250572790,3781548872,4096144819,3581929919
dimwishlist:item=4049127142&perks=3250572790,3781548872,1556840489,3201496230
dimwishlist:item=4049127142&perks=3250572790,3781548872,1556840489,1545231802
dimwishlist:item=4049127142&perks=3250572790,3781548872,1556840489,4293542123
dimwishlist:item=4049127142&perks=3250572790,3781548872,1556840489,2675184851
dimwishlist:item=4049127142&perks=3250572790,3781548872,1556840489,2890807135
dimwishlist:item=4049127142&perks=3250572790,3781548872,1556840489,3581929919
dimwishlist:item=4049127142&perks=3250572790,3781548872,3442762221,3201496230
dimwishlist:item=4049127142&perks=3250572790,3781548872,3442762221,1545231802
dimwishlist:item=4049127142&perks=3250572790,3781548872,3442762221,4293542123
dimwishlist:item=4049127142&perks=3250572790,3781548872,3442762221,2675184851
dimwishlist:item=4049127142&perks=3250572790,3781548872,3442762221,2890807135
dimwishlist:item=4049127142&perks=3250572790,3781548872,3442762221,3581929919
dimwishlist:item=4049127142&perks=3250572790,1431678320,3017780555,3201496230
dimwishlist:item=4049127142&perks=3250572790,1431678320,3017780555,1545231802
dimwishlist:item=4049127142&perks=3250572790,1431678320,3017780555,4293542123
dimwishlist:item=4049127142&perks=3250572790,1431678320,3017780555,2675184851
dimwishlist:item=4049127142&perks=3250572790,1431678320,3017780555,2890807135
dimwishlist:item=4049127142&perks=3250572790,1431678320,3017780555,3581929919
dimwishlist:item=4049127142&perks=3250572790,1431678320,4223976499,3201496230
dimwishlist:item=4049127142&perks=3250572790,1431678320,4223976499,1545231802
dimwishlist:item=4049127142&perks=3250572790,1431678320,4223976499,4293542123
dimwishlist:item=4049127142&perks=3250572790,1431678320,4223976499,2675184851
dimwishlist:item=4049127142&perks=3250572790,1431678320,4223976499,2890807135
dimwishlist:item=4049127142&perks=3250572790,1431678320,4223976499,3581929919
dimwishlist:item=4049127142&perks=3250572790,1431678320,2360347339,3201496230
dimwishlist:item=4049127142&perks=3250572790,1431678320,2360347339,1545231802
dimwishlist:item=4049127142&perks=3250572790,1431678320,2360347339,4293542123
dimwishlist:item=4049127142&perks=3250572790,1431678320,2360347339,2675184851
dimwishlist:item=4049127142&perks=3250572790,1431678320,2360347339,2890807135
dimwishlist:item=4049127142&perks=3250572790,1431678320,2360347339,3581929919
dimwishlist:item=4049127142&perks=3250572790,1431678320,4096144819,3201496230
dimwishlist:item=4049127142&perks=3250572790,1431678320,4096144819,1545231802
dimwishlist:item=4049127142&perks=3250572790,1431678320,4096144819,4293542123
dimwishlist:item=4049127142&perks=3250572790,1431678320,4096144819,2675184851
dimwishlist:item=4049127142&perks=3250572790,1431678320,4096144819,2890807135
dimwishlist:item=4049127142&perks=3250572790,1431678320,4096144819,3581929919
dimwishlist:item=4049127142&perks=3250572790,1431678320,1556840489,3201496230
dimwishlist:item=4049127142&perks=3250572790,1431678320,1556840489,1545231802
dimwishlist:item=4049127142&perks=3250572790,1431678320,1556840489,4293542123
dimwishlist:item=4049127142&perks=3250572790,1431678320,1556840489,2675184851
dimwishlist:item=4049127142&perks=3250572790,1431678320,1556840489,2890807135
dimwishlist:item=4049127142&perks=3250572790,1431678320,1556840489,3581929919
dimwishlist:item=4049127142&perks=3250572790,1431678320,3442762221,3201496230
dimwishlist:item=4049127142&perks=3250572790,1431678320,3442762221,1545231802
dimwishlist:item=4049127142&perks=3250572790,1431678320,3442762221,4293542123
dimwishlist:item=4049127142&perks=3250572790,1431678320,3442762221,2675184851
dimwishlist:item=4049127142&perks=3250572790,1431678320,3442762221,2890807135
dimwishlist:item=4049127142&perks=3250572790,1431678320,3442762221,3581929919
dimwishlist:item=4049127142&perks=3250572790,550838496,3017780555,3201496230
dimwishlist:item=4049127142&perks=3250572790,550838496,3017780555,1545231802
dimwishlist:item=4049127142&perks=3250572790,550838496,3017780555,4293542123
dimwishlist:item=4049127142&perks=3250572790,550838496,3017780555,2675184851
dimwishlist:item=4049127142&perks=3250572790,550838496,3017780555,2890807135
dimwishlist:item=4049127142&perks=3250572790,550838496,3017780555,3581929919
dimwishlist:item=4049127142&perks=3250572790,550838496,4223976499,3201496230
dimwishlist:item=4049127142&perks=3250572790,550838496,4223976499,1545231802
dimwishlist:item=4049127142&perks=3250572790,550838496,4223976499,4293542123
dimwishlist:item=4049127142&perks=3250572790,550838496,4223976499,2675184851
dimwishlist:item=4049127142&perks=3250572790,550838496,4223976499,2890807135
dimwishlist:item=4049127142&perks=3250572790,550838496,4223976499,3581929919
dimwishlist:item=4049127142&perks=3250572790,550838496,2360347339,3201496230
dimwishlist:item=4049127142&perks=3250572790,550838496,2360347339,1545231802
dimwishlist:item=4049127142&perks=3250572790,550838496,2360347339,4293542123
dimwishlist:item=4049127142&perks=3250572790,550838496,2360347339,2675184851
dimwishlist:item=4049127142&perks=3250572790,550838496,2360347339,2890807135
dimwishlist:item=4049127142&perks=3250572790,550838496,2360347339,3581929919
dimwishlist:item=4049127142&perks=3250572790,550838496,4096144819,3201496230
dimwishlist:item=4049127142&perks=3250572790,550838496,4096144819,1545231802
dimwishlist:item=4049127142&perks=3250572790,550838496,4096144819,4293542123
dimwishlist:item=4049127142&perks=3250572790,550838496,4096144819,2675184851
dimwishlist:item=4049127142&perks=3250572790,550838496,4096144819,2890807135
dimwishlist:item=4049127142&perks=3250572790,550838496,4096144819,3581929919
dimwishlist:item=4049127142&perks=3250572790,550838496,1556840489,3201496230
dimwishlist:item=4049127142&perks=3250572790,550838496,1556840489,1545231802
dimwishlist:item=4049127142&perks=3250572790,550838496,1556840489,4293542123
dimwishlist:item=4049127142&perks=3250572790,550838496,1556840489,2675184851
dimwishlist:item=4049127142&perks=3250572790,550838496,1556840489,2890807135
dimwishlist:item=4049127142&perks=3250572790,550838496,1556840489,3581929919
dimwishlist:item=4049127142&perks=3250572790,550838496,3442762221,3201496230
dimwishlist:item=4049127142&perks=3250572790,550838496,3442762221,1545231802
dimwishlist:item=4049127142&perks=3250572790,550838496,3442762221,4293542123
dimwishlist:item=4049127142&perks=3250572790,550838496,3442762221,2675184851
dimwishlist:item=4049127142&perks=3250572790,550838496,3442762221,2890807135
dimwishlist:item=4049127142&perks=3250572790,550838496,3442762221,3581929919
dimwishlist:item=4049127142&perks=1478423395,106909392,3017780555,3201496230
dimwishlist:item=4049127142&perks=1478423395,106909392,3017780555,1545231802
dimwishlist:item=4049127142&perks=1478423395,106909392,3017780555,4293542123
dimwishlist:item=4049127142&perks=1478423395,106909392,3017780555,2675184851
dimwishlist:item=4049127142&perks=1478423395,106909392,3017780555,2890807135
dimwishlist:item=4049127142&perks=1478423395,106909392,3017780555,3581929919
dimwishlist:item=4049127142&perks=1478423395,106909392,4223976499,3201496230
dimwishlist:item=4049127142&perks=1478423395,106909392,4223976499,1545231802
dimwishlist:item=4049127142&perks=1478423395,106909392,4223976499,4293542123
dimwishlist:item=4049127142&perks=1478423395,106909392,4223976499,2675184851
dimwishlist:item=4049127142&perks=1478423395,106909392,4223976499,2890807135
dimwishlist:item=4049127142&perks=1478423395,106909392,4223976499,3581929919
dimwishlist:item=4049127142&perks=1478423395,106909392,2360347339,3201496230
dimwishlist:item=4049127142&perks=1478423395,106909392,2360347339,1545231802
dimwishlist:item=4049127142&perks=1478423395,106909392,2360347339,4293542123
dimwishlist:item=4049127142&perks=1478423395,106909392,2360347339,2675184851
dimwishlist:item=4049127142&perks=1478423395,106909392,2360347339,2890807135
dimwishlist:item=4049127142&perks=1478423395,106909392,2360347339,3581929919
dimwishlist:item=4049127142&perks=1478423395,106909392,4096144819,3201496230
dimwishlist:item=4049127142&perks=1478423395,106909392,4096144819,1545231802
dimwishlist:item=4049127142&perks=1478423395,106909392,4096144819,4293542123
dimwishlist:item=4049127142&perks=1478423395,106909392,4096144819,2675184851
dimwishlist:item=4049127142&perks=1478423395,106909392,4096144819,2890807135
dimwishlist:item=4049127142&perks=1478423395,106909392,4096144819,3581929919
dimwishlist:item=4049127142&perks=1478423395,106909392,1556840489,3201496230
dimwishlist:item=4049127142&perks=1478423395,106909392,1556840489,1545231802
dimwishlist:item=4049127142&perks=1478423395,106909392,1556840489,4293542123
dimwishlist:item=4049127142&perks=1478423395,106909392,1556840489,2675184851
dimwishlist:item=4049127142&perks=1478423395,106909392,1556840489,2890807135
dimwishlist:item=4049127142&perks=1478423395,106909392,1556840489,3581929919
dimwishlist:item=4049127142&perks=1478423395,106909392,3442762221,3201496230
dimwishlist:item=4049127142&perks=1478423395,106909392,3442762221,1545231802
dimwishlist:item=4049127142&perks=1478423395,106909392,3442762221,4293542123
dimwishlist:item=4049127142&perks=1478423395,106909392,3442762221,2675184851
dimwishlist:item=4049127142&perks=1478423395,106909392,3442762221,2890807135
dimwishlist:item=4049127142&perks=1478423395,106909392,3442762221,3581929919
dimwishlist:item=4049127142&perks=1478423395,1783397184,3017780555,3201496230
dimwishlist:item=4049127142&perks=1478423395,1783397184,3017780555,1545231802
dimwishlist:item=4049127142&perks=1478423395,1783397184,3017780555,4293542123
dimwishlist:item=4049127142&perks=1478423395,1783397184,3017780555,2675184851
dimwishlist:item=4049127142&perks=1478423395,1783397184,3017780555,2890807135
dimwishlist:item=4049127142&perks=1478423395,1783397184,3017780555,3581929919
dimwishlist:item=4049127142&perks=1478423395,1783397184,4223976499,3201496230
dimwishlist:item=4049127142&perks=1478423395,1783397184,4223976499,1545231802
dimwishlist:item=4049127142&perks=1478423395,1783397184,4223976499,4293542123
dimwishlist:item=4049127142&perks=1478423395,1783397184,4223976499,2675184851
dimwishlist:item=4049127142&perks=1478423395,1783397184,4223976499,2890807135
dimwishlist:item=4049127142&perks=1478423395,1783397184,4223976499,3581929919
dimwishlist:item=4049127142&perks=1478423395,1783397184,2360347339,3201496230
dimwishlist:item=4049127142&perks=1478423395,1783397184,2360347339,1545231802
dimwishlist:item=4049127142&perks=1478423395,1783397184,2360347339,4293542123
dimwishlist:item=4049127142&perks=1478423395,1783397184,2360347339,2675184851
dimwishlist:item=4049127142&perks=1478423395,1783397184,2360347339,2890807135
dimwishlist:item=4049127142&perks=1478423395,1783397184,2360347339,3581929919
dimwishlist:item=4049127142&perks=1478423395,1783397184,4096144819,3201496230
dimwishlist:item=4049127142&perks=1478423395,1783397184,4096144819,1545231802
dimwishlist:item=4049127142&perks=1478423395,1783397184,4096144819,4293542123
dimwishlist:item=4049127142&perks=1478423395,1783397184,4096144819,2675184851
dimwishlist:item=4049127142&perks=1478423395,1783397184,4096144819,2890807135
dimwishlist:item=4049127142&perks=1478423395,1783397184,4096144819,3581929919
dimwishlist:item=4049127142&perks=1478423395,1783397184,1556840489,3201496230
dimwishlist:item=4049127142&perks=1478423395,1783397184,1556840489,1545231802
dimwishlist:item=4049127142&perks=1478423395,1783397184,1556840489,4293542123
dimwishlist:item=4049127142&perks=1478423395,1783397184,1556840489,2675184851
dimwishlist:item=4049127142&perks=1478423395,1783397184,1556840489,2890807135
dimwishlist:item=4049127142&perks=1478423395,1783397184,1556840489,3581929919
dimwishlist:item=4049127142&perks=1478423395,1783397184,3442762221,3201496230
dimwishlist:item=4049127142&perks=1478423395,1783397184,3442762221,1545231802
dimwishlist:item=4049127142&perks=1478423395,1783397184,3442762221,4293542123
dimwishlist:item=4049127142&perks=1478423395,1783397184,3442762221,2675184851
dimwishlist:item=4049127142&perks=1478423395,1783397184,3442762221,2890807135
dimwishlist:item=4049127142&perks=1478423395,1783397184,3442762221,3581929919
dimwishlist:item=4049127142&perks=1478423395,1380253176,3017780555,3201496230
dimwishlist:item=4049127142&perks=1478423395,1380253176,3017780555,1545231802
dimwishlist:item=4049127142&perks=1478423395,1380253176,3017780555,4293542123
dimwishlist:item=4049127142&perks=1478423395,1380253176,3017780555,2675184851
dimwishlist:item=4049127142&perks=1478423395,1380253176,3017780555,2890807135
dimwishlist:item=4049127142&perks=1478423395,1380253176,3017780555,3581929919
dimwishlist:item=4049127142&perks=1478423395,1380253176,4223976499,3201496230
dimwishlist:item=4049127142&perks=1478423395,1380253176,4223976499,1545231802
dimwishlist:item=4049127142&perks=1478423395,1380253176,4223976499,4293542123
dimwishlist:item=4049127142&perks=1478423395,1380253176,4223976499,2675184851
dimwishlist:item=4049127142&perks=1478423395,1380253176,4223976499,2890807135
dimwishlist:item=4049127142&perks=1478423395,1380253176,4223976499,3581929919
dimwishlist:item=4049127142&perks=1478423395,1380253176,2360347339,3201496230
dimwishlist:item=4049127142&perks=1478423395,1380253176,2360347339,1545231802
dimwishlist:item=4049127142&perks=1478423395,1380253176,2360347339,4293542123
dimwishlist:item=4049127142&perks=1478423395,1380253176,2360347339,2675184851
dimwishlist:item=4049127142&perks=1478423395,1380253176,2360347339,2890807135
dimwishlist:item=4049127142&perks=1478423395,1380253176,2360347339,3581929919
dimwishlist:item=4049127142&perks=1478423395,1380253176,4096144819,3201496230
dimwishlist:item=4049127142&perks=1478423395,1380253176,4096144819,1545231802
dimwishlist:item=4049127142&perks=1478423395,1380253176,4096144819,4293542123
dimwishlist:item=4049127142&perks=1478423395,1380253176,4096144819,2675184851
dimwishlist:item=4049127142&perks=1478423395,1380253176,4096144819,2890807135
dimwishlist:item=4049127142&perks=1478423395,1380253176,4096144819,3581929919
dimwishlist:item=4049127142&perks=1478423395,1380253176,1556840489,3201496230
dimwishlist:item=4049127142&perks=1478423395,1380253176,1556840489,1545231802
dimwishlist:item=4049127142&perks=1478423395,1380253176,1556840489,4293542123
dimwishlist:item=4049127142&perks=1478423395,1380253176,1556840489,2675184851
dimwishlist:item=4049127142&perks=1478423395,1380253176,1556840489,2890807135
dimwishlist:item=4049127142&perks=1478423395,1380253176,1556840489,3581929919
dimwishlist:item=4049127142&perks=1478423395,1380253176,3442762221,3201496230
dimwishlist:item=4049127142&perks=1478423395,1380253176,3442762221,1545231802
dimwishlist:item=4049127142&perks=1478423395,1380253176,3442762221,4293542123
dimwishlist:item=4049127142&perks=1478423395,1380253176,3442762221,2675184851
dimwishlist:item=4049127142&perks=1478423395,1380253176,3442762221,2890807135
dimwishlist:item=4049127142&perks=1478423395,1380253176,3442762221,3581929919
dimwishlist:item=4049127142&perks=1478423395,3781548872,3017780555,3201496230
dimwishlist:item=4049127142&perks=1478423395,3781548872,3017780555,1545231802
dimwishlist:item=4049127142&perks=1478423395,3781548872,3017780555,4293542123
dimwishlist:item=4049127142&perks=1478423395,3781548872,3017780555,2675184851
dimwishlist:item=4049127142&perks=1478423395,3781548872,3017780555,2890807135
dimwishlist:item=4049127142&perks=1478423395,3781548872,3017780555,3581929919
dimwishlist:item=4049127142&perks=1478423395,3781548872,4223976499,3201496230
dimwishlist:item=4049127142&perks=1478423395,3781548872,4223976499,1545231802
dimwishlist:item=4049127142&perks=1478423395,3781548872,4223976499,4293542123
dimwishlist:item=4049127142&perks=1478423395,3781548872,4223976499,2675184851
dimwishlist:item=4049127142&perks=1478423395,3781548872,4223976499,2890807135
dimwishlist:item=4049127142&perks=1478423395,3781548872,4223976499,3581929919
dimwishlist:item=4049127142&perks=1478423395,3781548872,2360347339,3201496230
dimwishlist:item=4049127142&perks=1478423395,3781548872,2360347339,1545231802
dimwishlist:item=4049127142&perks=1478423395,3781548872,2360347339,4293542123
dimwishlist:item=4049127142&perks=1478423395,3781548872,2360347339,2675184851
dimwishlist:item=4049127142&perks=1478423395,3781548872,2360347339,2890807135
dimwishlist:item=4049127142&perks=1478423395,3781548872,2360347339,3581929919
dimwishlist:item=4049127142&perks=1478423395,3781548872,4096144819,3201496230
dimwishlist:item=4049127142&perks=1478423395,3781548872,4096144819,1545231802
dimwishlist:item=4049127142&perks=1478423395,3781548872,4096144819,4293542123
dimwishlist:item=4049127142&perks=1478423395,3781548872,4096144819,2675184851
dimwishlist:item=4049127142&perks=1478423395,3781548872,4096144819,2890807135
dimwishlist:item=4049127142&perks=1478423395,3781548872,4096144819,3581929919
dimwishlist:item=4049127142&perks=1478423395,3781548872,1556840489,3201496230
dimwishlist:item=4049127142&perks=1478423395,3781548872,1556840489,1545231802
dimwishlist:item=4049127142&perks=1478423395,3781548872,1556840489,4293542123
dimwishlist:item=4049127142&perks=1478423395,3781548872,1556840489,2675184851
dimwishlist:item=4049127142&perks=1478423395,3781548872,1556840489,2890807135
dimwishlist:item=4049127142&perks=1478423395,3781548872,1556840489,3581929919
dimwishlist:item=4049127142&perks=1478423395,3781548872,3442762221,3201496230
dimwishlist:item=4049127142&perks=1478423395,3781548872,3442762221,1545231802
dimwishlist:item=4049127142&perks=1478423395,3781548872,3442762221,4293542123
dimwishlist:item=4049127142&perks=1478423395,3781548872,3442762221,2675184851
dimwishlist:item=4049127142&perks=1478423395,3781548872,3442762221,2890807135
dimwishlist:item=4049127142&perks=1478423395,3781548872,3442762221,3581929919
dimwishlist:item=4049127142&perks=1478423395,1431678320,3017780555,3201496230
dimwishlist:item=4049127142&perks=1478423395,1431678320,3017780555,1545231802
dimwishlist:item=4049127142&perks=1478423395,1431678320,3017780555,4293542123
dimwishlist:item=4049127142&perks=1478423395,1431678320,3017780555,2675184851
dimwishlist:item=4049127142&perks=1478423395,1431678320,3017780555,2890807135
dimwishlist:item=4049127142&perks=1478423395,1431678320,3017780555,3581929919
dimwishlist:item=4049127142&perks=1478423395,1431678320,4223976499,3201496230
dimwishlist:item=4049127142&perks=1478423395,1431678320,4223976499,1545231802
dimwishlist:item=4049127142&perks=1478423395,1431678320,4223976499,4293542123
dimwishlist:item=4049127142&perks=1478423395,1431678320,4223976499,2675184851
dimwishlist:item=4049127142&perks=1478423395,1431678320,4223976499,2890807135
dimwishlist:item=4049127142&perks=1478423395,1431678320,4223976499,3581929919
dimwishlist:item=4049127142&perks=1478423395,1431678320,2360347339,3201496230
dimwishlist:item=4049127142&perks=1478423395,1431678320,2360347339,1545231802
dimwishlist:item=4049127142&perks=1478423395,1431678320,2360347339,4293542123
dimwishlist:item=4049127142&perks=1478423395,1431678320,2360347339,2675184851
dimwishlist:item=4049127142&perks=1478423395,1431678320,2360347339,2890807135
dimwishlist:item=4049127142&perks=1478423395,1431678320,2360347339,3581929919
dimwishlist:item=4049127142&perks=1478423395,1431678320,4096144819,3201496230
dimwishlist:item=4049127142&perks=1478423395,1431678320,4096144819,1545231802
dimwishlist:item=4049127142&perks=1478423395,1431678320,4096144819,4293542123
dimwishlist:item=4049127142&perks=1478423395,1431678320,4096144819,2675184851
dimwishlist:item=4049127142&perks=1478423395,1431678320,4096144819,2890807135
dimwishlist:item=4049127142&perks=1478423395,1431678320,4096144819,3581929919
dimwishlist:item=4049127142&perks=1478423395,1431678320,1556840489,3201496230
dimwishlist:item=4049127142&perks=1478423395,1431678320,1556840489,1545231802
dimwishlist:item=4049127142&perks=1478423395,1431678320,1556840489,4293542123
dimwishlist:item=4049127142&perks=1478423395,1431678320,1556840489,2675184851
dimwishlist:item=4049127142&perks=1478423395,1431678320,1556840489,2890807135
dimwishlist:item=4049127142&perks=1478423395,1431678320,1556840489,3581929919
dimwishlist:item=4049127142&perks=1478423395,1431678320,3442762221,3201496230
dimwishlist:item=4049127142&perks=1478423395,1431678320,3442762221,1545231802
dimwishlist:item=4049127142&perks=1478423395,1431678320,3442762221,4293542123
dimwishlist:item=4049127142&perks=1478423395,1431678320,3442762221,2675184851
dimwishlist:item=4049127142&perks=1478423395,1431678320,3442762221,2890807135
dimwishlist:item=4049127142&perks=1478423395,1431678320,3442762221,3581929919
dimwishlist:item=4049127142&perks=1478423395,550838496,3017780555,3201496230
dimwishlist:item=4049127142&perks=1478423395,550838496,3017780555,1545231802
dimwishlist:item=4049127142&perks=1478423395,550838496,3017780555,4293542123
dimwishlist:item=4049127142&perks=1478423395,550838496,3017780555,2675184851
dimwishlist:item=4049127142&perks=1478423395,550838496,3017780555,2890807135
dimwishlist:item=4049127142&perks=1478423395,550838496,3017780555,3581929919
dimwishlist:item=4049127142&perks=1478423395,550838496,4223976499,3201496230
dimwishlist:item=4049127142&perks=1478423395,550838496,4223976499,1545231802
dimwishlist:item=4049127142&perks=1478423395,550838496,4223976499,4293542123
dimwishlist:item=4049127142&perks=1478423395,550838496,4223976499,2675184851
dimwishlist:item=4049127142&perks=1478423395,550838496,4223976499,2890807135
dimwishlist:item=4049127142&perks=1478423395,550838496,4223976499,3581929919
dimwishlist:item=4049127142&perks=1478423395,550838496,2360347339,3201496230
dimwishlist:item=4049127142&perks=1478423395,550838496,2360347339,1545231802
dimwishlist:item=4049127142&perks=1478423395,550838496,2360347339,4293542123
dimwishlist:item=4049127142&perks=1478423395,550838496,2360347339,2675184851
dimwishlist:item=4049127142&perks=1478423395,550838496,2360347339,2890807135
dimwishlist:item=4049127142&perks=1478423395,550838496,2360347339,3581929919
dimwishlist:item=4049127142&perks=1478423395,550838496,4096144819,3201496230
dimwishlist:item=4049127142&perks=1478423395,550838496,4096144819,1545231802
dimwishlist:item=4049127142&perks=1478423395,550838496,4096144819,4293542123
dimwishlist:item=4049127142&perks=1478423395,550838496,4096144819,2675184851
dimwishlist:item=4049127142&perks=1478423395,550838496,4096144819,2890807135
dimwishlist:item=4049127142&perks=1478423395,550838496,4096144819,3581929919
dimwishlist:item=4049127142&perks=1478423395,550838496,1556840489,3201496230
dimwishlist:item=4049127142&perks=1478423395,550838496,1556840489,1545231802
dimwishlist:item=4049127142&perks=1478423395,550838496,1556840489,4293542123
dimwishlist:item=4049127142&perks=1478423395,550838496,1556840489,2675184851
dimwishlist:item=4049127142&perks=1478423395,550838496,1556840489,2890807135
dimwishlist:item=4049127142&perks=1478423395,550838496,1556840489,3581929919
dimwishlist:item=4049127142&perks=1478423395,550838496,3442762221,3201496230
dimwishlist:item=4049127142&perks=1478423395,550838496,3442762221,1545231802
dimwishlist:item=4049127142&perks=1478423395,550838496,3442762221,4293542123
dimwishlist:item=4049127142&perks=1478423395,550838496,3442762221,2675184851
dimwishlist:item=4049127142&perks=1478423395,550838496,3442762221,2890807135
dimwishlist:item=4049127142&perks=1478423395,550838496,3442762221,3581929919
dimwishlist:item=4049127142&perks=373417387,106909392,3017780555,3201496230
dimwishlist:item=4049127142&perks=373417387,106909392,3017780555,1545231802
dimwishlist:item=4049127142&perks=373417387,106909392,3017780555,4293542123
dimwishlist:item=4049127142&perks=373417387,106909392,3017780555,2675184851
dimwishlist:item=4049127142&perks=373417387,106909392,3017780555,2890807135
dimwishlist:item=4049127142&perks=373417387,106909392,3017780555,3581929919
dimwishlist:item=4049127142&perks=373417387,106909392,4223976499,3201496230
dimwishlist:item=4049127142&perks=373417387,106909392,4223976499,1545231802
dimwishlist:item=4049127142&perks=373417387,106909392,4223976499,4293542123
dimwishlist:item=4049127142&perks=373417387,106909392,4223976499,2675184851
dimwishlist:item=4049127142&perks=373417387,106909392,4223976499,2890807135
dimwishlist:item=4049127142&perks=373417387,106909392,4223976499,3581929919
dimwishlist:item=4049127142&perks=373417387,106909392,2360347339,3201496230
dimwishlist:item=4049127142&perks=373417387,106909392,2360347339,1545231802
dimwishlist:item=4049127142&perks=373417387,106909392,2360347339,4293542123
dimwishlist:item=4049127142&perks=373417387,106909392,2360347339,2675184851
dimwishlist:item=4049127142&perks=373417387,106909392,2360347339,2890807135
dimwishlist:item=4049127142&perks=373417387,106909392,2360347339,3581929919
dimwishlist:item=4049127142&perks=373417387,106909392,4096144819,3201496230
dimwishlist:item=4049127142&perks=373417387,106909392,4096144819,1545231802
dimwishlist:item=4049127142&perks=373417387,106909392,4096144819,4293542123
dimwishlist:item=4049127142&perks=373417387,106909392,4096144819,2675184851
dimwishlist:item=4049127142&perks=373417387,106909392,4096144819,2890807135
dimwishlist:item=4049127142&perks=373417387,106909392,4096144819,3581929919
dimwishlist:item=4049127142&perks=373417387,106909392,1556840489,3201496230
dimwishlist:item=4049127142&perks=373417387,106909392,1556840489,1545231802
dimwishlist:item=4049127142&perks=373417387,106909392,1556840489,4293542123
dimwishlist:item=4049127142&perks=373417387,106909392,1556840489,2675184851
dimwishlist:item=4049127142&perks=373417387,106909392,1556840489,2890807135
dimwishlist:item=4049127142&perks=373417387,106909392,1556840489,3581929919
dimwishlist:item=4049127142&perks=373417387,106909392,3442762221,3201496230
dimwishlist:item=4049127142&perks=373417387,106909392,3442762221,1545231802
dimwishlist:item=4049127142&perks=373417387,106909392,3442762221,4293542123
dimwishlist:item=4049127142&perks=373417387,106909392,3442762221,2675184851
dimwishlist:item=4049127142&perks=373417387,106909392,3442762221,2890807135
dimwishlist:item=4049127142&perks=373417387,106909392,3442762221,3581929919
dimwishlist:item=4049127142&perks=373417387,1783397184,3017780555,3201496230
dimwishlist:item=4049127142&perks=373417387,1783397184,3017780555,1545231802
dimwishlist:item=4049127142&perks=373417387,1783397184,3017780555,4293542123
dimwishlist:item=4049127142&perks=373417387,1783397184,3017780555,2675184851
dimwishlist:item=4049127142&perks=373417387,1783397184,3017780555,2890807135
dimwishlist:item=4049127142&perks=373417387,1783397184,3017780555,3581929919
dimwishlist:item=4049127142&perks=373417387,1783397184,4223976499,3201496230
dimwishlist:item=4049127142&perks=373417387,1783397184,4223976499,1545231802
dimwishlist:item=4049127142&perks=373417387,1783397184,4223976499,4293542123
dimwishlist:item=4049127142&perks=373417387,1783397184,4223976499,2675184851
dimwishlist:item=4049127142&perks=373417387,1783397184,4223976499,2890807135
dimwishlist:item=4049127142&perks=373417387,1783397184,4223976499,3581929919
dimwishlist:item=4049127142&perks=373417387,1783397184,2360347339,3201496230
dimwishlist:item=4049127142&perks=373417387,1783397184,2360347339,1545231802
dimwishlist:item=4049127142&perks=373417387,1783397184,2360347339,4293542123
dimwishlist:item=4049127142&perks=373417387,1783397184,2360347339,2675184851
dimwishlist:item=4049127142&perks=373417387,1783397184,2360347339,2890807135
dimwishlist:item=4049127142&perks=373417387,1783397184,2360347339,3581929919
dimwishlist:item=4049127142&perks=373417387,1783397184,4096144819,3201496230
dimwishlist:item=4049127142&perks=373417387,1783397184,4096144819,1545231802
dimwishlist:item=4049127142&perks=373417387,1783397184,4096144819,4293542123
dimwishlist:item=4049127142&perks=373417387,1783397184,4096144819,2675184851
dimwishlist:item=4049127142&perks=373417387,1783397184,4096144819,2890807135
dimwishlist:item=4049127142&perks=373417387,1783397184,4096144819,3581929919
dimwishlist:item=4049127142&perks=373417387,1783397184,1556840489,3201496230
dimwishlist:item=4049127142&perks=373417387,1783397184,1556840489,1545231802
dimwishlist:item=4049127142&perks=373417387,1783397184,1556840489,4293542123
dimwishlist:item=4049127142&perks=373417387,1783397184,1556840489,2675184851
dimwishlist:item=4049127142&perks=373417387,1783397184,1556840489,2890807135
dimwishlist:item=4049127142&perks=373417387,1783397184,1556840489,3581929919
dimwishlist:item=4049127142&perks=373417387,1783397184,3442762221,3201496230
dimwishlist:item=4049127142&perks=373417387,1783397184,3442762221,1545231802
dimwishlist:item=4049127142&perks=373417387,1783397184,3442762221,4293542123
dimwishlist:item=4049127142&perks=373417387,1783397184,3442762221,2675184851
dimwishlist:item=4049127142&perks=373417387,1783397184,3442762221,2890807135
dimwishlist:item=4049127142&perks=373417387,1783397184,3442762221,3581929919
dimwishlist:item=4049127142&perks=373417387,1380253176,3017780555,3201496230
dimwishlist:item=4049127142&perks=373417387,1380253176,3017780555,1545231802
dimwishlist:item=4049127142&perks=373417387,1380253176,3017780555,4293542123
dimwishlist:item=4049127142&perks=373417387,1380253176,3017780555,2675184851
dimwishlist:item=4049127142&perks=373417387,1380253176,3017780555,2890807135
dimwishlist:item=4049127142&perks=373417387,1380253176,3017780555,3581929919
dimwishlist:item=4049127142&perks=373417387,1380253176,4223976499,3201496230
dimwishlist:item=4049127142&perks=373417387,1380253176,4223976499,1545231802
dimwishlist:item=4049127142&perks=373417387,1380253176,4223976499,4293542123
dimwishlist:item=4049127142&perks=373417387,1380253176,4223976499,2675184851
dimwishlist:item=4049127142&perks=373417387,1380253176,4223976499,2890807135
dimwishlist:item=4049127142&perks=373417387,1380253176,4223976499,3581929919
dimwishlist:item=4049127142&perks=373417387,1380253176,2360347339,3201496230
dimwishlist:item=4049127142&perks=373417387,1380253176,2360347339,1545231802
dimwishlist:item=4049127142&perks=373417387,1380253176,2360347339,4293542123
dimwishlist:item=4049127142&perks=373417387,1380253176,2360347339,2675184851
dimwishlist:item=4049127142&perks=373417387,1380253176,2360347339,2890807135
dimwishlist:item=4049127142&perks=373417387,1380253176,2360347339,3581929919
dimwishlist:item=4049127142&perks=373417387,1380253176,4096144819,3201496230
dimwishlist:item=4049127142&perks=373417387,1380253176,4096144819,1545231802
dimwishlist:item=4049127142&perks=373417387,1380253176,4096144819,4293542123
dimwishlist:item=4049127142&perks=373417387,1380253176,4096144819,2675184851
dimwishlist:item=4049127142&perks=373417387,1380253176,4096144819,2890807135
dimwishlist:item=4049127142&perks=373417387,1380253176,4096144819,3581929919
dimwishlist:item=4049127142&perks=373417387,1380253176,1556840489,3201496230
dimwishlist:item=4049127142&perks=373417387,1380253176,1556840489,1545231802
dimwishlist:item=4049127142&perks=373417387,1380253176,1556840489,4293542123
dimwishlist:item=4049127142&perks=373417387,1380253176,1556840489,2675184851
dimwishlist:item=4049127142&perks=373417387,1380253176,1556840489,2890807135
dimwishlist:item=4049127142&perks=373417387,1380253176,1556840489,3581929919
dimwishlist:item=4049127142&perks=373417387,1380253176,3442762221,3201496230
dimwishlist:item=4049127142&perks=373417387,1380253176,3442762221,1545231802
dimwishlist:item=4049127142&perks=373417387,1380253176,3442762221,4293542123
dimwishlist:item=4049127142&perks=373417387,1380253176,3442762221,2675184851
dimwishlist:item=4049127142&perks=373417387,1380253176,3442762221,2890807135
dimwishlist:item=4049127142&perks=373417387,1380253176,3442762221,3581929919
dimwishlist:item=4049127142&perks=373417387,3781548872,3017780555,3201496230
dimwishlist:item=4049127142&perks=373417387,3781548872,3017780555,1545231802
dimwishlist:item=4049127142&perks=373417387,3781548872,3017780555,4293542123
dimwishlist:item=4049127142&perks=373417387,3781548872,3017780555,2675184851
dimwishlist:item=4049127142&perks=373417387,3781548872,3017780555,2890807135
dimwishlist:item=4049127142&perks=373417387,3781548872,3017780555,3581929919
dimwishlist:item=4049127142&perks=373417387,3781548872,4223976499,3201496230
dimwishlist:item=4049127142&perks=373417387,3781548872,4223976499,1545231802
dimwishlist:item=4049127142&perks=373417387,3781548872,4223976499,4293542123
dimwishlist:item=4049127142&perks=373417387,3781548872,4223976499,2675184851
dimwishlist:item=4049127142&perks=373417387,3781548872,4223976499,2890807135
dimwishlist:item=4049127142&perks=373417387,3781548872,4223976499,3581929919
dimwishlist:item=4049127142&perks=373417387,3781548872,2360347339,3201496230
dimwishlist:item=4049127142&perks=373417387,3781548872,2360347339,1545231802
dimwishlist:item=4049127142&perks=373417387,3781548872,2360347339,4293542123
dimwishlist:item=4049127142&perks=373417387,3781548872,2360347339,2675184851
dimwishlist:item=4049127142&perks=373417387,3781548872,2360347339,2890807135
dimwishlist:item=4049127142&perks=373417387,3781548872,2360347339,3581929919
dimwishlist:item=4049127142&perks=373417387,3781548872,4096144819,3201496230
dimwishlist:item=4049127142&perks=373417387,3781548872,4096144819,1545231802
dimwishlist:item=4049127142&perks=373417387,3781548872,4096144819,4293542123
dimwishlist:item=4049127142&perks=373417387,3781548872,4096144819,2675184851
dimwishlist:item=4049127142&perks=373417387,3781548872,4096144819,2890807135
dimwishlist:item=4049127142&perks=373417387,3781548872,4096144819,3581929919
dimwishlist:item=4049127142&perks=373417387,3781548872,1556840489,3201496230
dimwishlist:item=4049127142&perks=373417387,3781548872,1556840489,1545231802
dimwishlist:item=4049127142&perks=373417387,3781548872,1556840489,4293542123
dimwishlist:item=4049127142&perks=373417387,3781548872,1556840489,2675184851
dimwishlist:item=4049127142&perks=373417387,3781548872,1556840489,2890807135
dimwishlist:item=4049127142&perks=373417387,3781548872,1556840489,3581929919
dimwishlist:item=4049127142&perks=373417387,3781548872,3442762221,3201496230
dimwishlist:item=4049127142&perks=373417387,3781548872,3442762221,1545231802
dimwishlist:item=4049127142&perks=373417387,3781548872,3442762221,4293542123
dimwishlist:item=4049127142&perks=373417387,3781548872,3442762221,2675184851
dimwishlist:item=4049127142&perks=373417387,3781548872,3442762221,2890807135
dimwishlist:item=4049127142&perks=373417387,3781548872,3442762221,3581929919
dimwishlist:item=4049127142&perks=373417387,1431678320,3017780555,3201496230
dimwishlist:item=4049127142&perks=373417387,1431678320,3017780555,1545231802
dimwishlist:item=4049127142&perks=373417387,1431678320,3017780555,4293542123
dimwishlist:item=4049127142&perks=373417387,1431678320,3017780555,2675184851
dimwishlist:item=4049127142&perks=373417387,1431678320,3017780555,2890807135
dimwishlist:item=4049127142&perks=373417387,1431678320,3017780555,3581929919
dimwishlist:item=4049127142&perks=373417387,1431678320,4223976499,3201496230
dimwishlist:item=4049127142&perks=373417387,1431678320,4223976499,1545231802
dimwishlist:item=4049127142&perks=373417387,1431678320,4223976499,4293542123
dimwishlist:item=4049127142&perks=373417387,1431678320,4223976499,2675184851
dimwishlist:item=4049127142&perks=373417387,1431678320,4223976499,2890807135
dimwishlist:item=4049127142&perks=373417387,1431678320,4223976499,3581929919
dimwishlist:item=4049127142&perks=373417387,1431678320,2360347339,3201496230
dimwishlist:item=4049127142&perks=373417387,1431678320,2360347339,1545231802
dimwishlist:item=4049127142&perks=373417387,1431678320,2360347339,4293542123
dimwishlist:item=4049127142&perks=373417387,1431678320,2360347339,2675184851
dimwishlist:item=4049127142&perks=373417387,1431678320,2360347339,2890807135
dimwishlist:item=4049127142&perks=373417387,1431678320,2360347339,3581929919
dimwishlist:item=4049127142&perks=373417387,1431678320,4096144819,3201496230
dimwishlist:item=4049127142&perks=373417387,1431678320,4096144819,1545231802
dimwishlist:item=4049127142&perks=373417387,1431678320,4096144819,4293542123
dimwishlist:item=4049127142&perks=373417387,1431678320,4096144819,2675184851
dimwishlist:item=4049127142&perks=373417387,1431678320,4096144819,2890807135
dimwishlist:item=4049127142&perks=373417387,1431678320,4096144819,3581929919
dimwishlist:item=4049127142&perks=373417387,1431678320,1556840489,3201496230
dimwishlist:item=4049127142&perks=373417387,1431678320,1556840489,1545231802
dimwishlist:item=4049127142&perks=373417387,1431678320,1556840489,4293542123
dimwishlist:item=4049127142&perks=373417387,1431678320,1556840489,2675184851
dimwishlist:item=4049127142&perks=373417387,1431678320,1556840489,2890807135
dimwishlist:item=4049127142&perks=373417387,1431678320,1556840489,3581929919
dimwishlist:item=4049127142&perks=373417387,1431678320,3442762221,3201496230
dimwishlist:item=4049127142&perks=373417387,1431678320,3442762221,1545231802
dimwishlist:item=4049127142&perks=373417387,1431678320,3442762221,4293542123
dimwishlist:item=4049127142&perks=373417387,1431678320,3442762221,2675184851
dimwishlist:item=4049127142&perks=373417387,1431678320,3442762221,2890807135
dimwishlist:item=4049127142&perks=373417387,1431678320,3442762221,3581929919
dimwishlist:item=4049127142&perks=373417387,550838496,3017780555,3201496230
dimwishlist:item=4049127142&perks=373417387,550838496,3017780555,1545231802
dimwishlist:item=4049127142&perks=373417387,550838496,3017780555,4293542123
dimwishlist:item=4049127142&perks=373417387,550838496,3017780555,2675184851
dimwishlist:item=4049127142&perks=373417387,550838496,3017780555,2890807135
dimwishlist:item=4049127142&perks=373417387,550838496,3017780555,3581929919
dimwishlist:item=4049127142&perks=373417387,550838496,4223976499,3201496230
dimwishlist:item=4049127142&perks=373417387,550838496,4223976499,1545231802
dimwishlist:item=4049127142&perks=373417387,550838496,4223976499,4293542123
dimwishlist:item=4049127142&perks=373417387,550838496,4223976499,2675184851
dimwishlist:item=4049127142&perks=373417387,550838496,4223976499,2890807135
dimwishlist:item=4049127142&perks=373417387,550838496,4223976499,3581929919
dimwishlist:item=4049127142&perks=373417387,550838496,2360347339,3201496230
dimwishlist:item=4049127142&perks=373417387,550838496,2360347339,1545231802
dimwishlist:item=4049127142&perks=373417387,550838496,2360347339,4293542123
dimwishlist:item=4049127142&perks=373417387,550838496,2360347339,2675184851
dimwishlist:item=4049127142&perks=373417387,550838496,2360347339,2890807135
dimwishlist:item=4049127142&perks=373417387,550838496,2360347339,3581929919
dimwishlist:item=4049127142&perks=373417387,550838496,4096144819,3201496230
dimwishlist:item=4049127142&perks=373417387,550838496,4096144819,1545231802
dimwishlist:item=4049127142&perks=373417387,550838496,4096144819,4293542123
dimwishlist:item=4049127142&perks=373417387,550838496,4096144819,2675184851
dimwishlist:item=4049127142&perks=373417387,550838496,4096144819,2890807135
dimwishlist:item=4049127142&perks=373417387,550838496,4096144819,3581929919
dimwishlist:item=4049127142&perks=373417387,550838496,1556840489,3201496230
dimwishlist:item=4049127142&perks=373417387,550838496,1556840489,1545231802
dimwishlist:item=4049127142&perks=373417387,550838496,1556840489,4293542123
dimwishlist:item=4049127142&perks=373417387,550838496,1556840489,2675184851
dimwishlist:item=4049127142&perks=373417387,550838496,1556840489,2890807135
dimwishlist:item=4049127142&perks=373417387,550838496,1556840489,3581929919
dimwishlist:item=4049127142&perks=373417387,550838496,3442762221,3201496230
dimwishlist:item=4049127142&perks=373417387,550838496,3442762221,1545231802
dimwishlist:item=4049127142&perks=373417387,550838496,3442762221,4293542123
dimwishlist:item=4049127142&perks=373417387,550838496,3442762221,2675184851
dimwishlist:item=4049127142&perks=373417387,550838496,3442762221,2890807135
dimwishlist:item=4049127142&perks=373417387,550838496,3442762221,3581929919


//Retraced Path
//notes:Aegis Top Solar Trace: A Tier. Best With 'Hot Swap' Origin Trait. MW: Reload
dimwishlist:item=548958835&perks=1840239774,2749775325,3700496672,4293542123
dimwishlist:item=548958835&perks=1840239774,2749775325,3700496672,2675184851
dimwishlist:item=548958835&perks=1840239774,2749775325,3700496672,3523296417
dimwishlist:item=548958835&perks=1840239774,2749775325,3700496672,1906147653
dimwishlist:item=548958835&perks=1840239774,2749775325,3700496672,1683379515
dimwishlist:item=548958835&perks=1840239774,2749775325,3700496672,2216471363
dimwishlist:item=548958835&perks=1840239774,2749775325,2840833776,4293542123
dimwishlist:item=548958835&perks=1840239774,2749775325,2840833776,2675184851
dimwishlist:item=548958835&perks=1840239774,2749775325,2840833776,3523296417
dimwishlist:item=548958835&perks=1840239774,2749775325,2840833776,1906147653
dimwishlist:item=548958835&perks=1840239774,2749775325,2840833776,1683379515
dimwishlist:item=548958835&perks=1840239774,2749775325,2840833776,2216471363
dimwishlist:item=548958835&perks=1840239774,2749775325,1048183818,4293542123
dimwishlist:item=548958835&perks=1840239774,2749775325,1048183818,2675184851
dimwishlist:item=548958835&perks=1840239774,2749775325,1048183818,3523296417
dimwishlist:item=548958835&perks=1840239774,2749775325,1048183818,1906147653
dimwishlist:item=548958835&perks=1840239774,2749775325,1048183818,1683379515
dimwishlist:item=548958835&perks=1840239774,2749775325,1048183818,2216471363
dimwishlist:item=548958835&perks=1840239774,2749775325,3431277734,4293542123
dimwishlist:item=548958835&perks=1840239774,2749775325,3431277734,2675184851
dimwishlist:item=548958835&perks=1840239774,2749775325,3431277734,3523296417
dimwishlist:item=548958835&perks=1840239774,2749775325,3431277734,1906147653
dimwishlist:item=548958835&perks=1840239774,2749775325,3431277734,1683379515
dimwishlist:item=548958835&perks=1840239774,2749775325,3431277734,2216471363
dimwishlist:item=548958835&perks=1840239774,2073750249,3700496672,4293542123
dimwishlist:item=548958835&perks=1840239774,2073750249,3700496672,2675184851
dimwishlist:item=548958835&perks=1840239774,2073750249,3700496672,3523296417
dimwishlist:item=548958835&perks=1840239774,2073750249,3700496672,1906147653
dimwishlist:item=548958835&perks=1840239774,2073750249,3700496672,1683379515
dimwishlist:item=548958835&perks=1840239774,2073750249,3700496672,2216471363
dimwishlist:item=548958835&perks=1840239774,2073750249,2840833776,4293542123
dimwishlist:item=548958835&perks=1840239774,2073750249,2840833776,2675184851
dimwishlist:item=548958835&perks=1840239774,2073750249,2840833776,3523296417
dimwishlist:item=548958835&perks=1840239774,2073750249,2840833776,1906147653
dimwishlist:item=548958835&perks=1840239774,2073750249,2840833776,1683379515
dimwishlist:item=548958835&perks=1840239774,2073750249,2840833776,2216471363
dimwishlist:item=548958835&perks=1840239774,2073750249,1048183818,4293542123
dimwishlist:item=548958835&perks=1840239774,2073750249,1048183818,2675184851
dimwishlist:item=548958835&perks=1840239774,2073750249,1048183818,3523296417
dimwishlist:item=548958835&perks=1840239774,2073750249,1048183818,1906147653
dimwishlist:item=548958835&perks=1840239774,2073750249,1048183818,1683379515
dimwishlist:item=548958835&perks=1840239774,2073750249,1048183818,2216471363
dimwishlist:item=548958835&perks=1840239774,2073750249,3431277734,4293542123
dimwishlist:item=548958835&perks=1840239774,2073750249,3431277734,2675184851
dimwishlist:item=548958835&perks=1840239774,2073750249,3431277734,3523296417
dimwishlist:item=548958835&perks=1840239774,2073750249,3431277734,1906147653
dimwishlist:item=548958835&perks=1840239774,2073750249,3431277734,1683379515
dimwishlist:item=548958835&perks=1840239774,2073750249,3431277734,2216471363
dimwishlist:item=548958835&perks=1124871858,2749775325,3700496672,4293542123
dimwishlist:item=548958835&perks=1124871858,2749775325,3700496672,2675184851
dimwishlist:item=548958835&perks=1124871858,2749775325,3700496672,3523296417
dimwishlist:item=548958835&perks=1124871858,2749775325,3700496672,1906147653
dimwishlist:item=548958835&perks=1124871858,2749775325,3700496672,1683379515
dimwishlist:item=548958835&perks=1124871858,2749775325,3700496672,2216471363
dimwishlist:item=548958835&perks=1124871858,2749775325,2840833776,4293542123
dimwishlist:item=548958835&perks=1124871858,2749775325,2840833776,2675184851
dimwishlist:item=548958835&perks=1124871858,2749775325,2840833776,3523296417
dimwishlist:item=548958835&perks=1124871858,2749775325,2840833776,1906147653
dimwishlist:item=548958835&perks=1124871858,2749775325,2840833776,1683379515
dimwishlist:item=548958835&perks=1124871858,2749775325,2840833776,2216471363
dimwishlist:item=548958835&perks=1124871858,2749775325,1048183818,4293542123
dimwishlist:item=548958835&perks=1124871858,2749775325,1048183818,2675184851
dimwishlist:item=548958835&perks=1124871858,2749775325,1048183818,3523296417
dimwishlist:item=548958835&perks=1124871858,2749775325,1048183818,1906147653
dimwishlist:item=548958835&perks=1124871858,2749775325,1048183818,1683379515
dimwishlist:item=548958835&perks=1124871858,2749775325,1048183818,2216471363
dimwishlist:item=548958835&perks=1124871858,2749775325,3431277734,4293542123
dimwishlist:item=548958835&perks=1124871858,2749775325,3431277734,2675184851
dimwishlist:item=548958835&perks=1124871858,2749775325,3431277734,3523296417
dimwishlist:item=548958835&perks=1124871858,2749775325,3431277734,1906147653
dimwishlist:item=548958835&perks=1124871858,2749775325,3431277734,1683379515
dimwishlist:item=548958835&perks=1124871858,2749775325,3431277734,2216471363
dimwishlist:item=548958835&perks=1124871858,2073750249,3700496672,4293542123
dimwishlist:item=548958835&perks=1124871858,2073750249,3700496672,2675184851
dimwishlist:item=548958835&perks=1124871858,2073750249,3700496672,3523296417
dimwishlist:item=548958835&perks=1124871858,2073750249,3700496672,1906147653
dimwishlist:item=548958835&perks=1124871858,2073750249,3700496672,1683379515
dimwishlist:item=548958835&perks=1124871858,2073750249,3700496672,2216471363
dimwishlist:item=548958835&perks=1124871858,2073750249,2840833776,4293542123
dimwishlist:item=548958835&perks=1124871858,2073750249,2840833776,2675184851
dimwishlist:item=548958835&perks=1124871858,2073750249,2840833776,3523296417
dimwishlist:item=548958835&perks=1124871858,2073750249,2840833776,1906147653
dimwishlist:item=548958835&perks=1124871858,2073750249,2840833776,1683379515
dimwishlist:item=548958835&perks=1124871858,2073750249,2840833776,2216471363
dimwishlist:item=548958835&perks=1124871858,2073750249,1048183818,4293542123
dimwishlist:item=548958835&perks=1124871858,2073750249,1048183818,2675184851
dimwishlist:item=548958835&perks=1124871858,2073750249,1048183818,3523296417
dimwishlist:item=548958835&perks=1124871858,2073750249,1048183818,1906147653
dimwishlist:item=548958835&perks=1124871858,2073750249,1048183818,1683379515
dimwishlist:item=548958835&perks=1124871858,2073750249,1048183818,2216471363
dimwishlist:item=548958835&perks=1124871858,2073750249,3431277734,4293542123
dimwishlist:item=548958835&perks=1124871858,2073750249,3431277734,2675184851
dimwishlist:item=548958835&perks=1124871858,2073750249,3431277734,3523296417
dimwishlist:item=548958835&perks=1124871858,2073750249,3431277734,1906147653
dimwishlist:item=548958835&perks=1124871858,2073750249,3431277734,1683379515
dimwishlist:item=548958835&perks=1124871858,2073750249,3431277734,2216471363


//Refusal of the Call
//notes:Aegis Top Strand Glaive: S Tier. Best With 'Heretical Behavior' Origin Trait. MW: Shield Duration
dimwishlist:item=3269398063&perks=580685494,1431678320,1782407750,1966281507
dimwishlist:item=3269398063&perks=580685494,1431678320,1782407750,1592669035
dimwishlist:item=3269398063&perks=580685494,1431678320,2241043034,1966281507
dimwishlist:item=3269398063&perks=580685494,1431678320,2241043034,1592669035
dimwishlist:item=3269398063&perks=580685494,550838496,1782407750,1966281507
dimwishlist:item=3269398063&perks=580685494,550838496,1782407750,1592669035
dimwishlist:item=3269398063&perks=580685494,550838496,2241043034,1966281507
dimwishlist:item=3269398063&perks=580685494,550838496,2241043034,1592669035
dimwishlist:item=3269398063&perks=580685494,3721627275,1782407750,1966281507
dimwishlist:item=3269398063&perks=580685494,3721627275,1782407750,1592669035
dimwishlist:item=3269398063&perks=580685494,3721627275,2241043034,1966281507
dimwishlist:item=3269398063&perks=580685494,3721627275,2241043034,1592669035
dimwishlist:item=3269398063&perks=580685494,714384243,1782407750,1966281507
dimwishlist:item=3269398063&perks=580685494,714384243,1782407750,1592669035
dimwishlist:item=3269398063&perks=580685494,714384243,2241043034,1966281507
dimwishlist:item=3269398063&perks=580685494,714384243,2241043034,1592669035
dimwishlist:item=3269398063&perks=2719770986,1431678320,1782407750,1966281507
dimwishlist:item=3269398063&perks=2719770986,1431678320,1782407750,1592669035
dimwishlist:item=3269398063&perks=2719770986,1431678320,2241043034,1966281507
dimwishlist:item=3269398063&perks=2719770986,1431678320,2241043034,1592669035
dimwishlist:item=3269398063&perks=2719770986,550838496,1782407750,1966281507
dimwishlist:item=3269398063&perks=2719770986,550838496,1782407750,1592669035
dimwishlist:item=3269398063&perks=2719770986,550838496,2241043034,1966281507
dimwishlist:item=3269398063&perks=2719770986,550838496,2241043034,1592669035
dimwishlist:item=3269398063&perks=2719770986,3721627275,1782407750,1966281507
dimwishlist:item=3269398063&perks=2719770986,3721627275,1782407750,1592669035
dimwishlist:item=3269398063&perks=2719770986,3721627275,2241043034,1966281507
dimwishlist:item=3269398063&perks=2719770986,3721627275,2241043034,1592669035
dimwishlist:item=3269398063&perks=2719770986,714384243,1782407750,1966281507
dimwishlist:item=3269398063&perks=2719770986,714384243,1782407750,1592669035
dimwishlist:item=3269398063&perks=2719770986,714384243,2241043034,1966281507
dimwishlist:item=3269398063&perks=2719770986,714384243,2241043034,1592669035
dimwishlist:item=25228802&perks=580685494,1431678320,1782407750,1966281507
dimwishlist:item=25228802&perks=580685494,1431678320,1782407750,1592669035
dimwishlist:item=25228802&perks=580685494,1431678320,2241043034,1966281507
dimwishlist:item=25228802&perks=580685494,1431678320,2241043034,1592669035
dimwishlist:item=25228802&perks=580685494,550838496,1782407750,1966281507
dimwishlist:item=25228802&perks=580685494,550838496,1782407750,1592669035
dimwishlist:item=25228802&perks=580685494,550838496,2241043034,1966281507
dimwishlist:item=25228802&perks=580685494,550838496,2241043034,1592669035
dimwishlist:item=25228802&perks=580685494,3721627275,1782407750,1966281507
dimwishlist:item=25228802&perks=580685494,3721627275,1782407750,1592669035
dimwishlist:item=25228802&perks=580685494,3721627275,2241043034,1966281507
dimwishlist:item=25228802&perks=580685494,3721627275,2241043034,1592669035
dimwishlist:item=25228802&perks=580685494,714384243,1782407750,1966281507
dimwishlist:item=25228802&perks=580685494,714384243,1782407750,1592669035
dimwishlist:item=25228802&perks=580685494,714384243,2241043034,1966281507
dimwishlist:item=25228802&perks=580685494,714384243,2241043034,1592669035
dimwishlist:item=25228802&perks=2719770986,1431678320,1782407750,1966281507
dimwishlist:item=25228802&perks=2719770986,1431678320,1782407750,1592669035
dimwishlist:item=25228802&perks=2719770986,1431678320,2241043034,1966281507
dimwishlist:item=25228802&perks=2719770986,1431678320,2241043034,1592669035
dimwishlist:item=25228802&perks=2719770986,550838496,1782407750,1966281507
dimwishlist:item=25228802&perks=2719770986,550838496,1782407750,1592669035
dimwishlist:item=25228802&perks=2719770986,550838496,2241043034,1966281507
dimwishlist:item=25228802&perks=2719770986,550838496,2241043034,1592669035
dimwishlist:item=25228802&perks=2719770986,3721627275,1782407750,1966281507
dimwishlist:item=25228802&perks=2719770986,3721627275,1782407750,1592669035
dimwishlist:item=25228802&perks=2719770986,3721627275,2241043034,1966281507
dimwishlist:item=25228802&perks=2719770986,3721627275,2241043034,1592669035
dimwishlist:item=25228802&perks=2719770986,714384243,1782407750,1966281507
dimwishlist:item=25228802&perks=2719770986,714384243,1782407750,1592669035
dimwishlist:item=25228802&perks=2719770986,714384243,2241043034,1966281507
dimwishlist:item=25228802&perks=2719770986,714384243,2241043034,1592669035
dimwishlist:item=2671849376&perks=580685494,1431678320,1782407750,1966281507
dimwishlist:item=2671849376&perks=580685494,1431678320,1782407750,1592669035
dimwishlist:item=2671849376&perks=580685494,1431678320,2241043034,1966281507
dimwishlist:item=2671849376&perks=580685494,1431678320,2241043034,1592669035
dimwishlist:item=2671849376&perks=580685494,550838496,1782407750,1966281507
dimwishlist:item=2671849376&perks=580685494,550838496,1782407750,1592669035
dimwishlist:item=2671849376&perks=580685494,550838496,2241043034,1966281507
dimwishlist:item=2671849376&perks=580685494,550838496,2241043034,1592669035
dimwishlist:item=2671849376&perks=580685494,3721627275,1782407750,1966281507
dimwishlist:item=2671849376&perks=580685494,3721627275,1782407750,1592669035
dimwishlist:item=2671849376&perks=580685494,3721627275,2241043034,1966281507
dimwishlist:item=2671849376&perks=580685494,3721627275,2241043034,1592669035
dimwishlist:item=2671849376&perks=580685494,714384243,1782407750,1966281507
dimwishlist:item=2671849376&perks=580685494,714384243,1782407750,1592669035
dimwishlist:item=2671849376&perks=580685494,714384243,2241043034,1966281507
dimwishlist:item=2671849376&perks=580685494,714384243,2241043034,1592669035
dimwishlist:item=2671849376&perks=2719770986,1431678320,1782407750,1966281507
dimwishlist:item=2671849376&perks=2719770986,1431678320,1782407750,1592669035
dimwishlist:item=2671849376&perks=2719770986,1431678320,2241043034,1966281507
dimwishlist:item=2671849376&perks=2719770986,1431678320,2241043034,1592669035
dimwishlist:item=2671849376&perks=2719770986,550838496,1782407750,1966281507
dimwishlist:item=2671849376&perks=2719770986,550838496,1782407750,1592669035
dimwishlist:item=2671849376&perks=2719770986,550838496,2241043034,1966281507
dimwishlist:item=2671849376&perks=2719770986,550838496,2241043034,1592669035
dimwishlist:item=2671849376&perks=2719770986,3721627275,1782407750,1966281507
dimwishlist:item=2671849376&perks=2719770986,3721627275,1782407750,1592669035
dimwishlist:item=2671849376&perks=2719770986,3721627275,2241043034,1966281507
dimwishlist:item=2671849376&perks=2719770986,3721627275,2241043034,1592669035
dimwishlist:item=2671849376&perks=2719770986,714384243,1782407750,1966281507
dimwishlist:item=2671849376&perks=2719770986,714384243,1782407750,1592669035
dimwishlist:item=2671849376&perks=2719770986,714384243,2241043034,1966281507
dimwishlist:item=2671849376&perks=2719770986,714384243,2241043034,1592669035
dimwishlist:item=2755584425&perks=580685494,1431678320,1782407750,1966281507
dimwishlist:item=2755584425&perks=580685494,1431678320,1782407750,1592669035
dimwishlist:item=2755584425&perks=580685494,1431678320,2241043034,1966281507
dimwishlist:item=2755584425&perks=580685494,1431678320,2241043034,1592669035
dimwishlist:item=2755584425&perks=580685494,550838496,1782407750,1966281507
dimwishlist:item=2755584425&perks=580685494,550838496,1782407750,1592669035
dimwishlist:item=2755584425&perks=580685494,550838496,2241043034,1966281507
dimwishlist:item=2755584425&perks=580685494,550838496,2241043034,1592669035
dimwishlist:item=2755584425&perks=580685494,3721627275,1782407750,1966281507
dimwishlist:item=2755584425&perks=580685494,3721627275,1782407750,1592669035
dimwishlist:item=2755584425&perks=580685494,3721627275,2241043034,1966281507
dimwishlist:item=2755584425&perks=580685494,3721627275,2241043034,1592669035
dimwishlist:item=2755584425&perks=580685494,714384243,1782407750,1966281507
dimwishlist:item=2755584425&perks=580685494,714384243,1782407750,1592669035
dimwishlist:item=2755584425&perks=580685494,714384243,2241043034,1966281507
dimwishlist:item=2755584425&perks=580685494,714384243,2241043034,1592669035
dimwishlist:item=2755584425&perks=2719770986,1431678320,1782407750,1966281507
dimwishlist:item=2755584425&perks=2719770986,1431678320,1782407750,1592669035
dimwishlist:item=2755584425&perks=2719770986,1431678320,2241043034,1966281507
dimwishlist:item=2755584425&perks=2719770986,1431678320,2241043034,1592669035
dimwishlist:item=2755584425&perks=2719770986,550838496,1782407750,1966281507
dimwishlist:item=2755584425&perks=2719770986,550838496,1782407750,1592669035
dimwishlist:item=2755584425&perks=2719770986,550838496,2241043034,1966281507
dimwishlist:item=2755584425&perks=2719770986,550838496,2241043034,1592669035
dimwishlist:item=2755584425&perks=2719770986,3721627275,1782407750,1966281507
dimwishlist:item=2755584425&perks=2719770986,3721627275,1782407750,1592669035
dimwishlist:item=2755584425&perks=2719770986,3721627275,2241043034,1966281507
dimwishlist:item=2755584425&perks=2719770986,3721627275,2241043034,1592669035
dimwishlist:item=2755584425&perks=2719770986,714384243,1782407750,1966281507
dimwishlist:item=2755584425&perks=2719770986,714384243,1782407750,1592669035
dimwishlist:item=2755584425&perks=2719770986,714384243,2241043034,1966281507
dimwishlist:item=2755584425&perks=2719770986,714384243,2241043034,1592669035
dimwishlist:item=1541324871&perks=580685494,1431678320,923806249,3640170453
dimwishlist:item=1541324871&perks=580685494,1431678320,923806249,1817983009
dimwishlist:item=1541324871&perks=580685494,1431678320,923806249,1966281507
dimwishlist:item=1541324871&perks=580685494,1431678320,923806249,1592669035
dimwishlist:item=1541324871&perks=580685494,1431678320,3422796781,3640170453
dimwishlist:item=1541324871&perks=580685494,1431678320,3422796781,1817983009
dimwishlist:item=1541324871&perks=580685494,1431678320,3422796781,1966281507
dimwishlist:item=1541324871&perks=580685494,1431678320,3422796781,1592669035
dimwishlist:item=1541324871&perks=580685494,1431678320,1782407750,3640170453
dimwishlist:item=1541324871&perks=580685494,1431678320,1782407750,1817983009
dimwishlist:item=1541324871&perks=580685494,1431678320,1782407750,1966281507
dimwishlist:item=1541324871&perks=580685494,1431678320,1782407750,1592669035
dimwishlist:item=1541324871&perks=580685494,1431678320,2241043034,3640170453
dimwishlist:item=1541324871&perks=580685494,1431678320,2241043034,1817983009
dimwishlist:item=1541324871&perks=580685494,1431678320,2241043034,1966281507
dimwishlist:item=1541324871&perks=580685494,1431678320,2241043034,1592669035
dimwishlist:item=1541324871&perks=580685494,1431678320,2396489472,3640170453
dimwishlist:item=1541324871&perks=580685494,1431678320,2396489472,1817983009
dimwishlist:item=1541324871&perks=580685494,1431678320,2396489472,1966281507
dimwishlist:item=1541324871&perks=580685494,1431678320,2396489472,1592669035
dimwishlist:item=1541324871&perks=580685494,1431678320,598607952,3640170453
dimwishlist:item=1541324871&perks=580685494,1431678320,598607952,1817983009
dimwishlist:item=1541324871&perks=580685494,1431678320,598607952,1966281507
dimwishlist:item=1541324871&perks=580685494,1431678320,598607952,1592669035
dimwishlist:item=1541324871&perks=580685494,550838496,923806249,3640170453
dimwishlist:item=1541324871&perks=580685494,550838496,923806249,1817983009
dimwishlist:item=1541324871&perks=580685494,550838496,923806249,1966281507
dimwishlist:item=1541324871&perks=580685494,550838496,923806249,1592669035
dimwishlist:item=1541324871&perks=580685494,550838496,3422796781,3640170453
dimwishlist:item=1541324871&perks=580685494,550838496,3422796781,1817983009
dimwishlist:item=1541324871&perks=580685494,550838496,3422796781,1966281507
dimwishlist:item=1541324871&perks=580685494,550838496,3422796781,1592669035
dimwishlist:item=1541324871&perks=580685494,550838496,1782407750,3640170453
dimwishlist:item=1541324871&perks=580685494,550838496,1782407750,1817983009
dimwishlist:item=1541324871&perks=580685494,550838496,1782407750,1966281507
dimwishlist:item=1541324871&perks=580685494,550838496,1782407750,1592669035
dimwishlist:item=1541324871&perks=580685494,550838496,2241043034,3640170453
dimwishlist:item=1541324871&perks=580685494,550838496,2241043034,1817983009
dimwishlist:item=1541324871&perks=580685494,550838496,2241043034,1966281507
dimwishlist:item=1541324871&perks=580685494,550838496,2241043034,1592669035
dimwishlist:item=1541324871&perks=580685494,550838496,2396489472,3640170453
dimwishlist:item=1541324871&perks=580685494,550838496,2396489472,1817983009
dimwishlist:item=1541324871&perks=580685494,550838496,2396489472,1966281507
dimwishlist:item=1541324871&perks=580685494,550838496,2396489472,1592669035
dimwishlist:item=1541324871&perks=580685494,550838496,598607952,3640170453
dimwishlist:item=1541324871&perks=580685494,550838496,598607952,1817983009
dimwishlist:item=1541324871&perks=580685494,550838496,598607952,1966281507
dimwishlist:item=1541324871&perks=580685494,550838496,598607952,1592669035
dimwishlist:item=1541324871&perks=580685494,3721627275,923806249,3640170453
dimwishlist:item=1541324871&perks=580685494,3721627275,923806249,1817983009
dimwishlist:item=1541324871&perks=580685494,3721627275,923806249,1966281507
dimwishlist:item=1541324871&perks=580685494,3721627275,923806249,1592669035
dimwishlist:item=1541324871&perks=580685494,3721627275,3422796781,3640170453
dimwishlist:item=1541324871&perks=580685494,3721627275,3422796781,1817983009
dimwishlist:item=1541324871&perks=580685494,3721627275,3422796781,1966281507
dimwishlist:item=1541324871&perks=580685494,3721627275,3422796781,1592669035
dimwishlist:item=1541324871&perks=580685494,3721627275,1782407750,3640170453
dimwishlist:item=1541324871&perks=580685494,3721627275,1782407750,1817983009
dimwishlist:item=1541324871&perks=580685494,3721627275,1782407750,1966281507
dimwishlist:item=1541324871&perks=580685494,3721627275,1782407750,1592669035
dimwishlist:item=1541324871&perks=580685494,3721627275,2241043034,3640170453
dimwishlist:item=1541324871&perks=580685494,3721627275,2241043034,1817983009
dimwishlist:item=1541324871&perks=580685494,3721627275,2241043034,1966281507
dimwishlist:item=1541324871&perks=580685494,3721627275,2241043034,1592669035
dimwishlist:item=1541324871&perks=580685494,3721627275,2396489472,3640170453
dimwishlist:item=1541324871&perks=580685494,3721627275,2396489472,1817983009
dimwishlist:item=1541324871&perks=580685494,3721627275,2396489472,1966281507
dimwishlist:item=1541324871&perks=580685494,3721627275,2396489472,1592669035
dimwishlist:item=1541324871&perks=580685494,3721627275,598607952,3640170453
dimwishlist:item=1541324871&perks=580685494,3721627275,598607952,1817983009
dimwishlist:item=1541324871&perks=580685494,3721627275,598607952,1966281507
dimwishlist:item=1541324871&perks=580685494,3721627275,598607952,1592669035
dimwishlist:item=1541324871&perks=580685494,714384243,923806249,3640170453
dimwishlist:item=1541324871&perks=580685494,714384243,923806249,1817983009
dimwishlist:item=1541324871&perks=580685494,714384243,923806249,1966281507
dimwishlist:item=1541324871&perks=580685494,714384243,923806249,1592669035
dimwishlist:item=1541324871&perks=580685494,714384243,3422796781,3640170453
dimwishlist:item=1541324871&perks=580685494,714384243,3422796781,1817983009
dimwishlist:item=1541324871&perks=580685494,714384243,3422796781,1966281507
dimwishlist:item=1541324871&perks=580685494,714384243,3422796781,1592669035
dimwishlist:item=1541324871&perks=580685494,714384243,1782407750,3640170453
dimwishlist:item=1541324871&perks=580685494,714384243,1782407750,1817983009
dimwishlist:item=1541324871&perks=580685494,714384243,1782407750,1966281507
dimwishlist:item=1541324871&perks=580685494,714384243,1782407750,1592669035
dimwishlist:item=1541324871&perks=580685494,714384243,2241043034,3640170453
dimwishlist:item=1541324871&perks=580685494,714384243,2241043034,1817983009
dimwishlist:item=1541324871&perks=580685494,714384243,2241043034,1966281507
dimwishlist:item=1541324871&perks=580685494,714384243,2241043034,1592669035
dimwishlist:item=1541324871&perks=580685494,714384243,2396489472,3640170453
dimwishlist:item=1541324871&perks=580685494,714384243,2396489472,1817983009
dimwishlist:item=1541324871&perks=580685494,714384243,2396489472,1966281507
dimwishlist:item=1541324871&perks=580685494,714384243,2396489472,1592669035
dimwishlist:item=1541324871&perks=580685494,714384243,598607952,3640170453
dimwishlist:item=1541324871&perks=580685494,714384243,598607952,1817983009
dimwishlist:item=1541324871&perks=580685494,714384243,598607952,1966281507
dimwishlist:item=1541324871&perks=580685494,714384243,598607952,1592669035
dimwishlist:item=1541324871&perks=2719770986,1431678320,923806249,3640170453
dimwishlist:item=1541324871&perks=2719770986,1431678320,923806249,1817983009
dimwishlist:item=1541324871&perks=2719770986,1431678320,923806249,1966281507
dimwishlist:item=1541324871&perks=2719770986,1431678320,923806249,1592669035
dimwishlist:item=1541324871&perks=2719770986,1431678320,3422796781,3640170453
dimwishlist:item=1541324871&perks=2719770986,1431678320,3422796781,1817983009
dimwishlist:item=1541324871&perks=2719770986,1431678320,3422796781,1966281507
dimwishlist:item=1541324871&perks=2719770986,1431678320,3422796781,1592669035
dimwishlist:item=1541324871&perks=2719770986,1431678320,1782407750,3640170453
dimwishlist:item=1541324871&perks=2719770986,1431678320,1782407750,1817983009
dimwishlist:item=1541324871&perks=2719770986,1431678320,1782407750,1966281507
dimwishlist:item=1541324871&perks=2719770986,1431678320,1782407750,1592669035
dimwishlist:item=1541324871&perks=2719770986,1431678320,2241043034,3640170453
dimwishlist:item=1541324871&perks=2719770986,1431678320,2241043034,1817983009
dimwishlist:item=1541324871&perks=2719770986,1431678320,2241043034,1966281507
dimwishlist:item=1541324871&perks=2719770986,1431678320,2241043034,1592669035
dimwishlist:item=1541324871&perks=2719770986,1431678320,2396489472,3640170453
dimwishlist:item=1541324871&perks=2719770986,1431678320,2396489472,1817983009
dimwishlist:item=1541324871&perks=2719770986,1431678320,2396489472,1966281507
dimwishlist:item=1541324871&perks=2719770986,1431678320,2396489472,1592669035
dimwishlist:item=1541324871&perks=2719770986,1431678320,598607952,3640170453
dimwishlist:item=1541324871&perks=2719770986,1431678320,598607952,1817983009
dimwishlist:item=1541324871&perks=2719770986,1431678320,598607952,1966281507
dimwishlist:item=1541324871&perks=2719770986,1431678320,598607952,1592669035
dimwishlist:item=1541324871&perks=2719770986,550838496,923806249,3640170453
dimwishlist:item=1541324871&perks=2719770986,550838496,923806249,1817983009
dimwishlist:item=1541324871&perks=2719770986,550838496,923806249,1966281507
dimwishlist:item=1541324871&perks=2719770986,550838496,923806249,1592669035
dimwishlist:item=1541324871&perks=2719770986,550838496,3422796781,3640170453
dimwishlist:item=1541324871&perks=2719770986,550838496,3422796781,1817983009
dimwishlist:item=1541324871&perks=2719770986,550838496,3422796781,1966281507
dimwishlist:item=1541324871&perks=2719770986,550838496,3422796781,1592669035
dimwishlist:item=1541324871&perks=2719770986,550838496,1782407750,3640170453
dimwishlist:item=1541324871&perks=2719770986,550838496,1782407750,1817983009
dimwishlist:item=1541324871&perks=2719770986,550838496,1782407750,1966281507
dimwishlist:item=1541324871&perks=2719770986,550838496,1782407750,1592669035
dimwishlist:item=1541324871&perks=2719770986,550838496,2241043034,3640170453
dimwishlist:item=1541324871&perks=2719770986,550838496,2241043034,1817983009
dimwishlist:item=1541324871&perks=2719770986,550838496,2241043034,1966281507
dimwishlist:item=1541324871&perks=2719770986,550838496,2241043034,1592669035
dimwishlist:item=1541324871&perks=2719770986,550838496,2396489472,3640170453
dimwishlist:item=1541324871&perks=2719770986,550838496,2396489472,1817983009
dimwishlist:item=1541324871&perks=2719770986,550838496,2396489472,1966281507
dimwishlist:item=1541324871&perks=2719770986,550838496,2396489472,1592669035
dimwishlist:item=1541324871&perks=2719770986,550838496,598607952,3640170453
dimwishlist:item=1541324871&perks=2719770986,550838496,598607952,1817983009
dimwishlist:item=1541324871&perks=2719770986,550838496,598607952,1966281507
dimwishlist:item=1541324871&perks=2719770986,550838496,598607952,1592669035
dimwishlist:item=1541324871&perks=2719770986,3721627275,923806249,3640170453
dimwishlist:item=1541324871&perks=2719770986,3721627275,923806249,1817983009
dimwishlist:item=1541324871&perks=2719770986,3721627275,923806249,1966281507
dimwishlist:item=1541324871&perks=2719770986,3721627275,923806249,1592669035
dimwishlist:item=1541324871&perks=2719770986,3721627275,3422796781,3640170453
dimwishlist:item=1541324871&perks=2719770986,3721627275,3422796781,1817983009
dimwishlist:item=1541324871&perks=2719770986,3721627275,3422796781,1966281507
dimwishlist:item=1541324871&perks=2719770986,3721627275,3422796781,1592669035
dimwishlist:item=1541324871&perks=2719770986,3721627275,1782407750,3640170453
dimwishlist:item=1541324871&perks=2719770986,3721627275,1782407750,1817983009
dimwishlist:item=1541324871&perks=2719770986,3721627275,1782407750,1966281507
dimwishlist:item=1541324871&perks=2719770986,3721627275,1782407750,1592669035
dimwishlist:item=1541324871&perks=2719770986,3721627275,2241043034,3640170453
dimwishlist:item=1541324871&perks=2719770986,3721627275,2241043034,1817983009
dimwishlist:item=1541324871&perks=2719770986,3721627275,2241043034,1966281507
dimwishlist:item=1541324871&perks=2719770986,3721627275,2241043034,1592669035
dimwishlist:item=1541324871&perks=2719770986,3721627275,2396489472,3640170453
dimwishlist:item=1541324871&perks=2719770986,3721627275,2396489472,1817983009
dimwishlist:item=1541324871&perks=2719770986,3721627275,2396489472,1966281507
dimwishlist:item=1541324871&perks=2719770986,3721627275,2396489472,1592669035
dimwishlist:item=1541324871&perks=2719770986,3721627275,598607952,3640170453
dimwishlist:item=1541324871&perks=2719770986,3721627275,598607952,1817983009
dimwishlist:item=1541324871&perks=2719770986,3721627275,598607952,1966281507
dimwishlist:item=1541324871&perks=2719770986,3721627275,598607952,1592669035
dimwishlist:item=1541324871&perks=2719770986,714384243,923806249,3640170453
dimwishlist:item=1541324871&perks=2719770986,714384243,923806249,1817983009
dimwishlist:item=1541324871&perks=2719770986,714384243,923806249,1966281507
dimwishlist:item=1541324871&perks=2719770986,714384243,923806249,1592669035
dimwishlist:item=1541324871&perks=2719770986,714384243,3422796781,3640170453
dimwishlist:item=1541324871&perks=2719770986,714384243,3422796781,1817983009
dimwishlist:item=1541324871&perks=2719770986,714384243,3422796781,1966281507
dimwishlist:item=1541324871&perks=2719770986,714384243,3422796781,1592669035
dimwishlist:item=1541324871&perks=2719770986,714384243,1782407750,3640170453
dimwishlist:item=1541324871&perks=2719770986,714384243,1782407750,1817983009
dimwishlist:item=1541324871&perks=2719770986,714384243,1782407750,1966281507
dimwishlist:item=1541324871&perks=2719770986,714384243,1782407750,1592669035
dimwishlist:item=1541324871&perks=2719770986,714384243,2241043034,3640170453
dimwishlist:item=1541324871&perks=2719770986,714384243,2241043034,1817983009
dimwishlist:item=1541324871&perks=2719770986,714384243,2241043034,1966281507
dimwishlist:item=1541324871&perks=2719770986,714384243,2241043034,1592669035
dimwishlist:item=1541324871&perks=2719770986,714384243,2396489472,3640170453
dimwishlist:item=1541324871&perks=2719770986,714384243,2396489472,1817983009
dimwishlist:item=1541324871&perks=2719770986,714384243,2396489472,1966281507
dimwishlist:item=1541324871&perks=2719770986,714384243,2396489472,1592669035
dimwishlist:item=1541324871&perks=2719770986,714384243,598607952,3640170453
dimwishlist:item=1541324871&perks=2719770986,714384243,598607952,1817983009
dimwishlist:item=1541324871&perks=2719770986,714384243,598607952,1966281507
dimwishlist:item=1541324871&perks=2719770986,714384243,598607952,1592669035


//Rake Angle
//notes:Aegis Top Stasis Glaive: S Tier. Best With 'Problem Solver' Origin Trait. MW: Shield Duration
dimwishlist:item=2298039571&perks=580685494,1431678320,3643424744,2978966579
dimwishlist:item=2298039571&perks=580685494,1431678320,3643424744,344235611
dimwishlist:item=2298039571&perks=580685494,1431678320,3643424744,1782407750
dimwishlist:item=2298039571&perks=580685494,1431678320,3643424744,2241043034
dimwishlist:item=2298039571&perks=580685494,1431678320,2682205016,2978966579
dimwishlist:item=2298039571&perks=580685494,1431678320,2682205016,344235611
dimwishlist:item=2298039571&perks=580685494,1431678320,2682205016,1782407750
dimwishlist:item=2298039571&perks=580685494,1431678320,2682205016,2241043034
dimwishlist:item=2298039571&perks=580685494,1431678320,1556840489,2978966579
dimwishlist:item=2298039571&perks=580685494,1431678320,1556840489,344235611
dimwishlist:item=2298039571&perks=580685494,1431678320,1556840489,1782407750
dimwishlist:item=2298039571&perks=580685494,1431678320,1556840489,2241043034
dimwishlist:item=2298039571&perks=580685494,1431678320,3442762221,2978966579
dimwishlist:item=2298039571&perks=580685494,1431678320,3442762221,344235611
dimwishlist:item=2298039571&perks=580685494,1431678320,3442762221,1782407750
dimwishlist:item=2298039571&perks=580685494,1431678320,3442762221,2241043034
dimwishlist:item=2298039571&perks=580685494,1431678320,1955165503,2978966579
dimwishlist:item=2298039571&perks=580685494,1431678320,1955165503,344235611
dimwishlist:item=2298039571&perks=580685494,1431678320,1955165503,1782407750
dimwishlist:item=2298039571&perks=580685494,1431678320,1955165503,2241043034
dimwishlist:item=2298039571&perks=580685494,1431678320,2617553311,2978966579
dimwishlist:item=2298039571&perks=580685494,1431678320,2617553311,344235611
dimwishlist:item=2298039571&perks=580685494,1431678320,2617553311,1782407750
dimwishlist:item=2298039571&perks=580685494,1431678320,2617553311,2241043034
dimwishlist:item=2298039571&perks=580685494,550838496,3643424744,2978966579
dimwishlist:item=2298039571&perks=580685494,550838496,3643424744,344235611
dimwishlist:item=2298039571&perks=580685494,550838496,3643424744,1782407750
dimwishlist:item=2298039571&perks=580685494,550838496,3643424744,2241043034
dimwishlist:item=2298039571&perks=580685494,550838496,2682205016,2978966579
dimwishlist:item=2298039571&perks=580685494,550838496,2682205016,344235611
dimwishlist:item=2298039571&perks=580685494,550838496,2682205016,1782407750
dimwishlist:item=2298039571&perks=580685494,550838496,2682205016,2241043034
dimwishlist:item=2298039571&perks=580685494,550838496,1556840489,2978966579
dimwishlist:item=2298039571&perks=580685494,550838496,1556840489,344235611
dimwishlist:item=2298039571&perks=580685494,550838496,1556840489,1782407750
dimwishlist:item=2298039571&perks=580685494,550838496,1556840489,2241043034
dimwishlist:item=2298039571&perks=580685494,550838496,3442762221,2978966579
dimwishlist:item=2298039571&perks=580685494,550838496,3442762221,344235611
dimwishlist:item=2298039571&perks=580685494,550838496,3442762221,1782407750
dimwishlist:item=2298039571&perks=580685494,550838496,3442762221,2241043034
dimwishlist:item=2298039571&perks=580685494,550838496,1955165503,2978966579
dimwishlist:item=2298039571&perks=580685494,550838496,1955165503,344235611
dimwishlist:item=2298039571&perks=580685494,550838496,1955165503,1782407750
dimwishlist:item=2298039571&perks=580685494,550838496,1955165503,2241043034
dimwishlist:item=2298039571&perks=580685494,550838496,2617553311,2978966579
dimwishlist:item=2298039571&perks=580685494,550838496,2617553311,344235611
dimwishlist:item=2298039571&perks=580685494,550838496,2617553311,1782407750
dimwishlist:item=2298039571&perks=580685494,550838496,2617553311,2241043034
dimwishlist:item=2298039571&perks=580685494,3721627275,3643424744,2978966579
dimwishlist:item=2298039571&perks=580685494,3721627275,3643424744,344235611
dimwishlist:item=2298039571&perks=580685494,3721627275,3643424744,1782407750
dimwishlist:item=2298039571&perks=580685494,3721627275,3643424744,2241043034
dimwishlist:item=2298039571&perks=580685494,3721627275,2682205016,2978966579
dimwishlist:item=2298039571&perks=580685494,3721627275,2682205016,344235611
dimwishlist:item=2298039571&perks=580685494,3721627275,2682205016,1782407750
dimwishlist:item=2298039571&perks=580685494,3721627275,2682205016,2241043034
dimwishlist:item=2298039571&perks=580685494,3721627275,1556840489,2978966579
dimwishlist:item=2298039571&perks=580685494,3721627275,1556840489,344235611
dimwishlist:item=2298039571&perks=580685494,3721627275,1556840489,1782407750
dimwishlist:item=2298039571&perks=580685494,3721627275,1556840489,2241043034
dimwishlist:item=2298039571&perks=580685494,3721627275,3442762221,2978966579
dimwishlist:item=2298039571&perks=580685494,3721627275,3442762221,344235611
dimwishlist:item=2298039571&perks=580685494,3721627275,3442762221,1782407750
dimwishlist:item=2298039571&perks=580685494,3721627275,3442762221,2241043034
dimwishlist:item=2298039571&perks=580685494,3721627275,1955165503,2978966579
dimwishlist:item=2298039571&perks=580685494,3721627275,1955165503,344235611
dimwishlist:item=2298039571&perks=580685494,3721627275,1955165503,1782407750
dimwishlist:item=2298039571&perks=580685494,3721627275,1955165503,2241043034
dimwishlist:item=2298039571&perks=580685494,3721627275,2617553311,2978966579
dimwishlist:item=2298039571&perks=580685494,3721627275,2617553311,344235611
dimwishlist:item=2298039571&perks=580685494,3721627275,2617553311,1782407750
dimwishlist:item=2298039571&perks=580685494,3721627275,2617553311,2241043034
dimwishlist:item=2298039571&perks=580685494,714384243,3643424744,2978966579
dimwishlist:item=2298039571&perks=580685494,714384243,3643424744,344235611
dimwishlist:item=2298039571&perks=580685494,714384243,3643424744,1782407750
dimwishlist:item=2298039571&perks=580685494,714384243,3643424744,2241043034
dimwishlist:item=2298039571&perks=580685494,714384243,2682205016,2978966579
dimwishlist:item=2298039571&perks=580685494,714384243,2682205016,344235611
dimwishlist:item=2298039571&perks=580685494,714384243,2682205016,1782407750
dimwishlist:item=2298039571&perks=580685494,714384243,2682205016,2241043034
dimwishlist:item=2298039571&perks=580685494,714384243,1556840489,2978966579
dimwishlist:item=2298039571&perks=580685494,714384243,1556840489,344235611
dimwishlist:item=2298039571&perks=580685494,714384243,1556840489,1782407750
dimwishlist:item=2298039571&perks=580685494,714384243,1556840489,2241043034
dimwishlist:item=2298039571&perks=580685494,714384243,3442762221,2978966579
dimwishlist:item=2298039571&perks=580685494,714384243,3442762221,344235611
dimwishlist:item=2298039571&perks=580685494,714384243,3442762221,1782407750
dimwishlist:item=2298039571&perks=580685494,714384243,3442762221,2241043034
dimwishlist:item=2298039571&perks=580685494,714384243,1955165503,2978966579
dimwishlist:item=2298039571&perks=580685494,714384243,1955165503,344235611
dimwishlist:item=2298039571&perks=580685494,714384243,1955165503,1782407750
dimwishlist:item=2298039571&perks=580685494,714384243,1955165503,2241043034
dimwishlist:item=2298039571&perks=580685494,714384243,2617553311,2978966579
dimwishlist:item=2298039571&perks=580685494,714384243,2617553311,344235611
dimwishlist:item=2298039571&perks=580685494,714384243,2617553311,1782407750
dimwishlist:item=2298039571&perks=580685494,714384243,2617553311,2241043034
dimwishlist:item=2298039571&perks=2719770986,1431678320,3643424744,2978966579
dimwishlist:item=2298039571&perks=2719770986,1431678320,3643424744,344235611
dimwishlist:item=2298039571&perks=2719770986,1431678320,3643424744,1782407750
dimwishlist:item=2298039571&perks=2719770986,1431678320,3643424744,2241043034
dimwishlist:item=2298039571&perks=2719770986,1431678320,2682205016,2978966579
dimwishlist:item=2298039571&perks=2719770986,1431678320,2682205016,344235611
dimwishlist:item=2298039571&perks=2719770986,1431678320,2682205016,1782407750
dimwishlist:item=2298039571&perks=2719770986,1431678320,2682205016,2241043034
dimwishlist:item=2298039571&perks=2719770986,1431678320,1556840489,2978966579
dimwishlist:item=2298039571&perks=2719770986,1431678320,1556840489,344235611
dimwishlist:item=2298039571&perks=2719770986,1431678320,1556840489,1782407750
dimwishlist:item=2298039571&perks=2719770986,1431678320,1556840489,2241043034
dimwishlist:item=2298039571&perks=2719770986,1431678320,3442762221,2978966579
dimwishlist:item=2298039571&perks=2719770986,1431678320,3442762221,344235611
dimwishlist:item=2298039571&perks=2719770986,1431678320,3442762221,1782407750
dimwishlist:item=2298039571&perks=2719770986,1431678320,3442762221,2241043034
dimwishlist:item=2298039571&perks=2719770986,1431678320,1955165503,2978966579
dimwishlist:item=2298039571&perks=2719770986,1431678320,1955165503,344235611
dimwishlist:item=2298039571&perks=2719770986,1431678320,1955165503,1782407750
dimwishlist:item=2298039571&perks=2719770986,1431678320,1955165503,2241043034
dimwishlist:item=2298039571&perks=2719770986,1431678320,2617553311,2978966579
dimwishlist:item=2298039571&perks=2719770986,1431678320,2617553311,344235611
dimwishlist:item=2298039571&perks=2719770986,1431678320,2617553311,1782407750
dimwishlist:item=2298039571&perks=2719770986,1431678320,2617553311,2241043034
dimwishlist:item=2298039571&perks=2719770986,550838496,3643424744,2978966579
dimwishlist:item=2298039571&perks=2719770986,550838496,3643424744,344235611
dimwishlist:item=2298039571&perks=2719770986,550838496,3643424744,1782407750
dimwishlist:item=2298039571&perks=2719770986,550838496,3643424744,2241043034
dimwishlist:item=2298039571&perks=2719770986,550838496,2682205016,2978966579
dimwishlist:item=2298039571&perks=2719770986,550838496,2682205016,344235611
dimwishlist:item=2298039571&perks=2719770986,550838496,2682205016,1782407750
dimwishlist:item=2298039571&perks=2719770986,550838496,2682205016,2241043034
dimwishlist:item=2298039571&perks=2719770986,550838496,1556840489,2978966579
dimwishlist:item=2298039571&perks=2719770986,550838496,1556840489,344235611
dimwishlist:item=2298039571&perks=2719770986,550838496,1556840489,1782407750
dimwishlist:item=2298039571&perks=2719770986,550838496,1556840489,2241043034
dimwishlist:item=2298039571&perks=2719770986,550838496,3442762221,2978966579
dimwishlist:item=2298039571&perks=2719770986,550838496,3442762221,344235611
dimwishlist:item=2298039571&perks=2719770986,550838496,3442762221,1782407750
dimwishlist:item=2298039571&perks=2719770986,550838496,3442762221,2241043034
dimwishlist:item=2298039571&perks=2719770986,550838496,1955165503,2978966579
dimwishlist:item=2298039571&perks=2719770986,550838496,1955165503,344235611
dimwishlist:item=2298039571&perks=2719770986,550838496,1955165503,1782407750
dimwishlist:item=2298039571&perks=2719770986,550838496,1955165503,2241043034
dimwishlist:item=2298039571&perks=2719770986,550838496,2617553311,2978966579
dimwishlist:item=2298039571&perks=2719770986,550838496,2617553311,344235611
dimwishlist:item=2298039571&perks=2719770986,550838496,2617553311,1782407750
dimwishlist:item=2298039571&perks=2719770986,550838496,2617553311,2241043034
dimwishlist:item=2298039571&perks=2719770986,3721627275,3643424744,2978966579
dimwishlist:item=2298039571&perks=2719770986,3721627275,3643424744,344235611
dimwishlist:item=2298039571&perks=2719770986,3721627275,3643424744,1782407750
dimwishlist:item=2298039571&perks=2719770986,3721627275,3643424744,2241043034
dimwishlist:item=2298039571&perks=2719770986,3721627275,2682205016,2978966579
dimwishlist:item=2298039571&perks=2719770986,3721627275,2682205016,344235611
dimwishlist:item=2298039571&perks=2719770986,3721627275,2682205016,1782407750
dimwishlist:item=2298039571&perks=2719770986,3721627275,2682205016,2241043034
dimwishlist:item=2298039571&perks=2719770986,3721627275,1556840489,2978966579
dimwishlist:item=2298039571&perks=2719770986,3721627275,1556840489,344235611
dimwishlist:item=2298039571&perks=2719770986,3721627275,1556840489,1782407750
dimwishlist:item=2298039571&perks=2719770986,3721627275,1556840489,2241043034
dimwishlist:item=2298039571&perks=2719770986,3721627275,3442762221,2978966579
dimwishlist:item=2298039571&perks=2719770986,3721627275,3442762221,344235611
dimwishlist:item=2298039571&perks=2719770986,3721627275,3442762221,1782407750
dimwishlist:item=2298039571&perks=2719770986,3721627275,3442762221,2241043034
dimwishlist:item=2298039571&perks=2719770986,3721627275,1955165503,2978966579
dimwishlist:item=2298039571&perks=2719770986,3721627275,1955165503,344235611
dimwishlist:item=2298039571&perks=2719770986,3721627275,1955165503,1782407750
dimwishlist:item=2298039571&perks=2719770986,3721627275,1955165503,2241043034
dimwishlist:item=2298039571&perks=2719770986,3721627275,2617553311,2978966579
dimwishlist:item=2298039571&perks=2719770986,3721627275,2617553311,344235611
dimwishlist:item=2298039571&perks=2719770986,3721627275,2617553311,1782407750
dimwishlist:item=2298039571&perks=2719770986,3721627275,2617553311,2241043034
dimwishlist:item=2298039571&perks=2719770986,714384243,3643424744,2978966579
dimwishlist:item=2298039571&perks=2719770986,714384243,3643424744,344235611
dimwishlist:item=2298039571&perks=2719770986,714384243,3643424744,1782407750
dimwishlist:item=2298039571&perks=2719770986,714384243,3643424744,2241043034
dimwishlist:item=2298039571&perks=2719770986,714384243,2682205016,2978966579
dimwishlist:item=2298039571&perks=2719770986,714384243,2682205016,344235611
dimwishlist:item=2298039571&perks=2719770986,714384243,2682205016,1782407750
dimwishlist:item=2298039571&perks=2719770986,714384243,2682205016,2241043034
dimwishlist:item=2298039571&perks=2719770986,714384243,1556840489,2978966579
dimwishlist:item=2298039571&perks=2719770986,714384243,1556840489,344235611
dimwishlist:item=2298039571&perks=2719770986,714384243,1556840489,1782407750
dimwishlist:item=2298039571&perks=2719770986,714384243,1556840489,2241043034
dimwishlist:item=2298039571&perks=2719770986,714384243,3442762221,2978966579
dimwishlist:item=2298039571&perks=2719770986,714384243,3442762221,344235611
dimwishlist:item=2298039571&perks=2719770986,714384243,3442762221,1782407750
dimwishlist:item=2298039571&perks=2719770986,714384243,3442762221,2241043034
dimwishlist:item=2298039571&perks=2719770986,714384243,1955165503,2978966579
dimwishlist:item=2298039571&perks=2719770986,714384243,1955165503,344235611
dimwishlist:item=2298039571&perks=2719770986,714384243,1955165503,1782407750
dimwishlist:item=2298039571&perks=2719770986,714384243,1955165503,2241043034
dimwishlist:item=2298039571&perks=2719770986,714384243,2617553311,2978966579
dimwishlist:item=2298039571&perks=2719770986,714384243,2617553311,344235611
dimwishlist:item=2298039571&perks=2719770986,714384243,2617553311,1782407750
dimwishlist:item=2298039571&perks=2719770986,714384243,2617553311,2241043034
dimwishlist:item=3997086838&perks=580685494,1431678320,3643424744,2978966579
dimwishlist:item=3997086838&perks=580685494,1431678320,3643424744,344235611
dimwishlist:item=3997086838&perks=580685494,1431678320,3643424744,1782407750
dimwishlist:item=3997086838&perks=580685494,1431678320,3643424744,2241043034
dimwishlist:item=3997086838&perks=580685494,1431678320,2682205016,2978966579
dimwishlist:item=3997086838&perks=580685494,1431678320,2682205016,344235611
dimwishlist:item=3997086838&perks=580685494,1431678320,2682205016,1782407750
dimwishlist:item=3997086838&perks=580685494,1431678320,2682205016,2241043034
dimwishlist:item=3997086838&perks=580685494,1431678320,1556840489,2978966579
dimwishlist:item=3997086838&perks=580685494,1431678320,1556840489,344235611
dimwishlist:item=3997086838&perks=580685494,1431678320,1556840489,1782407750
dimwishlist:item=3997086838&perks=580685494,1431678320,1556840489,2241043034
dimwishlist:item=3997086838&perks=580685494,1431678320,3442762221,2978966579
dimwishlist:item=3997086838&perks=580685494,1431678320,3442762221,344235611
dimwishlist:item=3997086838&perks=580685494,1431678320,3442762221,1782407750
dimwishlist:item=3997086838&perks=580685494,1431678320,3442762221,2241043034
dimwishlist:item=3997086838&perks=580685494,1431678320,1955165503,2978966579
dimwishlist:item=3997086838&perks=580685494,1431678320,1955165503,344235611
dimwishlist:item=3997086838&perks=580685494,1431678320,1955165503,1782407750
dimwishlist:item=3997086838&perks=580685494,1431678320,1955165503,2241043034
dimwishlist:item=3997086838&perks=580685494,1431678320,2617553311,2978966579
dimwishlist:item=3997086838&perks=580685494,1431678320,2617553311,344235611
dimwishlist:item=3997086838&perks=580685494,1431678320,2617553311,1782407750
dimwishlist:item=3997086838&perks=580685494,1431678320,2617553311,2241043034
dimwishlist:item=3997086838&perks=580685494,550838496,3643424744,2978966579
dimwishlist:item=3997086838&perks=580685494,550838496,3643424744,344235611
dimwishlist:item=3997086838&perks=580685494,550838496,3643424744,1782407750
dimwishlist:item=3997086838&perks=580685494,550838496,3643424744,2241043034
dimwishlist:item=3997086838&perks=580685494,550838496,2682205016,2978966579
dimwishlist:item=3997086838&perks=580685494,550838496,2682205016,344235611
dimwishlist:item=3997086838&perks=580685494,550838496,2682205016,1782407750
dimwishlist:item=3997086838&perks=580685494,550838496,2682205016,2241043034
dimwishlist:item=3997086838&perks=580685494,550838496,1556840489,2978966579
dimwishlist:item=3997086838&perks=580685494,550838496,1556840489,344235611
dimwishlist:item=3997086838&perks=580685494,550838496,1556840489,1782407750
dimwishlist:item=3997086838&perks=580685494,550838496,1556840489,2241043034
dimwishlist:item=3997086838&perks=580685494,550838496,3442762221,2978966579
dimwishlist:item=3997086838&perks=580685494,550838496,3442762221,344235611
dimwishlist:item=3997086838&perks=580685494,550838496,3442762221,1782407750
dimwishlist:item=3997086838&perks=580685494,550838496,3442762221,2241043034
dimwishlist:item=3997086838&perks=580685494,550838496,1955165503,2978966579
dimwishlist:item=3997086838&perks=580685494,550838496,1955165503,344235611
dimwishlist:item=3997086838&perks=580685494,550838496,1955165503,1782407750
dimwishlist:item=3997086838&perks=580685494,550838496,1955165503,2241043034
dimwishlist:item=3997086838&perks=580685494,550838496,2617553311,2978966579
dimwishlist:item=3997086838&perks=580685494,550838496,2617553311,344235611
dimwishlist:item=3997086838&perks=580685494,550838496,2617553311,1782407750
dimwishlist:item=3997086838&perks=580685494,550838496,2617553311,2241043034
dimwishlist:item=3997086838&perks=580685494,3721627275,3643424744,2978966579
dimwishlist:item=3997086838&perks=580685494,3721627275,3643424744,344235611
dimwishlist:item=3997086838&perks=580685494,3721627275,3643424744,1782407750
dimwishlist:item=3997086838&perks=580685494,3721627275,3643424744,2241043034
dimwishlist:item=3997086838&perks=580685494,3721627275,2682205016,2978966579
dimwishlist:item=3997086838&perks=580685494,3721627275,2682205016,344235611
dimwishlist:item=3997086838&perks=580685494,3721627275,2682205016,1782407750
dimwishlist:item=3997086838&perks=580685494,3721627275,2682205016,2241043034
dimwishlist:item=3997086838&perks=580685494,3721627275,1556840489,2978966579
dimwishlist:item=3997086838&perks=580685494,3721627275,1556840489,344235611
dimwishlist:item=3997086838&perks=580685494,3721627275,1556840489,1782407750
dimwishlist:item=3997086838&perks=580685494,3721627275,1556840489,2241043034
dimwishlist:item=3997086838&perks=580685494,3721627275,3442762221,2978966579
dimwishlist:item=3997086838&perks=580685494,3721627275,3442762221,344235611
dimwishlist:item=3997086838&perks=580685494,3721627275,3442762221,1782407750
dimwishlist:item=3997086838&perks=580685494,3721627275,3442762221,2241043034
dimwishlist:item=3997086838&perks=580685494,3721627275,1955165503,2978966579
dimwishlist:item=3997086838&perks=580685494,3721627275,1955165503,344235611
dimwishlist:item=3997086838&perks=580685494,3721627275,1955165503,1782407750
dimwishlist:item=3997086838&perks=580685494,3721627275,1955165503,2241043034
dimwishlist:item=3997086838&perks=580685494,3721627275,2617553311,2978966579
dimwishlist:item=3997086838&perks=580685494,3721627275,2617553311,344235611
dimwishlist:item=3997086838&perks=580685494,3721627275,2617553311,1782407750
dimwishlist:item=3997086838&perks=580685494,3721627275,2617553311,2241043034
dimwishlist:item=3997086838&perks=580685494,714384243,3643424744,2978966579
dimwishlist:item=3997086838&perks=580685494,714384243,3643424744,344235611
dimwishlist:item=3997086838&perks=580685494,714384243,3643424744,1782407750
dimwishlist:item=3997086838&perks=580685494,714384243,3643424744,2241043034
dimwishlist:item=3997086838&perks=580685494,714384243,2682205016,2978966579
dimwishlist:item=3997086838&perks=580685494,714384243,2682205016,344235611
dimwishlist:item=3997086838&perks=580685494,714384243,2682205016,1782407750
dimwishlist:item=3997086838&perks=580685494,714384243,2682205016,2241043034
dimwishlist:item=3997086838&perks=580685494,714384243,1556840489,2978966579
dimwishlist:item=3997086838&perks=580685494,714384243,1556840489,344235611
dimwishlist:item=3997086838&perks=580685494,714384243,1556840489,1782407750
dimwishlist:item=3997086838&perks=580685494,714384243,1556840489,2241043034
dimwishlist:item=3997086838&perks=580685494,714384243,3442762221,2978966579
dimwishlist:item=3997086838&perks=580685494,714384243,3442762221,344235611
dimwishlist:item=3997086838&perks=580685494,714384243,3442762221,1782407750
dimwishlist:item=3997086838&perks=580685494,714384243,3442762221,2241043034
dimwishlist:item=3997086838&perks=580685494,714384243,1955165503,2978966579
dimwishlist:item=3997086838&perks=580685494,714384243,1955165503,344235611
dimwishlist:item=3997086838&perks=580685494,714384243,1955165503,1782407750
dimwishlist:item=3997086838&perks=580685494,714384243,1955165503,2241043034
dimwishlist:item=3997086838&perks=580685494,714384243,2617553311,2978966579
dimwishlist:item=3997086838&perks=580685494,714384243,2617553311,344235611
dimwishlist:item=3997086838&perks=580685494,714384243,2617553311,1782407750
dimwishlist:item=3997086838&perks=580685494,714384243,2617553311,2241043034
dimwishlist:item=3997086838&perks=2719770986,1431678320,3643424744,2978966579
dimwishlist:item=3997086838&perks=2719770986,1431678320,3643424744,344235611
dimwishlist:item=3997086838&perks=2719770986,1431678320,3643424744,1782407750
dimwishlist:item=3997086838&perks=2719770986,1431678320,3643424744,2241043034
dimwishlist:item=3997086838&perks=2719770986,1431678320,2682205016,2978966579
dimwishlist:item=3997086838&perks=2719770986,1431678320,2682205016,344235611
dimwishlist:item=3997086838&perks=2719770986,1431678320,2682205016,1782407750
dimwishlist:item=3997086838&perks=2719770986,1431678320,2682205016,2241043034
dimwishlist:item=3997086838&perks=2719770986,1431678320,1556840489,2978966579
dimwishlist:item=3997086838&perks=2719770986,1431678320,1556840489,344235611
dimwishlist:item=3997086838&perks=2719770986,1431678320,1556840489,1782407750
dimwishlist:item=3997086838&perks=2719770986,1431678320,1556840489,2241043034
dimwishlist:item=3997086838&perks=2719770986,1431678320,3442762221,2978966579
dimwishlist:item=3997086838&perks=2719770986,1431678320,3442762221,344235611
dimwishlist:item=3997086838&perks=2719770986,1431678320,3442762221,1782407750
dimwishlist:item=3997086838&perks=2719770986,1431678320,3442762221,2241043034
dimwishlist:item=3997086838&perks=2719770986,1431678320,1955165503,2978966579
dimwishlist:item=3997086838&perks=2719770986,1431678320,1955165503,344235611
dimwishlist:item=3997086838&perks=2719770986,1431678320,1955165503,1782407750
dimwishlist:item=3997086838&perks=2719770986,1431678320,1955165503,2241043034
dimwishlist:item=3997086838&perks=2719770986,1431678320,2617553311,2978966579
dimwishlist:item=3997086838&perks=2719770986,1431678320,2617553311,344235611
dimwishlist:item=3997086838&perks=2719770986,1431678320,2617553311,1782407750
dimwishlist:item=3997086838&perks=2719770986,1431678320,2617553311,2241043034
dimwishlist:item=3997086838&perks=2719770986,550838496,3643424744,2978966579
dimwishlist:item=3997086838&perks=2719770986,550838496,3643424744,344235611
dimwishlist:item=3997086838&perks=2719770986,550838496,3643424744,1782407750
dimwishlist:item=3997086838&perks=2719770986,550838496,3643424744,2241043034
dimwishlist:item=3997086838&perks=2719770986,550838496,2682205016,2978966579
dimwishlist:item=3997086838&perks=2719770986,550838496,2682205016,344235611
dimwishlist:item=3997086838&perks=2719770986,550838496,2682205016,1782407750
dimwishlist:item=3997086838&perks=2719770986,550838496,2682205016,2241043034
dimwishlist:item=3997086838&perks=2719770986,550838496,1556840489,2978966579
dimwishlist:item=3997086838&perks=2719770986,550838496,1556840489,344235611
dimwishlist:item=3997086838&perks=2719770986,550838496,1556840489,1782407750
dimwishlist:item=3997086838&perks=2719770986,550838496,1556840489,2241043034
dimwishlist:item=3997086838&perks=2719770986,550838496,3442762221,2978966579
dimwishlist:item=3997086838&perks=2719770986,550838496,3442762221,344235611
dimwishlist:item=3997086838&perks=2719770986,550838496,3442762221,1782407750
dimwishlist:item=3997086838&perks=2719770986,550838496,3442762221,2241043034
dimwishlist:item=3997086838&perks=2719770986,550838496,1955165503,2978966579
dimwishlist:item=3997086838&perks=2719770986,550838496,1955165503,344235611
dimwishlist:item=3997086838&perks=2719770986,550838496,1955165503,1782407750
dimwishlist:item=3997086838&perks=2719770986,550838496,1955165503,2241043034
dimwishlist:item=3997086838&perks=2719770986,550838496,2617553311,2978966579
dimwishlist:item=3997086838&perks=2719770986,550838496,2617553311,344235611
dimwishlist:item=3997086838&perks=2719770986,550838496,2617553311,1782407750
dimwishlist:item=3997086838&perks=2719770986,550838496,2617553311,2241043034
dimwishlist:item=3997086838&perks=2719770986,3721627275,3643424744,2978966579
dimwishlist:item=3997086838&perks=2719770986,3721627275,3643424744,344235611
dimwishlist:item=3997086838&perks=2719770986,3721627275,3643424744,1782407750
dimwishlist:item=3997086838&perks=2719770986,3721627275,3643424744,2241043034
dimwishlist:item=3997086838&perks=2719770986,3721627275,2682205016,2978966579
dimwishlist:item=3997086838&perks=2719770986,3721627275,2682205016,344235611
dimwishlist:item=3997086838&perks=2719770986,3721627275,2682205016,1782407750
dimwishlist:item=3997086838&perks=2719770986,3721627275,2682205016,2241043034
dimwishlist:item=3997086838&perks=2719770986,3721627275,1556840489,2978966579
dimwishlist:item=3997086838&perks=2719770986,3721627275,1556840489,344235611
dimwishlist:item=3997086838&perks=2719770986,3721627275,1556840489,1782407750
dimwishlist:item=3997086838&perks=2719770986,3721627275,1556840489,2241043034
dimwishlist:item=3997086838&perks=2719770986,3721627275,3442762221,2978966579
dimwishlist:item=3997086838&perks=2719770986,3721627275,3442762221,344235611
dimwishlist:item=3997086838&perks=2719770986,3721627275,3442762221,1782407750
dimwishlist:item=3997086838&perks=2719770986,3721627275,3442762221,2241043034
dimwishlist:item=3997086838&perks=2719770986,3721627275,1955165503,2978966579
dimwishlist:item=3997086838&perks=2719770986,3721627275,1955165503,344235611
dimwishlist:item=3997086838&perks=2719770986,3721627275,1955165503,1782407750
dimwishlist:item=3997086838&perks=2719770986,3721627275,1955165503,2241043034
dimwishlist:item=3997086838&perks=2719770986,3721627275,2617553311,2978966579
dimwishlist:item=3997086838&perks=2719770986,3721627275,2617553311,344235611
dimwishlist:item=3997086838&perks=2719770986,3721627275,2617553311,1782407750
dimwishlist:item=3997086838&perks=2719770986,3721627275,2617553311,2241043034
dimwishlist:item=3997086838&perks=2719770986,714384243,3643424744,2978966579
dimwishlist:item=3997086838&perks=2719770986,714384243,3643424744,344235611
dimwishlist:item=3997086838&perks=2719770986,714384243,3643424744,1782407750
dimwishlist:item=3997086838&perks=2719770986,714384243,3643424744,2241043034
dimwishlist:item=3997086838&perks=2719770986,714384243,2682205016,2978966579
dimwishlist:item=3997086838&perks=2719770986,714384243,2682205016,344235611
dimwishlist:item=3997086838&perks=2719770986,714384243,2682205016,1782407750
dimwishlist:item=3997086838&perks=2719770986,714384243,2682205016,2241043034
dimwishlist:item=3997086838&perks=2719770986,714384243,1556840489,2978966579
dimwishlist:item=3997086838&perks=2719770986,714384243,1556840489,344235611
dimwishlist:item=3997086838&perks=2719770986,714384243,1556840489,1782407750
dimwishlist:item=3997086838&perks=2719770986,714384243,1556840489,2241043034
dimwishlist:item=3997086838&perks=2719770986,714384243,3442762221,2978966579
dimwishlist:item=3997086838&perks=2719770986,714384243,3442762221,344235611
dimwishlist:item=3997086838&perks=2719770986,714384243,3442762221,1782407750
dimwishlist:item=3997086838&perks=2719770986,714384243,3442762221,2241043034
dimwishlist:item=3997086838&perks=2719770986,714384243,1955165503,2978966579
dimwishlist:item=3997086838&perks=2719770986,714384243,1955165503,344235611
dimwishlist:item=3997086838&perks=2719770986,714384243,1955165503,1782407750
dimwishlist:item=3997086838&perks=2719770986,714384243,1955165503,2241043034
dimwishlist:item=3997086838&perks=2719770986,714384243,2617553311,2978966579
dimwishlist:item=3997086838&perks=2719770986,714384243,2617553311,344235611
dimwishlist:item=3997086838&perks=2719770986,714384243,2617553311,1782407750
dimwishlist:item=3997086838&perks=2719770986,714384243,2617553311,2241043034
dimwishlist:item=2201323795&perks=580685494,1431678320,3643424744,2978966579
dimwishlist:item=2201323795&perks=580685494,1431678320,3643424744,344235611
dimwishlist:item=2201323795&perks=580685494,1431678320,3643424744,1782407750
dimwishlist:item=2201323795&perks=580685494,1431678320,3643424744,2241043034
dimwishlist:item=2201323795&perks=580685494,1431678320,2682205016,2978966579
dimwishlist:item=2201323795&perks=580685494,1431678320,2682205016,344235611
dimwishlist:item=2201323795&perks=580685494,1431678320,2682205016,1782407750
dimwishlist:item=2201323795&perks=580685494,1431678320,2682205016,2241043034
dimwishlist:item=2201323795&perks=580685494,1431678320,1556840489,2978966579
dimwishlist:item=2201323795&perks=580685494,1431678320,1556840489,344235611
dimwishlist:item=2201323795&perks=580685494,1431678320,1556840489,1782407750
dimwishlist:item=2201323795&perks=580685494,1431678320,1556840489,2241043034
dimwishlist:item=2201323795&perks=580685494,1431678320,3442762221,2978966579
dimwishlist:item=2201323795&perks=580685494,1431678320,3442762221,344235611
dimwishlist:item=2201323795&perks=580685494,1431678320,3442762221,1782407750
dimwishlist:item=2201323795&perks=580685494,1431678320,3442762221,2241043034
dimwishlist:item=2201323795&perks=580685494,1431678320,1955165503,2978966579
dimwishlist:item=2201323795&perks=580685494,1431678320,1955165503,344235611
dimwishlist:item=2201323795&perks=580685494,1431678320,1955165503,1782407750
dimwishlist:item=2201323795&perks=580685494,1431678320,1955165503,2241043034
dimwishlist:item=2201323795&perks=580685494,1431678320,2617553311,2978966579
dimwishlist:item=2201323795&perks=580685494,1431678320,2617553311,344235611
dimwishlist:item=2201323795&perks=580685494,1431678320,2617553311,1782407750
dimwishlist:item=2201323795&perks=580685494,1431678320,2617553311,2241043034
dimwishlist:item=2201323795&perks=580685494,550838496,3643424744,2978966579
dimwishlist:item=2201323795&perks=580685494,550838496,3643424744,344235611
dimwishlist:item=2201323795&perks=580685494,550838496,3643424744,1782407750
dimwishlist:item=2201323795&perks=580685494,550838496,3643424744,2241043034
dimwishlist:item=2201323795&perks=580685494,550838496,2682205016,2978966579
dimwishlist:item=2201323795&perks=580685494,550838496,2682205016,344235611
dimwishlist:item=2201323795&perks=580685494,550838496,2682205016,1782407750
dimwishlist:item=2201323795&perks=580685494,550838496,2682205016,2241043034
dimwishlist:item=2201323795&perks=580685494,550838496,1556840489,2978966579
dimwishlist:item=2201323795&perks=580685494,550838496,1556840489,344235611
dimwishlist:item=2201323795&perks=580685494,550838496,1556840489,1782407750
dimwishlist:item=2201323795&perks=580685494,550838496,1556840489,2241043034
dimwishlist:item=2201323795&perks=580685494,550838496,3442762221,2978966579
dimwishlist:item=2201323795&perks=580685494,550838496,3442762221,344235611
dimwishlist:item=2201323795&perks=580685494,550838496,3442762221,1782407750
dimwishlist:item=2201323795&perks=580685494,550838496,3442762221,2241043034
dimwishlist:item=2201323795&perks=580685494,550838496,1955165503,2978966579
dimwishlist:item=2201323795&perks=580685494,550838496,1955165503,344235611
dimwishlist:item=2201323795&perks=580685494,550838496,1955165503,1782407750
dimwishlist:item=2201323795&perks=580685494,550838496,1955165503,2241043034
dimwishlist:item=2201323795&perks=580685494,550838496,2617553311,2978966579
dimwishlist:item=2201323795&perks=580685494,550838496,2617553311,344235611
dimwishlist:item=2201323795&perks=580685494,550838496,2617553311,1782407750
dimwishlist:item=2201323795&perks=580685494,550838496,2617553311,2241043034
dimwishlist:item=2201323795&perks=580685494,3721627275,3643424744,2978966579
dimwishlist:item=2201323795&perks=580685494,3721627275,3643424744,344235611
dimwishlist:item=2201323795&perks=580685494,3721627275,3643424744,1782407750
dimwishlist:item=2201323795&perks=580685494,3721627275,3643424744,2241043034
dimwishlist:item=2201323795&perks=580685494,3721627275,2682205016,2978966579
dimwishlist:item=2201323795&perks=580685494,3721627275,2682205016,344235611
dimwishlist:item=2201323795&perks=580685494,3721627275,2682205016,1782407750
dimwishlist:item=2201323795&perks=580685494,3721627275,2682205016,2241043034
dimwishlist:item=2201323795&perks=580685494,3721627275,1556840489,2978966579
dimwishlist:item=2201323795&perks=580685494,3721627275,1556840489,344235611
dimwishlist:item=2201323795&perks=580685494,3721627275,1556840489,1782407750
dimwishlist:item=2201323795&perks=580685494,3721627275,1556840489,2241043034
dimwishlist:item=2201323795&perks=580685494,3721627275,3442762221,2978966579
dimwishlist:item=2201323795&perks=580685494,3721627275,3442762221,344235611
dimwishlist:item=2201323795&perks=580685494,3721627275,3442762221,1782407750
dimwishlist:item=2201323795&perks=580685494,3721627275,3442762221,2241043034
dimwishlist:item=2201323795&perks=580685494,3721627275,1955165503,2978966579
dimwishlist:item=2201323795&perks=580685494,3721627275,1955165503,344235611
dimwishlist:item=2201323795&perks=580685494,3721627275,1955165503,1782407750
dimwishlist:item=2201323795&perks=580685494,3721627275,1955165503,2241043034
dimwishlist:item=2201323795&perks=580685494,3721627275,2617553311,2978966579
dimwishlist:item=2201323795&perks=580685494,3721627275,2617553311,344235611
dimwishlist:item=2201323795&perks=580685494,3721627275,2617553311,1782407750
dimwishlist:item=2201323795&perks=580685494,3721627275,2617553311,2241043034
dimwishlist:item=2201323795&perks=580685494,714384243,3643424744,2978966579
dimwishlist:item=2201323795&perks=580685494,714384243,3643424744,344235611
dimwishlist:item=2201323795&perks=580685494,714384243,3643424744,1782407750
dimwishlist:item=2201323795&perks=580685494,714384243,3643424744,2241043034
dimwishlist:item=2201323795&perks=580685494,714384243,2682205016,2978966579
dimwishlist:item=2201323795&perks=580685494,714384243,2682205016,344235611
dimwishlist:item=2201323795&perks=580685494,714384243,2682205016,1782407750
dimwishlist:item=2201323795&perks=580685494,714384243,2682205016,2241043034
dimwishlist:item=2201323795&perks=580685494,714384243,1556840489,2978966579
dimwishlist:item=2201323795&perks=580685494,714384243,1556840489,344235611
dimwishlist:item=2201323795&perks=580685494,714384243,1556840489,1782407750
dimwishlist:item=2201323795&perks=580685494,714384243,1556840489,2241043034
dimwishlist:item=2201323795&perks=580685494,714384243,3442762221,2978966579
dimwishlist:item=2201323795&perks=580685494,714384243,3442762221,344235611
dimwishlist:item=2201323795&perks=580685494,714384243,3442762221,1782407750
dimwishlist:item=2201323795&perks=580685494,714384243,3442762221,2241043034
dimwishlist:item=2201323795&perks=580685494,714384243,1955165503,2978966579
dimwishlist:item=2201323795&perks=580685494,714384243,1955165503,344235611
dimwishlist:item=2201323795&perks=580685494,714384243,1955165503,1782407750
dimwishlist:item=2201323795&perks=580685494,714384243,1955165503,2241043034
dimwishlist:item=2201323795&perks=580685494,714384243,2617553311,2978966579
dimwishlist:item=2201323795&perks=580685494,714384243,2617553311,344235611
dimwishlist:item=2201323795&perks=580685494,714384243,2617553311,1782407750
dimwishlist:item=2201323795&perks=580685494,714384243,2617553311,2241043034
dimwishlist:item=2201323795&perks=2719770986,1431678320,3643424744,2978966579
dimwishlist:item=2201323795&perks=2719770986,1431678320,3643424744,344235611
dimwishlist:item=2201323795&perks=2719770986,1431678320,3643424744,1782407750
dimwishlist:item=2201323795&perks=2719770986,1431678320,3643424744,2241043034
dimwishlist:item=2201323795&perks=2719770986,1431678320,2682205016,2978966579
dimwishlist:item=2201323795&perks=2719770986,1431678320,2682205016,344235611
dimwishlist:item=2201323795&perks=2719770986,1431678320,2682205016,1782407750
dimwishlist:item=2201323795&perks=2719770986,1431678320,2682205016,2241043034
dimwishlist:item=2201323795&perks=2719770986,1431678320,1556840489,2978966579
dimwishlist:item=2201323795&perks=2719770986,1431678320,1556840489,344235611
dimwishlist:item=2201323795&perks=2719770986,1431678320,1556840489,1782407750
dimwishlist:item=2201323795&perks=2719770986,1431678320,1556840489,2241043034
dimwishlist:item=2201323795&perks=2719770986,1431678320,3442762221,2978966579
dimwishlist:item=2201323795&perks=2719770986,1431678320,3442762221,344235611
dimwishlist:item=2201323795&perks=2719770986,1431678320,3442762221,1782407750
dimwishlist:item=2201323795&perks=2719770986,1431678320,3442762221,2241043034
dimwishlist:item=2201323795&perks=2719770986,1431678320,1955165503,2978966579
dimwishlist:item=2201323795&perks=2719770986,1431678320,1955165503,344235611
dimwishlist:item=2201323795&perks=2719770986,1431678320,1955165503,1782407750
dimwishlist:item=2201323795&perks=2719770986,1431678320,1955165503,2241043034
dimwishlist:item=2201323795&perks=2719770986,1431678320,2617553311,2978966579
dimwishlist:item=2201323795&perks=2719770986,1431678320,2617553311,344235611
dimwishlist:item=2201323795&perks=2719770986,1431678320,2617553311,1782407750
dimwishlist:item=2201323795&perks=2719770986,1431678320,2617553311,2241043034
dimwishlist:item=2201323795&perks=2719770986,550838496,3643424744,2978966579
dimwishlist:item=2201323795&perks=2719770986,550838496,3643424744,344235611
dimwishlist:item=2201323795&perks=2719770986,550838496,3643424744,1782407750
dimwishlist:item=2201323795&perks=2719770986,550838496,3643424744,2241043034
dimwishlist:item=2201323795&perks=2719770986,550838496,2682205016,2978966579
dimwishlist:item=2201323795&perks=2719770986,550838496,2682205016,344235611
dimwishlist:item=2201323795&perks=2719770986,550838496,2682205016,1782407750
dimwishlist:item=2201323795&perks=2719770986,550838496,2682205016,2241043034
dimwishlist:item=2201323795&perks=2719770986,550838496,1556840489,2978966579
dimwishlist:item=2201323795&perks=2719770986,550838496,1556840489,344235611
dimwishlist:item=2201323795&perks=2719770986,550838496,1556840489,1782407750
dimwishlist:item=2201323795&perks=2719770986,550838496,1556840489,2241043034
dimwishlist:item=2201323795&perks=2719770986,550838496,3442762221,2978966579
dimwishlist:item=2201323795&perks=2719770986,550838496,3442762221,344235611
dimwishlist:item=2201323795&perks=2719770986,550838496,3442762221,1782407750
dimwishlist:item=2201323795&perks=2719770986,550838496,3442762221,2241043034
dimwishlist:item=2201323795&perks=2719770986,550838496,1955165503,2978966579
dimwishlist:item=2201323795&perks=2719770986,550838496,1955165503,344235611
dimwishlist:item=2201323795&perks=2719770986,550838496,1955165503,1782407750
dimwishlist:item=2201323795&perks=2719770986,550838496,1955165503,2241043034
dimwishlist:item=2201323795&perks=2719770986,550838496,2617553311,2978966579
dimwishlist:item=2201323795&perks=2719770986,550838496,2617553311,344235611
dimwishlist:item=2201323795&perks=2719770986,550838496,2617553311,1782407750
dimwishlist:item=2201323795&perks=2719770986,550838496,2617553311,2241043034
dimwishlist:item=2201323795&perks=2719770986,3721627275,3643424744,2978966579
dimwishlist:item=2201323795&perks=2719770986,3721627275,3643424744,344235611
dimwishlist:item=2201323795&perks=2719770986,3721627275,3643424744,1782407750
dimwishlist:item=2201323795&perks=2719770986,3721627275,3643424744,2241043034
dimwishlist:item=2201323795&perks=2719770986,3721627275,2682205016,2978966579
dimwishlist:item=2201323795&perks=2719770986,3721627275,2682205016,344235611
dimwishlist:item=2201323795&perks=2719770986,3721627275,2682205016,1782407750
dimwishlist:item=2201323795&perks=2719770986,3721627275,2682205016,2241043034
dimwishlist:item=2201323795&perks=2719770986,3721627275,1556840489,2978966579
dimwishlist:item=2201323795&perks=2719770986,3721627275,1556840489,344235611
dimwishlist:item=2201323795&perks=2719770986,3721627275,1556840489,1782407750
dimwishlist:item=2201323795&perks=2719770986,3721627275,1556840489,2241043034
dimwishlist:item=2201323795&perks=2719770986,3721627275,3442762221,2978966579
dimwishlist:item=2201323795&perks=2719770986,3721627275,3442762221,344235611
dimwishlist:item=2201323795&perks=2719770986,3721627275,3442762221,1782407750
dimwishlist:item=2201323795&perks=2719770986,3721627275,3442762221,2241043034
dimwishlist:item=2201323795&perks=2719770986,3721627275,1955165503,2978966579
dimwishlist:item=2201323795&perks=2719770986,3721627275,1955165503,344235611
dimwishlist:item=2201323795&perks=2719770986,3721627275,1955165503,1782407750
dimwishlist:item=2201323795&perks=2719770986,3721627275,1955165503,2241043034
dimwishlist:item=2201323795&perks=2719770986,3721627275,2617553311,2978966579
dimwishlist:item=2201323795&perks=2719770986,3721627275,2617553311,344235611
dimwishlist:item=2201323795&perks=2719770986,3721627275,2617553311,1782407750
dimwishlist:item=2201323795&perks=2719770986,3721627275,2617553311,2241043034
dimwishlist:item=2201323795&perks=2719770986,714384243,3643424744,2978966579
dimwishlist:item=2201323795&perks=2719770986,714384243,3643424744,344235611
dimwishlist:item=2201323795&perks=2719770986,714384243,3643424744,1782407750
dimwishlist:item=2201323795&perks=2719770986,714384243,3643424744,2241043034
dimwishlist:item=2201323795&perks=2719770986,714384243,2682205016,2978966579
dimwishlist:item=2201323795&perks=2719770986,714384243,2682205016,344235611
dimwishlist:item=2201323795&perks=2719770986,714384243,2682205016,1782407750
dimwishlist:item=2201323795&perks=2719770986,714384243,2682205016,2241043034
dimwishlist:item=2201323795&perks=2719770986,714384243,1556840489,2978966579
dimwishlist:item=2201323795&perks=2719770986,714384243,1556840489,344235611
dimwishlist:item=2201323795&perks=2719770986,714384243,1556840489,1782407750
dimwishlist:item=2201323795&perks=2719770986,714384243,1556840489,2241043034
dimwishlist:item=2201323795&perks=2719770986,714384243,3442762221,2978966579
dimwishlist:item=2201323795&perks=2719770986,714384243,3442762221,344235611
dimwishlist:item=2201323795&perks=2719770986,714384243,3442762221,1782407750
dimwishlist:item=2201323795&perks=2719770986,714384243,3442762221,2241043034
dimwishlist:item=2201323795&perks=2719770986,714384243,1955165503,2978966579
dimwishlist:item=2201323795&perks=2719770986,714384243,1955165503,344235611
dimwishlist:item=2201323795&perks=2719770986,714384243,1955165503,1782407750
dimwishlist:item=2201323795&perks=2719770986,714384243,1955165503,2241043034
dimwishlist:item=2201323795&perks=2719770986,714384243,2617553311,2978966579
dimwishlist:item=2201323795&perks=2719770986,714384243,2617553311,344235611
dimwishlist:item=2201323795&perks=2719770986,714384243,2617553311,1782407750
dimwishlist:item=2201323795&perks=2719770986,714384243,2617553311,2241043034


//Psychopomp
//notes:Aegis Top Arc BGL: S Tier. Best With 'Heretical Behavior' Origin Trait. MW: Reload or Handling
dimwishlist:item=1835232052&perks=3525010810,2822142346,3300816228,3764420437
dimwishlist:item=1835232052&perks=3525010810,2822142346,3300816228,3192447905
dimwishlist:item=1835232052&perks=3525010810,2822142346,3300816228,2173046394
dimwishlist:item=1835232052&perks=3525010810,2822142346,3300816228,1720528630
dimwishlist:item=1835232052&perks=3525010810,2822142346,3300816228,654512643
dimwishlist:item=1835232052&perks=3525010810,2822142346,3300816228,4065965131
dimwishlist:item=1835232052&perks=3525010810,2822142346,3528046508,3764420437
dimwishlist:item=1835232052&perks=3525010810,2822142346,3528046508,3192447905
dimwishlist:item=1835232052&perks=3525010810,2822142346,3528046508,2173046394
dimwishlist:item=1835232052&perks=3525010810,2822142346,3528046508,1720528630
dimwishlist:item=1835232052&perks=3525010810,2822142346,3528046508,654512643
dimwishlist:item=1835232052&perks=3525010810,2822142346,3528046508,4065965131
dimwishlist:item=1835232052&perks=3525010810,2822142346,2360347339,3764420437
dimwishlist:item=1835232052&perks=3525010810,2822142346,2360347339,3192447905
dimwishlist:item=1835232052&perks=3525010810,2822142346,2360347339,2173046394
dimwishlist:item=1835232052&perks=3525010810,2822142346,2360347339,1720528630
dimwishlist:item=1835232052&perks=3525010810,2822142346,2360347339,654512643
dimwishlist:item=1835232052&perks=3525010810,2822142346,2360347339,4065965131
dimwishlist:item=1835232052&perks=3525010810,2822142346,4096144819,3764420437
dimwishlist:item=1835232052&perks=3525010810,2822142346,4096144819,3192447905
dimwishlist:item=1835232052&perks=3525010810,2822142346,4096144819,2173046394
dimwishlist:item=1835232052&perks=3525010810,2822142346,4096144819,1720528630
dimwishlist:item=1835232052&perks=3525010810,2822142346,4096144819,654512643
dimwishlist:item=1835232052&perks=3525010810,2822142346,4096144819,4065965131
dimwishlist:item=1835232052&perks=3525010810,2822142346,3218042543,3764420437
dimwishlist:item=1835232052&perks=3525010810,2822142346,3218042543,3192447905
dimwishlist:item=1835232052&perks=3525010810,2822142346,3218042543,2173046394
dimwishlist:item=1835232052&perks=3525010810,2822142346,3218042543,1720528630
dimwishlist:item=1835232052&perks=3525010810,2822142346,3218042543,654512643
dimwishlist:item=1835232052&perks=3525010810,2822142346,3218042543,4065965131
dimwishlist:item=1835232052&perks=3525010810,2822142346,2633604463,3764420437
dimwishlist:item=1835232052&perks=3525010810,2822142346,2633604463,3192447905
dimwishlist:item=1835232052&perks=3525010810,2822142346,2633604463,2173046394
dimwishlist:item=1835232052&perks=3525010810,2822142346,2633604463,1720528630
dimwishlist:item=1835232052&perks=3525010810,2822142346,2633604463,654512643
dimwishlist:item=1835232052&perks=3525010810,2822142346,2633604463,4065965131
dimwishlist:item=1835232052&perks=3525010810,2108812838,3300816228,3764420437
dimwishlist:item=1835232052&perks=3525010810,2108812838,3300816228,3192447905
dimwishlist:item=1835232052&perks=3525010810,2108812838,3300816228,2173046394
dimwishlist:item=1835232052&perks=3525010810,2108812838,3300816228,1720528630
dimwishlist:item=1835232052&perks=3525010810,2108812838,3300816228,654512643
dimwishlist:item=1835232052&perks=3525010810,2108812838,3300816228,4065965131
dimwishlist:item=1835232052&perks=3525010810,2108812838,3528046508,3764420437
dimwishlist:item=1835232052&perks=3525010810,2108812838,3528046508,3192447905
dimwishlist:item=1835232052&perks=3525010810,2108812838,3528046508,2173046394
dimwishlist:item=1835232052&perks=3525010810,2108812838,3528046508,1720528630
dimwishlist:item=1835232052&perks=3525010810,2108812838,3528046508,654512643
dimwishlist:item=1835232052&perks=3525010810,2108812838,3528046508,4065965131
dimwishlist:item=1835232052&perks=3525010810,2108812838,2360347339,3764420437
dimwishlist:item=1835232052&perks=3525010810,2108812838,2360347339,3192447905
dimwishlist:item=1835232052&perks=3525010810,2108812838,2360347339,2173046394
dimwishlist:item=1835232052&perks=3525010810,2108812838,2360347339,1720528630
dimwishlist:item=1835232052&perks=3525010810,2108812838,2360347339,654512643
dimwishlist:item=1835232052&perks=3525010810,2108812838,2360347339,4065965131
dimwishlist:item=1835232052&perks=3525010810,2108812838,4096144819,3764420437
dimwishlist:item=1835232052&perks=3525010810,2108812838,4096144819,3192447905
dimwishlist:item=1835232052&perks=3525010810,2108812838,4096144819,2173046394
dimwishlist:item=1835232052&perks=3525010810,2108812838,4096144819,1720528630
dimwishlist:item=1835232052&perks=3525010810,2108812838,4096144819,654512643
dimwishlist:item=1835232052&perks=3525010810,2108812838,4096144819,4065965131
dimwishlist:item=1835232052&perks=3525010810,2108812838,3218042543,3764420437
dimwishlist:item=1835232052&perks=3525010810,2108812838,3218042543,3192447905
dimwishlist:item=1835232052&perks=3525010810,2108812838,3218042543,2173046394
dimwishlist:item=1835232052&perks=3525010810,2108812838,3218042543,1720528630
dimwishlist:item=1835232052&perks=3525010810,2108812838,3218042543,654512643
dimwishlist:item=1835232052&perks=3525010810,2108812838,3218042543,4065965131
dimwishlist:item=1835232052&perks=3525010810,2108812838,2633604463,3764420437
dimwishlist:item=1835232052&perks=3525010810,2108812838,2633604463,3192447905
dimwishlist:item=1835232052&perks=3525010810,2108812838,2633604463,2173046394
dimwishlist:item=1835232052&perks=3525010810,2108812838,2633604463,1720528630
dimwishlist:item=1835232052&perks=3525010810,2108812838,2633604463,654512643
dimwishlist:item=1835232052&perks=3525010810,2108812838,2633604463,4065965131
dimwishlist:item=1835232052&perks=3250572790,2822142346,3300816228,3764420437
dimwishlist:item=1835232052&perks=3250572790,2822142346,3300816228,3192447905
dimwishlist:item=1835232052&perks=3250572790,2822142346,3300816228,2173046394
dimwishlist:item=1835232052&perks=3250572790,2822142346,3300816228,1720528630
dimwishlist:item=1835232052&perks=3250572790,2822142346,3300816228,654512643
dimwishlist:item=1835232052&perks=3250572790,2822142346,3300816228,4065965131
dimwishlist:item=1835232052&perks=3250572790,2822142346,3528046508,3764420437
dimwishlist:item=1835232052&perks=3250572790,2822142346,3528046508,3192447905
dimwishlist:item=1835232052&perks=3250572790,2822142346,3528046508,2173046394
dimwishlist:item=1835232052&perks=3250572790,2822142346,3528046508,1720528630
dimwishlist:item=1835232052&perks=3250572790,2822142346,3528046508,654512643
dimwishlist:item=1835232052&perks=3250572790,2822142346,3528046508,4065965131
dimwishlist:item=1835232052&perks=3250572790,2822142346,2360347339,3764420437
dimwishlist:item=1835232052&perks=3250572790,2822142346,2360347339,3192447905
dimwishlist:item=1835232052&perks=3250572790,2822142346,2360347339,2173046394
dimwishlist:item=1835232052&perks=3250572790,2822142346,2360347339,1720528630
dimwishlist:item=1835232052&perks=3250572790,2822142346,2360347339,654512643
dimwishlist:item=1835232052&perks=3250572790,2822142346,2360347339,4065965131
dimwishlist:item=1835232052&perks=3250572790,2822142346,4096144819,3764420437
dimwishlist:item=1835232052&perks=3250572790,2822142346,4096144819,3192447905
dimwishlist:item=1835232052&perks=3250572790,2822142346,4096144819,2173046394
dimwishlist:item=1835232052&perks=3250572790,2822142346,4096144819,1720528630
dimwishlist:item=1835232052&perks=3250572790,2822142346,4096144819,654512643
dimwishlist:item=1835232052&perks=3250572790,2822142346,4096144819,4065965131
dimwishlist:item=1835232052&perks=3250572790,2822142346,3218042543,3764420437
dimwishlist:item=1835232052&perks=3250572790,2822142346,3218042543,3192447905
dimwishlist:item=1835232052&perks=3250572790,2822142346,3218042543,2173046394
dimwishlist:item=1835232052&perks=3250572790,2822142346,3218042543,1720528630
dimwishlist:item=1835232052&perks=3250572790,2822142346,3218042543,654512643
dimwishlist:item=1835232052&perks=3250572790,2822142346,3218042543,4065965131
dimwishlist:item=1835232052&perks=3250572790,2822142346,2633604463,3764420437
dimwishlist:item=1835232052&perks=3250572790,2822142346,2633604463,3192447905
dimwishlist:item=1835232052&perks=3250572790,2822142346,2633604463,2173046394
dimwishlist:item=1835232052&perks=3250572790,2822142346,2633604463,1720528630
dimwishlist:item=1835232052&perks=3250572790,2822142346,2633604463,654512643
dimwishlist:item=1835232052&perks=3250572790,2822142346,2633604463,4065965131
dimwishlist:item=1835232052&perks=3250572790,2108812838,3300816228,3764420437
dimwishlist:item=1835232052&perks=3250572790,2108812838,3300816228,3192447905
dimwishlist:item=1835232052&perks=3250572790,2108812838,3300816228,2173046394
dimwishlist:item=1835232052&perks=3250572790,2108812838,3300816228,1720528630
dimwishlist:item=1835232052&perks=3250572790,2108812838,3300816228,654512643
dimwishlist:item=1835232052&perks=3250572790,2108812838,3300816228,4065965131
dimwishlist:item=1835232052&perks=3250572790,2108812838,3528046508,3764420437
dimwishlist:item=1835232052&perks=3250572790,2108812838,3528046508,3192447905
dimwishlist:item=1835232052&perks=3250572790,2108812838,3528046508,2173046394
dimwishlist:item=1835232052&perks=3250572790,2108812838,3528046508,1720528630
dimwishlist:item=1835232052&perks=3250572790,2108812838,3528046508,654512643
dimwishlist:item=1835232052&perks=3250572790,2108812838,3528046508,4065965131
dimwishlist:item=1835232052&perks=3250572790,2108812838,2360347339,3764420437
dimwishlist:item=1835232052&perks=3250572790,2108812838,2360347339,3192447905
dimwishlist:item=1835232052&perks=3250572790,2108812838,2360347339,2173046394
dimwishlist:item=1835232052&perks=3250572790,2108812838,2360347339,1720528630
dimwishlist:item=1835232052&perks=3250572790,2108812838,2360347339,654512643
dimwishlist:item=1835232052&perks=3250572790,2108812838,2360347339,4065965131
dimwishlist:item=1835232052&perks=3250572790,2108812838,4096144819,3764420437
dimwishlist:item=1835232052&perks=3250572790,2108812838,4096144819,3192447905
dimwishlist:item=1835232052&perks=3250572790,2108812838,4096144819,2173046394
dimwishlist:item=1835232052&perks=3250572790,2108812838,4096144819,1720528630
dimwishlist:item=1835232052&perks=3250572790,2108812838,4096144819,654512643
dimwishlist:item=1835232052&perks=3250572790,2108812838,4096144819,4065965131
dimwishlist:item=1835232052&perks=3250572790,2108812838,3218042543,3764420437
dimwishlist:item=1835232052&perks=3250572790,2108812838,3218042543,3192447905
dimwishlist:item=1835232052&perks=3250572790,2108812838,3218042543,2173046394
dimwishlist:item=1835232052&perks=3250572790,2108812838,3218042543,1720528630
dimwishlist:item=1835232052&perks=3250572790,2108812838,3218042543,654512643
dimwishlist:item=1835232052&perks=3250572790,2108812838,3218042543,4065965131
dimwishlist:item=1835232052&perks=3250572790,2108812838,2633604463,3764420437
dimwishlist:item=1835232052&perks=3250572790,2108812838,2633604463,3192447905
dimwishlist:item=1835232052&perks=3250572790,2108812838,2633604463,2173046394
dimwishlist:item=1835232052&perks=3250572790,2108812838,2633604463,1720528630
dimwishlist:item=1835232052&perks=3250572790,2108812838,2633604463,654512643
dimwishlist:item=1835232052&perks=3250572790,2108812838,2633604463,4065965131


//Ouster Engine
//notes:Aegis Top Stasis BGL: S Tier. Best With 'Accelerated Assault' Origin Trait. MW: Reload or Handling
dimwishlist:item=2223968549&perks=3525010810,2822142346,1421772400,2396489472
dimwishlist:item=2223968549&perks=3525010810,2822142346,1421772400,598607952
dimwishlist:item=2223968549&perks=3525010810,2822142346,1421772400,3764420437
dimwishlist:item=2223968549&perks=3525010810,2822142346,1421772400,3192447905
dimwishlist:item=2223968549&perks=3525010810,2822142346,1421772400,2922950962
dimwishlist:item=2223968549&perks=3525010810,2822142346,1421772400,2078520142
dimwishlist:item=2223968549&perks=3525010810,2822142346,3291427296,2396489472
dimwishlist:item=2223968549&perks=3525010810,2822142346,3291427296,598607952
dimwishlist:item=2223968549&perks=3525010810,2822142346,3291427296,3764420437
dimwishlist:item=2223968549&perks=3525010810,2822142346,3291427296,3192447905
dimwishlist:item=2223968549&perks=3525010810,2822142346,3291427296,2922950962
dimwishlist:item=2223968549&perks=3525010810,2822142346,3291427296,2078520142
dimwishlist:item=2223968549&perks=3525010810,2822142346,3300816228,2396489472
dimwishlist:item=2223968549&perks=3525010810,2822142346,3300816228,598607952
dimwishlist:item=2223968549&perks=3525010810,2822142346,3300816228,3764420437
dimwishlist:item=2223968549&perks=3525010810,2822142346,3300816228,3192447905
dimwishlist:item=2223968549&perks=3525010810,2822142346,3300816228,2922950962
dimwishlist:item=2223968549&perks=3525010810,2822142346,3300816228,2078520142
dimwishlist:item=2223968549&perks=3525010810,2822142346,3528046508,2396489472
dimwishlist:item=2223968549&perks=3525010810,2822142346,3528046508,598607952
dimwishlist:item=2223968549&perks=3525010810,2822142346,3528046508,3764420437
dimwishlist:item=2223968549&perks=3525010810,2822142346,3528046508,3192447905
dimwishlist:item=2223968549&perks=3525010810,2822142346,3528046508,2922950962
dimwishlist:item=2223968549&perks=3525010810,2822142346,3528046508,2078520142
dimwishlist:item=2223968549&perks=3525010810,2822142346,1955165503,2396489472
dimwishlist:item=2223968549&perks=3525010810,2822142346,1955165503,598607952
dimwishlist:item=2223968549&perks=3525010810,2822142346,1955165503,3764420437
dimwishlist:item=2223968549&perks=3525010810,2822142346,1955165503,3192447905
dimwishlist:item=2223968549&perks=3525010810,2822142346,1955165503,2922950962
dimwishlist:item=2223968549&perks=3525010810,2822142346,1955165503,2078520142
dimwishlist:item=2223968549&perks=3525010810,2822142346,2617553311,2396489472
dimwishlist:item=2223968549&perks=3525010810,2822142346,2617553311,598607952
dimwishlist:item=2223968549&perks=3525010810,2822142346,2617553311,3764420437
dimwishlist:item=2223968549&perks=3525010810,2822142346,2617553311,3192447905
dimwishlist:item=2223968549&perks=3525010810,2822142346,2617553311,2922950962
dimwishlist:item=2223968549&perks=3525010810,2822142346,2617553311,2078520142
dimwishlist:item=2223968549&perks=3525010810,2108812838,1421772400,2396489472
dimwishlist:item=2223968549&perks=3525010810,2108812838,1421772400,598607952
dimwishlist:item=2223968549&perks=3525010810,2108812838,1421772400,3764420437
dimwishlist:item=2223968549&perks=3525010810,2108812838,1421772400,3192447905
dimwishlist:item=2223968549&perks=3525010810,2108812838,1421772400,2922950962
dimwishlist:item=2223968549&perks=3525010810,2108812838,1421772400,2078520142
dimwishlist:item=2223968549&perks=3525010810,2108812838,3291427296,2396489472
dimwishlist:item=2223968549&perks=3525010810,2108812838,3291427296,598607952
dimwishlist:item=2223968549&perks=3525010810,2108812838,3291427296,3764420437
dimwishlist:item=2223968549&perks=3525010810,2108812838,3291427296,3192447905
dimwishlist:item=2223968549&perks=3525010810,2108812838,3291427296,2922950962
dimwishlist:item=2223968549&perks=3525010810,2108812838,3291427296,2078520142
dimwishlist:item=2223968549&perks=3525010810,2108812838,3300816228,2396489472
dimwishlist:item=2223968549&perks=3525010810,2108812838,3300816228,598607952
dimwishlist:item=2223968549&perks=3525010810,2108812838,3300816228,3764420437
dimwishlist:item=2223968549&perks=3525010810,2108812838,3300816228,3192447905
dimwishlist:item=2223968549&perks=3525010810,2108812838,3300816228,2922950962
dimwishlist:item=2223968549&perks=3525010810,2108812838,3300816228,2078520142
dimwishlist:item=2223968549&perks=3525010810,2108812838,3528046508,2396489472
dimwishlist:item=2223968549&perks=3525010810,2108812838,3528046508,598607952
dimwishlist:item=2223968549&perks=3525010810,2108812838,3528046508,3764420437
dimwishlist:item=2223968549&perks=3525010810,2108812838,3528046508,3192447905
dimwishlist:item=2223968549&perks=3525010810,2108812838,3528046508,2922950962
dimwishlist:item=2223968549&perks=3525010810,2108812838,3528046508,2078520142
dimwishlist:item=2223968549&perks=3525010810,2108812838,1955165503,2396489472
dimwishlist:item=2223968549&perks=3525010810,2108812838,1955165503,598607952
dimwishlist:item=2223968549&perks=3525010810,2108812838,1955165503,3764420437
dimwishlist:item=2223968549&perks=3525010810,2108812838,1955165503,3192447905
dimwishlist:item=2223968549&perks=3525010810,2108812838,1955165503,2922950962
dimwishlist:item=2223968549&perks=3525010810,2108812838,1955165503,2078520142
dimwishlist:item=2223968549&perks=3525010810,2108812838,2617553311,2396489472
dimwishlist:item=2223968549&perks=3525010810,2108812838,2617553311,598607952
dimwishlist:item=2223968549&perks=3525010810,2108812838,2617553311,3764420437
dimwishlist:item=2223968549&perks=3525010810,2108812838,2617553311,3192447905
dimwishlist:item=2223968549&perks=3525010810,2108812838,2617553311,2922950962
dimwishlist:item=2223968549&perks=3525010810,2108812838,2617553311,2078520142
dimwishlist:item=2223968549&perks=3250572790,2822142346,1421772400,2396489472
dimwishlist:item=2223968549&perks=3250572790,2822142346,1421772400,598607952
dimwishlist:item=2223968549&perks=3250572790,2822142346,1421772400,3764420437
dimwishlist:item=2223968549&perks=3250572790,2822142346,1421772400,3192447905
dimwishlist:item=2223968549&perks=3250572790,2822142346,1421772400,2922950962
dimwishlist:item=2223968549&perks=3250572790,2822142346,1421772400,2078520142
dimwishlist:item=2223968549&perks=3250572790,2822142346,3291427296,2396489472
dimwishlist:item=2223968549&perks=3250572790,2822142346,3291427296,598607952
dimwishlist:item=2223968549&perks=3250572790,2822142346,3291427296,3764420437
dimwishlist:item=2223968549&perks=3250572790,2822142346,3291427296,3192447905
dimwishlist:item=2223968549&perks=3250572790,2822142346,3291427296,2922950962
dimwishlist:item=2223968549&perks=3250572790,2822142346,3291427296,2078520142
dimwishlist:item=2223968549&perks=3250572790,2822142346,3300816228,2396489472
dimwishlist:item=2223968549&perks=3250572790,2822142346,3300816228,598607952
dimwishlist:item=2223968549&perks=3250572790,2822142346,3300816228,3764420437
dimwishlist:item=2223968549&perks=3250572790,2822142346,3300816228,3192447905
dimwishlist:item=2223968549&perks=3250572790,2822142346,3300816228,2922950962
dimwishlist:item=2223968549&perks=3250572790,2822142346,3300816228,2078520142
dimwishlist:item=2223968549&perks=3250572790,2822142346,3528046508,2396489472
dimwishlist:item=2223968549&perks=3250572790,2822142346,3528046508,598607952
dimwishlist:item=2223968549&perks=3250572790,2822142346,3528046508,3764420437
dimwishlist:item=2223968549&perks=3250572790,2822142346,3528046508,3192447905
dimwishlist:item=2223968549&perks=3250572790,2822142346,3528046508,2922950962
dimwishlist:item=2223968549&perks=3250572790,2822142346,3528046508,2078520142
dimwishlist:item=2223968549&perks=3250572790,2822142346,1955165503,2396489472
dimwishlist:item=2223968549&perks=3250572790,2822142346,1955165503,598607952
dimwishlist:item=2223968549&perks=3250572790,2822142346,1955165503,3764420437
dimwishlist:item=2223968549&perks=3250572790,2822142346,1955165503,3192447905
dimwishlist:item=2223968549&perks=3250572790,2822142346,1955165503,2922950962
dimwishlist:item=2223968549&perks=3250572790,2822142346,1955165503,2078520142
dimwishlist:item=2223968549&perks=3250572790,2822142346,2617553311,2396489472
dimwishlist:item=2223968549&perks=3250572790,2822142346,2617553311,598607952
dimwishlist:item=2223968549&perks=3250572790,2822142346,2617553311,3764420437
dimwishlist:item=2223968549&perks=3250572790,2822142346,2617553311,3192447905
dimwishlist:item=2223968549&perks=3250572790,2822142346,2617553311,2922950962
dimwishlist:item=2223968549&perks=3250572790,2822142346,2617553311,2078520142
dimwishlist:item=2223968549&perks=3250572790,2108812838,1421772400,2396489472
dimwishlist:item=2223968549&perks=3250572790,2108812838,1421772400,598607952
dimwishlist:item=2223968549&perks=3250572790,2108812838,1421772400,3764420437
dimwishlist:item=2223968549&perks=3250572790,2108812838,1421772400,3192447905
dimwishlist:item=2223968549&perks=3250572790,2108812838,1421772400,2922950962
dimwishlist:item=2223968549&perks=3250572790,2108812838,1421772400,2078520142
dimwishlist:item=2223968549&perks=3250572790,2108812838,3291427296,2396489472
dimwishlist:item=2223968549&perks=3250572790,2108812838,3291427296,598607952
dimwishlist:item=2223968549&perks=3250572790,2108812838,3291427296,3764420437
dimwishlist:item=2223968549&perks=3250572790,2108812838,3291427296,3192447905
dimwishlist:item=2223968549&perks=3250572790,2108812838,3291427296,2922950962
dimwishlist:item=2223968549&perks=3250572790,2108812838,3291427296,2078520142
dimwishlist:item=2223968549&perks=3250572790,2108812838,3300816228,2396489472
dimwishlist:item=2223968549&perks=3250572790,2108812838,3300816228,598607952
dimwishlist:item=2223968549&perks=3250572790,2108812838,3300816228,3764420437
dimwishlist:item=2223968549&perks=3250572790,2108812838,3300816228,3192447905
dimwishlist:item=2223968549&perks=3250572790,2108812838,3300816228,2922950962
dimwishlist:item=2223968549&perks=3250572790,2108812838,3300816228,2078520142
dimwishlist:item=2223968549&perks=3250572790,2108812838,3528046508,2396489472
dimwishlist:item=2223968549&perks=3250572790,2108812838,3528046508,598607952
dimwishlist:item=2223968549&perks=3250572790,2108812838,3528046508,3764420437
dimwishlist:item=2223968549&perks=3250572790,2108812838,3528046508,3192447905
dimwishlist:item=2223968549&perks=3250572790,2108812838,3528046508,2922950962
dimwishlist:item=2223968549&perks=3250572790,2108812838,3528046508,2078520142
dimwishlist:item=2223968549&perks=3250572790,2108812838,1955165503,2396489472
dimwishlist:item=2223968549&perks=3250572790,2108812838,1955165503,598607952
dimwishlist:item=2223968549&perks=3250572790,2108812838,1955165503,3764420437
dimwishlist:item=2223968549&perks=3250572790,2108812838,1955165503,3192447905
dimwishlist:item=2223968549&perks=3250572790,2108812838,1955165503,2922950962
dimwishlist:item=2223968549&perks=3250572790,2108812838,1955165503,2078520142
dimwishlist:item=2223968549&perks=3250572790,2108812838,2617553311,2396489472
dimwishlist:item=2223968549&perks=3250572790,2108812838,2617553311,598607952
dimwishlist:item=2223968549&perks=3250572790,2108812838,2617553311,3764420437
dimwishlist:item=2223968549&perks=3250572790,2108812838,2617553311,3192447905
dimwishlist:item=2223968549&perks=3250572790,2108812838,2617553311,2922950962
dimwishlist:item=2223968549&perks=3250572790,2108812838,2617553311,2078520142
dimwishlist:item=3718184802&perks=3525010810,2822142346,1421772400,2396489472
dimwishlist:item=3718184802&perks=3525010810,2822142346,1421772400,598607952
dimwishlist:item=3718184802&perks=3525010810,2822142346,1421772400,3764420437
dimwishlist:item=3718184802&perks=3525010810,2822142346,1421772400,3192447905
dimwishlist:item=3718184802&perks=3525010810,2822142346,1421772400,2922950962
dimwishlist:item=3718184802&perks=3525010810,2822142346,1421772400,2078520142
dimwishlist:item=3718184802&perks=3525010810,2822142346,3291427296,2396489472
dimwishlist:item=3718184802&perks=3525010810,2822142346,3291427296,598607952
dimwishlist:item=3718184802&perks=3525010810,2822142346,3291427296,3764420437
dimwishlist:item=3718184802&perks=3525010810,2822142346,3291427296,3192447905
dimwishlist:item=3718184802&perks=3525010810,2822142346,3291427296,2922950962
dimwishlist:item=3718184802&perks=3525010810,2822142346,3291427296,2078520142
dimwishlist:item=3718184802&perks=3525010810,2822142346,3300816228,2396489472
dimwishlist:item=3718184802&perks=3525010810,2822142346,3300816228,598607952
dimwishlist:item=3718184802&perks=3525010810,2822142346,3300816228,3764420437
dimwishlist:item=3718184802&perks=3525010810,2822142346,3300816228,3192447905
dimwishlist:item=3718184802&perks=3525010810,2822142346,3300816228,2922950962
dimwishlist:item=3718184802&perks=3525010810,2822142346,3300816228,2078520142
dimwishlist:item=3718184802&perks=3525010810,2822142346,3528046508,2396489472
dimwishlist:item=3718184802&perks=3525010810,2822142346,3528046508,598607952
dimwishlist:item=3718184802&perks=3525010810,2822142346,3528046508,3764420437
dimwishlist:item=3718184802&perks=3525010810,2822142346,3528046508,3192447905
dimwishlist:item=3718184802&perks=3525010810,2822142346,3528046508,2922950962
dimwishlist:item=3718184802&perks=3525010810,2822142346,3528046508,2078520142
dimwishlist:item=3718184802&perks=3525010810,2822142346,1955165503,2396489472
dimwishlist:item=3718184802&perks=3525010810,2822142346,1955165503,598607952
dimwishlist:item=3718184802&perks=3525010810,2822142346,1955165503,3764420437
dimwishlist:item=3718184802&perks=3525010810,2822142346,1955165503,3192447905
dimwishlist:item=3718184802&perks=3525010810,2822142346,1955165503,2922950962
dimwishlist:item=3718184802&perks=3525010810,2822142346,1955165503,2078520142
dimwishlist:item=3718184802&perks=3525010810,2822142346,2617553311,2396489472
dimwishlist:item=3718184802&perks=3525010810,2822142346,2617553311,598607952
dimwishlist:item=3718184802&perks=3525010810,2822142346,2617553311,3764420437
dimwishlist:item=3718184802&perks=3525010810,2822142346,2617553311,3192447905
dimwishlist:item=3718184802&perks=3525010810,2822142346,2617553311,2922950962
dimwishlist:item=3718184802&perks=3525010810,2822142346,2617553311,2078520142
dimwishlist:item=3718184802&perks=3525010810,2108812838,1421772400,2396489472
dimwishlist:item=3718184802&perks=3525010810,2108812838,1421772400,598607952
dimwishlist:item=3718184802&perks=3525010810,2108812838,1421772400,3764420437
dimwishlist:item=3718184802&perks=3525010810,2108812838,1421772400,3192447905
dimwishlist:item=3718184802&perks=3525010810,2108812838,1421772400,2922950962
dimwishlist:item=3718184802&perks=3525010810,2108812838,1421772400,2078520142
dimwishlist:item=3718184802&perks=3525010810,2108812838,3291427296,2396489472
dimwishlist:item=3718184802&perks=3525010810,2108812838,3291427296,598607952
dimwishlist:item=3718184802&perks=3525010810,2108812838,3291427296,3764420437
dimwishlist:item=3718184802&perks=3525010810,2108812838,3291427296,3192447905
dimwishlist:item=3718184802&perks=3525010810,2108812838,3291427296,2922950962
dimwishlist:item=3718184802&perks=3525010810,2108812838,3291427296,2078520142
dimwishlist:item=3718184802&perks=3525010810,2108812838,3300816228,2396489472
dimwishlist:item=3718184802&perks=3525010810,2108812838,3300816228,598607952
dimwishlist:item=3718184802&perks=3525010810,2108812838,3300816228,3764420437
dimwishlist:item=3718184802&perks=3525010810,2108812838,3300816228,3192447905
dimwishlist:item=3718184802&perks=3525010810,2108812838,3300816228,2922950962
dimwishlist:item=3718184802&perks=3525010810,2108812838,3300816228,2078520142
dimwishlist:item=3718184802&perks=3525010810,2108812838,3528046508,2396489472
dimwishlist:item=3718184802&perks=3525010810,2108812838,3528046508,598607952
dimwishlist:item=3718184802&perks=3525010810,2108812838,3528046508,3764420437
dimwishlist:item=3718184802&perks=3525010810,2108812838,3528046508,3192447905
dimwishlist:item=3718184802&perks=3525010810,2108812838,3528046508,2922950962
dimwishlist:item=3718184802&perks=3525010810,2108812838,3528046508,2078520142
dimwishlist:item=3718184802&perks=3525010810,2108812838,1955165503,2396489472
dimwishlist:item=3718184802&perks=3525010810,2108812838,1955165503,598607952
dimwishlist:item=3718184802&perks=3525010810,2108812838,1955165503,3764420437
dimwishlist:item=3718184802&perks=3525010810,2108812838,1955165503,3192447905
dimwishlist:item=3718184802&perks=3525010810,2108812838,1955165503,2922950962
dimwishlist:item=3718184802&perks=3525010810,2108812838,1955165503,2078520142
dimwishlist:item=3718184802&perks=3525010810,2108812838,2617553311,2396489472
dimwishlist:item=3718184802&perks=3525010810,2108812838,2617553311,598607952
dimwishlist:item=3718184802&perks=3525010810,2108812838,2617553311,3764420437
dimwishlist:item=3718184802&perks=3525010810,2108812838,2617553311,3192447905
dimwishlist:item=3718184802&perks=3525010810,2108812838,2617553311,2922950962
dimwishlist:item=3718184802&perks=3525010810,2108812838,2617553311,2078520142
dimwishlist:item=3718184802&perks=3250572790,2822142346,1421772400,2396489472
dimwishlist:item=3718184802&perks=3250572790,2822142346,1421772400,598607952
dimwishlist:item=3718184802&perks=3250572790,2822142346,1421772400,3764420437
dimwishlist:item=3718184802&perks=3250572790,2822142346,1421772400,3192447905
dimwishlist:item=3718184802&perks=3250572790,2822142346,1421772400,2922950962
dimwishlist:item=3718184802&perks=3250572790,2822142346,1421772400,2078520142
dimwishlist:item=3718184802&perks=3250572790,2822142346,3291427296,2396489472
dimwishlist:item=3718184802&perks=3250572790,2822142346,3291427296,598607952
dimwishlist:item=3718184802&perks=3250572790,2822142346,3291427296,3764420437
dimwishlist:item=3718184802&perks=3250572790,2822142346,3291427296,3192447905
dimwishlist:item=3718184802&perks=3250572790,2822142346,3291427296,2922950962
dimwishlist:item=3718184802&perks=3250572790,2822142346,3291427296,2078520142
dimwishlist:item=3718184802&perks=3250572790,2822142346,3300816228,2396489472
dimwishlist:item=3718184802&perks=3250572790,2822142346,3300816228,598607952
dimwishlist:item=3718184802&perks=3250572790,2822142346,3300816228,3764420437
dimwishlist:item=3718184802&perks=3250572790,2822142346,3300816228,3192447905
dimwishlist:item=3718184802&perks=3250572790,2822142346,3300816228,2922950962
dimwishlist:item=3718184802&perks=3250572790,2822142346,3300816228,2078520142
dimwishlist:item=3718184802&perks=3250572790,2822142346,3528046508,2396489472
dimwishlist:item=3718184802&perks=3250572790,2822142346,3528046508,598607952
dimwishlist:item=3718184802&perks=3250572790,2822142346,3528046508,3764420437
dimwishlist:item=3718184802&perks=3250572790,2822142346,3528046508,3192447905
dimwishlist:item=3718184802&perks=3250572790,2822142346,3528046508,2922950962
dimwishlist:item=3718184802&perks=3250572790,2822142346,3528046508,2078520142
dimwishlist:item=3718184802&perks=3250572790,2822142346,1955165503,2396489472
dimwishlist:item=3718184802&perks=3250572790,2822142346,1955165503,598607952
dimwishlist:item=3718184802&perks=3250572790,2822142346,1955165503,3764420437
dimwishlist:item=3718184802&perks=3250572790,2822142346,1955165503,3192447905
dimwishlist:item=3718184802&perks=3250572790,2822142346,1955165503,2922950962
dimwishlist:item=3718184802&perks=3250572790,2822142346,1955165503,2078520142
dimwishlist:item=3718184802&perks=3250572790,2822142346,2617553311,2396489472
dimwishlist:item=3718184802&perks=3250572790,2822142346,2617553311,598607952
dimwishlist:item=3718184802&perks=3250572790,2822142346,2617553311,3764420437
dimwishlist:item=3718184802&perks=3250572790,2822142346,2617553311,3192447905
dimwishlist:item=3718184802&perks=3250572790,2822142346,2617553311,2922950962
dimwishlist:item=3718184802&perks=3250572790,2822142346,2617553311,2078520142
dimwishlist:item=3718184802&perks=3250572790,2108812838,1421772400,2396489472
dimwishlist:item=3718184802&perks=3250572790,2108812838,1421772400,598607952
dimwishlist:item=3718184802&perks=3250572790,2108812838,1421772400,3764420437
dimwishlist:item=3718184802&perks=3250572790,2108812838,1421772400,3192447905
dimwishlist:item=3718184802&perks=3250572790,2108812838,1421772400,2922950962
dimwishlist:item=3718184802&perks=3250572790,2108812838,1421772400,2078520142
dimwishlist:item=3718184802&perks=3250572790,2108812838,3291427296,2396489472
dimwishlist:item=3718184802&perks=3250572790,2108812838,3291427296,598607952
dimwishlist:item=3718184802&perks=3250572790,2108812838,3291427296,3764420437
dimwishlist:item=3718184802&perks=3250572790,2108812838,3291427296,3192447905
dimwishlist:item=3718184802&perks=3250572790,2108812838,3291427296,2922950962
dimwishlist:item=3718184802&perks=3250572790,2108812838,3291427296,2078520142
dimwishlist:item=3718184802&perks=3250572790,2108812838,3300816228,2396489472
dimwishlist:item=3718184802&perks=3250572790,2108812838,3300816228,598607952
dimwishlist:item=3718184802&perks=3250572790,2108812838,3300816228,3764420437
dimwishlist:item=3718184802&perks=3250572790,2108812838,3300816228,3192447905
dimwishlist:item=3718184802&perks=3250572790,2108812838,3300816228,2922950962
dimwishlist:item=3718184802&perks=3250572790,2108812838,3300816228,2078520142
dimwishlist:item=3718184802&perks=3250572790,2108812838,3528046508,2396489472
dimwishlist:item=3718184802&perks=3250572790,2108812838,3528046508,598607952
dimwishlist:item=3718184802&perks=3250572790,2108812838,3528046508,3764420437
dimwishlist:item=3718184802&perks=3250572790,2108812838,3528046508,3192447905
dimwishlist:item=3718184802&perks=3250572790,2108812838,3528046508,2922950962
dimwishlist:item=3718184802&perks=3250572790,2108812838,3528046508,2078520142
dimwishlist:item=3718184802&perks=3250572790,2108812838,1955165503,2396489472
dimwishlist:item=3718184802&perks=3250572790,2108812838,1955165503,598607952
dimwishlist:item=3718184802&perks=3250572790,2108812838,1955165503,3764420437
dimwishlist:item=3718184802&perks=3250572790,2108812838,1955165503,3192447905
dimwishlist:item=3718184802&perks=3250572790,2108812838,1955165503,2922950962
dimwishlist:item=3718184802&perks=3250572790,2108812838,1955165503,2078520142
dimwishlist:item=3718184802&perks=3250572790,2108812838,2617553311,2396489472
dimwishlist:item=3718184802&perks=3250572790,2108812838,2617553311,598607952
dimwishlist:item=3718184802&perks=3250572790,2108812838,2617553311,3764420437
dimwishlist:item=3718184802&perks=3250572790,2108812838,2617553311,3192447905
dimwishlist:item=3718184802&perks=3250572790,2108812838,2617553311,2922950962
dimwishlist:item=3718184802&perks=3250572790,2108812838,2617553311,2078520142


//One Small Step
//notes:Aegis Top Stasis Shotgun: A Tier. Best With 'Loss' Origin Trait. MW: Handling or Reload
dimwishlist:item=1016668089&perks=1300023272,106909392,1631667848,2679249093
dimwishlist:item=1016668089&perks=1300023272,106909392,1631667848,2360754333
dimwishlist:item=1016668089&perks=1300023272,106909392,1556840489,2679249093
dimwishlist:item=1016668089&perks=1300023272,106909392,1556840489,2360754333
dimwishlist:item=1016668089&perks=1300023272,1783397184,1631667848,2679249093
dimwishlist:item=1016668089&perks=1300023272,1783397184,1631667848,2360754333
dimwishlist:item=1016668089&perks=1300023272,1783397184,1556840489,2679249093
dimwishlist:item=1016668089&perks=1300023272,1783397184,1556840489,2360754333
dimwishlist:item=1016668089&perks=2371713880,106909392,1631667848,2679249093
dimwishlist:item=1016668089&perks=2371713880,106909392,1631667848,2360754333
dimwishlist:item=1016668089&perks=2371713880,106909392,1556840489,2679249093
dimwishlist:item=1016668089&perks=2371713880,106909392,1556840489,2360754333
dimwishlist:item=1016668089&perks=2371713880,1783397184,1631667848,2679249093
dimwishlist:item=1016668089&perks=2371713880,1783397184,1631667848,2360754333
dimwishlist:item=1016668089&perks=2371713880,1783397184,1556840489,2679249093
dimwishlist:item=1016668089&perks=2371713880,1783397184,1556840489,2360754333
dimwishlist:item=2527058296&perks=1300023272,106909392,1631667848,2679249093
dimwishlist:item=2527058296&perks=1300023272,106909392,1631667848,788178929
dimwishlist:item=2527058296&perks=1300023272,106909392,1631667848,2360754333
dimwishlist:item=2527058296&perks=1300023272,106909392,1631667848,2459015849
dimwishlist:item=2527058296&perks=1300023272,106909392,402033656,2679249093
dimwishlist:item=2527058296&perks=1300023272,106909392,402033656,788178929
dimwishlist:item=2527058296&perks=1300023272,106909392,402033656,2360754333
dimwishlist:item=2527058296&perks=1300023272,106909392,402033656,2459015849
dimwishlist:item=2527058296&perks=1300023272,106909392,1556840489,2679249093
dimwishlist:item=2527058296&perks=1300023272,106909392,1556840489,788178929
dimwishlist:item=2527058296&perks=1300023272,106909392,1556840489,2360754333
dimwishlist:item=2527058296&perks=1300023272,106909392,1556840489,2459015849
dimwishlist:item=2527058296&perks=1300023272,106909392,3442762221,2679249093
dimwishlist:item=2527058296&perks=1300023272,106909392,3442762221,788178929
dimwishlist:item=2527058296&perks=1300023272,106909392,3442762221,2360754333
dimwishlist:item=2527058296&perks=1300023272,106909392,3442762221,2459015849
dimwishlist:item=2527058296&perks=1300023272,1783397184,1631667848,2679249093
dimwishlist:item=2527058296&perks=1300023272,1783397184,1631667848,788178929
dimwishlist:item=2527058296&perks=1300023272,1783397184,1631667848,2360754333
dimwishlist:item=2527058296&perks=1300023272,1783397184,1631667848,2459015849
dimwishlist:item=2527058296&perks=1300023272,1783397184,402033656,2679249093
dimwishlist:item=2527058296&perks=1300023272,1783397184,402033656,788178929
dimwishlist:item=2527058296&perks=1300023272,1783397184,402033656,2360754333
dimwishlist:item=2527058296&perks=1300023272,1783397184,402033656,2459015849
dimwishlist:item=2527058296&perks=1300023272,1783397184,1556840489,2679249093
dimwishlist:item=2527058296&perks=1300023272,1783397184,1556840489,788178929
dimwishlist:item=2527058296&perks=1300023272,1783397184,1556840489,2360754333
dimwishlist:item=2527058296&perks=1300023272,1783397184,1556840489,2459015849
dimwishlist:item=2527058296&perks=1300023272,1783397184,3442762221,2679249093
dimwishlist:item=2527058296&perks=1300023272,1783397184,3442762221,788178929
dimwishlist:item=2527058296&perks=1300023272,1783397184,3442762221,2360754333
dimwishlist:item=2527058296&perks=1300023272,1783397184,3442762221,2459015849
dimwishlist:item=2527058296&perks=2371713880,106909392,1631667848,2679249093
dimwishlist:item=2527058296&perks=2371713880,106909392,1631667848,788178929
dimwishlist:item=2527058296&perks=2371713880,106909392,1631667848,2360754333
dimwishlist:item=2527058296&perks=2371713880,106909392,1631667848,2459015849
dimwishlist:item=2527058296&perks=2371713880,106909392,402033656,2679249093
dimwishlist:item=2527058296&perks=2371713880,106909392,402033656,788178929
dimwishlist:item=2527058296&perks=2371713880,106909392,402033656,2360754333
dimwishlist:item=2527058296&perks=2371713880,106909392,402033656,2459015849
dimwishlist:item=2527058296&perks=2371713880,106909392,1556840489,2679249093
dimwishlist:item=2527058296&perks=2371713880,106909392,1556840489,788178929
dimwishlist:item=2527058296&perks=2371713880,106909392,1556840489,2360754333
dimwishlist:item=2527058296&perks=2371713880,106909392,1556840489,2459015849
dimwishlist:item=2527058296&perks=2371713880,106909392,3442762221,2679249093
dimwishlist:item=2527058296&perks=2371713880,106909392,3442762221,788178929
dimwishlist:item=2527058296&perks=2371713880,106909392,3442762221,2360754333
dimwishlist:item=2527058296&perks=2371713880,106909392,3442762221,2459015849
dimwishlist:item=2527058296&perks=2371713880,1783397184,1631667848,2679249093
dimwishlist:item=2527058296&perks=2371713880,1783397184,1631667848,788178929
dimwishlist:item=2527058296&perks=2371713880,1783397184,1631667848,2360754333
dimwishlist:item=2527058296&perks=2371713880,1783397184,1631667848,2459015849
dimwishlist:item=2527058296&perks=2371713880,1783397184,402033656,2679249093
dimwishlist:item=2527058296&perks=2371713880,1783397184,402033656,788178929
dimwishlist:item=2527058296&perks=2371713880,1783397184,402033656,2360754333
dimwishlist:item=2527058296&perks=2371713880,1783397184,402033656,2459015849
dimwishlist:item=2527058296&perks=2371713880,1783397184,1556840489,2679249093
dimwishlist:item=2527058296&perks=2371713880,1783397184,1556840489,788178929
dimwishlist:item=2527058296&perks=2371713880,1783397184,1556840489,2360754333
dimwishlist:item=2527058296&perks=2371713880,1783397184,1556840489,2459015849
dimwishlist:item=2527058296&perks=2371713880,1783397184,3442762221,2679249093
dimwishlist:item=2527058296&perks=2371713880,1783397184,3442762221,788178929
dimwishlist:item=2527058296&perks=2371713880,1783397184,3442762221,2360754333
dimwishlist:item=2527058296&perks=2371713880,1783397184,3442762221,2459015849


//Omniscient Eye
//notes:Aegis Top Solar Sniper: A Tier. Best With 'Photoinhibition' Origin Trait. MW: Handling
dimwishlist:item=147444292&perks=1840239774,106909392,1354429876,1089671869
dimwishlist:item=147444292&perks=1840239774,106909392,1354429876,496047945
dimwishlist:item=147444292&perks=1840239774,106909392,1354429876,555281244
dimwishlist:item=147444292&perks=1840239774,106909392,1354429876,332733060
dimwishlist:item=147444292&perks=1840239774,106909392,848860060,1089671869
dimwishlist:item=147444292&perks=1840239774,106909392,848860060,496047945
dimwishlist:item=147444292&perks=1840239774,106909392,848860060,555281244
dimwishlist:item=147444292&perks=1840239774,106909392,848860060,332733060
dimwishlist:item=147444292&perks=1840239774,106909392,1556840489,1089671869
dimwishlist:item=147444292&perks=1840239774,106909392,1556840489,496047945
dimwishlist:item=147444292&perks=1840239774,106909392,1556840489,555281244
dimwishlist:item=147444292&perks=1840239774,106909392,1556840489,332733060
dimwishlist:item=147444292&perks=1840239774,106909392,3442762221,1089671869
dimwishlist:item=147444292&perks=1840239774,106909392,3442762221,496047945
dimwishlist:item=147444292&perks=1840239774,106909392,3442762221,555281244
dimwishlist:item=147444292&perks=1840239774,106909392,3442762221,332733060
dimwishlist:item=147444292&perks=1840239774,1783397184,1354429876,1089671869
dimwishlist:item=147444292&perks=1840239774,1783397184,1354429876,496047945
dimwishlist:item=147444292&perks=1840239774,1783397184,1354429876,555281244
dimwishlist:item=147444292&perks=1840239774,1783397184,1354429876,332733060
dimwishlist:item=147444292&perks=1840239774,1783397184,848860060,1089671869
dimwishlist:item=147444292&perks=1840239774,1783397184,848860060,496047945
dimwishlist:item=147444292&perks=1840239774,1783397184,848860060,555281244
dimwishlist:item=147444292&perks=1840239774,1783397184,848860060,332733060
dimwishlist:item=147444292&perks=1840239774,1783397184,1556840489,1089671869
dimwishlist:item=147444292&perks=1840239774,1783397184,1556840489,496047945
dimwishlist:item=147444292&perks=1840239774,1783397184,1556840489,555281244
dimwishlist:item=147444292&perks=1840239774,1783397184,1556840489,332733060
dimwishlist:item=147444292&perks=1840239774,1783397184,3442762221,1089671869
dimwishlist:item=147444292&perks=1840239774,1783397184,3442762221,496047945
dimwishlist:item=147444292&perks=1840239774,1783397184,3442762221,555281244
dimwishlist:item=147444292&perks=1840239774,1783397184,3442762221,332733060
dimwishlist:item=147444292&perks=1124871858,106909392,1354429876,1089671869
dimwishlist:item=147444292&perks=1124871858,106909392,1354429876,496047945
dimwishlist:item=147444292&perks=1124871858,106909392,1354429876,555281244
dimwishlist:item=147444292&perks=1124871858,106909392,1354429876,332733060
dimwishlist:item=147444292&perks=1124871858,106909392,848860060,1089671869
dimwishlist:item=147444292&perks=1124871858,106909392,848860060,496047945
dimwishlist:item=147444292&perks=1124871858,106909392,848860060,555281244
dimwishlist:item=147444292&perks=1124871858,106909392,848860060,332733060
dimwishlist:item=147444292&perks=1124871858,106909392,1556840489,1089671869
dimwishlist:item=147444292&perks=1124871858,106909392,1556840489,496047945
dimwishlist:item=147444292&perks=1124871858,106909392,1556840489,555281244
dimwishlist:item=147444292&perks=1124871858,106909392,1556840489,332733060
dimwishlist:item=147444292&perks=1124871858,106909392,3442762221,1089671869
dimwishlist:item=147444292&perks=1124871858,106909392,3442762221,496047945
dimwishlist:item=147444292&perks=1124871858,106909392,3442762221,555281244
dimwishlist:item=147444292&perks=1124871858,106909392,3442762221,332733060
dimwishlist:item=147444292&perks=1124871858,1783397184,1354429876,1089671869
dimwishlist:item=147444292&perks=1124871858,1783397184,1354429876,496047945
dimwishlist:item=147444292&perks=1124871858,1783397184,1354429876,555281244
dimwishlist:item=147444292&perks=1124871858,1783397184,1354429876,332733060
dimwishlist:item=147444292&perks=1124871858,1783397184,848860060,1089671869
dimwishlist:item=147444292&perks=1124871858,1783397184,848860060,496047945
dimwishlist:item=147444292&perks=1124871858,1783397184,848860060,555281244
dimwishlist:item=147444292&perks=1124871858,1783397184,848860060,332733060
dimwishlist:item=147444292&perks=1124871858,1783397184,1556840489,1089671869
dimwishlist:item=147444292&perks=1124871858,1783397184,1556840489,496047945
dimwishlist:item=147444292&perks=1124871858,1783397184,1556840489,555281244
dimwishlist:item=147444292&perks=1124871858,1783397184,1556840489,332733060
dimwishlist:item=147444292&perks=1124871858,1783397184,3442762221,1089671869
dimwishlist:item=147444292&perks=1124871858,1783397184,3442762221,496047945
dimwishlist:item=147444292&perks=1124871858,1783397184,3442762221,555281244
dimwishlist:item=147444292&perks=1124871858,1783397184,3442762221,332733060


//Nezarec's Whisper
//notes:Aegis Top Arc Glaive: A Tier. Best With 'Extrovert' Origin Trait. MW: Shield Duration
dimwishlist:item=254636484&perks=580685494,1431678320,3523296417,4104185692
dimwishlist:item=254636484&perks=580685494,1431678320,3523296417,3007133316
dimwishlist:item=254636484&perks=580685494,1431678320,3523296417,1048183818
dimwishlist:item=254636484&perks=580685494,1431678320,3523296417,3431277734
dimwishlist:item=254636484&perks=580685494,1431678320,1906147653,4104185692
dimwishlist:item=254636484&perks=580685494,1431678320,1906147653,3007133316
dimwishlist:item=254636484&perks=580685494,1431678320,1906147653,1048183818
dimwishlist:item=254636484&perks=580685494,1431678320,1906147653,3431277734
dimwishlist:item=254636484&perks=580685494,1431678320,1556840489,4104185692
dimwishlist:item=254636484&perks=580685494,1431678320,1556840489,3007133316
dimwishlist:item=254636484&perks=580685494,1431678320,1556840489,1048183818
dimwishlist:item=254636484&perks=580685494,1431678320,1556840489,3431277734
dimwishlist:item=254636484&perks=580685494,1431678320,3442762221,4104185692
dimwishlist:item=254636484&perks=580685494,1431678320,3442762221,3007133316
dimwishlist:item=254636484&perks=580685494,1431678320,3442762221,1048183818
dimwishlist:item=254636484&perks=580685494,1431678320,3442762221,3431277734
dimwishlist:item=254636484&perks=580685494,1431678320,951095735,4104185692
dimwishlist:item=254636484&perks=580685494,1431678320,951095735,3007133316
dimwishlist:item=254636484&perks=580685494,1431678320,951095735,1048183818
dimwishlist:item=254636484&perks=580685494,1431678320,951095735,3431277734
dimwishlist:item=254636484&perks=580685494,1431678320,3878366039,4104185692
dimwishlist:item=254636484&perks=580685494,1431678320,3878366039,3007133316
dimwishlist:item=254636484&perks=580685494,1431678320,3878366039,1048183818
dimwishlist:item=254636484&perks=580685494,1431678320,3878366039,3431277734
dimwishlist:item=254636484&perks=580685494,550838496,3523296417,4104185692
dimwishlist:item=254636484&perks=580685494,550838496,3523296417,3007133316
dimwishlist:item=254636484&perks=580685494,550838496,3523296417,1048183818
dimwishlist:item=254636484&perks=580685494,550838496,3523296417,3431277734
dimwishlist:item=254636484&perks=580685494,550838496,1906147653,4104185692
dimwishlist:item=254636484&perks=580685494,550838496,1906147653,3007133316
dimwishlist:item=254636484&perks=580685494,550838496,1906147653,1048183818
dimwishlist:item=254636484&perks=580685494,550838496,1906147653,3431277734
dimwishlist:item=254636484&perks=580685494,550838496,1556840489,4104185692
dimwishlist:item=254636484&perks=580685494,550838496,1556840489,3007133316
dimwishlist:item=254636484&perks=580685494,550838496,1556840489,1048183818
dimwishlist:item=254636484&perks=580685494,550838496,1556840489,3431277734
dimwishlist:item=254636484&perks=580685494,550838496,3442762221,4104185692
dimwishlist:item=254636484&perks=580685494,550838496,3442762221,3007133316
dimwishlist:item=254636484&perks=580685494,550838496,3442762221,1048183818
dimwishlist:item=254636484&perks=580685494,550838496,3442762221,3431277734
dimwishlist:item=254636484&perks=580685494,550838496,951095735,4104185692
dimwishlist:item=254636484&perks=580685494,550838496,951095735,3007133316
dimwishlist:item=254636484&perks=580685494,550838496,951095735,1048183818
dimwishlist:item=254636484&perks=580685494,550838496,951095735,3431277734
dimwishlist:item=254636484&perks=580685494,550838496,3878366039,4104185692
dimwishlist:item=254636484&perks=580685494,550838496,3878366039,3007133316
dimwishlist:item=254636484&perks=580685494,550838496,3878366039,1048183818
dimwishlist:item=254636484&perks=580685494,550838496,3878366039,3431277734
dimwishlist:item=254636484&perks=580685494,3721627275,3523296417,4104185692
dimwishlist:item=254636484&perks=580685494,3721627275,3523296417,3007133316
dimwishlist:item=254636484&perks=580685494,3721627275,3523296417,1048183818
dimwishlist:item=254636484&perks=580685494,3721627275,3523296417,3431277734
dimwishlist:item=254636484&perks=580685494,3721627275,1906147653,4104185692
dimwishlist:item=254636484&perks=580685494,3721627275,1906147653,3007133316
dimwishlist:item=254636484&perks=580685494,3721627275,1906147653,1048183818
dimwishlist:item=254636484&perks=580685494,3721627275,1906147653,3431277734
dimwishlist:item=254636484&perks=580685494,3721627275,1556840489,4104185692
dimwishlist:item=254636484&perks=580685494,3721627275,1556840489,3007133316
dimwishlist:item=254636484&perks=580685494,3721627275,1556840489,1048183818
dimwishlist:item=254636484&perks=580685494,3721627275,1556840489,3431277734
dimwishlist:item=254636484&perks=580685494,3721627275,3442762221,4104185692
dimwishlist:item=254636484&perks=580685494,3721627275,3442762221,3007133316
dimwishlist:item=254636484&perks=580685494,3721627275,3442762221,1048183818
dimwishlist:item=254636484&perks=580685494,3721627275,3442762221,3431277734
dimwishlist:item=254636484&perks=580685494,3721627275,951095735,4104185692
dimwishlist:item=254636484&perks=580685494,3721627275,951095735,3007133316
dimwishlist:item=254636484&perks=580685494,3721627275,951095735,1048183818
dimwishlist:item=254636484&perks=580685494,3721627275,951095735,3431277734
dimwishlist:item=254636484&perks=580685494,3721627275,3878366039,4104185692
dimwishlist:item=254636484&perks=580685494,3721627275,3878366039,3007133316
dimwishlist:item=254636484&perks=580685494,3721627275,3878366039,1048183818
dimwishlist:item=254636484&perks=580685494,3721627275,3878366039,3431277734
dimwishlist:item=254636484&perks=580685494,714384243,3523296417,4104185692
dimwishlist:item=254636484&perks=580685494,714384243,3523296417,3007133316
dimwishlist:item=254636484&perks=580685494,714384243,3523296417,1048183818
dimwishlist:item=254636484&perks=580685494,714384243,3523296417,3431277734
dimwishlist:item=254636484&perks=580685494,714384243,1906147653,4104185692
dimwishlist:item=254636484&perks=580685494,714384243,1906147653,3007133316
dimwishlist:item=254636484&perks=580685494,714384243,1906147653,1048183818
dimwishlist:item=254636484&perks=580685494,714384243,1906147653,3431277734
dimwishlist:item=254636484&perks=580685494,714384243,1556840489,4104185692
dimwishlist:item=254636484&perks=580685494,714384243,1556840489,3007133316
dimwishlist:item=254636484&perks=580685494,714384243,1556840489,1048183818
dimwishlist:item=254636484&perks=580685494,714384243,1556840489,3431277734
dimwishlist:item=254636484&perks=580685494,714384243,3442762221,4104185692
dimwishlist:item=254636484&perks=580685494,714384243,3442762221,3007133316
dimwishlist:item=254636484&perks=580685494,714384243,3442762221,1048183818
dimwishlist:item=254636484&perks=580685494,714384243,3442762221,3431277734
dimwishlist:item=254636484&perks=580685494,714384243,951095735,4104185692
dimwishlist:item=254636484&perks=580685494,714384243,951095735,3007133316
dimwishlist:item=254636484&perks=580685494,714384243,951095735,1048183818
dimwishlist:item=254636484&perks=580685494,714384243,951095735,3431277734
dimwishlist:item=254636484&perks=580685494,714384243,3878366039,4104185692
dimwishlist:item=254636484&perks=580685494,714384243,3878366039,3007133316
dimwishlist:item=254636484&perks=580685494,714384243,3878366039,1048183818
dimwishlist:item=254636484&perks=580685494,714384243,3878366039,3431277734
dimwishlist:item=254636484&perks=2719770986,1431678320,3523296417,4104185692
dimwishlist:item=254636484&perks=2719770986,1431678320,3523296417,3007133316
dimwishlist:item=254636484&perks=2719770986,1431678320,3523296417,1048183818
dimwishlist:item=254636484&perks=2719770986,1431678320,3523296417,3431277734
dimwishlist:item=254636484&perks=2719770986,1431678320,1906147653,4104185692
dimwishlist:item=254636484&perks=2719770986,1431678320,1906147653,3007133316
dimwishlist:item=254636484&perks=2719770986,1431678320,1906147653,1048183818
dimwishlist:item=254636484&perks=2719770986,1431678320,1906147653,3431277734
dimwishlist:item=254636484&perks=2719770986,1431678320,1556840489,4104185692
dimwishlist:item=254636484&perks=2719770986,1431678320,1556840489,3007133316
dimwishlist:item=254636484&perks=2719770986,1431678320,1556840489,1048183818
dimwishlist:item=254636484&perks=2719770986,1431678320,1556840489,3431277734
dimwishlist:item=254636484&perks=2719770986,1431678320,3442762221,4104185692
dimwishlist:item=254636484&perks=2719770986,1431678320,3442762221,3007133316
dimwishlist:item=254636484&perks=2719770986,1431678320,3442762221,1048183818
dimwishlist:item=254636484&perks=2719770986,1431678320,3442762221,3431277734
dimwishlist:item=254636484&perks=2719770986,1431678320,951095735,4104185692
dimwishlist:item=254636484&perks=2719770986,1431678320,951095735,3007133316
dimwishlist:item=254636484&perks=2719770986,1431678320,951095735,1048183818
dimwishlist:item=254636484&perks=2719770986,1431678320,951095735,3431277734
dimwishlist:item=254636484&perks=2719770986,1431678320,3878366039,4104185692
dimwishlist:item=254636484&perks=2719770986,1431678320,3878366039,3007133316
dimwishlist:item=254636484&perks=2719770986,1431678320,3878366039,1048183818
dimwishlist:item=254636484&perks=2719770986,1431678320,3878366039,3431277734
dimwishlist:item=254636484&perks=2719770986,550838496,3523296417,4104185692
dimwishlist:item=254636484&perks=2719770986,550838496,3523296417,3007133316
dimwishlist:item=254636484&perks=2719770986,550838496,3523296417,1048183818
dimwishlist:item=254636484&perks=2719770986,550838496,3523296417,3431277734
dimwishlist:item=254636484&perks=2719770986,550838496,1906147653,4104185692
dimwishlist:item=254636484&perks=2719770986,550838496,1906147653,3007133316
dimwishlist:item=254636484&perks=2719770986,550838496,1906147653,1048183818
dimwishlist:item=254636484&perks=2719770986,550838496,1906147653,3431277734
dimwishlist:item=254636484&perks=2719770986,550838496,1556840489,4104185692
dimwishlist:item=254636484&perks=2719770986,550838496,1556840489,3007133316
dimwishlist:item=254636484&perks=2719770986,550838496,1556840489,1048183818
dimwishlist:item=254636484&perks=2719770986,550838496,1556840489,3431277734
dimwishlist:item=254636484&perks=2719770986,550838496,3442762221,4104185692
dimwishlist:item=254636484&perks=2719770986,550838496,3442762221,3007133316
dimwishlist:item=254636484&perks=2719770986,550838496,3442762221,1048183818
dimwishlist:item=254636484&perks=2719770986,550838496,3442762221,3431277734
dimwishlist:item=254636484&perks=2719770986,550838496,951095735,4104185692
dimwishlist:item=254636484&perks=2719770986,550838496,951095735,3007133316
dimwishlist:item=254636484&perks=2719770986,550838496,951095735,1048183818
dimwishlist:item=254636484&perks=2719770986,550838496,951095735,3431277734
dimwishlist:item=254636484&perks=2719770986,550838496,3878366039,4104185692
dimwishlist:item=254636484&perks=2719770986,550838496,3878366039,3007133316
dimwishlist:item=254636484&perks=2719770986,550838496,3878366039,1048183818
dimwishlist:item=254636484&perks=2719770986,550838496,3878366039,3431277734
dimwishlist:item=254636484&perks=2719770986,3721627275,3523296417,4104185692
dimwishlist:item=254636484&perks=2719770986,3721627275,3523296417,3007133316
dimwishlist:item=254636484&perks=2719770986,3721627275,3523296417,1048183818
dimwishlist:item=254636484&perks=2719770986,3721627275,3523296417,3431277734
dimwishlist:item=254636484&perks=2719770986,3721627275,1906147653,4104185692
dimwishlist:item=254636484&perks=2719770986,3721627275,1906147653,3007133316
dimwishlist:item=254636484&perks=2719770986,3721627275,1906147653,1048183818
dimwishlist:item=254636484&perks=2719770986,3721627275,1906147653,3431277734
dimwishlist:item=254636484&perks=2719770986,3721627275,1556840489,4104185692
dimwishlist:item=254636484&perks=2719770986,3721627275,1556840489,3007133316
dimwishlist:item=254636484&perks=2719770986,3721627275,1556840489,1048183818
dimwishlist:item=254636484&perks=2719770986,3721627275,1556840489,3431277734
dimwishlist:item=254636484&perks=2719770986,3721627275,3442762221,4104185692
dimwishlist:item=254636484&perks=2719770986,3721627275,3442762221,3007133316
dimwishlist:item=254636484&perks=2719770986,3721627275,3442762221,1048183818
dimwishlist:item=254636484&perks=2719770986,3721627275,3442762221,3431277734
dimwishlist:item=254636484&perks=2719770986,3721627275,951095735,4104185692
dimwishlist:item=254636484&perks=2719770986,3721627275,951095735,3007133316
dimwishlist:item=254636484&perks=2719770986,3721627275,951095735,1048183818
dimwishlist:item=254636484&perks=2719770986,3721627275,951095735,3431277734
dimwishlist:item=254636484&perks=2719770986,3721627275,3878366039,4104185692
dimwishlist:item=254636484&perks=2719770986,3721627275,3878366039,3007133316
dimwishlist:item=254636484&perks=2719770986,3721627275,3878366039,1048183818
dimwishlist:item=254636484&perks=2719770986,3721627275,3878366039,3431277734
dimwishlist:item=254636484&perks=2719770986,714384243,3523296417,4104185692
dimwishlist:item=254636484&perks=2719770986,714384243,3523296417,3007133316
dimwishlist:item=254636484&perks=2719770986,714384243,3523296417,1048183818
dimwishlist:item=254636484&perks=2719770986,714384243,3523296417,3431277734
dimwishlist:item=254636484&perks=2719770986,714384243,1906147653,4104185692
dimwishlist:item=254636484&perks=2719770986,714384243,1906147653,3007133316
dimwishlist:item=254636484&perks=2719770986,714384243,1906147653,1048183818
dimwishlist:item=254636484&perks=2719770986,714384243,1906147653,3431277734
dimwishlist:item=254636484&perks=2719770986,714384243,1556840489,4104185692
dimwishlist:item=254636484&perks=2719770986,714384243,1556840489,3007133316
dimwishlist:item=254636484&perks=2719770986,714384243,1556840489,1048183818
dimwishlist:item=254636484&perks=2719770986,714384243,1556840489,3431277734
dimwishlist:item=254636484&perks=2719770986,714384243,3442762221,4104185692
dimwishlist:item=254636484&perks=2719770986,714384243,3442762221,3007133316
dimwishlist:item=254636484&perks=2719770986,714384243,3442762221,1048183818
dimwishlist:item=254636484&perks=2719770986,714384243,3442762221,3431277734
dimwishlist:item=254636484&perks=2719770986,714384243,951095735,4104185692
dimwishlist:item=254636484&perks=2719770986,714384243,951095735,3007133316
dimwishlist:item=254636484&perks=2719770986,714384243,951095735,1048183818
dimwishlist:item=254636484&perks=2719770986,714384243,951095735,3431277734
dimwishlist:item=254636484&perks=2719770986,714384243,3878366039,4104185692
dimwishlist:item=254636484&perks=2719770986,714384243,3878366039,3007133316
dimwishlist:item=254636484&perks=2719770986,714384243,3878366039,1048183818
dimwishlist:item=254636484&perks=2719770986,714384243,3878366039,3431277734


//Motif-41
//notes:Aegis Top Solar BGL: A Tier. Best With 'SUROS Synergy' Origin Trait. MW: Reload or Handling
dimwishlist:item=1685533876&perks=3525010810,2822142346,3300816228,4293542123
dimwishlist:item=1685533876&perks=3525010810,2822142346,3300816228,2675184851
dimwishlist:item=1685533876&perks=3525010810,2822142346,3300816228,1546637391
dimwishlist:item=1685533876&perks=3525010810,2822142346,3300816228,3418165135
dimwishlist:item=1685533876&perks=3525010810,2822142346,3300816228,243981275
dimwishlist:item=1685533876&perks=3525010810,2822142346,3300816228,984655331
dimwishlist:item=1685533876&perks=3525010810,2822142346,3528046508,4293542123
dimwishlist:item=1685533876&perks=3525010810,2822142346,3528046508,2675184851
dimwishlist:item=1685533876&perks=3525010810,2822142346,3528046508,1546637391
dimwishlist:item=1685533876&perks=3525010810,2822142346,3528046508,3418165135
dimwishlist:item=1685533876&perks=3525010810,2822142346,3528046508,243981275
dimwishlist:item=1685533876&perks=3525010810,2822142346,3528046508,984655331
dimwishlist:item=1685533876&perks=3525010810,2108812838,3300816228,4293542123
dimwishlist:item=1685533876&perks=3525010810,2108812838,3300816228,2675184851
dimwishlist:item=1685533876&perks=3525010810,2108812838,3300816228,1546637391
dimwishlist:item=1685533876&perks=3525010810,2108812838,3300816228,3418165135
dimwishlist:item=1685533876&perks=3525010810,2108812838,3300816228,243981275
dimwishlist:item=1685533876&perks=3525010810,2108812838,3300816228,984655331
dimwishlist:item=1685533876&perks=3525010810,2108812838,3528046508,4293542123
dimwishlist:item=1685533876&perks=3525010810,2108812838,3528046508,2675184851
dimwishlist:item=1685533876&perks=3525010810,2108812838,3528046508,1546637391
dimwishlist:item=1685533876&perks=3525010810,2108812838,3528046508,3418165135
dimwishlist:item=1685533876&perks=3525010810,2108812838,3528046508,243981275
dimwishlist:item=1685533876&perks=3525010810,2108812838,3528046508,984655331
dimwishlist:item=1685533876&perks=3250572790,2822142346,3300816228,4293542123
dimwishlist:item=1685533876&perks=3250572790,2822142346,3300816228,2675184851
dimwishlist:item=1685533876&perks=3250572790,2822142346,3300816228,1546637391
dimwishlist:item=1685533876&perks=3250572790,2822142346,3300816228,3418165135
dimwishlist:item=1685533876&perks=3250572790,2822142346,3300816228,243981275
dimwishlist:item=1685533876&perks=3250572790,2822142346,3300816228,984655331
dimwishlist:item=1685533876&perks=3250572790,2822142346,3528046508,4293542123
dimwishlist:item=1685533876&perks=3250572790,2822142346,3528046508,2675184851
dimwishlist:item=1685533876&perks=3250572790,2822142346,3528046508,1546637391
dimwishlist:item=1685533876&perks=3250572790,2822142346,3528046508,3418165135
dimwishlist:item=1685533876&perks=3250572790,2822142346,3528046508,243981275
dimwishlist:item=1685533876&perks=3250572790,2822142346,3528046508,984655331
dimwishlist:item=1685533876&perks=3250572790,2108812838,3300816228,4293542123
dimwishlist:item=1685533876&perks=3250572790,2108812838,3300816228,2675184851
dimwishlist:item=1685533876&perks=3250572790,2108812838,3300816228,1546637391
dimwishlist:item=1685533876&perks=3250572790,2108812838,3300816228,3418165135
dimwishlist:item=1685533876&perks=3250572790,2108812838,3300816228,243981275
dimwishlist:item=1685533876&perks=3250572790,2108812838,3300816228,984655331
dimwishlist:item=1685533876&perks=3250572790,2108812838,3528046508,4293542123
dimwishlist:item=1685533876&perks=3250572790,2108812838,3528046508,2675184851
dimwishlist:item=1685533876&perks=3250572790,2108812838,3528046508,1546637391
dimwishlist:item=1685533876&perks=3250572790,2108812838,3528046508,3418165135
dimwishlist:item=1685533876&perks=3250572790,2108812838,3528046508,243981275
dimwishlist:item=1685533876&perks=3250572790,2108812838,3528046508,984655331


//Lubrae's Ruin
//notes:Aegis Top Solar Glaive: A Tier. Best With 'Souldrinker' Origin Trait. MW: Shield Duration
dimwishlist:item=2534546147&perks=580685494,1431678320,1782407750,3640170453
dimwishlist:item=2534546147&perks=580685494,1431678320,1782407750,1817983009
dimwishlist:item=2534546147&perks=580685494,1431678320,1782407750,3708227201
dimwishlist:item=2534546147&perks=580685494,1431678320,1782407750,781192741
dimwishlist:item=2534546147&perks=580685494,1431678320,1782407750,3108830275
dimwishlist:item=2534546147&perks=580685494,1431678320,1782407750,855168139
dimwishlist:item=2534546147&perks=580685494,1431678320,2241043034,3640170453
dimwishlist:item=2534546147&perks=580685494,1431678320,2241043034,1817983009
dimwishlist:item=2534546147&perks=580685494,1431678320,2241043034,3708227201
dimwishlist:item=2534546147&perks=580685494,1431678320,2241043034,781192741
dimwishlist:item=2534546147&perks=580685494,1431678320,2241043034,3108830275
dimwishlist:item=2534546147&perks=580685494,1431678320,2241043034,855168139
dimwishlist:item=2534546147&perks=580685494,1431678320,4104185692,3640170453
dimwishlist:item=2534546147&perks=580685494,1431678320,4104185692,1817983009
dimwishlist:item=2534546147&perks=580685494,1431678320,4104185692,3708227201
dimwishlist:item=2534546147&perks=580685494,1431678320,4104185692,781192741
dimwishlist:item=2534546147&perks=580685494,1431678320,4104185692,3108830275
dimwishlist:item=2534546147&perks=580685494,1431678320,4104185692,855168139
dimwishlist:item=2534546147&perks=580685494,1431678320,3007133316,3640170453
dimwishlist:item=2534546147&perks=580685494,1431678320,3007133316,1817983009
dimwishlist:item=2534546147&perks=580685494,1431678320,3007133316,3708227201
dimwishlist:item=2534546147&perks=580685494,1431678320,3007133316,781192741
dimwishlist:item=2534546147&perks=580685494,1431678320,3007133316,3108830275
dimwishlist:item=2534546147&perks=580685494,1431678320,3007133316,855168139
dimwishlist:item=2534546147&perks=580685494,1431678320,3800201097,3640170453
dimwishlist:item=2534546147&perks=580685494,1431678320,3800201097,1817983009
dimwishlist:item=2534546147&perks=580685494,1431678320,3800201097,3708227201
dimwishlist:item=2534546147&perks=580685494,1431678320,3800201097,781192741
dimwishlist:item=2534546147&perks=580685494,1431678320,3800201097,3108830275
dimwishlist:item=2534546147&perks=580685494,1431678320,3800201097,855168139
dimwishlist:item=2534546147&perks=580685494,1431678320,3674673997,3640170453
dimwishlist:item=2534546147&perks=580685494,1431678320,3674673997,1817983009
dimwishlist:item=2534546147&perks=580685494,1431678320,3674673997,3708227201
dimwishlist:item=2534546147&perks=580685494,1431678320,3674673997,781192741
dimwishlist:item=2534546147&perks=580685494,1431678320,3674673997,3108830275
dimwishlist:item=2534546147&perks=580685494,1431678320,3674673997,855168139
dimwishlist:item=2534546147&perks=580685494,550838496,1782407750,3640170453
dimwishlist:item=2534546147&perks=580685494,550838496,1782407750,1817983009
dimwishlist:item=2534546147&perks=580685494,550838496,1782407750,3708227201
dimwishlist:item=2534546147&perks=580685494,550838496,1782407750,781192741
dimwishlist:item=2534546147&perks=580685494,550838496,1782407750,3108830275
dimwishlist:item=2534546147&perks=580685494,550838496,1782407750,855168139
dimwishlist:item=2534546147&perks=580685494,550838496,2241043034,3640170453
dimwishlist:item=2534546147&perks=580685494,550838496,2241043034,1817983009
dimwishlist:item=2534546147&perks=580685494,550838496,2241043034,3708227201
dimwishlist:item=2534546147&perks=580685494,550838496,2241043034,781192741
dimwishlist:item=2534546147&perks=580685494,550838496,2241043034,3108830275
dimwishlist:item=2534546147&perks=580685494,550838496,2241043034,855168139
dimwishlist:item=2534546147&perks=580685494,550838496,4104185692,3640170453
dimwishlist:item=2534546147&perks=580685494,550838496,4104185692,1817983009
dimwishlist:item=2534546147&perks=580685494,550838496,4104185692,3708227201
dimwishlist:item=2534546147&perks=580685494,550838496,4104185692,781192741
dimwishlist:item=2534546147&perks=580685494,550838496,4104185692,3108830275
dimwishlist:item=2534546147&perks=580685494,550838496,4104185692,855168139
dimwishlist:item=2534546147&perks=580685494,550838496,3007133316,3640170453
dimwishlist:item=2534546147&perks=580685494,550838496,3007133316,1817983009
dimwishlist:item=2534546147&perks=580685494,550838496,3007133316,3708227201
dimwishlist:item=2534546147&perks=580685494,550838496,3007133316,781192741
dimwishlist:item=2534546147&perks=580685494,550838496,3007133316,3108830275
dimwishlist:item=2534546147&perks=580685494,550838496,3007133316,855168139
dimwishlist:item=2534546147&perks=580685494,550838496,3800201097,3640170453
dimwishlist:item=2534546147&perks=580685494,550838496,3800201097,1817983009
dimwishlist:item=2534546147&perks=580685494,550838496,3800201097,3708227201
dimwishlist:item=2534546147&perks=580685494,550838496,3800201097,781192741
dimwishlist:item=2534546147&perks=580685494,550838496,3800201097,3108830275
dimwishlist:item=2534546147&perks=580685494,550838496,3800201097,855168139
dimwishlist:item=2534546147&perks=580685494,550838496,3674673997,3640170453
dimwishlist:item=2534546147&perks=580685494,550838496,3674673997,1817983009
dimwishlist:item=2534546147&perks=580685494,550838496,3674673997,3708227201
dimwishlist:item=2534546147&perks=580685494,550838496,3674673997,781192741
dimwishlist:item=2534546147&perks=580685494,550838496,3674673997,3108830275
dimwishlist:item=2534546147&perks=580685494,550838496,3674673997,855168139
dimwishlist:item=2534546147&perks=580685494,3721627275,1782407750,3640170453
dimwishlist:item=2534546147&perks=580685494,3721627275,1782407750,1817983009
dimwishlist:item=2534546147&perks=580685494,3721627275,1782407750,3708227201
dimwishlist:item=2534546147&perks=580685494,3721627275,1782407750,781192741
dimwishlist:item=2534546147&perks=580685494,3721627275,1782407750,3108830275
dimwishlist:item=2534546147&perks=580685494,3721627275,1782407750,855168139
dimwishlist:item=2534546147&perks=580685494,3721627275,2241043034,3640170453
dimwishlist:item=2534546147&perks=580685494,3721627275,2241043034,1817983009
dimwishlist:item=2534546147&perks=580685494,3721627275,2241043034,3708227201
dimwishlist:item=2534546147&perks=580685494,3721627275,2241043034,781192741
dimwishlist:item=2534546147&perks=580685494,3721627275,2241043034,3108830275
dimwishlist:item=2534546147&perks=580685494,3721627275,2241043034,855168139
dimwishlist:item=2534546147&perks=580685494,3721627275,4104185692,3640170453
dimwishlist:item=2534546147&perks=580685494,3721627275,4104185692,1817983009
dimwishlist:item=2534546147&perks=580685494,3721627275,4104185692,3708227201
dimwishlist:item=2534546147&perks=580685494,3721627275,4104185692,781192741
dimwishlist:item=2534546147&perks=580685494,3721627275,4104185692,3108830275
dimwishlist:item=2534546147&perks=580685494,3721627275,4104185692,855168139
dimwishlist:item=2534546147&perks=580685494,3721627275,3007133316,3640170453
dimwishlist:item=2534546147&perks=580685494,3721627275,3007133316,1817983009
dimwishlist:item=2534546147&perks=580685494,3721627275,3007133316,3708227201
dimwishlist:item=2534546147&perks=580685494,3721627275,3007133316,781192741
dimwishlist:item=2534546147&perks=580685494,3721627275,3007133316,3108830275
dimwishlist:item=2534546147&perks=580685494,3721627275,3007133316,855168139
dimwishlist:item=2534546147&perks=580685494,3721627275,3800201097,3640170453
dimwishlist:item=2534546147&perks=580685494,3721627275,3800201097,1817983009
dimwishlist:item=2534546147&perks=580685494,3721627275,3800201097,3708227201
dimwishlist:item=2534546147&perks=580685494,3721627275,3800201097,781192741
dimwishlist:item=2534546147&perks=580685494,3721627275,3800201097,3108830275
dimwishlist:item=2534546147&perks=580685494,3721627275,3800201097,855168139
dimwishlist:item=2534546147&perks=580685494,3721627275,3674673997,3640170453
dimwishlist:item=2534546147&perks=580685494,3721627275,3674673997,1817983009
dimwishlist:item=2534546147&perks=580685494,3721627275,3674673997,3708227201
dimwishlist:item=2534546147&perks=580685494,3721627275,3674673997,781192741
dimwishlist:item=2534546147&perks=580685494,3721627275,3674673997,3108830275
dimwishlist:item=2534546147&perks=580685494,3721627275,3674673997,855168139
dimwishlist:item=2534546147&perks=580685494,714384243,1782407750,3640170453
dimwishlist:item=2534546147&perks=580685494,714384243,1782407750,1817983009
dimwishlist:item=2534546147&perks=580685494,714384243,1782407750,3708227201
dimwishlist:item=2534546147&perks=580685494,714384243,1782407750,781192741
dimwishlist:item=2534546147&perks=580685494,714384243,1782407750,3108830275
dimwishlist:item=2534546147&perks=580685494,714384243,1782407750,855168139
dimwishlist:item=2534546147&perks=580685494,714384243,2241043034,3640170453
dimwishlist:item=2534546147&perks=580685494,714384243,2241043034,1817983009
dimwishlist:item=2534546147&perks=580685494,714384243,2241043034,3708227201
dimwishlist:item=2534546147&perks=580685494,714384243,2241043034,781192741
dimwishlist:item=2534546147&perks=580685494,714384243,2241043034,3108830275
dimwishlist:item=2534546147&perks=580685494,714384243,2241043034,855168139
dimwishlist:item=2534546147&perks=580685494,714384243,4104185692,3640170453
dimwishlist:item=2534546147&perks=580685494,714384243,4104185692,1817983009
dimwishlist:item=2534546147&perks=580685494,714384243,4104185692,3708227201
dimwishlist:item=2534546147&perks=580685494,714384243,4104185692,781192741
dimwishlist:item=2534546147&perks=580685494,714384243,4104185692,3108830275
dimwishlist:item=2534546147&perks=580685494,714384243,4104185692,855168139
dimwishlist:item=2534546147&perks=580685494,714384243,3007133316,3640170453
dimwishlist:item=2534546147&perks=580685494,714384243,3007133316,1817983009
dimwishlist:item=2534546147&perks=580685494,714384243,3007133316,3708227201
dimwishlist:item=2534546147&perks=580685494,714384243,3007133316,781192741
dimwishlist:item=2534546147&perks=580685494,714384243,3007133316,3108830275
dimwishlist:item=2534546147&perks=580685494,714384243,3007133316,855168139
dimwishlist:item=2534546147&perks=580685494,714384243,3800201097,3640170453
dimwishlist:item=2534546147&perks=580685494,714384243,3800201097,1817983009
dimwishlist:item=2534546147&perks=580685494,714384243,3800201097,3708227201
dimwishlist:item=2534546147&perks=580685494,714384243,3800201097,781192741
dimwishlist:item=2534546147&perks=580685494,714384243,3800201097,3108830275
dimwishlist:item=2534546147&perks=580685494,714384243,3800201097,855168139
dimwishlist:item=2534546147&perks=580685494,714384243,3674673997,3640170453
dimwishlist:item=2534546147&perks=580685494,714384243,3674673997,1817983009
dimwishlist:item=2534546147&perks=580685494,714384243,3674673997,3708227201
dimwishlist:item=2534546147&perks=580685494,714384243,3674673997,781192741
dimwishlist:item=2534546147&perks=580685494,714384243,3674673997,3108830275
dimwishlist:item=2534546147&perks=580685494,714384243,3674673997,855168139
dimwishlist:item=2534546147&perks=2719770986,1431678320,1782407750,3640170453
dimwishlist:item=2534546147&perks=2719770986,1431678320,1782407750,1817983009
dimwishlist:item=2534546147&perks=2719770986,1431678320,1782407750,3708227201
dimwishlist:item=2534546147&perks=2719770986,1431678320,1782407750,781192741
dimwishlist:item=2534546147&perks=2719770986,1431678320,1782407750,3108830275
dimwishlist:item=2534546147&perks=2719770986,1431678320,1782407750,855168139
dimwishlist:item=2534546147&perks=2719770986,1431678320,2241043034,3640170453
dimwishlist:item=2534546147&perks=2719770986,1431678320,2241043034,1817983009
dimwishlist:item=2534546147&perks=2719770986,1431678320,2241043034,3708227201
dimwishlist:item=2534546147&perks=2719770986,1431678320,2241043034,781192741
dimwishlist:item=2534546147&perks=2719770986,1431678320,2241043034,3108830275
dimwishlist:item=2534546147&perks=2719770986,1431678320,2241043034,855168139
dimwishlist:item=2534546147&perks=2719770986,1431678320,4104185692,3640170453
dimwishlist:item=2534546147&perks=2719770986,1431678320,4104185692,1817983009
dimwishlist:item=2534546147&perks=2719770986,1431678320,4104185692,3708227201
dimwishlist:item=2534546147&perks=2719770986,1431678320,4104185692,781192741
dimwishlist:item=2534546147&perks=2719770986,1431678320,4104185692,3108830275
dimwishlist:item=2534546147&perks=2719770986,1431678320,4104185692,855168139
dimwishlist:item=2534546147&perks=2719770986,1431678320,3007133316,3640170453
dimwishlist:item=2534546147&perks=2719770986,1431678320,3007133316,1817983009
dimwishlist:item=2534546147&perks=2719770986,1431678320,3007133316,3708227201
dimwishlist:item=2534546147&perks=2719770986,1431678320,3007133316,781192741
dimwishlist:item=2534546147&perks=2719770986,1431678320,3007133316,3108830275
dimwishlist:item=2534546147&perks=2719770986,1431678320,3007133316,855168139
dimwishlist:item=2534546147&perks=2719770986,1431678320,3800201097,3640170453
dimwishlist:item=2534546147&perks=2719770986,1431678320,3800201097,1817983009
dimwishlist:item=2534546147&perks=2719770986,1431678320,3800201097,3708227201
dimwishlist:item=2534546147&perks=2719770986,1431678320,3800201097,781192741
dimwishlist:item=2534546147&perks=2719770986,1431678320,3800201097,3108830275
dimwishlist:item=2534546147&perks=2719770986,1431678320,3800201097,855168139
dimwishlist:item=2534546147&perks=2719770986,1431678320,3674673997,3640170453
dimwishlist:item=2534546147&perks=2719770986,1431678320,3674673997,1817983009
dimwishlist:item=2534546147&perks=2719770986,1431678320,3674673997,3708227201
dimwishlist:item=2534546147&perks=2719770986,1431678320,3674673997,781192741
dimwishlist:item=2534546147&perks=2719770986,1431678320,3674673997,3108830275
dimwishlist:item=2534546147&perks=2719770986,1431678320,3674673997,855168139
dimwishlist:item=2534546147&perks=2719770986,550838496,1782407750,3640170453
dimwishlist:item=2534546147&perks=2719770986,550838496,1782407750,1817983009
dimwishlist:item=2534546147&perks=2719770986,550838496,1782407750,3708227201
dimwishlist:item=2534546147&perks=2719770986,550838496,1782407750,781192741
dimwishlist:item=2534546147&perks=2719770986,550838496,1782407750,3108830275
dimwishlist:item=2534546147&perks=2719770986,550838496,1782407750,855168139
dimwishlist:item=2534546147&perks=2719770986,550838496,2241043034,3640170453
dimwishlist:item=2534546147&perks=2719770986,550838496,2241043034,1817983009
dimwishlist:item=2534546147&perks=2719770986,550838496,2241043034,3708227201
dimwishlist:item=2534546147&perks=2719770986,550838496,2241043034,781192741
dimwishlist:item=2534546147&perks=2719770986,550838496,2241043034,3108830275
dimwishlist:item=2534546147&perks=2719770986,550838496,2241043034,855168139
dimwishlist:item=2534546147&perks=2719770986,550838496,4104185692,3640170453
dimwishlist:item=2534546147&perks=2719770986,550838496,4104185692,1817983009
dimwishlist:item=2534546147&perks=2719770986,550838496,4104185692,3708227201
dimwishlist:item=2534546147&perks=2719770986,550838496,4104185692,781192741
dimwishlist:item=2534546147&perks=2719770986,550838496,4104185692,3108830275
dimwishlist:item=2534546147&perks=2719770986,550838496,4104185692,855168139
dimwishlist:item=2534546147&perks=2719770986,550838496,3007133316,3640170453
dimwishlist:item=2534546147&perks=2719770986,550838496,3007133316,1817983009
dimwishlist:item=2534546147&perks=2719770986,550838496,3007133316,3708227201
dimwishlist:item=2534546147&perks=2719770986,550838496,3007133316,781192741
dimwishlist:item=2534546147&perks=2719770986,550838496,3007133316,3108830275
dimwishlist:item=2534546147&perks=2719770986,550838496,3007133316,855168139
dimwishlist:item=2534546147&perks=2719770986,550838496,3800201097,3640170453
dimwishlist:item=2534546147&perks=2719770986,550838496,3800201097,1817983009
dimwishlist:item=2534546147&perks=2719770986,550838496,3800201097,3708227201
dimwishlist:item=2534546147&perks=2719770986,550838496,3800201097,781192741
dimwishlist:item=2534546147&perks=2719770986,550838496,3800201097,3108830275
dimwishlist:item=2534546147&perks=2719770986,550838496,3800201097,855168139
dimwishlist:item=2534546147&perks=2719770986,550838496,3674673997,3640170453
dimwishlist:item=2534546147&perks=2719770986,550838496,3674673997,1817983009
dimwishlist:item=2534546147&perks=2719770986,550838496,3674673997,3708227201
dimwishlist:item=2534546147&perks=2719770986,550838496,3674673997,781192741
dimwishlist:item=2534546147&perks=2719770986,550838496,3674673997,3108830275
dimwishlist:item=2534546147&perks=2719770986,550838496,3674673997,855168139
dimwishlist:item=2534546147&perks=2719770986,3721627275,1782407750,3640170453
dimwishlist:item=2534546147&perks=2719770986,3721627275,1782407750,1817983009
dimwishlist:item=2534546147&perks=2719770986,3721627275,1782407750,3708227201
dimwishlist:item=2534546147&perks=2719770986,3721627275,1782407750,781192741
dimwishlist:item=2534546147&perks=2719770986,3721627275,1782407750,3108830275
dimwishlist:item=2534546147&perks=2719770986,3721627275,1782407750,855168139
dimwishlist:item=2534546147&perks=2719770986,3721627275,2241043034,3640170453
dimwishlist:item=2534546147&perks=2719770986,3721627275,2241043034,1817983009
dimwishlist:item=2534546147&perks=2719770986,3721627275,2241043034,3708227201
dimwishlist:item=2534546147&perks=2719770986,3721627275,2241043034,781192741
dimwishlist:item=2534546147&perks=2719770986,3721627275,2241043034,3108830275
dimwishlist:item=2534546147&perks=2719770986,3721627275,2241043034,855168139
dimwishlist:item=2534546147&perks=2719770986,3721627275,4104185692,3640170453
dimwishlist:item=2534546147&perks=2719770986,3721627275,4104185692,1817983009
dimwishlist:item=2534546147&perks=2719770986,3721627275,4104185692,3708227201
dimwishlist:item=2534546147&perks=2719770986,3721627275,4104185692,781192741
dimwishlist:item=2534546147&perks=2719770986,3721627275,4104185692,3108830275
dimwishlist:item=2534546147&perks=2719770986,3721627275,4104185692,855168139
dimwishlist:item=2534546147&perks=2719770986,3721627275,3007133316,3640170453
dimwishlist:item=2534546147&perks=2719770986,3721627275,3007133316,1817983009
dimwishlist:item=2534546147&perks=2719770986,3721627275,3007133316,3708227201
dimwishlist:item=2534546147&perks=2719770986,3721627275,3007133316,781192741
dimwishlist:item=2534546147&perks=2719770986,3721627275,3007133316,3108830275
dimwishlist:item=2534546147&perks=2719770986,3721627275,3007133316,855168139
dimwishlist:item=2534546147&perks=2719770986,3721627275,3800201097,3640170453
dimwishlist:item=2534546147&perks=2719770986,3721627275,3800201097,1817983009
dimwishlist:item=2534546147&perks=2719770986,3721627275,3800201097,3708227201
dimwishlist:item=2534546147&perks=2719770986,3721627275,3800201097,781192741
dimwishlist:item=2534546147&perks=2719770986,3721627275,3800201097,3108830275
dimwishlist:item=2534546147&perks=2719770986,3721627275,3800201097,855168139
dimwishlist:item=2534546147&perks=2719770986,3721627275,3674673997,3640170453
dimwishlist:item=2534546147&perks=2719770986,3721627275,3674673997,1817983009
dimwishlist:item=2534546147&perks=2719770986,3721627275,3674673997,3708227201
dimwishlist:item=2534546147&perks=2719770986,3721627275,3674673997,781192741
dimwishlist:item=2534546147&perks=2719770986,3721627275,3674673997,3108830275
dimwishlist:item=2534546147&perks=2719770986,3721627275,3674673997,855168139
dimwishlist:item=2534546147&perks=2719770986,714384243,1782407750,3640170453
dimwishlist:item=2534546147&perks=2719770986,714384243,1782407750,1817983009
dimwishlist:item=2534546147&perks=2719770986,714384243,1782407750,3708227201
dimwishlist:item=2534546147&perks=2719770986,714384243,1782407750,781192741
dimwishlist:item=2534546147&perks=2719770986,714384243,1782407750,3108830275
dimwishlist:item=2534546147&perks=2719770986,714384243,1782407750,855168139
dimwishlist:item=2534546147&perks=2719770986,714384243,2241043034,3640170453
dimwishlist:item=2534546147&perks=2719770986,714384243,2241043034,1817983009
dimwishlist:item=2534546147&perks=2719770986,714384243,2241043034,3708227201
dimwishlist:item=2534546147&perks=2719770986,714384243,2241043034,781192741
dimwishlist:item=2534546147&perks=2719770986,714384243,2241043034,3108830275
dimwishlist:item=2534546147&perks=2719770986,714384243,2241043034,855168139
dimwishlist:item=2534546147&perks=2719770986,714384243,4104185692,3640170453
dimwishlist:item=2534546147&perks=2719770986,714384243,4104185692,1817983009
dimwishlist:item=2534546147&perks=2719770986,714384243,4104185692,3708227201
dimwishlist:item=2534546147&perks=2719770986,714384243,4104185692,781192741
dimwishlist:item=2534546147&perks=2719770986,714384243,4104185692,3108830275
dimwishlist:item=2534546147&perks=2719770986,714384243,4104185692,855168139
dimwishlist:item=2534546147&perks=2719770986,714384243,3007133316,3640170453
dimwishlist:item=2534546147&perks=2719770986,714384243,3007133316,1817983009
dimwishlist:item=2534546147&perks=2719770986,714384243,3007133316,3708227201
dimwishlist:item=2534546147&perks=2719770986,714384243,3007133316,781192741
dimwishlist:item=2534546147&perks=2719770986,714384243,3007133316,3108830275
dimwishlist:item=2534546147&perks=2719770986,714384243,3007133316,855168139
dimwishlist:item=2534546147&perks=2719770986,714384243,3800201097,3640170453
dimwishlist:item=2534546147&perks=2719770986,714384243,3800201097,1817983009
dimwishlist:item=2534546147&perks=2719770986,714384243,3800201097,3708227201
dimwishlist:item=2534546147&perks=2719770986,714384243,3800201097,781192741
dimwishlist:item=2534546147&perks=2719770986,714384243,3800201097,3108830275
dimwishlist:item=2534546147&perks=2719770986,714384243,3800201097,855168139
dimwishlist:item=2534546147&perks=2719770986,714384243,3674673997,3640170453
dimwishlist:item=2534546147&perks=2719770986,714384243,3674673997,1817983009
dimwishlist:item=2534546147&perks=2719770986,714384243,3674673997,3708227201
dimwishlist:item=2534546147&perks=2719770986,714384243,3674673997,781192741
dimwishlist:item=2534546147&perks=2719770986,714384243,3674673997,3108830275
dimwishlist:item=2534546147&perks=2719770986,714384243,3674673997,855168139
dimwishlist:item=1466006054&perks=580685494,1431678320,1782407750,3640170453
dimwishlist:item=1466006054&perks=580685494,1431678320,1782407750,1817983009
dimwishlist:item=1466006054&perks=580685494,1431678320,1782407750,3708227201
dimwishlist:item=1466006054&perks=580685494,1431678320,1782407750,781192741
dimwishlist:item=1466006054&perks=580685494,1431678320,1782407750,3108830275
dimwishlist:item=1466006054&perks=580685494,1431678320,1782407750,855168139
dimwishlist:item=1466006054&perks=580685494,1431678320,2241043034,3640170453
dimwishlist:item=1466006054&perks=580685494,1431678320,2241043034,1817983009
dimwishlist:item=1466006054&perks=580685494,1431678320,2241043034,3708227201
dimwishlist:item=1466006054&perks=580685494,1431678320,2241043034,781192741
dimwishlist:item=1466006054&perks=580685494,1431678320,2241043034,3108830275
dimwishlist:item=1466006054&perks=580685494,1431678320,2241043034,855168139
dimwishlist:item=1466006054&perks=580685494,1431678320,4104185692,3640170453
dimwishlist:item=1466006054&perks=580685494,1431678320,4104185692,1817983009
dimwishlist:item=1466006054&perks=580685494,1431678320,4104185692,3708227201
dimwishlist:item=1466006054&perks=580685494,1431678320,4104185692,781192741
dimwishlist:item=1466006054&perks=580685494,1431678320,4104185692,3108830275
dimwishlist:item=1466006054&perks=580685494,1431678320,4104185692,855168139
dimwishlist:item=1466006054&perks=580685494,1431678320,3007133316,3640170453
dimwishlist:item=1466006054&perks=580685494,1431678320,3007133316,1817983009
dimwishlist:item=1466006054&perks=580685494,1431678320,3007133316,3708227201
dimwishlist:item=1466006054&perks=580685494,1431678320,3007133316,781192741
dimwishlist:item=1466006054&perks=580685494,1431678320,3007133316,3108830275
dimwishlist:item=1466006054&perks=580685494,1431678320,3007133316,855168139
dimwishlist:item=1466006054&perks=580685494,1431678320,3800201097,3640170453
dimwishlist:item=1466006054&perks=580685494,1431678320,3800201097,1817983009
dimwishlist:item=1466006054&perks=580685494,1431678320,3800201097,3708227201
dimwishlist:item=1466006054&perks=580685494,1431678320,3800201097,781192741
dimwishlist:item=1466006054&perks=580685494,1431678320,3800201097,3108830275
dimwishlist:item=1466006054&perks=580685494,1431678320,3800201097,855168139
dimwishlist:item=1466006054&perks=580685494,1431678320,3674673997,3640170453
dimwishlist:item=1466006054&perks=580685494,1431678320,3674673997,1817983009
dimwishlist:item=1466006054&perks=580685494,1431678320,3674673997,3708227201
dimwishlist:item=1466006054&perks=580685494,1431678320,3674673997,781192741
dimwishlist:item=1466006054&perks=580685494,1431678320,3674673997,3108830275
dimwishlist:item=1466006054&perks=580685494,1431678320,3674673997,855168139
dimwishlist:item=1466006054&perks=580685494,550838496,1782407750,3640170453
dimwishlist:item=1466006054&perks=580685494,550838496,1782407750,1817983009
dimwishlist:item=1466006054&perks=580685494,550838496,1782407750,3708227201
dimwishlist:item=1466006054&perks=580685494,550838496,1782407750,781192741
dimwishlist:item=1466006054&perks=580685494,550838496,1782407750,3108830275
dimwishlist:item=1466006054&perks=580685494,550838496,1782407750,855168139
dimwishlist:item=1466006054&perks=580685494,550838496,2241043034,3640170453
dimwishlist:item=1466006054&perks=580685494,550838496,2241043034,1817983009
dimwishlist:item=1466006054&perks=580685494,550838496,2241043034,3708227201
dimwishlist:item=1466006054&perks=580685494,550838496,2241043034,781192741
dimwishlist:item=1466006054&perks=580685494,550838496,2241043034,3108830275
dimwishlist:item=1466006054&perks=580685494,550838496,2241043034,855168139
dimwishlist:item=1466006054&perks=580685494,550838496,4104185692,3640170453
dimwishlist:item=1466006054&perks=580685494,550838496,4104185692,1817983009
dimwishlist:item=1466006054&perks=580685494,550838496,4104185692,3708227201
dimwishlist:item=1466006054&perks=580685494,550838496,4104185692,781192741
dimwishlist:item=1466006054&perks=580685494,550838496,4104185692,3108830275
dimwishlist:item=1466006054&perks=580685494,550838496,4104185692,855168139
dimwishlist:item=1466006054&perks=580685494,550838496,3007133316,3640170453
dimwishlist:item=1466006054&perks=580685494,550838496,3007133316,1817983009
dimwishlist:item=1466006054&perks=580685494,550838496,3007133316,3708227201
dimwishlist:item=1466006054&perks=580685494,550838496,3007133316,781192741
dimwishlist:item=1466006054&perks=580685494,550838496,3007133316,3108830275
dimwishlist:item=1466006054&perks=580685494,550838496,3007133316,855168139
dimwishlist:item=1466006054&perks=580685494,550838496,3800201097,3640170453
dimwishlist:item=1466006054&perks=580685494,550838496,3800201097,1817983009
dimwishlist:item=1466006054&perks=580685494,550838496,3800201097,3708227201
dimwishlist:item=1466006054&perks=580685494,550838496,3800201097,781192741
dimwishlist:item=1466006054&perks=580685494,550838496,3800201097,3108830275
dimwishlist:item=1466006054&perks=580685494,550838496,3800201097,855168139
dimwishlist:item=1466006054&perks=580685494,550838496,3674673997,3640170453
dimwishlist:item=1466006054&perks=580685494,550838496,3674673997,1817983009
dimwishlist:item=1466006054&perks=580685494,550838496,3674673997,3708227201
dimwishlist:item=1466006054&perks=580685494,550838496,3674673997,781192741
dimwishlist:item=1466006054&perks=580685494,550838496,3674673997,3108830275
dimwishlist:item=1466006054&perks=580685494,550838496,3674673997,855168139
dimwishlist:item=1466006054&perks=580685494,3721627275,1782407750,3640170453
dimwishlist:item=1466006054&perks=580685494,3721627275,1782407750,1817983009
dimwishlist:item=1466006054&perks=580685494,3721627275,1782407750,3708227201
dimwishlist:item=1466006054&perks=580685494,3721627275,1782407750,781192741
dimwishlist:item=1466006054&perks=580685494,3721627275,1782407750,3108830275
dimwishlist:item=1466006054&perks=580685494,3721627275,1782407750,855168139
dimwishlist:item=1466006054&perks=580685494,3721627275,2241043034,3640170453
dimwishlist:item=1466006054&perks=580685494,3721627275,2241043034,1817983009
dimwishlist:item=1466006054&perks=580685494,3721627275,2241043034,3708227201
dimwishlist:item=1466006054&perks=580685494,3721627275,2241043034,781192741
dimwishlist:item=1466006054&perks=580685494,3721627275,2241043034,3108830275
dimwishlist:item=1466006054&perks=580685494,3721627275,2241043034,855168139
dimwishlist:item=1466006054&perks=580685494,3721627275,4104185692,3640170453
dimwishlist:item=1466006054&perks=580685494,3721627275,4104185692,1817983009
dimwishlist:item=1466006054&perks=580685494,3721627275,4104185692,3708227201
dimwishlist:item=1466006054&perks=580685494,3721627275,4104185692,781192741
dimwishlist:item=1466006054&perks=580685494,3721627275,4104185692,3108830275
dimwishlist:item=1466006054&perks=580685494,3721627275,4104185692,855168139
dimwishlist:item=1466006054&perks=580685494,3721627275,3007133316,3640170453
dimwishlist:item=1466006054&perks=580685494,3721627275,3007133316,1817983009
dimwishlist:item=1466006054&perks=580685494,3721627275,3007133316,3708227201
dimwishlist:item=1466006054&perks=580685494,3721627275,3007133316,781192741
dimwishlist:item=1466006054&perks=580685494,3721627275,3007133316,3108830275
dimwishlist:item=1466006054&perks=580685494,3721627275,3007133316,855168139
dimwishlist:item=1466006054&perks=580685494,3721627275,3800201097,3640170453
dimwishlist:item=1466006054&perks=580685494,3721627275,3800201097,1817983009
dimwishlist:item=1466006054&perks=580685494,3721627275,3800201097,3708227201
dimwishlist:item=1466006054&perks=580685494,3721627275,3800201097,781192741
dimwishlist:item=1466006054&perks=580685494,3721627275,3800201097,3108830275
dimwishlist:item=1466006054&perks=580685494,3721627275,3800201097,855168139
dimwishlist:item=1466006054&perks=580685494,3721627275,3674673997,3640170453
dimwishlist:item=1466006054&perks=580685494,3721627275,3674673997,1817983009
dimwishlist:item=1466006054&perks=580685494,3721627275,3674673997,3708227201
dimwishlist:item=1466006054&perks=580685494,3721627275,3674673997,781192741
dimwishlist:item=1466006054&perks=580685494,3721627275,3674673997,3108830275
dimwishlist:item=1466006054&perks=580685494,3721627275,3674673997,855168139
dimwishlist:item=1466006054&perks=580685494,714384243,1782407750,3640170453
dimwishlist:item=1466006054&perks=580685494,714384243,1782407750,1817983009
dimwishlist:item=1466006054&perks=580685494,714384243,1782407750,3708227201
dimwishlist:item=1466006054&perks=580685494,714384243,1782407750,781192741
dimwishlist:item=1466006054&perks=580685494,714384243,1782407750,3108830275
dimwishlist:item=1466006054&perks=580685494,714384243,1782407750,855168139
dimwishlist:item=1466006054&perks=580685494,714384243,2241043034,3640170453
dimwishlist:item=1466006054&perks=580685494,714384243,2241043034,1817983009
dimwishlist:item=1466006054&perks=580685494,714384243,2241043034,3708227201
dimwishlist:item=1466006054&perks=580685494,714384243,2241043034,781192741
dimwishlist:item=1466006054&perks=580685494,714384243,2241043034,3108830275
dimwishlist:item=1466006054&perks=580685494,714384243,2241043034,855168139
dimwishlist:item=1466006054&perks=580685494,714384243,4104185692,3640170453
dimwishlist:item=1466006054&perks=580685494,714384243,4104185692,1817983009
dimwishlist:item=1466006054&perks=580685494,714384243,4104185692,3708227201
dimwishlist:item=1466006054&perks=580685494,714384243,4104185692,781192741
dimwishlist:item=1466006054&perks=580685494,714384243,4104185692,3108830275
dimwishlist:item=1466006054&perks=580685494,714384243,4104185692,855168139
dimwishlist:item=1466006054&perks=580685494,714384243,3007133316,3640170453
dimwishlist:item=1466006054&perks=580685494,714384243,3007133316,1817983009
dimwishlist:item=1466006054&perks=580685494,714384243,3007133316,3708227201
dimwishlist:item=1466006054&perks=580685494,714384243,3007133316,781192741
dimwishlist:item=1466006054&perks=580685494,714384243,3007133316,3108830275
dimwishlist:item=1466006054&perks=580685494,714384243,3007133316,855168139
dimwishlist:item=1466006054&perks=580685494,714384243,3800201097,3640170453
dimwishlist:item=1466006054&perks=580685494,714384243,3800201097,1817983009
dimwishlist:item=1466006054&perks=580685494,714384243,3800201097,3708227201
dimwishlist:item=1466006054&perks=580685494,714384243,3800201097,781192741
dimwishlist:item=1466006054&perks=580685494,714384243,3800201097,3108830275
dimwishlist:item=1466006054&perks=580685494,714384243,3800201097,855168139
dimwishlist:item=1466006054&perks=580685494,714384243,3674673997,3640170453
dimwishlist:item=1466006054&perks=580685494,714384243,3674673997,1817983009
dimwishlist:item=1466006054&perks=580685494,714384243,3674673997,3708227201
dimwishlist:item=1466006054&perks=580685494,714384243,3674673997,781192741
dimwishlist:item=1466006054&perks=580685494,714384243,3674673997,3108830275
dimwishlist:item=1466006054&perks=580685494,714384243,3674673997,855168139
dimwishlist:item=1466006054&perks=2719770986,1431678320,1782407750,3640170453
dimwishlist:item=1466006054&perks=2719770986,1431678320,1782407750,1817983009
dimwishlist:item=1466006054&perks=2719770986,1431678320,1782407750,3708227201
dimwishlist:item=1466006054&perks=2719770986,1431678320,1782407750,781192741
dimwishlist:item=1466006054&perks=2719770986,1431678320,1782407750,3108830275
dimwishlist:item=1466006054&perks=2719770986,1431678320,1782407750,855168139
dimwishlist:item=1466006054&perks=2719770986,1431678320,2241043034,3640170453
dimwishlist:item=1466006054&perks=2719770986,1431678320,2241043034,1817983009
dimwishlist:item=1466006054&perks=2719770986,1431678320,2241043034,3708227201
dimwishlist:item=1466006054&perks=2719770986,1431678320,2241043034,781192741
dimwishlist:item=1466006054&perks=2719770986,1431678320,2241043034,3108830275
dimwishlist:item=1466006054&perks=2719770986,1431678320,2241043034,855168139
dimwishlist:item=1466006054&perks=2719770986,1431678320,4104185692,3640170453
dimwishlist:item=1466006054&perks=2719770986,1431678320,4104185692,1817983009
dimwishlist:item=1466006054&perks=2719770986,1431678320,4104185692,3708227201
dimwishlist:item=1466006054&perks=2719770986,1431678320,4104185692,781192741
dimwishlist:item=1466006054&perks=2719770986,1431678320,4104185692,3108830275
dimwishlist:item=1466006054&perks=2719770986,1431678320,4104185692,855168139
dimwishlist:item=1466006054&perks=2719770986,1431678320,3007133316,3640170453
dimwishlist:item=1466006054&perks=2719770986,1431678320,3007133316,1817983009
dimwishlist:item=1466006054&perks=2719770986,1431678320,3007133316,3708227201
dimwishlist:item=1466006054&perks=2719770986,1431678320,3007133316,781192741
dimwishlist:item=1466006054&perks=2719770986,1431678320,3007133316,3108830275
dimwishlist:item=1466006054&perks=2719770986,1431678320,3007133316,855168139
dimwishlist:item=1466006054&perks=2719770986,1431678320,3800201097,3640170453
dimwishlist:item=1466006054&perks=2719770986,1431678320,3800201097,1817983009
dimwishlist:item=1466006054&perks=2719770986,1431678320,3800201097,3708227201
dimwishlist:item=1466006054&perks=2719770986,1431678320,3800201097,781192741
dimwishlist:item=1466006054&perks=2719770986,1431678320,3800201097,3108830275
dimwishlist:item=1466006054&perks=2719770986,1431678320,3800201097,855168139
dimwishlist:item=1466006054&perks=2719770986,1431678320,3674673997,3640170453
dimwishlist:item=1466006054&perks=2719770986,1431678320,3674673997,1817983009
dimwishlist:item=1466006054&perks=2719770986,1431678320,3674673997,3708227201
dimwishlist:item=1466006054&perks=2719770986,1431678320,3674673997,781192741
dimwishlist:item=1466006054&perks=2719770986,1431678320,3674673997,3108830275
dimwishlist:item=1466006054&perks=2719770986,1431678320,3674673997,855168139
dimwishlist:item=1466006054&perks=2719770986,550838496,1782407750,3640170453
dimwishlist:item=1466006054&perks=2719770986,550838496,1782407750,1817983009
dimwishlist:item=1466006054&perks=2719770986,550838496,1782407750,3708227201
dimwishlist:item=1466006054&perks=2719770986,550838496,1782407750,781192741
dimwishlist:item=1466006054&perks=2719770986,550838496,1782407750,3108830275
dimwishlist:item=1466006054&perks=2719770986,550838496,1782407750,855168139
dimwishlist:item=1466006054&perks=2719770986,550838496,2241043034,3640170453
dimwishlist:item=1466006054&perks=2719770986,550838496,2241043034,1817983009
dimwishlist:item=1466006054&perks=2719770986,550838496,2241043034,3708227201
dimwishlist:item=1466006054&perks=2719770986,550838496,2241043034,781192741
dimwishlist:item=1466006054&perks=2719770986,550838496,2241043034,3108830275
dimwishlist:item=1466006054&perks=2719770986,550838496,2241043034,855168139
dimwishlist:item=1466006054&perks=2719770986,550838496,4104185692,3640170453
dimwishlist:item=1466006054&perks=2719770986,550838496,4104185692,1817983009
dimwishlist:item=1466006054&perks=2719770986,550838496,4104185692,3708227201
dimwishlist:item=1466006054&perks=2719770986,550838496,4104185692,781192741
dimwishlist:item=1466006054&perks=2719770986,550838496,4104185692,3108830275
dimwishlist:item=1466006054&perks=2719770986,550838496,4104185692,855168139
dimwishlist:item=1466006054&perks=2719770986,550838496,3007133316,3640170453
dimwishlist:item=1466006054&perks=2719770986,550838496,3007133316,1817983009
dimwishlist:item=1466006054&perks=2719770986,550838496,3007133316,3708227201
dimwishlist:item=1466006054&perks=2719770986,550838496,3007133316,781192741
dimwishlist:item=1466006054&perks=2719770986,550838496,3007133316,3108830275
dimwishlist:item=1466006054&perks=2719770986,550838496,3007133316,855168139
dimwishlist:item=1466006054&perks=2719770986,550838496,3800201097,3640170453
dimwishlist:item=1466006054&perks=2719770986,550838496,3800201097,1817983009
dimwishlist:item=1466006054&perks=2719770986,550838496,3800201097,3708227201
dimwishlist:item=1466006054&perks=2719770986,550838496,3800201097,781192741
dimwishlist:item=1466006054&perks=2719770986,550838496,3800201097,3108830275
dimwishlist:item=1466006054&perks=2719770986,550838496,3800201097,855168139
dimwishlist:item=1466006054&perks=2719770986,550838496,3674673997,3640170453
dimwishlist:item=1466006054&perks=2719770986,550838496,3674673997,1817983009
dimwishlist:item=1466006054&perks=2719770986,550838496,3674673997,3708227201
dimwishlist:item=1466006054&perks=2719770986,550838496,3674673997,781192741
dimwishlist:item=1466006054&perks=2719770986,550838496,3674673997,3108830275
dimwishlist:item=1466006054&perks=2719770986,550838496,3674673997,855168139
dimwishlist:item=1466006054&perks=2719770986,3721627275,1782407750,3640170453
dimwishlist:item=1466006054&perks=2719770986,3721627275,1782407750,1817983009
dimwishlist:item=1466006054&perks=2719770986,3721627275,1782407750,3708227201
dimwishlist:item=1466006054&perks=2719770986,3721627275,1782407750,781192741
dimwishlist:item=1466006054&perks=2719770986,3721627275,1782407750,3108830275
dimwishlist:item=1466006054&perks=2719770986,3721627275,1782407750,855168139
dimwishlist:item=1466006054&perks=2719770986,3721627275,2241043034,3640170453
dimwishlist:item=1466006054&perks=2719770986,3721627275,2241043034,1817983009
dimwishlist:item=1466006054&perks=2719770986,3721627275,2241043034,3708227201
dimwishlist:item=1466006054&perks=2719770986,3721627275,2241043034,781192741
dimwishlist:item=1466006054&perks=2719770986,3721627275,2241043034,3108830275
dimwishlist:item=1466006054&perks=2719770986,3721627275,2241043034,855168139
dimwishlist:item=1466006054&perks=2719770986,3721627275,4104185692,3640170453
dimwishlist:item=1466006054&perks=2719770986,3721627275,4104185692,1817983009
dimwishlist:item=1466006054&perks=2719770986,3721627275,4104185692,3708227201
dimwishlist:item=1466006054&perks=2719770986,3721627275,4104185692,781192741
dimwishlist:item=1466006054&perks=2719770986,3721627275,4104185692,3108830275
dimwishlist:item=1466006054&perks=2719770986,3721627275,4104185692,855168139
dimwishlist:item=1466006054&perks=2719770986,3721627275,3007133316,3640170453
dimwishlist:item=1466006054&perks=2719770986,3721627275,3007133316,1817983009
dimwishlist:item=1466006054&perks=2719770986,3721627275,3007133316,3708227201
dimwishlist:item=1466006054&perks=2719770986,3721627275,3007133316,781192741
dimwishlist:item=1466006054&perks=2719770986,3721627275,3007133316,3108830275
dimwishlist:item=1466006054&perks=2719770986,3721627275,3007133316,855168139
dimwishlist:item=1466006054&perks=2719770986,3721627275,3800201097,3640170453
dimwishlist:item=1466006054&perks=2719770986,3721627275,3800201097,1817983009
dimwishlist:item=1466006054&perks=2719770986,3721627275,3800201097,3708227201
dimwishlist:item=1466006054&perks=2719770986,3721627275,3800201097,781192741
dimwishlist:item=1466006054&perks=2719770986,3721627275,3800201097,3108830275
dimwishlist:item=1466006054&perks=2719770986,3721627275,3800201097,855168139
dimwishlist:item=1466006054&perks=2719770986,3721627275,3674673997,3640170453
dimwishlist:item=1466006054&perks=2719770986,3721627275,3674673997,1817983009
dimwishlist:item=1466006054&perks=2719770986,3721627275,3674673997,3708227201
dimwishlist:item=1466006054&perks=2719770986,3721627275,3674673997,781192741
dimwishlist:item=1466006054&perks=2719770986,3721627275,3674673997,3108830275
dimwishlist:item=1466006054&perks=2719770986,3721627275,3674673997,855168139
dimwishlist:item=1466006054&perks=2719770986,714384243,1782407750,3640170453
dimwishlist:item=1466006054&perks=2719770986,714384243,1782407750,1817983009
dimwishlist:item=1466006054&perks=2719770986,714384243,1782407750,3708227201
dimwishlist:item=1466006054&perks=2719770986,714384243,1782407750,781192741
dimwishlist:item=1466006054&perks=2719770986,714384243,1782407750,3108830275
dimwishlist:item=1466006054&perks=2719770986,714384243,1782407750,855168139
dimwishlist:item=1466006054&perks=2719770986,714384243,2241043034,3640170453
dimwishlist:item=1466006054&perks=2719770986,714384243,2241043034,1817983009
dimwishlist:item=1466006054&perks=2719770986,714384243,2241043034,3708227201
dimwishlist:item=1466006054&perks=2719770986,714384243,2241043034,781192741
dimwishlist:item=1466006054&perks=2719770986,714384243,2241043034,3108830275
dimwishlist:item=1466006054&perks=2719770986,714384243,2241043034,855168139
dimwishlist:item=1466006054&perks=2719770986,714384243,4104185692,3640170453
dimwishlist:item=1466006054&perks=2719770986,714384243,4104185692,1817983009
dimwishlist:item=1466006054&perks=2719770986,714384243,4104185692,3708227201
dimwishlist:item=1466006054&perks=2719770986,714384243,4104185692,781192741
dimwishlist:item=1466006054&perks=2719770986,714384243,4104185692,3108830275
dimwishlist:item=1466006054&perks=2719770986,714384243,4104185692,855168139
dimwishlist:item=1466006054&perks=2719770986,714384243,3007133316,3640170453
dimwishlist:item=1466006054&perks=2719770986,714384243,3007133316,1817983009
dimwishlist:item=1466006054&perks=2719770986,714384243,3007133316,3708227201
dimwishlist:item=1466006054&perks=2719770986,714384243,3007133316,781192741
dimwishlist:item=1466006054&perks=2719770986,714384243,3007133316,3108830275
dimwishlist:item=1466006054&perks=2719770986,714384243,3007133316,855168139
dimwishlist:item=1466006054&perks=2719770986,714384243,3800201097,3640170453
dimwishlist:item=1466006054&perks=2719770986,714384243,3800201097,1817983009
dimwishlist:item=1466006054&perks=2719770986,714384243,3800201097,3708227201
dimwishlist:item=1466006054&perks=2719770986,714384243,3800201097,781192741
dimwishlist:item=1466006054&perks=2719770986,714384243,3800201097,3108830275
dimwishlist:item=1466006054&perks=2719770986,714384243,3800201097,855168139
dimwishlist:item=1466006054&perks=2719770986,714384243,3674673997,3640170453
dimwishlist:item=1466006054&perks=2719770986,714384243,3674673997,1817983009
dimwishlist:item=1466006054&perks=2719770986,714384243,3674673997,3708227201
dimwishlist:item=1466006054&perks=2719770986,714384243,3674673997,781192741
dimwishlist:item=1466006054&perks=2719770986,714384243,3674673997,3108830275
dimwishlist:item=1466006054&perks=2719770986,714384243,3674673997,855168139


//Lotus-Eater
//notes:Aegis Top Void Rocket Sidearm: S Tier. Best With 'Accelerated Assault' Origin Trait. MW: Reload
dimwishlist:item=3922217119&perks=3525010810,1431678320,776531651,2048641572
dimwishlist:item=3922217119&perks=3525010810,1431678320,776531651,1926441324
dimwishlist:item=3922217119&perks=3525010810,1431678320,776531651,1134488199
dimwishlist:item=3922217119&perks=3525010810,1431678320,776531651,2904194311
dimwishlist:item=3922217119&perks=3525010810,1431678320,2541826827,2048641572
dimwishlist:item=3922217119&perks=3525010810,1431678320,2541826827,1926441324
dimwishlist:item=3922217119&perks=3525010810,1431678320,2541826827,1134488199
dimwishlist:item=3922217119&perks=3525010810,1431678320,2541826827,2904194311
dimwishlist:item=3922217119&perks=3525010810,1431678320,3700496672,2048641572
dimwishlist:item=3922217119&perks=3525010810,1431678320,3700496672,1926441324
dimwishlist:item=3922217119&perks=3525010810,1431678320,3700496672,1134488199
dimwishlist:item=3922217119&perks=3525010810,1431678320,3700496672,2904194311
dimwishlist:item=3922217119&perks=3525010810,1431678320,2840833776,2048641572
dimwishlist:item=3922217119&perks=3525010810,1431678320,2840833776,1926441324
dimwishlist:item=3922217119&perks=3525010810,1431678320,2840833776,1134488199
dimwishlist:item=3922217119&perks=3525010810,1431678320,2840833776,2904194311
dimwishlist:item=3922217119&perks=3525010810,550838496,776531651,2048641572
dimwishlist:item=3922217119&perks=3525010810,550838496,776531651,1926441324
dimwishlist:item=3922217119&perks=3525010810,550838496,776531651,1134488199
dimwishlist:item=3922217119&perks=3525010810,550838496,776531651,2904194311
dimwishlist:item=3922217119&perks=3525010810,550838496,2541826827,2048641572
dimwishlist:item=3922217119&perks=3525010810,550838496,2541826827,1926441324
dimwishlist:item=3922217119&perks=3525010810,550838496,2541826827,1134488199
dimwishlist:item=3922217119&perks=3525010810,550838496,2541826827,2904194311
dimwishlist:item=3922217119&perks=3525010810,550838496,3700496672,2048641572
dimwishlist:item=3922217119&perks=3525010810,550838496,3700496672,1926441324
dimwishlist:item=3922217119&perks=3525010810,550838496,3700496672,1134488199
dimwishlist:item=3922217119&perks=3525010810,550838496,3700496672,2904194311
dimwishlist:item=3922217119&perks=3525010810,550838496,2840833776,2048641572
dimwishlist:item=3922217119&perks=3525010810,550838496,2840833776,1926441324
dimwishlist:item=3922217119&perks=3525010810,550838496,2840833776,1134488199
dimwishlist:item=3922217119&perks=3525010810,550838496,2840833776,2904194311
dimwishlist:item=3922217119&perks=3250572790,1431678320,776531651,2048641572
dimwishlist:item=3922217119&perks=3250572790,1431678320,776531651,1926441324
dimwishlist:item=3922217119&perks=3250572790,1431678320,776531651,1134488199
dimwishlist:item=3922217119&perks=3250572790,1431678320,776531651,2904194311
dimwishlist:item=3922217119&perks=3250572790,1431678320,2541826827,2048641572
dimwishlist:item=3922217119&perks=3250572790,1431678320,2541826827,1926441324
dimwishlist:item=3922217119&perks=3250572790,1431678320,2541826827,1134488199
dimwishlist:item=3922217119&perks=3250572790,1431678320,2541826827,2904194311
dimwishlist:item=3922217119&perks=3250572790,1431678320,3700496672,2048641572
dimwishlist:item=3922217119&perks=3250572790,1431678320,3700496672,1926441324
dimwishlist:item=3922217119&perks=3250572790,1431678320,3700496672,1134488199
dimwishlist:item=3922217119&perks=3250572790,1431678320,3700496672,2904194311
dimwishlist:item=3922217119&perks=3250572790,1431678320,2840833776,2048641572
dimwishlist:item=3922217119&perks=3250572790,1431678320,2840833776,1926441324
dimwishlist:item=3922217119&perks=3250572790,1431678320,2840833776,1134488199
dimwishlist:item=3922217119&perks=3250572790,1431678320,2840833776,2904194311
dimwishlist:item=3922217119&perks=3250572790,550838496,776531651,2048641572
dimwishlist:item=3922217119&perks=3250572790,550838496,776531651,1926441324
dimwishlist:item=3922217119&perks=3250572790,550838496,776531651,1134488199
dimwishlist:item=3922217119&perks=3250572790,550838496,776531651,2904194311
dimwishlist:item=3922217119&perks=3250572790,550838496,2541826827,2048641572
dimwishlist:item=3922217119&perks=3250572790,550838496,2541826827,1926441324
dimwishlist:item=3922217119&perks=3250572790,550838496,2541826827,1134488199
dimwishlist:item=3922217119&perks=3250572790,550838496,2541826827,2904194311
dimwishlist:item=3922217119&perks=3250572790,550838496,3700496672,2048641572
dimwishlist:item=3922217119&perks=3250572790,550838496,3700496672,1926441324
dimwishlist:item=3922217119&perks=3250572790,550838496,3700496672,1134488199
dimwishlist:item=3922217119&perks=3250572790,550838496,3700496672,2904194311
dimwishlist:item=3922217119&perks=3250572790,550838496,2840833776,2048641572
dimwishlist:item=3922217119&perks=3250572790,550838496,2840833776,1926441324
dimwishlist:item=3922217119&perks=3250572790,550838496,2840833776,1134488199
dimwishlist:item=3922217119&perks=3250572790,550838496,2840833776,2904194311
dimwishlist:item=3922217119&perks=1478423395,1431678320,776531651,2048641572
dimwishlist:item=3922217119&perks=1478423395,1431678320,776531651,1926441324
dimwishlist:item=3922217119&perks=1478423395,1431678320,776531651,1134488199
dimwishlist:item=3922217119&perks=1478423395,1431678320,776531651,2904194311
dimwishlist:item=3922217119&perks=1478423395,1431678320,2541826827,2048641572
dimwishlist:item=3922217119&perks=1478423395,1431678320,2541826827,1926441324
dimwishlist:item=3922217119&perks=1478423395,1431678320,2541826827,1134488199
dimwishlist:item=3922217119&perks=1478423395,1431678320,2541826827,2904194311
dimwishlist:item=3922217119&perks=1478423395,1431678320,3700496672,2048641572
dimwishlist:item=3922217119&perks=1478423395,1431678320,3700496672,1926441324
dimwishlist:item=3922217119&perks=1478423395,1431678320,3700496672,1134488199
dimwishlist:item=3922217119&perks=1478423395,1431678320,3700496672,2904194311
dimwishlist:item=3922217119&perks=1478423395,1431678320,2840833776,2048641572
dimwishlist:item=3922217119&perks=1478423395,1431678320,2840833776,1926441324
dimwishlist:item=3922217119&perks=1478423395,1431678320,2840833776,1134488199
dimwishlist:item=3922217119&perks=1478423395,1431678320,2840833776,2904194311
dimwishlist:item=3922217119&perks=1478423395,550838496,776531651,2048641572
dimwishlist:item=3922217119&perks=1478423395,550838496,776531651,1926441324
dimwishlist:item=3922217119&perks=1478423395,550838496,776531651,1134488199
dimwishlist:item=3922217119&perks=1478423395,550838496,776531651,2904194311
dimwishlist:item=3922217119&perks=1478423395,550838496,2541826827,2048641572
dimwishlist:item=3922217119&perks=1478423395,550838496,2541826827,1926441324
dimwishlist:item=3922217119&perks=1478423395,550838496,2541826827,1134488199
dimwishlist:item=3922217119&perks=1478423395,550838496,2541826827,2904194311
dimwishlist:item=3922217119&perks=1478423395,550838496,3700496672,2048641572
dimwishlist:item=3922217119&perks=1478423395,550838496,3700496672,1926441324
dimwishlist:item=3922217119&perks=1478423395,550838496,3700496672,1134488199
dimwishlist:item=3922217119&perks=1478423395,550838496,3700496672,2904194311
dimwishlist:item=3922217119&perks=1478423395,550838496,2840833776,2048641572
dimwishlist:item=3922217119&perks=1478423395,550838496,2840833776,1926441324
dimwishlist:item=3922217119&perks=1478423395,550838496,2840833776,1134488199
dimwishlist:item=3922217119&perks=1478423395,550838496,2840833776,2904194311
dimwishlist:item=3922217119&perks=373417387,1431678320,776531651,2048641572
dimwishlist:item=3922217119&perks=373417387,1431678320,776531651,1926441324
dimwishlist:item=3922217119&perks=373417387,1431678320,776531651,1134488199
dimwishlist:item=3922217119&perks=373417387,1431678320,776531651,2904194311
dimwishlist:item=3922217119&perks=373417387,1431678320,2541826827,2048641572
dimwishlist:item=3922217119&perks=373417387,1431678320,2541826827,1926441324
dimwishlist:item=3922217119&perks=373417387,1431678320,2541826827,1134488199
dimwishlist:item=3922217119&perks=373417387,1431678320,2541826827,2904194311
dimwishlist:item=3922217119&perks=373417387,1431678320,3700496672,2048641572
dimwishlist:item=3922217119&perks=373417387,1431678320,3700496672,1926441324
dimwishlist:item=3922217119&perks=373417387,1431678320,3700496672,1134488199
dimwishlist:item=3922217119&perks=373417387,1431678320,3700496672,2904194311
dimwishlist:item=3922217119&perks=373417387,1431678320,2840833776,2048641572
dimwishlist:item=3922217119&perks=373417387,1431678320,2840833776,1926441324
dimwishlist:item=3922217119&perks=373417387,1431678320,2840833776,1134488199
dimwishlist:item=3922217119&perks=373417387,1431678320,2840833776,2904194311
dimwishlist:item=3922217119&perks=373417387,550838496,776531651,2048641572
dimwishlist:item=3922217119&perks=373417387,550838496,776531651,1926441324
dimwishlist:item=3922217119&perks=373417387,550838496,776531651,1134488199
dimwishlist:item=3922217119&perks=373417387,550838496,776531651,2904194311
dimwishlist:item=3922217119&perks=373417387,550838496,2541826827,2048641572
dimwishlist:item=3922217119&perks=373417387,550838496,2541826827,1926441324
dimwishlist:item=3922217119&perks=373417387,550838496,2541826827,1134488199
dimwishlist:item=3922217119&perks=373417387,550838496,2541826827,2904194311
dimwishlist:item=3922217119&perks=373417387,550838496,3700496672,2048641572
dimwishlist:item=3922217119&perks=373417387,550838496,3700496672,1926441324
dimwishlist:item=3922217119&perks=373417387,550838496,3700496672,1134488199
dimwishlist:item=3922217119&perks=373417387,550838496,3700496672,2904194311
dimwishlist:item=3922217119&perks=373417387,550838496,2840833776,2048641572
dimwishlist:item=3922217119&perks=373417387,550838496,2840833776,1926441324
dimwishlist:item=3922217119&perks=373417387,550838496,2840833776,1134488199
dimwishlist:item=3922217119&perks=373417387,550838496,2840833776,2904194311
dimwishlist:item=2697143634&perks=3525010810,1431678320,776531651,2048641572
dimwishlist:item=2697143634&perks=3525010810,1431678320,776531651,1926441324
dimwishlist:item=2697143634&perks=3525010810,1431678320,776531651,1134488199
dimwishlist:item=2697143634&perks=3525010810,1431678320,776531651,2904194311
dimwishlist:item=2697143634&perks=3525010810,1431678320,2541826827,2048641572
dimwishlist:item=2697143634&perks=3525010810,1431678320,2541826827,1926441324
dimwishlist:item=2697143634&perks=3525010810,1431678320,2541826827,1134488199
dimwishlist:item=2697143634&perks=3525010810,1431678320,2541826827,2904194311
dimwishlist:item=2697143634&perks=3525010810,1431678320,3700496672,2048641572
dimwishlist:item=2697143634&perks=3525010810,1431678320,3700496672,1926441324
dimwishlist:item=2697143634&perks=3525010810,1431678320,3700496672,1134488199
dimwishlist:item=2697143634&perks=3525010810,1431678320,3700496672,2904194311
dimwishlist:item=2697143634&perks=3525010810,1431678320,2840833776,2048641572
dimwishlist:item=2697143634&perks=3525010810,1431678320,2840833776,1926441324
dimwishlist:item=2697143634&perks=3525010810,1431678320,2840833776,1134488199
dimwishlist:item=2697143634&perks=3525010810,1431678320,2840833776,2904194311
dimwishlist:item=2697143634&perks=3525010810,550838496,776531651,2048641572
dimwishlist:item=2697143634&perks=3525010810,550838496,776531651,1926441324
dimwishlist:item=2697143634&perks=3525010810,550838496,776531651,1134488199
dimwishlist:item=2697143634&perks=3525010810,550838496,776531651,2904194311
dimwishlist:item=2697143634&perks=3525010810,550838496,2541826827,2048641572
dimwishlist:item=2697143634&perks=3525010810,550838496,2541826827,1926441324
dimwishlist:item=2697143634&perks=3525010810,550838496,2541826827,1134488199
dimwishlist:item=2697143634&perks=3525010810,550838496,2541826827,2904194311
dimwishlist:item=2697143634&perks=3525010810,550838496,3700496672,2048641572
dimwishlist:item=2697143634&perks=3525010810,550838496,3700496672,1926441324
dimwishlist:item=2697143634&perks=3525010810,550838496,3700496672,1134488199
dimwishlist:item=2697143634&perks=3525010810,550838496,3700496672,2904194311
dimwishlist:item=2697143634&perks=3525010810,550838496,2840833776,2048641572
dimwishlist:item=2697143634&perks=3525010810,550838496,2840833776,1926441324
dimwishlist:item=2697143634&perks=3525010810,550838496,2840833776,1134488199
dimwishlist:item=2697143634&perks=3525010810,550838496,2840833776,2904194311
dimwishlist:item=2697143634&perks=3250572790,1431678320,776531651,2048641572
dimwishlist:item=2697143634&perks=3250572790,1431678320,776531651,1926441324
dimwishlist:item=2697143634&perks=3250572790,1431678320,776531651,1134488199
dimwishlist:item=2697143634&perks=3250572790,1431678320,776531651,2904194311
dimwishlist:item=2697143634&perks=3250572790,1431678320,2541826827,2048641572
dimwishlist:item=2697143634&perks=3250572790,1431678320,2541826827,1926441324
dimwishlist:item=2697143634&perks=3250572790,1431678320,2541826827,1134488199
dimwishlist:item=2697143634&perks=3250572790,1431678320,2541826827,2904194311
dimwishlist:item=2697143634&perks=3250572790,1431678320,3700496672,2048641572
dimwishlist:item=2697143634&perks=3250572790,1431678320,3700496672,1926441324
dimwishlist:item=2697143634&perks=3250572790,1431678320,3700496672,1134488199
dimwishlist:item=2697143634&perks=3250572790,1431678320,3700496672,2904194311
dimwishlist:item=2697143634&perks=3250572790,1431678320,2840833776,2048641572
dimwishlist:item=2697143634&perks=3250572790,1431678320,2840833776,1926441324
dimwishlist:item=2697143634&perks=3250572790,1431678320,2840833776,1134488199
dimwishlist:item=2697143634&perks=3250572790,1431678320,2840833776,2904194311
dimwishlist:item=2697143634&perks=3250572790,550838496,776531651,2048641572
dimwishlist:item=2697143634&perks=3250572790,550838496,776531651,1926441324
dimwishlist:item=2697143634&perks=3250572790,550838496,776531651,1134488199
dimwishlist:item=2697143634&perks=3250572790,550838496,776531651,2904194311
dimwishlist:item=2697143634&perks=3250572790,550838496,2541826827,2048641572
dimwishlist:item=2697143634&perks=3250572790,550838496,2541826827,1926441324
dimwishlist:item=2697143634&perks=3250572790,550838496,2541826827,1134488199
dimwishlist:item=2697143634&perks=3250572790,550838496,2541826827,2904194311
dimwishlist:item=2697143634&perks=3250572790,550838496,3700496672,2048641572
dimwishlist:item=2697143634&perks=3250572790,550838496,3700496672,1926441324
dimwishlist:item=2697143634&perks=3250572790,550838496,3700496672,1134488199
dimwishlist:item=2697143634&perks=3250572790,550838496,3700496672,2904194311
dimwishlist:item=2697143634&perks=3250572790,550838496,2840833776,2048641572
dimwishlist:item=2697143634&perks=3250572790,550838496,2840833776,1926441324
dimwishlist:item=2697143634&perks=3250572790,550838496,2840833776,1134488199
dimwishlist:item=2697143634&perks=3250572790,550838496,2840833776,2904194311
dimwishlist:item=2697143634&perks=1478423395,1431678320,776531651,2048641572
dimwishlist:item=2697143634&perks=1478423395,1431678320,776531651,1926441324
dimwishlist:item=2697143634&perks=1478423395,1431678320,776531651,1134488199
dimwishlist:item=2697143634&perks=1478423395,1431678320,776531651,2904194311
dimwishlist:item=2697143634&perks=1478423395,1431678320,2541826827,2048641572
dimwishlist:item=2697143634&perks=1478423395,1431678320,2541826827,1926441324
dimwishlist:item=2697143634&perks=1478423395,1431678320,2541826827,1134488199
dimwishlist:item=2697143634&perks=1478423395,1431678320,2541826827,2904194311
dimwishlist:item=2697143634&perks=1478423395,1431678320,3700496672,2048641572
dimwishlist:item=2697143634&perks=1478423395,1431678320,3700496672,1926441324
dimwishlist:item=2697143634&perks=1478423395,1431678320,3700496672,1134488199
dimwishlist:item=2697143634&perks=1478423395,1431678320,3700496672,2904194311
dimwishlist:item=2697143634&perks=1478423395,1431678320,2840833776,2048641572
dimwishlist:item=2697143634&perks=1478423395,1431678320,2840833776,1926441324
dimwishlist:item=2697143634&perks=1478423395,1431678320,2840833776,1134488199
dimwishlist:item=2697143634&perks=1478423395,1431678320,2840833776,2904194311
dimwishlist:item=2697143634&perks=1478423395,550838496,776531651,2048641572
dimwishlist:item=2697143634&perks=1478423395,550838496,776531651,1926441324
dimwishlist:item=2697143634&perks=1478423395,550838496,776531651,1134488199
dimwishlist:item=2697143634&perks=1478423395,550838496,776531651,2904194311
dimwishlist:item=2697143634&perks=1478423395,550838496,2541826827,2048641572
dimwishlist:item=2697143634&perks=1478423395,550838496,2541826827,1926441324
dimwishlist:item=2697143634&perks=1478423395,550838496,2541826827,1134488199
dimwishlist:item=2697143634&perks=1478423395,550838496,2541826827,2904194311
dimwishlist:item=2697143634&perks=1478423395,550838496,3700496672,2048641572
dimwishlist:item=2697143634&perks=1478423395,550838496,3700496672,1926441324
dimwishlist:item=2697143634&perks=1478423395,550838496,3700496672,1134488199
dimwishlist:item=2697143634&perks=1478423395,550838496,3700496672,2904194311
dimwishlist:item=2697143634&perks=1478423395,550838496,2840833776,2048641572
dimwishlist:item=2697143634&perks=1478423395,550838496,2840833776,1926441324
dimwishlist:item=2697143634&perks=1478423395,550838496,2840833776,1134488199
dimwishlist:item=2697143634&perks=1478423395,550838496,2840833776,2904194311
dimwishlist:item=2697143634&perks=373417387,1431678320,776531651,2048641572
dimwishlist:item=2697143634&perks=373417387,1431678320,776531651,1926441324
dimwishlist:item=2697143634&perks=373417387,1431678320,776531651,1134488199
dimwishlist:item=2697143634&perks=373417387,1431678320,776531651,2904194311
dimwishlist:item=2697143634&perks=373417387,1431678320,2541826827,2048641572
dimwishlist:item=2697143634&perks=373417387,1431678320,2541826827,1926441324
dimwishlist:item=2697143634&perks=373417387,1431678320,2541826827,1134488199
dimwishlist:item=2697143634&perks=373417387,1431678320,2541826827,2904194311
dimwishlist:item=2697143634&perks=373417387,1431678320,3700496672,2048641572
dimwishlist:item=2697143634&perks=373417387,1431678320,3700496672,1926441324
dimwishlist:item=2697143634&perks=373417387,1431678320,3700496672,1134488199
dimwishlist:item=2697143634&perks=373417387,1431678320,3700496672,2904194311
dimwishlist:item=2697143634&perks=373417387,1431678320,2840833776,2048641572
dimwishlist:item=2697143634&perks=373417387,1431678320,2840833776,1926441324
dimwishlist:item=2697143634&perks=373417387,1431678320,2840833776,1134488199
dimwishlist:item=2697143634&perks=373417387,1431678320,2840833776,2904194311
dimwishlist:item=2697143634&perks=373417387,550838496,776531651,2048641572
dimwishlist:item=2697143634&perks=373417387,550838496,776531651,1926441324
dimwishlist:item=2697143634&perks=373417387,550838496,776531651,1134488199
dimwishlist:item=2697143634&perks=373417387,550838496,776531651,2904194311
dimwishlist:item=2697143634&perks=373417387,550838496,2541826827,2048641572
dimwishlist:item=2697143634&perks=373417387,550838496,2541826827,1926441324
dimwishlist:item=2697143634&perks=373417387,550838496,2541826827,1134488199
dimwishlist:item=2697143634&perks=373417387,550838496,2541826827,2904194311
dimwishlist:item=2697143634&perks=373417387,550838496,3700496672,2048641572
dimwishlist:item=2697143634&perks=373417387,550838496,3700496672,1926441324
dimwishlist:item=2697143634&perks=373417387,550838496,3700496672,1134488199
dimwishlist:item=2697143634&perks=373417387,550838496,3700496672,2904194311
dimwishlist:item=2697143634&perks=373417387,550838496,2840833776,2048641572
dimwishlist:item=2697143634&perks=373417387,550838496,2840833776,1926441324
dimwishlist:item=2697143634&perks=373417387,550838496,2840833776,1134488199
dimwishlist:item=2697143634&perks=373417387,550838496,2840833776,2904194311
dimwishlist:item=924095500&perks=3525010810,1431678320,776531651,2048641572
dimwishlist:item=924095500&perks=3525010810,1431678320,776531651,1926441324
dimwishlist:item=924095500&perks=3525010810,1431678320,776531651,3708227201
dimwishlist:item=924095500&perks=3525010810,1431678320,776531651,781192741
dimwishlist:item=924095500&perks=3525010810,1431678320,776531651,1134488199
dimwishlist:item=924095500&perks=3525010810,1431678320,776531651,2904194311
dimwishlist:item=924095500&perks=3525010810,1431678320,2541826827,2048641572
dimwishlist:item=924095500&perks=3525010810,1431678320,2541826827,1926441324
dimwishlist:item=924095500&perks=3525010810,1431678320,2541826827,3708227201
dimwishlist:item=924095500&perks=3525010810,1431678320,2541826827,781192741
dimwishlist:item=924095500&perks=3525010810,1431678320,2541826827,1134488199
dimwishlist:item=924095500&perks=3525010810,1431678320,2541826827,2904194311
dimwishlist:item=924095500&perks=3525010810,1431678320,1421772400,2048641572
dimwishlist:item=924095500&perks=3525010810,1431678320,1421772400,1926441324
dimwishlist:item=924095500&perks=3525010810,1431678320,1421772400,3708227201
dimwishlist:item=924095500&perks=3525010810,1431678320,1421772400,781192741
dimwishlist:item=924095500&perks=3525010810,1431678320,1421772400,1134488199
dimwishlist:item=924095500&perks=3525010810,1431678320,1421772400,2904194311
dimwishlist:item=924095500&perks=3525010810,1431678320,3291427296,2048641572
dimwishlist:item=924095500&perks=3525010810,1431678320,3291427296,1926441324
dimwishlist:item=924095500&perks=3525010810,1431678320,3291427296,3708227201
dimwishlist:item=924095500&perks=3525010810,1431678320,3291427296,781192741
dimwishlist:item=924095500&perks=3525010810,1431678320,3291427296,1134488199
dimwishlist:item=924095500&perks=3525010810,1431678320,3291427296,2904194311
dimwishlist:item=924095500&perks=3525010810,550838496,776531651,2048641572
dimwishlist:item=924095500&perks=3525010810,550838496,776531651,1926441324
dimwishlist:item=924095500&perks=3525010810,550838496,776531651,3708227201
dimwishlist:item=924095500&perks=3525010810,550838496,776531651,781192741
dimwishlist:item=924095500&perks=3525010810,550838496,776531651,1134488199
dimwishlist:item=924095500&perks=3525010810,550838496,776531651,2904194311
dimwishlist:item=924095500&perks=3525010810,550838496,2541826827,2048641572
dimwishlist:item=924095500&perks=3525010810,550838496,2541826827,1926441324
dimwishlist:item=924095500&perks=3525010810,550838496,2541826827,3708227201
dimwishlist:item=924095500&perks=3525010810,550838496,2541826827,781192741
dimwishlist:item=924095500&perks=3525010810,550838496,2541826827,1134488199
dimwishlist:item=924095500&perks=3525010810,550838496,2541826827,2904194311
dimwishlist:item=924095500&perks=3525010810,550838496,1421772400,2048641572
dimwishlist:item=924095500&perks=3525010810,550838496,1421772400,1926441324
dimwishlist:item=924095500&perks=3525010810,550838496,1421772400,3708227201
dimwishlist:item=924095500&perks=3525010810,550838496,1421772400,781192741
dimwishlist:item=924095500&perks=3525010810,550838496,1421772400,1134488199
dimwishlist:item=924095500&perks=3525010810,550838496,1421772400,2904194311
dimwishlist:item=924095500&perks=3525010810,550838496,3291427296,2048641572
dimwishlist:item=924095500&perks=3525010810,550838496,3291427296,1926441324
dimwishlist:item=924095500&perks=3525010810,550838496,3291427296,3708227201
dimwishlist:item=924095500&perks=3525010810,550838496,3291427296,781192741
dimwishlist:item=924095500&perks=3525010810,550838496,3291427296,1134488199
dimwishlist:item=924095500&perks=3525010810,550838496,3291427296,2904194311
dimwishlist:item=924095500&perks=3250572790,1431678320,776531651,2048641572
dimwishlist:item=924095500&perks=3250572790,1431678320,776531651,1926441324
dimwishlist:item=924095500&perks=3250572790,1431678320,776531651,3708227201
dimwishlist:item=924095500&perks=3250572790,1431678320,776531651,781192741
dimwishlist:item=924095500&perks=3250572790,1431678320,776531651,1134488199
dimwishlist:item=924095500&perks=3250572790,1431678320,776531651,2904194311
dimwishlist:item=924095500&perks=3250572790,1431678320,2541826827,2048641572
dimwishlist:item=924095500&perks=3250572790,1431678320,2541826827,1926441324
dimwishlist:item=924095500&perks=3250572790,1431678320,2541826827,3708227201
dimwishlist:item=924095500&perks=3250572790,1431678320,2541826827,781192741
dimwishlist:item=924095500&perks=3250572790,1431678320,2541826827,1134488199
dimwishlist:item=924095500&perks=3250572790,1431678320,2541826827,2904194311
dimwishlist:item=924095500&perks=3250572790,1431678320,1421772400,2048641572
dimwishlist:item=924095500&perks=3250572790,1431678320,1421772400,1926441324
dimwishlist:item=924095500&perks=3250572790,1431678320,1421772400,3708227201
dimwishlist:item=924095500&perks=3250572790,1431678320,1421772400,781192741
dimwishlist:item=924095500&perks=3250572790,1431678320,1421772400,1134488199
dimwishlist:item=924095500&perks=3250572790,1431678320,1421772400,2904194311
dimwishlist:item=924095500&perks=3250572790,1431678320,3291427296,2048641572
dimwishlist:item=924095500&perks=3250572790,1431678320,3291427296,1926441324
dimwishlist:item=924095500&perks=3250572790,1431678320,3291427296,3708227201
dimwishlist:item=924095500&perks=3250572790,1431678320,3291427296,781192741
dimwishlist:item=924095500&perks=3250572790,1431678320,3291427296,1134488199
dimwishlist:item=924095500&perks=3250572790,1431678320,3291427296,2904194311
dimwishlist:item=924095500&perks=3250572790,550838496,776531651,2048641572
dimwishlist:item=924095500&perks=3250572790,550838496,776531651,1926441324
dimwishlist:item=924095500&perks=3250572790,550838496,776531651,3708227201
dimwishlist:item=924095500&perks=3250572790,550838496,776531651,781192741
dimwishlist:item=924095500&perks=3250572790,550838496,776531651,1134488199
dimwishlist:item=924095500&perks=3250572790,550838496,776531651,2904194311
dimwishlist:item=924095500&perks=3250572790,550838496,2541826827,2048641572
dimwishlist:item=924095500&perks=3250572790,550838496,2541826827,1926441324
dimwishlist:item=924095500&perks=3250572790,550838496,2541826827,3708227201
dimwishlist:item=924095500&perks=3250572790,550838496,2541826827,781192741
dimwishlist:item=924095500&perks=3250572790,550838496,2541826827,1134488199
dimwishlist:item=924095500&perks=3250572790,550838496,2541826827,2904194311
dimwishlist:item=924095500&perks=3250572790,550838496,1421772400,2048641572
dimwishlist:item=924095500&perks=3250572790,550838496,1421772400,1926441324
dimwishlist:item=924095500&perks=3250572790,550838496,1421772400,3708227201
dimwishlist:item=924095500&perks=3250572790,550838496,1421772400,781192741
dimwishlist:item=924095500&perks=3250572790,550838496,1421772400,1134488199
dimwishlist:item=924095500&perks=3250572790,550838496,1421772400,2904194311
dimwishlist:item=924095500&perks=3250572790,550838496,3291427296,2048641572
dimwishlist:item=924095500&perks=3250572790,550838496,3291427296,1926441324
dimwishlist:item=924095500&perks=3250572790,550838496,3291427296,3708227201
dimwishlist:item=924095500&perks=3250572790,550838496,3291427296,781192741
dimwishlist:item=924095500&perks=3250572790,550838496,3291427296,1134488199
dimwishlist:item=924095500&perks=3250572790,550838496,3291427296,2904194311
dimwishlist:item=924095500&perks=1478423395,1431678320,776531651,2048641572
dimwishlist:item=924095500&perks=1478423395,1431678320,776531651,1926441324
dimwishlist:item=924095500&perks=1478423395,1431678320,776531651,3708227201
dimwishlist:item=924095500&perks=1478423395,1431678320,776531651,781192741
dimwishlist:item=924095500&perks=1478423395,1431678320,776531651,1134488199
dimwishlist:item=924095500&perks=1478423395,1431678320,776531651,2904194311
dimwishlist:item=924095500&perks=1478423395,1431678320,2541826827,2048641572
dimwishlist:item=924095500&perks=1478423395,1431678320,2541826827,1926441324
dimwishlist:item=924095500&perks=1478423395,1431678320,2541826827,3708227201
dimwishlist:item=924095500&perks=1478423395,1431678320,2541826827,781192741
dimwishlist:item=924095500&perks=1478423395,1431678320,2541826827,1134488199
dimwishlist:item=924095500&perks=1478423395,1431678320,2541826827,2904194311
dimwishlist:item=924095500&perks=1478423395,1431678320,1421772400,2048641572
dimwishlist:item=924095500&perks=1478423395,1431678320,1421772400,1926441324
dimwishlist:item=924095500&perks=1478423395,1431678320,1421772400,3708227201
dimwishlist:item=924095500&perks=1478423395,1431678320,1421772400,781192741
dimwishlist:item=924095500&perks=1478423395,1431678320,1421772400,1134488199
dimwishlist:item=924095500&perks=1478423395,1431678320,1421772400,2904194311
dimwishlist:item=924095500&perks=1478423395,1431678320,3291427296,2048641572
dimwishlist:item=924095500&perks=1478423395,1431678320,3291427296,1926441324
dimwishlist:item=924095500&perks=1478423395,1431678320,3291427296,3708227201
dimwishlist:item=924095500&perks=1478423395,1431678320,3291427296,781192741
dimwishlist:item=924095500&perks=1478423395,1431678320,3291427296,1134488199
dimwishlist:item=924095500&perks=1478423395,1431678320,3291427296,2904194311
dimwishlist:item=924095500&perks=1478423395,550838496,776531651,2048641572
dimwishlist:item=924095500&perks=1478423395,550838496,776531651,1926441324
dimwishlist:item=924095500&perks=1478423395,550838496,776531651,3708227201
dimwishlist:item=924095500&perks=1478423395,550838496,776531651,781192741
dimwishlist:item=924095500&perks=1478423395,550838496,776531651,1134488199
dimwishlist:item=924095500&perks=1478423395,550838496,776531651,2904194311
dimwishlist:item=924095500&perks=1478423395,550838496,2541826827,2048641572
dimwishlist:item=924095500&perks=1478423395,550838496,2541826827,1926441324
dimwishlist:item=924095500&perks=1478423395,550838496,2541826827,3708227201
dimwishlist:item=924095500&perks=1478423395,550838496,2541826827,781192741
dimwishlist:item=924095500&perks=1478423395,550838496,2541826827,1134488199
dimwishlist:item=924095500&perks=1478423395,550838496,2541826827,2904194311
dimwishlist:item=924095500&perks=1478423395,550838496,1421772400,2048641572
dimwishlist:item=924095500&perks=1478423395,550838496,1421772400,1926441324
dimwishlist:item=924095500&perks=1478423395,550838496,1421772400,3708227201
dimwishlist:item=924095500&perks=1478423395,550838496,1421772400,781192741
dimwishlist:item=924095500&perks=1478423395,550838496,1421772400,1134488199
dimwishlist:item=924095500&perks=1478423395,550838496,1421772400,2904194311
dimwishlist:item=924095500&perks=1478423395,550838496,3291427296,2048641572
dimwishlist:item=924095500&perks=1478423395,550838496,3291427296,1926441324
dimwishlist:item=924095500&perks=1478423395,550838496,3291427296,3708227201
dimwishlist:item=924095500&perks=1478423395,550838496,3291427296,781192741
dimwishlist:item=924095500&perks=1478423395,550838496,3291427296,1134488199
dimwishlist:item=924095500&perks=1478423395,550838496,3291427296,2904194311
dimwishlist:item=924095500&perks=373417387,1431678320,776531651,2048641572
dimwishlist:item=924095500&perks=373417387,1431678320,776531651,1926441324
dimwishlist:item=924095500&perks=373417387,1431678320,776531651,3708227201
dimwishlist:item=924095500&perks=373417387,1431678320,776531651,781192741
dimwishlist:item=924095500&perks=373417387,1431678320,776531651,1134488199
dimwishlist:item=924095500&perks=373417387,1431678320,776531651,2904194311
dimwishlist:item=924095500&perks=373417387,1431678320,2541826827,2048641572
dimwishlist:item=924095500&perks=373417387,1431678320,2541826827,1926441324
dimwishlist:item=924095500&perks=373417387,1431678320,2541826827,3708227201
dimwishlist:item=924095500&perks=373417387,1431678320,2541826827,781192741
dimwishlist:item=924095500&perks=373417387,1431678320,2541826827,1134488199
dimwishlist:item=924095500&perks=373417387,1431678320,2541826827,2904194311
dimwishlist:item=924095500&perks=373417387,1431678320,1421772400,2048641572
dimwishlist:item=924095500&perks=373417387,1431678320,1421772400,1926441324
dimwishlist:item=924095500&perks=373417387,1431678320,1421772400,3708227201
dimwishlist:item=924095500&perks=373417387,1431678320,1421772400,781192741
dimwishlist:item=924095500&perks=373417387,1431678320,1421772400,1134488199
dimwishlist:item=924095500&perks=373417387,1431678320,1421772400,2904194311
dimwishlist:item=924095500&perks=373417387,1431678320,3291427296,2048641572
dimwishlist:item=924095500&perks=373417387,1431678320,3291427296,1926441324
dimwishlist:item=924095500&perks=373417387,1431678320,3291427296,3708227201
dimwishlist:item=924095500&perks=373417387,1431678320,3291427296,781192741
dimwishlist:item=924095500&perks=373417387,1431678320,3291427296,1134488199
dimwishlist:item=924095500&perks=373417387,1431678320,3291427296,2904194311
dimwishlist:item=924095500&perks=373417387,550838496,776531651,2048641572
dimwishlist:item=924095500&perks=373417387,550838496,776531651,1926441324
dimwishlist:item=924095500&perks=373417387,550838496,776531651,3708227201
dimwishlist:item=924095500&perks=373417387,550838496,776531651,781192741
dimwishlist:item=924095500&perks=373417387,550838496,776531651,1134488199
dimwishlist:item=924095500&perks=373417387,550838496,776531651,2904194311
dimwishlist:item=924095500&perks=373417387,550838496,2541826827,2048641572
dimwishlist:item=924095500&perks=373417387,550838496,2541826827,1926441324
dimwishlist:item=924095500&perks=373417387,550838496,2541826827,3708227201
dimwishlist:item=924095500&perks=373417387,550838496,2541826827,781192741
dimwishlist:item=924095500&perks=373417387,550838496,2541826827,1134488199
dimwishlist:item=924095500&perks=373417387,550838496,2541826827,2904194311
dimwishlist:item=924095500&perks=373417387,550838496,1421772400,2048641572
dimwishlist:item=924095500&perks=373417387,550838496,1421772400,1926441324
dimwishlist:item=924095500&perks=373417387,550838496,1421772400,3708227201
dimwishlist:item=924095500&perks=373417387,550838496,1421772400,781192741
dimwishlist:item=924095500&perks=373417387,550838496,1421772400,1134488199
dimwishlist:item=924095500&perks=373417387,550838496,1421772400,2904194311
dimwishlist:item=924095500&perks=373417387,550838496,3291427296,2048641572
dimwishlist:item=924095500&perks=373417387,550838496,3291427296,1926441324
dimwishlist:item=924095500&perks=373417387,550838496,3291427296,3708227201
dimwishlist:item=924095500&perks=373417387,550838496,3291427296,781192741
dimwishlist:item=924095500&perks=373417387,550838496,3291427296,1134488199
dimwishlist:item=924095500&perks=373417387,550838496,3291427296,2904194311
dimwishlist:item=837298567&perks=3525010810,1431678320,776531651,2048641572
dimwishlist:item=837298567&perks=3525010810,1431678320,776531651,1926441324
dimwishlist:item=837298567&perks=3525010810,1431678320,776531651,3708227201
dimwishlist:item=837298567&perks=3525010810,1431678320,776531651,781192741
dimwishlist:item=837298567&perks=3525010810,1431678320,776531651,1134488199
dimwishlist:item=837298567&perks=3525010810,1431678320,776531651,2904194311
dimwishlist:item=837298567&perks=3525010810,1431678320,2541826827,2048641572
dimwishlist:item=837298567&perks=3525010810,1431678320,2541826827,1926441324
dimwishlist:item=837298567&perks=3525010810,1431678320,2541826827,3708227201
dimwishlist:item=837298567&perks=3525010810,1431678320,2541826827,781192741
dimwishlist:item=837298567&perks=3525010810,1431678320,2541826827,1134488199
dimwishlist:item=837298567&perks=3525010810,1431678320,2541826827,2904194311
dimwishlist:item=837298567&perks=3525010810,1431678320,1421772400,2048641572
dimwishlist:item=837298567&perks=3525010810,1431678320,1421772400,1926441324
dimwishlist:item=837298567&perks=3525010810,1431678320,1421772400,3708227201
dimwishlist:item=837298567&perks=3525010810,1431678320,1421772400,781192741
dimwishlist:item=837298567&perks=3525010810,1431678320,1421772400,1134488199
dimwishlist:item=837298567&perks=3525010810,1431678320,1421772400,2904194311
dimwishlist:item=837298567&perks=3525010810,1431678320,3291427296,2048641572
dimwishlist:item=837298567&perks=3525010810,1431678320,3291427296,1926441324
dimwishlist:item=837298567&perks=3525010810,1431678320,3291427296,3708227201
dimwishlist:item=837298567&perks=3525010810,1431678320,3291427296,781192741
dimwishlist:item=837298567&perks=3525010810,1431678320,3291427296,1134488199
dimwishlist:item=837298567&perks=3525010810,1431678320,3291427296,2904194311
dimwishlist:item=837298567&perks=3525010810,550838496,776531651,2048641572
dimwishlist:item=837298567&perks=3525010810,550838496,776531651,1926441324
dimwishlist:item=837298567&perks=3525010810,550838496,776531651,3708227201
dimwishlist:item=837298567&perks=3525010810,550838496,776531651,781192741
dimwishlist:item=837298567&perks=3525010810,550838496,776531651,1134488199
dimwishlist:item=837298567&perks=3525010810,550838496,776531651,2904194311
dimwishlist:item=837298567&perks=3525010810,550838496,2541826827,2048641572
dimwishlist:item=837298567&perks=3525010810,550838496,2541826827,1926441324
dimwishlist:item=837298567&perks=3525010810,550838496,2541826827,3708227201
dimwishlist:item=837298567&perks=3525010810,550838496,2541826827,781192741
dimwishlist:item=837298567&perks=3525010810,550838496,2541826827,1134488199
dimwishlist:item=837298567&perks=3525010810,550838496,2541826827,2904194311
dimwishlist:item=837298567&perks=3525010810,550838496,1421772400,2048641572
dimwishlist:item=837298567&perks=3525010810,550838496,1421772400,1926441324
dimwishlist:item=837298567&perks=3525010810,550838496,1421772400,3708227201
dimwishlist:item=837298567&perks=3525010810,550838496,1421772400,781192741
dimwishlist:item=837298567&perks=3525010810,550838496,1421772400,1134488199
dimwishlist:item=837298567&perks=3525010810,550838496,1421772400,2904194311
dimwishlist:item=837298567&perks=3525010810,550838496,3291427296,2048641572
dimwishlist:item=837298567&perks=3525010810,550838496,3291427296,1926441324
dimwishlist:item=837298567&perks=3525010810,550838496,3291427296,3708227201
dimwishlist:item=837298567&perks=3525010810,550838496,3291427296,781192741
dimwishlist:item=837298567&perks=3525010810,550838496,3291427296,1134488199
dimwishlist:item=837298567&perks=3525010810,550838496,3291427296,2904194311
dimwishlist:item=837298567&perks=3250572790,1431678320,776531651,2048641572
dimwishlist:item=837298567&perks=3250572790,1431678320,776531651,1926441324
dimwishlist:item=837298567&perks=3250572790,1431678320,776531651,3708227201
dimwishlist:item=837298567&perks=3250572790,1431678320,776531651,781192741
dimwishlist:item=837298567&perks=3250572790,1431678320,776531651,1134488199
dimwishlist:item=837298567&perks=3250572790,1431678320,776531651,2904194311
dimwishlist:item=837298567&perks=3250572790,1431678320,2541826827,2048641572
dimwishlist:item=837298567&perks=3250572790,1431678320,2541826827,1926441324
dimwishlist:item=837298567&perks=3250572790,1431678320,2541826827,3708227201
dimwishlist:item=837298567&perks=3250572790,1431678320,2541826827,781192741
dimwishlist:item=837298567&perks=3250572790,1431678320,2541826827,1134488199
dimwishlist:item=837298567&perks=3250572790,1431678320,2541826827,2904194311
dimwishlist:item=837298567&perks=3250572790,1431678320,1421772400,2048641572
dimwishlist:item=837298567&perks=3250572790,1431678320,1421772400,1926441324
dimwishlist:item=837298567&perks=3250572790,1431678320,1421772400,3708227201
dimwishlist:item=837298567&perks=3250572790,1431678320,1421772400,781192741
dimwishlist:item=837298567&perks=3250572790,1431678320,1421772400,1134488199
dimwishlist:item=837298567&perks=3250572790,1431678320,1421772400,2904194311
dimwishlist:item=837298567&perks=3250572790,1431678320,3291427296,2048641572
dimwishlist:item=837298567&perks=3250572790,1431678320,3291427296,1926441324
dimwishlist:item=837298567&perks=3250572790,1431678320,3291427296,3708227201
dimwishlist:item=837298567&perks=3250572790,1431678320,3291427296,781192741
dimwishlist:item=837298567&perks=3250572790,1431678320,3291427296,1134488199
dimwishlist:item=837298567&perks=3250572790,1431678320,3291427296,2904194311
dimwishlist:item=837298567&perks=3250572790,550838496,776531651,2048641572
dimwishlist:item=837298567&perks=3250572790,550838496,776531651,1926441324
dimwishlist:item=837298567&perks=3250572790,550838496,776531651,3708227201
dimwishlist:item=837298567&perks=3250572790,550838496,776531651,781192741
dimwishlist:item=837298567&perks=3250572790,550838496,776531651,1134488199
dimwishlist:item=837298567&perks=3250572790,550838496,776531651,2904194311
dimwishlist:item=837298567&perks=3250572790,550838496,2541826827,2048641572
dimwishlist:item=837298567&perks=3250572790,550838496,2541826827,1926441324
dimwishlist:item=837298567&perks=3250572790,550838496,2541826827,3708227201
dimwishlist:item=837298567&perks=3250572790,550838496,2541826827,781192741
dimwishlist:item=837298567&perks=3250572790,550838496,2541826827,1134488199
dimwishlist:item=837298567&perks=3250572790,550838496,2541826827,2904194311
dimwishlist:item=837298567&perks=3250572790,550838496,1421772400,2048641572
dimwishlist:item=837298567&perks=3250572790,550838496,1421772400,1926441324
dimwishlist:item=837298567&perks=3250572790,550838496,1421772400,3708227201
dimwishlist:item=837298567&perks=3250572790,550838496,1421772400,781192741
dimwishlist:item=837298567&perks=3250572790,550838496,1421772400,1134488199
dimwishlist:item=837298567&perks=3250572790,550838496,1421772400,2904194311
dimwishlist:item=837298567&perks=3250572790,550838496,3291427296,2048641572
dimwishlist:item=837298567&perks=3250572790,550838496,3291427296,1926441324
dimwishlist:item=837298567&perks=3250572790,550838496,3291427296,3708227201
dimwishlist:item=837298567&perks=3250572790,550838496,3291427296,781192741
dimwishlist:item=837298567&perks=3250572790,550838496,3291427296,1134488199
dimwishlist:item=837298567&perks=3250572790,550838496,3291427296,2904194311
dimwishlist:item=837298567&perks=1478423395,1431678320,776531651,2048641572
dimwishlist:item=837298567&perks=1478423395,1431678320,776531651,1926441324
dimwishlist:item=837298567&perks=1478423395,1431678320,776531651,3708227201
dimwishlist:item=837298567&perks=1478423395,1431678320,776531651,781192741
dimwishlist:item=837298567&perks=1478423395,1431678320,776531651,1134488199
dimwishlist:item=837298567&perks=1478423395,1431678320,776531651,2904194311
dimwishlist:item=837298567&perks=1478423395,1431678320,2541826827,2048641572
dimwishlist:item=837298567&perks=1478423395,1431678320,2541826827,1926441324
dimwishlist:item=837298567&perks=1478423395,1431678320,2541826827,3708227201
dimwishlist:item=837298567&perks=1478423395,1431678320,2541826827,781192741
dimwishlist:item=837298567&perks=1478423395,1431678320,2541826827,1134488199
dimwishlist:item=837298567&perks=1478423395,1431678320,2541826827,2904194311
dimwishlist:item=837298567&perks=1478423395,1431678320,1421772400,2048641572
dimwishlist:item=837298567&perks=1478423395,1431678320,1421772400,1926441324
dimwishlist:item=837298567&perks=1478423395,1431678320,1421772400,3708227201
dimwishlist:item=837298567&perks=1478423395,1431678320,1421772400,781192741
dimwishlist:item=837298567&perks=1478423395,1431678320,1421772400,1134488199
dimwishlist:item=837298567&perks=1478423395,1431678320,1421772400,2904194311
dimwishlist:item=837298567&perks=1478423395,1431678320,3291427296,2048641572
dimwishlist:item=837298567&perks=1478423395,1431678320,3291427296,1926441324
dimwishlist:item=837298567&perks=1478423395,1431678320,3291427296,3708227201
dimwishlist:item=837298567&perks=1478423395,1431678320,3291427296,781192741
dimwishlist:item=837298567&perks=1478423395,1431678320,3291427296,1134488199
dimwishlist:item=837298567&perks=1478423395,1431678320,3291427296,2904194311
dimwishlist:item=837298567&perks=1478423395,550838496,776531651,2048641572
dimwishlist:item=837298567&perks=1478423395,550838496,776531651,1926441324
dimwishlist:item=837298567&perks=1478423395,550838496,776531651,3708227201
dimwishlist:item=837298567&perks=1478423395,550838496,776531651,781192741
dimwishlist:item=837298567&perks=1478423395,550838496,776531651,1134488199
dimwishlist:item=837298567&perks=1478423395,550838496,776531651,2904194311
dimwishlist:item=837298567&perks=1478423395,550838496,2541826827,2048641572
dimwishlist:item=837298567&perks=1478423395,550838496,2541826827,1926441324
dimwishlist:item=837298567&perks=1478423395,550838496,2541826827,3708227201
dimwishlist:item=837298567&perks=1478423395,550838496,2541826827,781192741
dimwishlist:item=837298567&perks=1478423395,550838496,2541826827,1134488199
dimwishlist:item=837298567&perks=1478423395,550838496,2541826827,2904194311
dimwishlist:item=837298567&perks=1478423395,550838496,1421772400,2048641572
dimwishlist:item=837298567&perks=1478423395,550838496,1421772400,1926441324
dimwishlist:item=837298567&perks=1478423395,550838496,1421772400,3708227201
dimwishlist:item=837298567&perks=1478423395,550838496,1421772400,781192741
dimwishlist:item=837298567&perks=1478423395,550838496,1421772400,1134488199
dimwishlist:item=837298567&perks=1478423395,550838496,1421772400,2904194311
dimwishlist:item=837298567&perks=1478423395,550838496,3291427296,2048641572
dimwishlist:item=837298567&perks=1478423395,550838496,3291427296,1926441324
dimwishlist:item=837298567&perks=1478423395,550838496,3291427296,3708227201
dimwishlist:item=837298567&perks=1478423395,550838496,3291427296,781192741
dimwishlist:item=837298567&perks=1478423395,550838496,3291427296,1134488199
dimwishlist:item=837298567&perks=1478423395,550838496,3291427296,2904194311
dimwishlist:item=837298567&perks=373417387,1431678320,776531651,2048641572
dimwishlist:item=837298567&perks=373417387,1431678320,776531651,1926441324
dimwishlist:item=837298567&perks=373417387,1431678320,776531651,3708227201
dimwishlist:item=837298567&perks=373417387,1431678320,776531651,781192741
dimwishlist:item=837298567&perks=373417387,1431678320,776531651,1134488199
dimwishlist:item=837298567&perks=373417387,1431678320,776531651,2904194311
dimwishlist:item=837298567&perks=373417387,1431678320,2541826827,2048641572
dimwishlist:item=837298567&perks=373417387,1431678320,2541826827,1926441324
dimwishlist:item=837298567&perks=373417387,1431678320,2541826827,3708227201
dimwishlist:item=837298567&perks=373417387,1431678320,2541826827,781192741
dimwishlist:item=837298567&perks=373417387,1431678320,2541826827,1134488199
dimwishlist:item=837298567&perks=373417387,1431678320,2541826827,2904194311
dimwishlist:item=837298567&perks=373417387,1431678320,1421772400,2048641572
dimwishlist:item=837298567&perks=373417387,1431678320,1421772400,1926441324
dimwishlist:item=837298567&perks=373417387,1431678320,1421772400,3708227201
dimwishlist:item=837298567&perks=373417387,1431678320,1421772400,781192741
dimwishlist:item=837298567&perks=373417387,1431678320,1421772400,1134488199
dimwishlist:item=837298567&perks=373417387,1431678320,1421772400,2904194311
dimwishlist:item=837298567&perks=373417387,1431678320,3291427296,2048641572
dimwishlist:item=837298567&perks=373417387,1431678320,3291427296,1926441324
dimwishlist:item=837298567&perks=373417387,1431678320,3291427296,3708227201
dimwishlist:item=837298567&perks=373417387,1431678320,3291427296,781192741
dimwishlist:item=837298567&perks=373417387,1431678320,3291427296,1134488199
dimwishlist:item=837298567&perks=373417387,1431678320,3291427296,2904194311
dimwishlist:item=837298567&perks=373417387,550838496,776531651,2048641572
dimwishlist:item=837298567&perks=373417387,550838496,776531651,1926441324
dimwishlist:item=837298567&perks=373417387,550838496,776531651,3708227201
dimwishlist:item=837298567&perks=373417387,550838496,776531651,781192741
dimwishlist:item=837298567&perks=373417387,550838496,776531651,1134488199
dimwishlist:item=837298567&perks=373417387,550838496,776531651,2904194311
dimwishlist:item=837298567&perks=373417387,550838496,2541826827,2048641572
dimwishlist:item=837298567&perks=373417387,550838496,2541826827,1926441324
dimwishlist:item=837298567&perks=373417387,550838496,2541826827,3708227201
dimwishlist:item=837298567&perks=373417387,550838496,2541826827,781192741
dimwishlist:item=837298567&perks=373417387,550838496,2541826827,1134488199
dimwishlist:item=837298567&perks=373417387,550838496,2541826827,2904194311
dimwishlist:item=837298567&perks=373417387,550838496,1421772400,2048641572
dimwishlist:item=837298567&perks=373417387,550838496,1421772400,1926441324
dimwishlist:item=837298567&perks=373417387,550838496,1421772400,3708227201
dimwishlist:item=837298567&perks=373417387,550838496,1421772400,781192741
dimwishlist:item=837298567&perks=373417387,550838496,1421772400,1134488199
dimwishlist:item=837298567&perks=373417387,550838496,1421772400,2904194311
dimwishlist:item=837298567&perks=373417387,550838496,3291427296,2048641572
dimwishlist:item=837298567&perks=373417387,550838496,3291427296,1926441324
dimwishlist:item=837298567&perks=373417387,550838496,3291427296,3708227201
dimwishlist:item=837298567&perks=373417387,550838496,3291427296,781192741
dimwishlist:item=837298567&perks=373417387,550838496,3291427296,1134488199
dimwishlist:item=837298567&perks=373417387,550838496,3291427296,2904194311


//Lance Ephemeral
//notes:Aegis Top Strand Sniper: A Tier. Best With 'Frame of Reference' Origin Trait. MW: Handling
dimwishlist:item=688593230&perks=1840239774,106909392,1354429876,1089671869
dimwishlist:item=688593230&perks=1840239774,106909392,1354429876,496047945
dimwishlist:item=688593230&perks=1840239774,106909392,1354429876,3078487919
dimwishlist:item=688593230&perks=1840239774,106909392,1354429876,3744057135
dimwishlist:item=688593230&perks=1840239774,106909392,1354429876,3201496230
dimwishlist:item=688593230&perks=1840239774,106909392,1354429876,1545231802
dimwishlist:item=688593230&perks=1840239774,106909392,848860060,1089671869
dimwishlist:item=688593230&perks=1840239774,106909392,848860060,496047945
dimwishlist:item=688593230&perks=1840239774,106909392,848860060,3078487919
dimwishlist:item=688593230&perks=1840239774,106909392,848860060,3744057135
dimwishlist:item=688593230&perks=1840239774,106909392,848860060,3201496230
dimwishlist:item=688593230&perks=1840239774,106909392,848860060,1545231802
dimwishlist:item=688593230&perks=1840239774,106909392,1556840489,1089671869
dimwishlist:item=688593230&perks=1840239774,106909392,1556840489,496047945
dimwishlist:item=688593230&perks=1840239774,106909392,1556840489,3078487919
dimwishlist:item=688593230&perks=1840239774,106909392,1556840489,3744057135
dimwishlist:item=688593230&perks=1840239774,106909392,1556840489,3201496230
dimwishlist:item=688593230&perks=1840239774,106909392,1556840489,1545231802
dimwishlist:item=688593230&perks=1840239774,106909392,3442762221,1089671869
dimwishlist:item=688593230&perks=1840239774,106909392,3442762221,496047945
dimwishlist:item=688593230&perks=1840239774,106909392,3442762221,3078487919
dimwishlist:item=688593230&perks=1840239774,106909392,3442762221,3744057135
dimwishlist:item=688593230&perks=1840239774,106909392,3442762221,3201496230
dimwishlist:item=688593230&perks=1840239774,106909392,3442762221,1545231802
dimwishlist:item=688593230&perks=1840239774,1783397184,1354429876,1089671869
dimwishlist:item=688593230&perks=1840239774,1783397184,1354429876,496047945
dimwishlist:item=688593230&perks=1840239774,1783397184,1354429876,3078487919
dimwishlist:item=688593230&perks=1840239774,1783397184,1354429876,3744057135
dimwishlist:item=688593230&perks=1840239774,1783397184,1354429876,3201496230
dimwishlist:item=688593230&perks=1840239774,1783397184,1354429876,1545231802
dimwishlist:item=688593230&perks=1840239774,1783397184,848860060,1089671869
dimwishlist:item=688593230&perks=1840239774,1783397184,848860060,496047945
dimwishlist:item=688593230&perks=1840239774,1783397184,848860060,3078487919
dimwishlist:item=688593230&perks=1840239774,1783397184,848860060,3744057135
dimwishlist:item=688593230&perks=1840239774,1783397184,848860060,3201496230
dimwishlist:item=688593230&perks=1840239774,1783397184,848860060,1545231802
dimwishlist:item=688593230&perks=1840239774,1783397184,1556840489,1089671869
dimwishlist:item=688593230&perks=1840239774,1783397184,1556840489,496047945
dimwishlist:item=688593230&perks=1840239774,1783397184,1556840489,3078487919
dimwishlist:item=688593230&perks=1840239774,1783397184,1556840489,3744057135
dimwishlist:item=688593230&perks=1840239774,1783397184,1556840489,3201496230
dimwishlist:item=688593230&perks=1840239774,1783397184,1556840489,1545231802
dimwishlist:item=688593230&perks=1840239774,1783397184,3442762221,1089671869
dimwishlist:item=688593230&perks=1840239774,1783397184,3442762221,496047945
dimwishlist:item=688593230&perks=1840239774,1783397184,3442762221,3078487919
dimwishlist:item=688593230&perks=1840239774,1783397184,3442762221,3744057135
dimwishlist:item=688593230&perks=1840239774,1783397184,3442762221,3201496230
dimwishlist:item=688593230&perks=1840239774,1783397184,3442762221,1545231802
dimwishlist:item=688593230&perks=1124871858,106909392,1354429876,1089671869
dimwishlist:item=688593230&perks=1124871858,106909392,1354429876,496047945
dimwishlist:item=688593230&perks=1124871858,106909392,1354429876,3078487919
dimwishlist:item=688593230&perks=1124871858,106909392,1354429876,3744057135
dimwishlist:item=688593230&perks=1124871858,106909392,1354429876,3201496230
dimwishlist:item=688593230&perks=1124871858,106909392,1354429876,1545231802
dimwishlist:item=688593230&perks=1124871858,106909392,848860060,1089671869
dimwishlist:item=688593230&perks=1124871858,106909392,848860060,496047945
dimwishlist:item=688593230&perks=1124871858,106909392,848860060,3078487919
dimwishlist:item=688593230&perks=1124871858,106909392,848860060,3744057135
dimwishlist:item=688593230&perks=1124871858,106909392,848860060,3201496230
dimwishlist:item=688593230&perks=1124871858,106909392,848860060,1545231802
dimwishlist:item=688593230&perks=1124871858,106909392,1556840489,1089671869
dimwishlist:item=688593230&perks=1124871858,106909392,1556840489,496047945
dimwishlist:item=688593230&perks=1124871858,106909392,1556840489,3078487919
dimwishlist:item=688593230&perks=1124871858,106909392,1556840489,3744057135
dimwishlist:item=688593230&perks=1124871858,106909392,1556840489,3201496230
dimwishlist:item=688593230&perks=1124871858,106909392,1556840489,1545231802
dimwishlist:item=688593230&perks=1124871858,106909392,3442762221,1089671869
dimwishlist:item=688593230&perks=1124871858,106909392,3442762221,496047945
dimwishlist:item=688593230&perks=1124871858,106909392,3442762221,3078487919
dimwishlist:item=688593230&perks=1124871858,106909392,3442762221,3744057135
dimwishlist:item=688593230&perks=1124871858,106909392,3442762221,3201496230
dimwishlist:item=688593230&perks=1124871858,106909392,3442762221,1545231802
dimwishlist:item=688593230&perks=1124871858,1783397184,1354429876,1089671869
dimwishlist:item=688593230&perks=1124871858,1783397184,1354429876,496047945
dimwishlist:item=688593230&perks=1124871858,1783397184,1354429876,3078487919
dimwishlist:item=688593230&perks=1124871858,1783397184,1354429876,3744057135
dimwishlist:item=688593230&perks=1124871858,1783397184,1354429876,3201496230
dimwishlist:item=688593230&perks=1124871858,1783397184,1354429876,1545231802
dimwishlist:item=688593230&perks=1124871858,1783397184,848860060,1089671869
dimwishlist:item=688593230&perks=1124871858,1783397184,848860060,496047945
dimwishlist:item=688593230&perks=1124871858,1783397184,848860060,3078487919
dimwishlist:item=688593230&perks=1124871858,1783397184,848860060,3744057135
dimwishlist:item=688593230&perks=1124871858,1783397184,848860060,3201496230
dimwishlist:item=688593230&perks=1124871858,1783397184,848860060,1545231802
dimwishlist:item=688593230&perks=1124871858,1783397184,1556840489,1089671869
dimwishlist:item=688593230&perks=1124871858,1783397184,1556840489,496047945
dimwishlist:item=688593230&perks=1124871858,1783397184,1556840489,3078487919
dimwishlist:item=688593230&perks=1124871858,1783397184,1556840489,3744057135
dimwishlist:item=688593230&perks=1124871858,1783397184,1556840489,3201496230
dimwishlist:item=688593230&perks=1124871858,1783397184,1556840489,1545231802
dimwishlist:item=688593230&perks=1124871858,1783397184,3442762221,1089671869
dimwishlist:item=688593230&perks=1124871858,1783397184,3442762221,496047945
dimwishlist:item=688593230&perks=1124871858,1783397184,3442762221,3078487919
dimwishlist:item=688593230&perks=1124871858,1783397184,3442762221,3744057135
dimwishlist:item=688593230&perks=1124871858,1783397184,3442762221,3201496230
dimwishlist:item=688593230&perks=1124871858,1783397184,3442762221,1545231802


//Keraunios
//notes:Aegis Top Arc Trace: A Tier. Best With 'Classy Contender' Origin Trait. MW: Reload
dimwishlist:item=2386208942&perks=1840239774,2749775325,3700496672,2396489472
dimwishlist:item=2386208942&perks=1840239774,2749775325,3700496672,598607952
dimwishlist:item=2386208942&perks=1840239774,2749775325,3700496672,3966416502
dimwishlist:item=2386208942&perks=1840239774,2749775325,3700496672,717070634
dimwishlist:item=2386208942&perks=1840239774,2749775325,3700496672,4198902903
dimwishlist:item=2386208942&perks=1840239774,2749775325,3700496672,222783511
dimwishlist:item=2386208942&perks=1840239774,2749775325,2840833776,2396489472
dimwishlist:item=2386208942&perks=1840239774,2749775325,2840833776,598607952
dimwishlist:item=2386208942&perks=1840239774,2749775325,2840833776,3966416502
dimwishlist:item=2386208942&perks=1840239774,2749775325,2840833776,717070634
dimwishlist:item=2386208942&perks=1840239774,2749775325,2840833776,4198902903
dimwishlist:item=2386208942&perks=1840239774,2749775325,2840833776,222783511
dimwishlist:item=2386208942&perks=1840239774,2749775325,1354429876,2396489472
dimwishlist:item=2386208942&perks=1840239774,2749775325,1354429876,598607952
dimwishlist:item=2386208942&perks=1840239774,2749775325,1354429876,3966416502
dimwishlist:item=2386208942&perks=1840239774,2749775325,1354429876,717070634
dimwishlist:item=2386208942&perks=1840239774,2749775325,1354429876,4198902903
dimwishlist:item=2386208942&perks=1840239774,2749775325,1354429876,222783511
dimwishlist:item=2386208942&perks=1840239774,2749775325,848860060,2396489472
dimwishlist:item=2386208942&perks=1840239774,2749775325,848860060,598607952
dimwishlist:item=2386208942&perks=1840239774,2749775325,848860060,3966416502
dimwishlist:item=2386208942&perks=1840239774,2749775325,848860060,717070634
dimwishlist:item=2386208942&perks=1840239774,2749775325,848860060,4198902903
dimwishlist:item=2386208942&perks=1840239774,2749775325,848860060,222783511
dimwishlist:item=2386208942&perks=1840239774,2073750249,3700496672,2396489472
dimwishlist:item=2386208942&perks=1840239774,2073750249,3700496672,598607952
dimwishlist:item=2386208942&perks=1840239774,2073750249,3700496672,3966416502
dimwishlist:item=2386208942&perks=1840239774,2073750249,3700496672,717070634
dimwishlist:item=2386208942&perks=1840239774,2073750249,3700496672,4198902903
dimwishlist:item=2386208942&perks=1840239774,2073750249,3700496672,222783511
dimwishlist:item=2386208942&perks=1840239774,2073750249,2840833776,2396489472
dimwishlist:item=2386208942&perks=1840239774,2073750249,2840833776,598607952
dimwishlist:item=2386208942&perks=1840239774,2073750249,2840833776,3966416502
dimwishlist:item=2386208942&perks=1840239774,2073750249,2840833776,717070634
dimwishlist:item=2386208942&perks=1840239774,2073750249,2840833776,4198902903
dimwishlist:item=2386208942&perks=1840239774,2073750249,2840833776,222783511
dimwishlist:item=2386208942&perks=1840239774,2073750249,1354429876,2396489472
dimwishlist:item=2386208942&perks=1840239774,2073750249,1354429876,598607952
dimwishlist:item=2386208942&perks=1840239774,2073750249,1354429876,3966416502
dimwishlist:item=2386208942&perks=1840239774,2073750249,1354429876,717070634
dimwishlist:item=2386208942&perks=1840239774,2073750249,1354429876,4198902903
dimwishlist:item=2386208942&perks=1840239774,2073750249,1354429876,222783511
dimwishlist:item=2386208942&perks=1840239774,2073750249,848860060,2396489472
dimwishlist:item=2386208942&perks=1840239774,2073750249,848860060,598607952
dimwishlist:item=2386208942&perks=1840239774,2073750249,848860060,3966416502
dimwishlist:item=2386208942&perks=1840239774,2073750249,848860060,717070634
dimwishlist:item=2386208942&perks=1840239774,2073750249,848860060,4198902903
dimwishlist:item=2386208942&perks=1840239774,2073750249,848860060,222783511
dimwishlist:item=2386208942&perks=1124871858,2749775325,3700496672,2396489472
dimwishlist:item=2386208942&perks=1124871858,2749775325,3700496672,598607952
dimwishlist:item=2386208942&perks=1124871858,2749775325,3700496672,3966416502
dimwishlist:item=2386208942&perks=1124871858,2749775325,3700496672,717070634
dimwishlist:item=2386208942&perks=1124871858,2749775325,3700496672,4198902903
dimwishlist:item=2386208942&perks=1124871858,2749775325,3700496672,222783511
dimwishlist:item=2386208942&perks=1124871858,2749775325,2840833776,2396489472
dimwishlist:item=2386208942&perks=1124871858,2749775325,2840833776,598607952
dimwishlist:item=2386208942&perks=1124871858,2749775325,2840833776,3966416502
dimwishlist:item=2386208942&perks=1124871858,2749775325,2840833776,717070634
dimwishlist:item=2386208942&perks=1124871858,2749775325,2840833776,4198902903
dimwishlist:item=2386208942&perks=1124871858,2749775325,2840833776,222783511
dimwishlist:item=2386208942&perks=1124871858,2749775325,1354429876,2396489472
dimwishlist:item=2386208942&perks=1124871858,2749775325,1354429876,598607952
dimwishlist:item=2386208942&perks=1124871858,2749775325,1354429876,3966416502
dimwishlist:item=2386208942&perks=1124871858,2749775325,1354429876,717070634
dimwishlist:item=2386208942&perks=1124871858,2749775325,1354429876,4198902903
dimwishlist:item=2386208942&perks=1124871858,2749775325,1354429876,222783511
dimwishlist:item=2386208942&perks=1124871858,2749775325,848860060,2396489472
dimwishlist:item=2386208942&perks=1124871858,2749775325,848860060,598607952
dimwishlist:item=2386208942&perks=1124871858,2749775325,848860060,3966416502
dimwishlist:item=2386208942&perks=1124871858,2749775325,848860060,717070634
dimwishlist:item=2386208942&perks=1124871858,2749775325,848860060,4198902903
dimwishlist:item=2386208942&perks=1124871858,2749775325,848860060,222783511
dimwishlist:item=2386208942&perks=1124871858,2073750249,3700496672,2396489472
dimwishlist:item=2386208942&perks=1124871858,2073750249,3700496672,598607952
dimwishlist:item=2386208942&perks=1124871858,2073750249,3700496672,3966416502
dimwishlist:item=2386208942&perks=1124871858,2073750249,3700496672,717070634
dimwishlist:item=2386208942&perks=1124871858,2073750249,3700496672,4198902903
dimwishlist:item=2386208942&perks=1124871858,2073750249,3700496672,222783511
dimwishlist:item=2386208942&perks=1124871858,2073750249,2840833776,2396489472
dimwishlist:item=2386208942&perks=1124871858,2073750249,2840833776,598607952
dimwishlist:item=2386208942&perks=1124871858,2073750249,2840833776,3966416502
dimwishlist:item=2386208942&perks=1124871858,2073750249,2840833776,717070634
dimwishlist:item=2386208942&perks=1124871858,2073750249,2840833776,4198902903
dimwishlist:item=2386208942&perks=1124871858,2073750249,2840833776,222783511
dimwishlist:item=2386208942&perks=1124871858,2073750249,1354429876,2396489472
dimwishlist:item=2386208942&perks=1124871858,2073750249,1354429876,598607952
dimwishlist:item=2386208942&perks=1124871858,2073750249,1354429876,3966416502
dimwishlist:item=2386208942&perks=1124871858,2073750249,1354429876,717070634
dimwishlist:item=2386208942&perks=1124871858,2073750249,1354429876,4198902903
dimwishlist:item=2386208942&perks=1124871858,2073750249,1354429876,222783511
dimwishlist:item=2386208942&perks=1124871858,2073750249,848860060,2396489472
dimwishlist:item=2386208942&perks=1124871858,2073750249,848860060,598607952
dimwishlist:item=2386208942&perks=1124871858,2073750249,848860060,3966416502
dimwishlist:item=2386208942&perks=1124871858,2073750249,848860060,717070634
dimwishlist:item=2386208942&perks=1124871858,2073750249,848860060,4198902903
dimwishlist:item=2386208942&perks=1124871858,2073750249,848860060,222783511
dimwishlist:item=981450701&perks=1840239774,2749775325,3700496672,2396489472
dimwishlist:item=981450701&perks=1840239774,2749775325,3700496672,598607952
dimwishlist:item=981450701&perks=1840239774,2749775325,3700496672,3966416502
dimwishlist:item=981450701&perks=1840239774,2749775325,3700496672,717070634
dimwishlist:item=981450701&perks=1840239774,2749775325,3700496672,4198902903
dimwishlist:item=981450701&perks=1840239774,2749775325,3700496672,222783511
dimwishlist:item=981450701&perks=1840239774,2749775325,2840833776,2396489472
dimwishlist:item=981450701&perks=1840239774,2749775325,2840833776,598607952
dimwishlist:item=981450701&perks=1840239774,2749775325,2840833776,3966416502
dimwishlist:item=981450701&perks=1840239774,2749775325,2840833776,717070634
dimwishlist:item=981450701&perks=1840239774,2749775325,2840833776,4198902903
dimwishlist:item=981450701&perks=1840239774,2749775325,2840833776,222783511
dimwishlist:item=981450701&perks=1840239774,2749775325,1354429876,2396489472
dimwishlist:item=981450701&perks=1840239774,2749775325,1354429876,598607952
dimwishlist:item=981450701&perks=1840239774,2749775325,1354429876,3966416502
dimwishlist:item=981450701&perks=1840239774,2749775325,1354429876,717070634
dimwishlist:item=981450701&perks=1840239774,2749775325,1354429876,4198902903
dimwishlist:item=981450701&perks=1840239774,2749775325,1354429876,222783511
dimwishlist:item=981450701&perks=1840239774,2749775325,848860060,2396489472
dimwishlist:item=981450701&perks=1840239774,2749775325,848860060,598607952
dimwishlist:item=981450701&perks=1840239774,2749775325,848860060,3966416502
dimwishlist:item=981450701&perks=1840239774,2749775325,848860060,717070634
dimwishlist:item=981450701&perks=1840239774,2749775325,848860060,4198902903
dimwishlist:item=981450701&perks=1840239774,2749775325,848860060,222783511
dimwishlist:item=981450701&perks=1840239774,2073750249,3700496672,2396489472
dimwishlist:item=981450701&perks=1840239774,2073750249,3700496672,598607952
dimwishlist:item=981450701&perks=1840239774,2073750249,3700496672,3966416502
dimwishlist:item=981450701&perks=1840239774,2073750249,3700496672,717070634
dimwishlist:item=981450701&perks=1840239774,2073750249,3700496672,4198902903
dimwishlist:item=981450701&perks=1840239774,2073750249,3700496672,222783511
dimwishlist:item=981450701&perks=1840239774,2073750249,2840833776,2396489472
dimwishlist:item=981450701&perks=1840239774,2073750249,2840833776,598607952
dimwishlist:item=981450701&perks=1840239774,2073750249,2840833776,3966416502
dimwishlist:item=981450701&perks=1840239774,2073750249,2840833776,717070634
dimwishlist:item=981450701&perks=1840239774,2073750249,2840833776,4198902903
dimwishlist:item=981450701&perks=1840239774,2073750249,2840833776,222783511
dimwishlist:item=981450701&perks=1840239774,2073750249,1354429876,2396489472
dimwishlist:item=981450701&perks=1840239774,2073750249,1354429876,598607952
dimwishlist:item=981450701&perks=1840239774,2073750249,1354429876,3966416502
dimwishlist:item=981450701&perks=1840239774,2073750249,1354429876,717070634
dimwishlist:item=981450701&perks=1840239774,2073750249,1354429876,4198902903
dimwishlist:item=981450701&perks=1840239774,2073750249,1354429876,222783511
dimwishlist:item=981450701&perks=1840239774,2073750249,848860060,2396489472
dimwishlist:item=981450701&perks=1840239774,2073750249,848860060,598607952
dimwishlist:item=981450701&perks=1840239774,2073750249,848860060,3966416502
dimwishlist:item=981450701&perks=1840239774,2073750249,848860060,717070634
dimwishlist:item=981450701&perks=1840239774,2073750249,848860060,4198902903
dimwishlist:item=981450701&perks=1840239774,2073750249,848860060,222783511
dimwishlist:item=981450701&perks=1124871858,2749775325,3700496672,2396489472
dimwishlist:item=981450701&perks=1124871858,2749775325,3700496672,598607952
dimwishlist:item=981450701&perks=1124871858,2749775325,3700496672,3966416502
dimwishlist:item=981450701&perks=1124871858,2749775325,3700496672,717070634
dimwishlist:item=981450701&perks=1124871858,2749775325,3700496672,4198902903
dimwishlist:item=981450701&perks=1124871858,2749775325,3700496672,222783511
dimwishlist:item=981450701&perks=1124871858,2749775325,2840833776,2396489472
dimwishlist:item=981450701&perks=1124871858,2749775325,2840833776,598607952
dimwishlist:item=981450701&perks=1124871858,2749775325,2840833776,3966416502
dimwishlist:item=981450701&perks=1124871858,2749775325,2840833776,717070634
dimwishlist:item=981450701&perks=1124871858,2749775325,2840833776,4198902903
dimwishlist:item=981450701&perks=1124871858,2749775325,2840833776,222783511
dimwishlist:item=981450701&perks=1124871858,2749775325,1354429876,2396489472
dimwishlist:item=981450701&perks=1124871858,2749775325,1354429876,598607952
dimwishlist:item=981450701&perks=1124871858,2749775325,1354429876,3966416502
dimwishlist:item=981450701&perks=1124871858,2749775325,1354429876,717070634
dimwishlist:item=981450701&perks=1124871858,2749775325,1354429876,4198902903
dimwishlist:item=981450701&perks=1124871858,2749775325,1354429876,222783511
dimwishlist:item=981450701&perks=1124871858,2749775325,848860060,2396489472
dimwishlist:item=981450701&perks=1124871858,2749775325,848860060,598607952
dimwishlist:item=981450701&perks=1124871858,2749775325,848860060,3966416502
dimwishlist:item=981450701&perks=1124871858,2749775325,848860060,717070634
dimwishlist:item=981450701&perks=1124871858,2749775325,848860060,4198902903
dimwishlist:item=981450701&perks=1124871858,2749775325,848860060,222783511
dimwishlist:item=981450701&perks=1124871858,2073750249,3700496672,2396489472
dimwishlist:item=981450701&perks=1124871858,2073750249,3700496672,598607952
dimwishlist:item=981450701&perks=1124871858,2073750249,3700496672,3966416502
dimwishlist:item=981450701&perks=1124871858,2073750249,3700496672,717070634
dimwishlist:item=981450701&perks=1124871858,2073750249,3700496672,4198902903
dimwishlist:item=981450701&perks=1124871858,2073750249,3700496672,222783511
dimwishlist:item=981450701&perks=1124871858,2073750249,2840833776,2396489472
dimwishlist:item=981450701&perks=1124871858,2073750249,2840833776,598607952
dimwishlist:item=981450701&perks=1124871858,2073750249,2840833776,3966416502
dimwishlist:item=981450701&perks=1124871858,2073750249,2840833776,717070634
dimwishlist:item=981450701&perks=1124871858,2073750249,2840833776,4198902903
dimwishlist:item=981450701&perks=1124871858,2073750249,2840833776,222783511
dimwishlist:item=981450701&perks=1124871858,2073750249,1354429876,2396489472
dimwishlist:item=981450701&perks=1124871858,2073750249,1354429876,598607952
dimwishlist:item=981450701&perks=1124871858,2073750249,1354429876,3966416502
dimwishlist:item=981450701&perks=1124871858,2073750249,1354429876,717070634
dimwishlist:item=981450701&perks=1124871858,2073750249,1354429876,4198902903
dimwishlist:item=981450701&perks=1124871858,2073750249,1354429876,222783511
dimwishlist:item=981450701&perks=1124871858,2073750249,848860060,2396489472
dimwishlist:item=981450701&perks=1124871858,2073750249,848860060,598607952
dimwishlist:item=981450701&perks=1124871858,2073750249,848860060,3966416502
dimwishlist:item=981450701&perks=1124871858,2073750249,848860060,717070634
dimwishlist:item=981450701&perks=1124871858,2073750249,848860060,4198902903
dimwishlist:item=981450701&perks=1124871858,2073750249,848860060,222783511


//Indebted Kindness
//notes:Aegis Top Arc Rocket Sidearm: S Tier. Best With 'Sundering' Origin Trait. MW: Reload
dimwishlist:item=2554513694&perks=3525010810,106909392,1421772400,2173046394
dimwishlist:item=2554513694&perks=3525010810,106909392,1421772400,1720528630
dimwishlist:item=2554513694&perks=3525010810,106909392,1421772400,2396489472
dimwishlist:item=2554513694&perks=3525010810,106909392,1421772400,598607952
dimwishlist:item=2554513694&perks=3525010810,106909392,1421772400,243981275
dimwishlist:item=2554513694&perks=3525010810,106909392,1421772400,984655331
dimwishlist:item=2554513694&perks=3525010810,106909392,3291427296,2173046394
dimwishlist:item=2554513694&perks=3525010810,106909392,3291427296,1720528630
dimwishlist:item=2554513694&perks=3525010810,106909392,3291427296,2396489472
dimwishlist:item=2554513694&perks=3525010810,106909392,3291427296,598607952
dimwishlist:item=2554513694&perks=3525010810,106909392,3291427296,243981275
dimwishlist:item=2554513694&perks=3525010810,106909392,3291427296,984655331
dimwishlist:item=2554513694&perks=3525010810,106909392,3993379141,2173046394
dimwishlist:item=2554513694&perks=3525010810,106909392,3993379141,1720528630
dimwishlist:item=2554513694&perks=3525010810,106909392,3993379141,2396489472
dimwishlist:item=2554513694&perks=3525010810,106909392,3993379141,598607952
dimwishlist:item=2554513694&perks=3525010810,106909392,3993379141,243981275
dimwishlist:item=2554513694&perks=3525010810,106909392,3993379141,984655331
dimwishlist:item=2554513694&perks=3525010810,106909392,1164602481,2173046394
dimwishlist:item=2554513694&perks=3525010810,106909392,1164602481,1720528630
dimwishlist:item=2554513694&perks=3525010810,106909392,1164602481,2396489472
dimwishlist:item=2554513694&perks=3525010810,106909392,1164602481,598607952
dimwishlist:item=2554513694&perks=3525010810,106909392,1164602481,243981275
dimwishlist:item=2554513694&perks=3525010810,106909392,1164602481,984655331
dimwishlist:item=2554513694&perks=3525010810,106909392,960810156,2173046394
dimwishlist:item=2554513694&perks=3525010810,106909392,960810156,1720528630
dimwishlist:item=2554513694&perks=3525010810,106909392,960810156,2396489472
dimwishlist:item=2554513694&perks=3525010810,106909392,960810156,598607952
dimwishlist:item=2554513694&perks=3525010810,106909392,960810156,243981275
dimwishlist:item=2554513694&perks=3525010810,106909392,960810156,984655331
dimwishlist:item=2554513694&perks=3525010810,106909392,1077019636,2173046394
dimwishlist:item=2554513694&perks=3525010810,106909392,1077019636,1720528630
dimwishlist:item=2554513694&perks=3525010810,106909392,1077019636,2396489472
dimwishlist:item=2554513694&perks=3525010810,106909392,1077019636,598607952
dimwishlist:item=2554513694&perks=3525010810,106909392,1077019636,243981275
dimwishlist:item=2554513694&perks=3525010810,106909392,1077019636,984655331
dimwishlist:item=2554513694&perks=3525010810,1783397184,1421772400,2173046394
dimwishlist:item=2554513694&perks=3525010810,1783397184,1421772400,1720528630
dimwishlist:item=2554513694&perks=3525010810,1783397184,1421772400,2396489472
dimwishlist:item=2554513694&perks=3525010810,1783397184,1421772400,598607952
dimwishlist:item=2554513694&perks=3525010810,1783397184,1421772400,243981275
dimwishlist:item=2554513694&perks=3525010810,1783397184,1421772400,984655331
dimwishlist:item=2554513694&perks=3525010810,1783397184,3291427296,2173046394
dimwishlist:item=2554513694&perks=3525010810,1783397184,3291427296,1720528630
dimwishlist:item=2554513694&perks=3525010810,1783397184,3291427296,2396489472
dimwishlist:item=2554513694&perks=3525010810,1783397184,3291427296,598607952
dimwishlist:item=2554513694&perks=3525010810,1783397184,3291427296,243981275
dimwishlist:item=2554513694&perks=3525010810,1783397184,3291427296,984655331
dimwishlist:item=2554513694&perks=3525010810,1783397184,3993379141,2173046394
dimwishlist:item=2554513694&perks=3525010810,1783397184,3993379141,1720528630
dimwishlist:item=2554513694&perks=3525010810,1783397184,3993379141,2396489472
dimwishlist:item=2554513694&perks=3525010810,1783397184,3993379141,598607952
dimwishlist:item=2554513694&perks=3525010810,1783397184,3993379141,243981275
dimwishlist:item=2554513694&perks=3525010810,1783397184,3993379141,984655331
dimwishlist:item=2554513694&perks=3525010810,1783397184,1164602481,2173046394
dimwishlist:item=2554513694&perks=3525010810,1783397184,1164602481,1720528630
dimwishlist:item=2554513694&perks=3525010810,1783397184,1164602481,2396489472
dimwishlist:item=2554513694&perks=3525010810,1783397184,1164602481,598607952
dimwishlist:item=2554513694&perks=3525010810,1783397184,1164602481,243981275
dimwishlist:item=2554513694&perks=3525010810,1783397184,1164602481,984655331
dimwishlist:item=2554513694&perks=3525010810,1783397184,960810156,2173046394
dimwishlist:item=2554513694&perks=3525010810,1783397184,960810156,1720528630
dimwishlist:item=2554513694&perks=3525010810,1783397184,960810156,2396489472
dimwishlist:item=2554513694&perks=3525010810,1783397184,960810156,598607952
dimwishlist:item=2554513694&perks=3525010810,1783397184,960810156,243981275
dimwishlist:item=2554513694&perks=3525010810,1783397184,960810156,984655331
dimwishlist:item=2554513694&perks=3525010810,1783397184,1077019636,2173046394
dimwishlist:item=2554513694&perks=3525010810,1783397184,1077019636,1720528630
dimwishlist:item=2554513694&perks=3525010810,1783397184,1077019636,2396489472
dimwishlist:item=2554513694&perks=3525010810,1783397184,1077019636,598607952
dimwishlist:item=2554513694&perks=3525010810,1783397184,1077019636,243981275
dimwishlist:item=2554513694&perks=3525010810,1783397184,1077019636,984655331
dimwishlist:item=2554513694&perks=3250572790,106909392,1421772400,2173046394
dimwishlist:item=2554513694&perks=3250572790,106909392,1421772400,1720528630
dimwishlist:item=2554513694&perks=3250572790,106909392,1421772400,2396489472
dimwishlist:item=2554513694&perks=3250572790,106909392,1421772400,598607952
dimwishlist:item=2554513694&perks=3250572790,106909392,1421772400,243981275
dimwishlist:item=2554513694&perks=3250572790,106909392,1421772400,984655331
dimwishlist:item=2554513694&perks=3250572790,106909392,3291427296,2173046394
dimwishlist:item=2554513694&perks=3250572790,106909392,3291427296,1720528630
dimwishlist:item=2554513694&perks=3250572790,106909392,3291427296,2396489472
dimwishlist:item=2554513694&perks=3250572790,106909392,3291427296,598607952
dimwishlist:item=2554513694&perks=3250572790,106909392,3291427296,243981275
dimwishlist:item=2554513694&perks=3250572790,106909392,3291427296,984655331
dimwishlist:item=2554513694&perks=3250572790,106909392,3993379141,2173046394
dimwishlist:item=2554513694&perks=3250572790,106909392,3993379141,1720528630
dimwishlist:item=2554513694&perks=3250572790,106909392,3993379141,2396489472
dimwishlist:item=2554513694&perks=3250572790,106909392,3993379141,598607952
dimwishlist:item=2554513694&perks=3250572790,106909392,3993379141,243981275
dimwishlist:item=2554513694&perks=3250572790,106909392,3993379141,984655331
dimwishlist:item=2554513694&perks=3250572790,106909392,1164602481,2173046394
dimwishlist:item=2554513694&perks=3250572790,106909392,1164602481,1720528630
dimwishlist:item=2554513694&perks=3250572790,106909392,1164602481,2396489472
dimwishlist:item=2554513694&perks=3250572790,106909392,1164602481,598607952
dimwishlist:item=2554513694&perks=3250572790,106909392,1164602481,243981275
dimwishlist:item=2554513694&perks=3250572790,106909392,1164602481,984655331
dimwishlist:item=2554513694&perks=3250572790,106909392,960810156,2173046394
dimwishlist:item=2554513694&perks=3250572790,106909392,960810156,1720528630
dimwishlist:item=2554513694&perks=3250572790,106909392,960810156,2396489472
dimwishlist:item=2554513694&perks=3250572790,106909392,960810156,598607952
dimwishlist:item=2554513694&perks=3250572790,106909392,960810156,243981275
dimwishlist:item=2554513694&perks=3250572790,106909392,960810156,984655331
dimwishlist:item=2554513694&perks=3250572790,106909392,1077019636,2173046394
dimwishlist:item=2554513694&perks=3250572790,106909392,1077019636,1720528630
dimwishlist:item=2554513694&perks=3250572790,106909392,1077019636,2396489472
dimwishlist:item=2554513694&perks=3250572790,106909392,1077019636,598607952
dimwishlist:item=2554513694&perks=3250572790,106909392,1077019636,243981275
dimwishlist:item=2554513694&perks=3250572790,106909392,1077019636,984655331
dimwishlist:item=2554513694&perks=3250572790,1783397184,1421772400,2173046394
dimwishlist:item=2554513694&perks=3250572790,1783397184,1421772400,1720528630
dimwishlist:item=2554513694&perks=3250572790,1783397184,1421772400,2396489472
dimwishlist:item=2554513694&perks=3250572790,1783397184,1421772400,598607952
dimwishlist:item=2554513694&perks=3250572790,1783397184,1421772400,243981275
dimwishlist:item=2554513694&perks=3250572790,1783397184,1421772400,984655331
dimwishlist:item=2554513694&perks=3250572790,1783397184,3291427296,2173046394
dimwishlist:item=2554513694&perks=3250572790,1783397184,3291427296,1720528630
dimwishlist:item=2554513694&perks=3250572790,1783397184,3291427296,2396489472
dimwishlist:item=2554513694&perks=3250572790,1783397184,3291427296,598607952
dimwishlist:item=2554513694&perks=3250572790,1783397184,3291427296,243981275
dimwishlist:item=2554513694&perks=3250572790,1783397184,3291427296,984655331
dimwishlist:item=2554513694&perks=3250572790,1783397184,3993379141,2173046394
dimwishlist:item=2554513694&perks=3250572790,1783397184,3993379141,1720528630
dimwishlist:item=2554513694&perks=3250572790,1783397184,3993379141,2396489472
dimwishlist:item=2554513694&perks=3250572790,1783397184,3993379141,598607952
dimwishlist:item=2554513694&perks=3250572790,1783397184,3993379141,243981275
dimwishlist:item=2554513694&perks=3250572790,1783397184,3993379141,984655331
dimwishlist:item=2554513694&perks=3250572790,1783397184,1164602481,2173046394
dimwishlist:item=2554513694&perks=3250572790,1783397184,1164602481,1720528630
dimwishlist:item=2554513694&perks=3250572790,1783397184,1164602481,2396489472
dimwishlist:item=2554513694&perks=3250572790,1783397184,1164602481,598607952
dimwishlist:item=2554513694&perks=3250572790,1783397184,1164602481,243981275
dimwishlist:item=2554513694&perks=3250572790,1783397184,1164602481,984655331
dimwishlist:item=2554513694&perks=3250572790,1783397184,960810156,2173046394
dimwishlist:item=2554513694&perks=3250572790,1783397184,960810156,1720528630
dimwishlist:item=2554513694&perks=3250572790,1783397184,960810156,2396489472
dimwishlist:item=2554513694&perks=3250572790,1783397184,960810156,598607952
dimwishlist:item=2554513694&perks=3250572790,1783397184,960810156,243981275
dimwishlist:item=2554513694&perks=3250572790,1783397184,960810156,984655331
dimwishlist:item=2554513694&perks=3250572790,1783397184,1077019636,2173046394
dimwishlist:item=2554513694&perks=3250572790,1783397184,1077019636,1720528630
dimwishlist:item=2554513694&perks=3250572790,1783397184,1077019636,2396489472
dimwishlist:item=2554513694&perks=3250572790,1783397184,1077019636,598607952
dimwishlist:item=2554513694&perks=3250572790,1783397184,1077019636,243981275
dimwishlist:item=2554513694&perks=3250572790,1783397184,1077019636,984655331
dimwishlist:item=2554513694&perks=1478423395,106909392,1421772400,2173046394
dimwishlist:item=2554513694&perks=1478423395,106909392,1421772400,1720528630
dimwishlist:item=2554513694&perks=1478423395,106909392,1421772400,2396489472
dimwishlist:item=2554513694&perks=1478423395,106909392,1421772400,598607952
dimwishlist:item=2554513694&perks=1478423395,106909392,1421772400,243981275
dimwishlist:item=2554513694&perks=1478423395,106909392,1421772400,984655331
dimwishlist:item=2554513694&perks=1478423395,106909392,3291427296,2173046394
dimwishlist:item=2554513694&perks=1478423395,106909392,3291427296,1720528630
dimwishlist:item=2554513694&perks=1478423395,106909392,3291427296,2396489472
dimwishlist:item=2554513694&perks=1478423395,106909392,3291427296,598607952
dimwishlist:item=2554513694&perks=1478423395,106909392,3291427296,243981275
dimwishlist:item=2554513694&perks=1478423395,106909392,3291427296,984655331
dimwishlist:item=2554513694&perks=1478423395,106909392,3993379141,2173046394
dimwishlist:item=2554513694&perks=1478423395,106909392,3993379141,1720528630
dimwishlist:item=2554513694&perks=1478423395,106909392,3993379141,2396489472
dimwishlist:item=2554513694&perks=1478423395,106909392,3993379141,598607952
dimwishlist:item=2554513694&perks=1478423395,106909392,3993379141,243981275
dimwishlist:item=2554513694&perks=1478423395,106909392,3993379141,984655331
dimwishlist:item=2554513694&perks=1478423395,106909392,1164602481,2173046394
dimwishlist:item=2554513694&perks=1478423395,106909392,1164602481,1720528630
dimwishlist:item=2554513694&perks=1478423395,106909392,1164602481,2396489472
dimwishlist:item=2554513694&perks=1478423395,106909392,1164602481,598607952
dimwishlist:item=2554513694&perks=1478423395,106909392,1164602481,243981275
dimwishlist:item=2554513694&perks=1478423395,106909392,1164602481,984655331
dimwishlist:item=2554513694&perks=1478423395,106909392,960810156,2173046394
dimwishlist:item=2554513694&perks=1478423395,106909392,960810156,1720528630
dimwishlist:item=2554513694&perks=1478423395,106909392,960810156,2396489472
dimwishlist:item=2554513694&perks=1478423395,106909392,960810156,598607952
dimwishlist:item=2554513694&perks=1478423395,106909392,960810156,243981275
dimwishlist:item=2554513694&perks=1478423395,106909392,960810156,984655331
dimwishlist:item=2554513694&perks=1478423395,106909392,1077019636,2173046394
dimwishlist:item=2554513694&perks=1478423395,106909392,1077019636,1720528630
dimwishlist:item=2554513694&perks=1478423395,106909392,1077019636,2396489472
dimwishlist:item=2554513694&perks=1478423395,106909392,1077019636,598607952
dimwishlist:item=2554513694&perks=1478423395,106909392,1077019636,243981275
dimwishlist:item=2554513694&perks=1478423395,106909392,1077019636,984655331
dimwishlist:item=2554513694&perks=1478423395,1783397184,1421772400,2173046394
dimwishlist:item=2554513694&perks=1478423395,1783397184,1421772400,1720528630
dimwishlist:item=2554513694&perks=1478423395,1783397184,1421772400,2396489472
dimwishlist:item=2554513694&perks=1478423395,1783397184,1421772400,598607952
dimwishlist:item=2554513694&perks=1478423395,1783397184,1421772400,243981275
dimwishlist:item=2554513694&perks=1478423395,1783397184,1421772400,984655331
dimwishlist:item=2554513694&perks=1478423395,1783397184,3291427296,2173046394
dimwishlist:item=2554513694&perks=1478423395,1783397184,3291427296,1720528630
dimwishlist:item=2554513694&perks=1478423395,1783397184,3291427296,2396489472
dimwishlist:item=2554513694&perks=1478423395,1783397184,3291427296,598607952
dimwishlist:item=2554513694&perks=1478423395,1783397184,3291427296,243981275
dimwishlist:item=2554513694&perks=1478423395,1783397184,3291427296,984655331
dimwishlist:item=2554513694&perks=1478423395,1783397184,3993379141,2173046394
dimwishlist:item=2554513694&perks=1478423395,1783397184,3993379141,1720528630
dimwishlist:item=2554513694&perks=1478423395,1783397184,3993379141,2396489472
dimwishlist:item=2554513694&perks=1478423395,1783397184,3993379141,598607952
dimwishlist:item=2554513694&perks=1478423395,1783397184,3993379141,243981275
dimwishlist:item=2554513694&perks=1478423395,1783397184,3993379141,984655331
dimwishlist:item=2554513694&perks=1478423395,1783397184,1164602481,2173046394
dimwishlist:item=2554513694&perks=1478423395,1783397184,1164602481,1720528630
dimwishlist:item=2554513694&perks=1478423395,1783397184,1164602481,2396489472
dimwishlist:item=2554513694&perks=1478423395,1783397184,1164602481,598607952
dimwishlist:item=2554513694&perks=1478423395,1783397184,1164602481,243981275
dimwishlist:item=2554513694&perks=1478423395,1783397184,1164602481,984655331
dimwishlist:item=2554513694&perks=1478423395,1783397184,960810156,2173046394
dimwishlist:item=2554513694&perks=1478423395,1783397184,960810156,1720528630
dimwishlist:item=2554513694&perks=1478423395,1783397184,960810156,2396489472
dimwishlist:item=2554513694&perks=1478423395,1783397184,960810156,598607952
dimwishlist:item=2554513694&perks=1478423395,1783397184,960810156,243981275
dimwishlist:item=2554513694&perks=1478423395,1783397184,960810156,984655331
dimwishlist:item=2554513694&perks=1478423395,1783397184,1077019636,2173046394
dimwishlist:item=2554513694&perks=1478423395,1783397184,1077019636,1720528630
dimwishlist:item=2554513694&perks=1478423395,1783397184,1077019636,2396489472
dimwishlist:item=2554513694&perks=1478423395,1783397184,1077019636,598607952
dimwishlist:item=2554513694&perks=1478423395,1783397184,1077019636,243981275
dimwishlist:item=2554513694&perks=1478423395,1783397184,1077019636,984655331
dimwishlist:item=2554513694&perks=373417387,106909392,1421772400,2173046394
dimwishlist:item=2554513694&perks=373417387,106909392,1421772400,1720528630
dimwishlist:item=2554513694&perks=373417387,106909392,1421772400,2396489472
dimwishlist:item=2554513694&perks=373417387,106909392,1421772400,598607952
dimwishlist:item=2554513694&perks=373417387,106909392,1421772400,243981275
dimwishlist:item=2554513694&perks=373417387,106909392,1421772400,984655331
dimwishlist:item=2554513694&perks=373417387,106909392,3291427296,2173046394
dimwishlist:item=2554513694&perks=373417387,106909392,3291427296,1720528630
dimwishlist:item=2554513694&perks=373417387,106909392,3291427296,2396489472
dimwishlist:item=2554513694&perks=373417387,106909392,3291427296,598607952
dimwishlist:item=2554513694&perks=373417387,106909392,3291427296,243981275
dimwishlist:item=2554513694&perks=373417387,106909392,3291427296,984655331
dimwishlist:item=2554513694&perks=373417387,106909392,3993379141,2173046394
dimwishlist:item=2554513694&perks=373417387,106909392,3993379141,1720528630
dimwishlist:item=2554513694&perks=373417387,106909392,3993379141,2396489472
dimwishlist:item=2554513694&perks=373417387,106909392,3993379141,598607952
dimwishlist:item=2554513694&perks=373417387,106909392,3993379141,243981275
dimwishlist:item=2554513694&perks=373417387,106909392,3993379141,984655331
dimwishlist:item=2554513694&perks=373417387,106909392,1164602481,2173046394
dimwishlist:item=2554513694&perks=373417387,106909392,1164602481,1720528630
dimwishlist:item=2554513694&perks=373417387,106909392,1164602481,2396489472
dimwishlist:item=2554513694&perks=373417387,106909392,1164602481,598607952
dimwishlist:item=2554513694&perks=373417387,106909392,1164602481,243981275
dimwishlist:item=2554513694&perks=373417387,106909392,1164602481,984655331
dimwishlist:item=2554513694&perks=373417387,106909392,960810156,2173046394
dimwishlist:item=2554513694&perks=373417387,106909392,960810156,1720528630
dimwishlist:item=2554513694&perks=373417387,106909392,960810156,2396489472
dimwishlist:item=2554513694&perks=373417387,106909392,960810156,598607952
dimwishlist:item=2554513694&perks=373417387,106909392,960810156,243981275
dimwishlist:item=2554513694&perks=373417387,106909392,960810156,984655331
dimwishlist:item=2554513694&perks=373417387,106909392,1077019636,2173046394
dimwishlist:item=2554513694&perks=373417387,106909392,1077019636,1720528630
dimwishlist:item=2554513694&perks=373417387,106909392,1077019636,2396489472
dimwishlist:item=2554513694&perks=373417387,106909392,1077019636,598607952
dimwishlist:item=2554513694&perks=373417387,106909392,1077019636,243981275
dimwishlist:item=2554513694&perks=373417387,106909392,1077019636,984655331
dimwishlist:item=2554513694&perks=373417387,1783397184,1421772400,2173046394
dimwishlist:item=2554513694&perks=373417387,1783397184,1421772400,1720528630
dimwishlist:item=2554513694&perks=373417387,1783397184,1421772400,2396489472
dimwishlist:item=2554513694&perks=373417387,1783397184,1421772400,598607952
dimwishlist:item=2554513694&perks=373417387,1783397184,1421772400,243981275
dimwishlist:item=2554513694&perks=373417387,1783397184,1421772400,984655331
dimwishlist:item=2554513694&perks=373417387,1783397184,3291427296,2173046394
dimwishlist:item=2554513694&perks=373417387,1783397184,3291427296,1720528630
dimwishlist:item=2554513694&perks=373417387,1783397184,3291427296,2396489472
dimwishlist:item=2554513694&perks=373417387,1783397184,3291427296,598607952
dimwishlist:item=2554513694&perks=373417387,1783397184,3291427296,243981275
dimwishlist:item=2554513694&perks=373417387,1783397184,3291427296,984655331
dimwishlist:item=2554513694&perks=373417387,1783397184,3993379141,2173046394
dimwishlist:item=2554513694&perks=373417387,1783397184,3993379141,1720528630
dimwishlist:item=2554513694&perks=373417387,1783397184,3993379141,2396489472
dimwishlist:item=2554513694&perks=373417387,1783397184,3993379141,598607952
dimwishlist:item=2554513694&perks=373417387,1783397184,3993379141,243981275
dimwishlist:item=2554513694&perks=373417387,1783397184,3993379141,984655331
dimwishlist:item=2554513694&perks=373417387,1783397184,1164602481,2173046394
dimwishlist:item=2554513694&perks=373417387,1783397184,1164602481,1720528630
dimwishlist:item=2554513694&perks=373417387,1783397184,1164602481,2396489472
dimwishlist:item=2554513694&perks=373417387,1783397184,1164602481,598607952
dimwishlist:item=2554513694&perks=373417387,1783397184,1164602481,243981275
dimwishlist:item=2554513694&perks=373417387,1783397184,1164602481,984655331
dimwishlist:item=2554513694&perks=373417387,1783397184,960810156,2173046394
dimwishlist:item=2554513694&perks=373417387,1783397184,960810156,1720528630
dimwishlist:item=2554513694&perks=373417387,1783397184,960810156,2396489472
dimwishlist:item=2554513694&perks=373417387,1783397184,960810156,598607952
dimwishlist:item=2554513694&perks=373417387,1783397184,960810156,243981275
dimwishlist:item=2554513694&perks=373417387,1783397184,960810156,984655331
dimwishlist:item=2554513694&perks=373417387,1783397184,1077019636,2173046394
dimwishlist:item=2554513694&perks=373417387,1783397184,1077019636,1720528630
dimwishlist:item=2554513694&perks=373417387,1783397184,1077019636,2396489472
dimwishlist:item=2554513694&perks=373417387,1783397184,1077019636,598607952
dimwishlist:item=2554513694&perks=373417387,1783397184,1077019636,243981275
dimwishlist:item=2554513694&perks=373417387,1783397184,1077019636,984655331


//High Albedo
//notes:Aegis Top Kinetic Rocket Sidearm: S Tier. Best With 'Winterized Gear' Origin Trait. MW: Reload
dimwishlist:item=2662459958&perks=3525010810,106909392,2289534249,3891536761
dimwishlist:item=2662459958&perks=3525010810,106909392,2289534249,1549370717
dimwishlist:item=2662459958&perks=3525010810,106909392,2289534249,1226351311
dimwishlist:item=2662459958&perks=3525010810,106909392,2289534249,3251326479
dimwishlist:item=2662459958&perks=3525010810,106909392,2289534249,1202584452
dimwishlist:item=2662459958&perks=3525010810,106909392,2289534249,2138673996
dimwishlist:item=2662459958&perks=3525010810,106909392,3914874605,3891536761
dimwishlist:item=2662459958&perks=3525010810,106909392,3914874605,1549370717
dimwishlist:item=2662459958&perks=3525010810,106909392,3914874605,1226351311
dimwishlist:item=2662459958&perks=3525010810,106909392,3914874605,3251326479
dimwishlist:item=2662459958&perks=3525010810,106909392,3914874605,1202584452
dimwishlist:item=2662459958&perks=3525010810,106909392,3914874605,2138673996
dimwishlist:item=2662459958&perks=3525010810,106909392,1556840489,3891536761
dimwishlist:item=2662459958&perks=3525010810,106909392,1556840489,1549370717
dimwishlist:item=2662459958&perks=3525010810,106909392,1556840489,1226351311
dimwishlist:item=2662459958&perks=3525010810,106909392,1556840489,3251326479
dimwishlist:item=2662459958&perks=3525010810,106909392,1556840489,1202584452
dimwishlist:item=2662459958&perks=3525010810,106909392,1556840489,2138673996
dimwishlist:item=2662459958&perks=3525010810,106909392,3442762221,3891536761
dimwishlist:item=2662459958&perks=3525010810,106909392,3442762221,1549370717
dimwishlist:item=2662459958&perks=3525010810,106909392,3442762221,1226351311
dimwishlist:item=2662459958&perks=3525010810,106909392,3442762221,3251326479
dimwishlist:item=2662459958&perks=3525010810,106909392,3442762221,1202584452
dimwishlist:item=2662459958&perks=3525010810,106909392,3442762221,2138673996
dimwishlist:item=2662459958&perks=3525010810,106909392,1517798362,3891536761
dimwishlist:item=2662459958&perks=3525010810,106909392,1517798362,1549370717
dimwishlist:item=2662459958&perks=3525010810,106909392,1517798362,1226351311
dimwishlist:item=2662459958&perks=3525010810,106909392,1517798362,3251326479
dimwishlist:item=2662459958&perks=3525010810,106909392,1517798362,1202584452
dimwishlist:item=2662459958&perks=3525010810,106909392,1517798362,2138673996
dimwishlist:item=2662459958&perks=3525010810,106909392,1011551830,3891536761
dimwishlist:item=2662459958&perks=3525010810,106909392,1011551830,1549370717
dimwishlist:item=2662459958&perks=3525010810,106909392,1011551830,1226351311
dimwishlist:item=2662459958&perks=3525010810,106909392,1011551830,3251326479
dimwishlist:item=2662459958&perks=3525010810,106909392,1011551830,1202584452
dimwishlist:item=2662459958&perks=3525010810,106909392,1011551830,2138673996
dimwishlist:item=2662459958&perks=3525010810,1783397184,2289534249,3891536761
dimwishlist:item=2662459958&perks=3525010810,1783397184,2289534249,1549370717
dimwishlist:item=2662459958&perks=3525010810,1783397184,2289534249,1226351311
dimwishlist:item=2662459958&perks=3525010810,1783397184,2289534249,3251326479
dimwishlist:item=2662459958&perks=3525010810,1783397184,2289534249,1202584452
dimwishlist:item=2662459958&perks=3525010810,1783397184,2289534249,2138673996
dimwishlist:item=2662459958&perks=3525010810,1783397184,3914874605,3891536761
dimwishlist:item=2662459958&perks=3525010810,1783397184,3914874605,1549370717
dimwishlist:item=2662459958&perks=3525010810,1783397184,3914874605,1226351311
dimwishlist:item=2662459958&perks=3525010810,1783397184,3914874605,3251326479
dimwishlist:item=2662459958&perks=3525010810,1783397184,3914874605,1202584452
dimwishlist:item=2662459958&perks=3525010810,1783397184,3914874605,2138673996
dimwishlist:item=2662459958&perks=3525010810,1783397184,1556840489,3891536761
dimwishlist:item=2662459958&perks=3525010810,1783397184,1556840489,1549370717
dimwishlist:item=2662459958&perks=3525010810,1783397184,1556840489,1226351311
dimwishlist:item=2662459958&perks=3525010810,1783397184,1556840489,3251326479
dimwishlist:item=2662459958&perks=3525010810,1783397184,1556840489,1202584452
dimwishlist:item=2662459958&perks=3525010810,1783397184,1556840489,2138673996
dimwishlist:item=2662459958&perks=3525010810,1783397184,3442762221,3891536761
dimwishlist:item=2662459958&perks=3525010810,1783397184,3442762221,1549370717
dimwishlist:item=2662459958&perks=3525010810,1783397184,3442762221,1226351311
dimwishlist:item=2662459958&perks=3525010810,1783397184,3442762221,3251326479
dimwishlist:item=2662459958&perks=3525010810,1783397184,3442762221,1202584452
dimwishlist:item=2662459958&perks=3525010810,1783397184,3442762221,2138673996
dimwishlist:item=2662459958&perks=3525010810,1783397184,1517798362,3891536761
dimwishlist:item=2662459958&perks=3525010810,1783397184,1517798362,1549370717
dimwishlist:item=2662459958&perks=3525010810,1783397184,1517798362,1226351311
dimwishlist:item=2662459958&perks=3525010810,1783397184,1517798362,3251326479
dimwishlist:item=2662459958&perks=3525010810,1783397184,1517798362,1202584452
dimwishlist:item=2662459958&perks=3525010810,1783397184,1517798362,2138673996
dimwishlist:item=2662459958&perks=3525010810,1783397184,1011551830,3891536761
dimwishlist:item=2662459958&perks=3525010810,1783397184,1011551830,1549370717
dimwishlist:item=2662459958&perks=3525010810,1783397184,1011551830,1226351311
dimwishlist:item=2662459958&perks=3525010810,1783397184,1011551830,3251326479
dimwishlist:item=2662459958&perks=3525010810,1783397184,1011551830,1202584452
dimwishlist:item=2662459958&perks=3525010810,1783397184,1011551830,2138673996
dimwishlist:item=2662459958&perks=3250572790,106909392,2289534249,3891536761
dimwishlist:item=2662459958&perks=3250572790,106909392,2289534249,1549370717
dimwishlist:item=2662459958&perks=3250572790,106909392,2289534249,1226351311
dimwishlist:item=2662459958&perks=3250572790,106909392,2289534249,3251326479
dimwishlist:item=2662459958&perks=3250572790,106909392,2289534249,1202584452
dimwishlist:item=2662459958&perks=3250572790,106909392,2289534249,2138673996
dimwishlist:item=2662459958&perks=3250572790,106909392,3914874605,3891536761
dimwishlist:item=2662459958&perks=3250572790,106909392,3914874605,1549370717
dimwishlist:item=2662459958&perks=3250572790,106909392,3914874605,1226351311
dimwishlist:item=2662459958&perks=3250572790,106909392,3914874605,3251326479
dimwishlist:item=2662459958&perks=3250572790,106909392,3914874605,1202584452
dimwishlist:item=2662459958&perks=3250572790,106909392,3914874605,2138673996
dimwishlist:item=2662459958&perks=3250572790,106909392,1556840489,3891536761
dimwishlist:item=2662459958&perks=3250572790,106909392,1556840489,1549370717
dimwishlist:item=2662459958&perks=3250572790,106909392,1556840489,1226351311
dimwishlist:item=2662459958&perks=3250572790,106909392,1556840489,3251326479
dimwishlist:item=2662459958&perks=3250572790,106909392,1556840489,1202584452
dimwishlist:item=2662459958&perks=3250572790,106909392,1556840489,2138673996
dimwishlist:item=2662459958&perks=3250572790,106909392,3442762221,3891536761
dimwishlist:item=2662459958&perks=3250572790,106909392,3442762221,1549370717
dimwishlist:item=2662459958&perks=3250572790,106909392,3442762221,1226351311
dimwishlist:item=2662459958&perks=3250572790,106909392,3442762221,3251326479
dimwishlist:item=2662459958&perks=3250572790,106909392,3442762221,1202584452
dimwishlist:item=2662459958&perks=3250572790,106909392,3442762221,2138673996
dimwishlist:item=2662459958&perks=3250572790,106909392,1517798362,3891536761
dimwishlist:item=2662459958&perks=3250572790,106909392,1517798362,1549370717
dimwishlist:item=2662459958&perks=3250572790,106909392,1517798362,1226351311
dimwishlist:item=2662459958&perks=3250572790,106909392,1517798362,3251326479
dimwishlist:item=2662459958&perks=3250572790,106909392,1517798362,1202584452
dimwishlist:item=2662459958&perks=3250572790,106909392,1517798362,2138673996
dimwishlist:item=2662459958&perks=3250572790,106909392,1011551830,3891536761
dimwishlist:item=2662459958&perks=3250572790,106909392,1011551830,1549370717
dimwishlist:item=2662459958&perks=3250572790,106909392,1011551830,1226351311
dimwishlist:item=2662459958&perks=3250572790,106909392,1011551830,3251326479
dimwishlist:item=2662459958&perks=3250572790,106909392,1011551830,1202584452
dimwishlist:item=2662459958&perks=3250572790,106909392,1011551830,2138673996
dimwishlist:item=2662459958&perks=3250572790,1783397184,2289534249,3891536761
dimwishlist:item=2662459958&perks=3250572790,1783397184,2289534249,1549370717
dimwishlist:item=2662459958&perks=3250572790,1783397184,2289534249,1226351311
dimwishlist:item=2662459958&perks=3250572790,1783397184,2289534249,3251326479
dimwishlist:item=2662459958&perks=3250572790,1783397184,2289534249,1202584452
dimwishlist:item=2662459958&perks=3250572790,1783397184,2289534249,2138673996
dimwishlist:item=2662459958&perks=3250572790,1783397184,3914874605,3891536761
dimwishlist:item=2662459958&perks=3250572790,1783397184,3914874605,1549370717
dimwishlist:item=2662459958&perks=3250572790,1783397184,3914874605,1226351311
dimwishlist:item=2662459958&perks=3250572790,1783397184,3914874605,3251326479
dimwishlist:item=2662459958&perks=3250572790,1783397184,3914874605,1202584452
dimwishlist:item=2662459958&perks=3250572790,1783397184,3914874605,2138673996
dimwishlist:item=2662459958&perks=3250572790,1783397184,1556840489,3891536761
dimwishlist:item=2662459958&perks=3250572790,1783397184,1556840489,1549370717
dimwishlist:item=2662459958&perks=3250572790,1783397184,1556840489,1226351311
dimwishlist:item=2662459958&perks=3250572790,1783397184,1556840489,3251326479
dimwishlist:item=2662459958&perks=3250572790,1783397184,1556840489,1202584452
dimwishlist:item=2662459958&perks=3250572790,1783397184,1556840489,2138673996
dimwishlist:item=2662459958&perks=3250572790,1783397184,3442762221,3891536761
dimwishlist:item=2662459958&perks=3250572790,1783397184,3442762221,1549370717
dimwishlist:item=2662459958&perks=3250572790,1783397184,3442762221,1226351311
dimwishlist:item=2662459958&perks=3250572790,1783397184,3442762221,3251326479
dimwishlist:item=2662459958&perks=3250572790,1783397184,3442762221,1202584452
dimwishlist:item=2662459958&perks=3250572790,1783397184,3442762221,2138673996
dimwishlist:item=2662459958&perks=3250572790,1783397184,1517798362,3891536761
dimwishlist:item=2662459958&perks=3250572790,1783397184,1517798362,1549370717
dimwishlist:item=2662459958&perks=3250572790,1783397184,1517798362,1226351311
dimwishlist:item=2662459958&perks=3250572790,1783397184,1517798362,3251326479
dimwishlist:item=2662459958&perks=3250572790,1783397184,1517798362,1202584452
dimwishlist:item=2662459958&perks=3250572790,1783397184,1517798362,2138673996
dimwishlist:item=2662459958&perks=3250572790,1783397184,1011551830,3891536761
dimwishlist:item=2662459958&perks=3250572790,1783397184,1011551830,1549370717
dimwishlist:item=2662459958&perks=3250572790,1783397184,1011551830,1226351311
dimwishlist:item=2662459958&perks=3250572790,1783397184,1011551830,3251326479
dimwishlist:item=2662459958&perks=3250572790,1783397184,1011551830,1202584452
dimwishlist:item=2662459958&perks=3250572790,1783397184,1011551830,2138673996
dimwishlist:item=2662459958&perks=1478423395,106909392,2289534249,3891536761
dimwishlist:item=2662459958&perks=1478423395,106909392,2289534249,1549370717
dimwishlist:item=2662459958&perks=1478423395,106909392,2289534249,1226351311
dimwishlist:item=2662459958&perks=1478423395,106909392,2289534249,3251326479
dimwishlist:item=2662459958&perks=1478423395,106909392,2289534249,1202584452
dimwishlist:item=2662459958&perks=1478423395,106909392,2289534249,2138673996
dimwishlist:item=2662459958&perks=1478423395,106909392,3914874605,3891536761
dimwishlist:item=2662459958&perks=1478423395,106909392,3914874605,1549370717
dimwishlist:item=2662459958&perks=1478423395,106909392,3914874605,1226351311
dimwishlist:item=2662459958&perks=1478423395,106909392,3914874605,3251326479
dimwishlist:item=2662459958&perks=1478423395,106909392,3914874605,1202584452
dimwishlist:item=2662459958&perks=1478423395,106909392,3914874605,2138673996
dimwishlist:item=2662459958&perks=1478423395,106909392,1556840489,3891536761
dimwishlist:item=2662459958&perks=1478423395,106909392,1556840489,1549370717
dimwishlist:item=2662459958&perks=1478423395,106909392,1556840489,1226351311
dimwishlist:item=2662459958&perks=1478423395,106909392,1556840489,3251326479
dimwishlist:item=2662459958&perks=1478423395,106909392,1556840489,1202584452
dimwishlist:item=2662459958&perks=1478423395,106909392,1556840489,2138673996
dimwishlist:item=2662459958&perks=1478423395,106909392,3442762221,3891536761
dimwishlist:item=2662459958&perks=1478423395,106909392,3442762221,1549370717
dimwishlist:item=2662459958&perks=1478423395,106909392,3442762221,1226351311
dimwishlist:item=2662459958&perks=1478423395,106909392,3442762221,3251326479
dimwishlist:item=2662459958&perks=1478423395,106909392,3442762221,1202584452
dimwishlist:item=2662459958&perks=1478423395,106909392,3442762221,2138673996
dimwishlist:item=2662459958&perks=1478423395,106909392,1517798362,3891536761
dimwishlist:item=2662459958&perks=1478423395,106909392,1517798362,1549370717
dimwishlist:item=2662459958&perks=1478423395,106909392,1517798362,1226351311
dimwishlist:item=2662459958&perks=1478423395,106909392,1517798362,3251326479
dimwishlist:item=2662459958&perks=1478423395,106909392,1517798362,1202584452
dimwishlist:item=2662459958&perks=1478423395,106909392,1517798362,2138673996
dimwishlist:item=2662459958&perks=1478423395,106909392,1011551830,3891536761
dimwishlist:item=2662459958&perks=1478423395,106909392,1011551830,1549370717
dimwishlist:item=2662459958&perks=1478423395,106909392,1011551830,1226351311
dimwishlist:item=2662459958&perks=1478423395,106909392,1011551830,3251326479
dimwishlist:item=2662459958&perks=1478423395,106909392,1011551830,1202584452
dimwishlist:item=2662459958&perks=1478423395,106909392,1011551830,2138673996
dimwishlist:item=2662459958&perks=1478423395,1783397184,2289534249,3891536761
dimwishlist:item=2662459958&perks=1478423395,1783397184,2289534249,1549370717
dimwishlist:item=2662459958&perks=1478423395,1783397184,2289534249,1226351311
dimwishlist:item=2662459958&perks=1478423395,1783397184,2289534249,3251326479
dimwishlist:item=2662459958&perks=1478423395,1783397184,2289534249,1202584452
dimwishlist:item=2662459958&perks=1478423395,1783397184,2289534249,2138673996
dimwishlist:item=2662459958&perks=1478423395,1783397184,3914874605,3891536761
dimwishlist:item=2662459958&perks=1478423395,1783397184,3914874605,1549370717
dimwishlist:item=2662459958&perks=1478423395,1783397184,3914874605,1226351311
dimwishlist:item=2662459958&perks=1478423395,1783397184,3914874605,3251326479
dimwishlist:item=2662459958&perks=1478423395,1783397184,3914874605,1202584452
dimwishlist:item=2662459958&perks=1478423395,1783397184,3914874605,2138673996
dimwishlist:item=2662459958&perks=1478423395,1783397184,1556840489,3891536761
dimwishlist:item=2662459958&perks=1478423395,1783397184,1556840489,1549370717
dimwishlist:item=2662459958&perks=1478423395,1783397184,1556840489,1226351311
dimwishlist:item=2662459958&perks=1478423395,1783397184,1556840489,3251326479
dimwishlist:item=2662459958&perks=1478423395,1783397184,1556840489,1202584452
dimwishlist:item=2662459958&perks=1478423395,1783397184,1556840489,2138673996
dimwishlist:item=2662459958&perks=1478423395,1783397184,3442762221,3891536761
dimwishlist:item=2662459958&perks=1478423395,1783397184,3442762221,1549370717
dimwishlist:item=2662459958&perks=1478423395,1783397184,3442762221,1226351311
dimwishlist:item=2662459958&perks=1478423395,1783397184,3442762221,3251326479
dimwishlist:item=2662459958&perks=1478423395,1783397184,3442762221,1202584452
dimwishlist:item=2662459958&perks=1478423395,1783397184,3442762221,2138673996
dimwishlist:item=2662459958&perks=1478423395,1783397184,1517798362,3891536761
dimwishlist:item=2662459958&perks=1478423395,1783397184,1517798362,1549370717
dimwishlist:item=2662459958&perks=1478423395,1783397184,1517798362,1226351311
dimwishlist:item=2662459958&perks=1478423395,1783397184,1517798362,3251326479
dimwishlist:item=2662459958&perks=1478423395,1783397184,1517798362,1202584452
dimwishlist:item=2662459958&perks=1478423395,1783397184,1517798362,2138673996
dimwishlist:item=2662459958&perks=1478423395,1783397184,1011551830,3891536761
dimwishlist:item=2662459958&perks=1478423395,1783397184,1011551830,1549370717
dimwishlist:item=2662459958&perks=1478423395,1783397184,1011551830,1226351311
dimwishlist:item=2662459958&perks=1478423395,1783397184,1011551830,3251326479
dimwishlist:item=2662459958&perks=1478423395,1783397184,1011551830,1202584452
dimwishlist:item=2662459958&perks=1478423395,1783397184,1011551830,2138673996
dimwishlist:item=2662459958&perks=373417387,106909392,2289534249,3891536761
dimwishlist:item=2662459958&perks=373417387,106909392,2289534249,1549370717
dimwishlist:item=2662459958&perks=373417387,106909392,2289534249,1226351311
dimwishlist:item=2662459958&perks=373417387,106909392,2289534249,3251326479
dimwishlist:item=2662459958&perks=373417387,106909392,2289534249,1202584452
dimwishlist:item=2662459958&perks=373417387,106909392,2289534249,2138673996
dimwishlist:item=2662459958&perks=373417387,106909392,3914874605,3891536761
dimwishlist:item=2662459958&perks=373417387,106909392,3914874605,1549370717
dimwishlist:item=2662459958&perks=373417387,106909392,3914874605,1226351311
dimwishlist:item=2662459958&perks=373417387,106909392,3914874605,3251326479
dimwishlist:item=2662459958&perks=373417387,106909392,3914874605,1202584452
dimwishlist:item=2662459958&perks=373417387,106909392,3914874605,2138673996
dimwishlist:item=2662459958&perks=373417387,106909392,1556840489,3891536761
dimwishlist:item=2662459958&perks=373417387,106909392,1556840489,1549370717
dimwishlist:item=2662459958&perks=373417387,106909392,1556840489,1226351311
dimwishlist:item=2662459958&perks=373417387,106909392,1556840489,3251326479
dimwishlist:item=2662459958&perks=373417387,106909392,1556840489,1202584452
dimwishlist:item=2662459958&perks=373417387,106909392,1556840489,2138673996
dimwishlist:item=2662459958&perks=373417387,106909392,3442762221,3891536761
dimwishlist:item=2662459958&perks=373417387,106909392,3442762221,1549370717
dimwishlist:item=2662459958&perks=373417387,106909392,3442762221,1226351311
dimwishlist:item=2662459958&perks=373417387,106909392,3442762221,3251326479
dimwishlist:item=2662459958&perks=373417387,106909392,3442762221,1202584452
dimwishlist:item=2662459958&perks=373417387,106909392,3442762221,2138673996
dimwishlist:item=2662459958&perks=373417387,106909392,1517798362,3891536761
dimwishlist:item=2662459958&perks=373417387,106909392,1517798362,1549370717
dimwishlist:item=2662459958&perks=373417387,106909392,1517798362,1226351311
dimwishlist:item=2662459958&perks=373417387,106909392,1517798362,3251326479
dimwishlist:item=2662459958&perks=373417387,106909392,1517798362,1202584452
dimwishlist:item=2662459958&perks=373417387,106909392,1517798362,2138673996
dimwishlist:item=2662459958&perks=373417387,106909392,1011551830,3891536761
dimwishlist:item=2662459958&perks=373417387,106909392,1011551830,1549370717
dimwishlist:item=2662459958&perks=373417387,106909392,1011551830,1226351311
dimwishlist:item=2662459958&perks=373417387,106909392,1011551830,3251326479
dimwishlist:item=2662459958&perks=373417387,106909392,1011551830,1202584452
dimwishlist:item=2662459958&perks=373417387,106909392,1011551830,2138673996
dimwishlist:item=2662459958&perks=373417387,1783397184,2289534249,3891536761
dimwishlist:item=2662459958&perks=373417387,1783397184,2289534249,1549370717
dimwishlist:item=2662459958&perks=373417387,1783397184,2289534249,1226351311
dimwishlist:item=2662459958&perks=373417387,1783397184,2289534249,3251326479
dimwishlist:item=2662459958&perks=373417387,1783397184,2289534249,1202584452
dimwishlist:item=2662459958&perks=373417387,1783397184,2289534249,2138673996
dimwishlist:item=2662459958&perks=373417387,1783397184,3914874605,3891536761
dimwishlist:item=2662459958&perks=373417387,1783397184,3914874605,1549370717
dimwishlist:item=2662459958&perks=373417387,1783397184,3914874605,1226351311
dimwishlist:item=2662459958&perks=373417387,1783397184,3914874605,3251326479
dimwishlist:item=2662459958&perks=373417387,1783397184,3914874605,1202584452
dimwishlist:item=2662459958&perks=373417387,1783397184,3914874605,2138673996
dimwishlist:item=2662459958&perks=373417387,1783397184,1556840489,3891536761
dimwishlist:item=2662459958&perks=373417387,1783397184,1556840489,1549370717
dimwishlist:item=2662459958&perks=373417387,1783397184,1556840489,1226351311
dimwishlist:item=2662459958&perks=373417387,1783397184,1556840489,3251326479
dimwishlist:item=2662459958&perks=373417387,1783397184,1556840489,1202584452
dimwishlist:item=2662459958&perks=373417387,1783397184,1556840489,2138673996
dimwishlist:item=2662459958&perks=373417387,1783397184,3442762221,3891536761
dimwishlist:item=2662459958&perks=373417387,1783397184,3442762221,1549370717
dimwishlist:item=2662459958&perks=373417387,1783397184,3442762221,1226351311
dimwishlist:item=2662459958&perks=373417387,1783397184,3442762221,3251326479
dimwishlist:item=2662459958&perks=373417387,1783397184,3442762221,1202584452
dimwishlist:item=2662459958&perks=373417387,1783397184,3442762221,2138673996
dimwishlist:item=2662459958&perks=373417387,1783397184,1517798362,3891536761
dimwishlist:item=2662459958&perks=373417387,1783397184,1517798362,1549370717
dimwishlist:item=2662459958&perks=373417387,1783397184,1517798362,1226351311
dimwishlist:item=2662459958&perks=373417387,1783397184,1517798362,3251326479
dimwishlist:item=2662459958&perks=373417387,1783397184,1517798362,1202584452
dimwishlist:item=2662459958&perks=373417387,1783397184,1517798362,2138673996
dimwishlist:item=2662459958&perks=373417387,1783397184,1011551830,3891536761
dimwishlist:item=2662459958&perks=373417387,1783397184,1011551830,1549370717
dimwishlist:item=2662459958&perks=373417387,1783397184,1011551830,1226351311
dimwishlist:item=2662459958&perks=373417387,1783397184,1011551830,3251326479
dimwishlist:item=2662459958&perks=373417387,1783397184,1011551830,1202584452
dimwishlist:item=2662459958&perks=373417387,1783397184,1011551830,2138673996


//Glacioclasm
//notes:Aegis Top Void Fusion: S Tier. Best With 'Dawning Surprise' Origin Trait. MW: Charge Time
dimwishlist:item=2728851518&perks=1840239774,689005463,3643424744,2594592626
dimwishlist:item=2728851518&perks=1840239774,689005463,3643424744,2037312142
dimwishlist:item=2728851518&perks=1840239774,689005463,2682205016,2594592626
dimwishlist:item=2728851518&perks=1840239774,689005463,2682205016,2037312142
dimwishlist:item=2728851518&perks=1840239774,1279785143,3643424744,2594592626
dimwishlist:item=2728851518&perks=1840239774,1279785143,3643424744,2037312142
dimwishlist:item=2728851518&perks=1840239774,1279785143,2682205016,2594592626
dimwishlist:item=2728851518&perks=1840239774,1279785143,2682205016,2037312142
dimwishlist:item=2728851518&perks=1124871858,689005463,3643424744,2594592626
dimwishlist:item=2728851518&perks=1124871858,689005463,3643424744,2037312142
dimwishlist:item=2728851518&perks=1124871858,689005463,2682205016,2594592626
dimwishlist:item=2728851518&perks=1124871858,689005463,2682205016,2037312142
dimwishlist:item=2728851518&perks=1124871858,1279785143,3643424744,2594592626
dimwishlist:item=2728851518&perks=1124871858,1279785143,3643424744,2037312142
dimwishlist:item=2728851518&perks=1124871858,1279785143,2682205016,2594592626
dimwishlist:item=2728851518&perks=1124871858,1279785143,2682205016,2037312142
dimwishlist:item=2728851518&perks=839105230,689005463,3643424744,2594592626
dimwishlist:item=2728851518&perks=839105230,689005463,3643424744,2037312142
dimwishlist:item=2728851518&perks=839105230,689005463,2682205016,2594592626
dimwishlist:item=2728851518&perks=839105230,689005463,2682205016,2037312142
dimwishlist:item=2728851518&perks=839105230,1279785143,3643424744,2594592626
dimwishlist:item=2728851518&perks=839105230,1279785143,3643424744,2037312142
dimwishlist:item=2728851518&perks=839105230,1279785143,2682205016,2594592626
dimwishlist:item=2728851518&perks=839105230,1279785143,2682205016,2037312142
dimwishlist:item=2728851518&perks=3048246338,689005463,3643424744,2594592626
dimwishlist:item=2728851518&perks=3048246338,689005463,3643424744,2037312142
dimwishlist:item=2728851518&perks=3048246338,689005463,2682205016,2594592626
dimwishlist:item=2728851518&perks=3048246338,689005463,2682205016,2037312142
dimwishlist:item=2728851518&perks=3048246338,1279785143,3643424744,2594592626
dimwishlist:item=2728851518&perks=3048246338,1279785143,3643424744,2037312142
dimwishlist:item=2728851518&perks=3048246338,1279785143,2682205016,2594592626
dimwishlist:item=2728851518&perks=3048246338,1279785143,2682205016,2037312142
dimwishlist:item=1183116657&perks=1840239774,689005463,3643424744,2594592626
dimwishlist:item=1183116657&perks=1840239774,689005463,3643424744,2037312142
dimwishlist:item=1183116657&perks=1840239774,689005463,3643424744,1134488199
dimwishlist:item=1183116657&perks=1840239774,689005463,3643424744,2904194311
dimwishlist:item=1183116657&perks=1840239774,689005463,2682205016,2594592626
dimwishlist:item=1183116657&perks=1840239774,689005463,2682205016,2037312142
dimwishlist:item=1183116657&perks=1840239774,689005463,2682205016,1134488199
dimwishlist:item=1183116657&perks=1840239774,689005463,2682205016,2904194311
dimwishlist:item=1183116657&perks=1840239774,1279785143,3643424744,2594592626
dimwishlist:item=1183116657&perks=1840239774,1279785143,3643424744,2037312142
dimwishlist:item=1183116657&perks=1840239774,1279785143,3643424744,1134488199
dimwishlist:item=1183116657&perks=1840239774,1279785143,3643424744,2904194311
dimwishlist:item=1183116657&perks=1840239774,1279785143,2682205016,2594592626
dimwishlist:item=1183116657&perks=1840239774,1279785143,2682205016,2037312142
dimwishlist:item=1183116657&perks=1840239774,1279785143,2682205016,1134488199
dimwishlist:item=1183116657&perks=1840239774,1279785143,2682205016,2904194311
dimwishlist:item=1183116657&perks=1124871858,689005463,3643424744,2594592626
dimwishlist:item=1183116657&perks=1124871858,689005463,3643424744,2037312142
dimwishlist:item=1183116657&perks=1124871858,689005463,3643424744,1134488199
dimwishlist:item=1183116657&perks=1124871858,689005463,3643424744,2904194311
dimwishlist:item=1183116657&perks=1124871858,689005463,2682205016,2594592626
dimwishlist:item=1183116657&perks=1124871858,689005463,2682205016,2037312142
dimwishlist:item=1183116657&perks=1124871858,689005463,2682205016,1134488199
dimwishlist:item=1183116657&perks=1124871858,689005463,2682205016,2904194311
dimwishlist:item=1183116657&perks=1124871858,1279785143,3643424744,2594592626
dimwishlist:item=1183116657&perks=1124871858,1279785143,3643424744,2037312142
dimwishlist:item=1183116657&perks=1124871858,1279785143,3643424744,1134488199
dimwishlist:item=1183116657&perks=1124871858,1279785143,3643424744,2904194311
dimwishlist:item=1183116657&perks=1124871858,1279785143,2682205016,2594592626
dimwishlist:item=1183116657&perks=1124871858,1279785143,2682205016,2037312142
dimwishlist:item=1183116657&perks=1124871858,1279785143,2682205016,1134488199
dimwishlist:item=1183116657&perks=1124871858,1279785143,2682205016,2904194311
dimwishlist:item=1183116657&perks=839105230,689005463,3643424744,2594592626
dimwishlist:item=1183116657&perks=839105230,689005463,3643424744,2037312142
dimwishlist:item=1183116657&perks=839105230,689005463,3643424744,1134488199
dimwishlist:item=1183116657&perks=839105230,689005463,3643424744,2904194311
dimwishlist:item=1183116657&perks=839105230,689005463,2682205016,2594592626
dimwishlist:item=1183116657&perks=839105230,689005463,2682205016,2037312142
dimwishlist:item=1183116657&perks=839105230,689005463,2682205016,1134488199
dimwishlist:item=1183116657&perks=839105230,689005463,2682205016,2904194311
dimwishlist:item=1183116657&perks=839105230,1279785143,3643424744,2594592626
dimwishlist:item=1183116657&perks=839105230,1279785143,3643424744,2037312142
dimwishlist:item=1183116657&perks=839105230,1279785143,3643424744,1134488199
dimwishlist:item=1183116657&perks=839105230,1279785143,3643424744,2904194311
dimwishlist:item=1183116657&perks=839105230,1279785143,2682205016,2594592626
dimwishlist:item=1183116657&perks=839105230,1279785143,2682205016,2037312142
dimwishlist:item=1183116657&perks=839105230,1279785143,2682205016,1134488199
dimwishlist:item=1183116657&perks=839105230,1279785143,2682205016,2904194311
dimwishlist:item=1183116657&perks=3048246338,689005463,3643424744,2594592626
dimwishlist:item=1183116657&perks=3048246338,689005463,3643424744,2037312142
dimwishlist:item=1183116657&perks=3048246338,689005463,3643424744,1134488199
dimwishlist:item=1183116657&perks=3048246338,689005463,3643424744,2904194311
dimwishlist:item=1183116657&perks=3048246338,689005463,2682205016,2594592626
dimwishlist:item=1183116657&perks=3048246338,689005463,2682205016,2037312142
dimwishlist:item=1183116657&perks=3048246338,689005463,2682205016,1134488199
dimwishlist:item=1183116657&perks=3048246338,689005463,2682205016,2904194311
dimwishlist:item=1183116657&perks=3048246338,1279785143,3643424744,2594592626
dimwishlist:item=1183116657&perks=3048246338,1279785143,3643424744,2037312142
dimwishlist:item=1183116657&perks=3048246338,1279785143,3643424744,1134488199
dimwishlist:item=1183116657&perks=3048246338,1279785143,3643424744,2904194311
dimwishlist:item=1183116657&perks=3048246338,1279785143,2682205016,2594592626
dimwishlist:item=1183116657&perks=3048246338,1279785143,2682205016,2037312142
dimwishlist:item=1183116657&perks=3048246338,1279785143,2682205016,1134488199
dimwishlist:item=1183116657&perks=3048246338,1279785143,2682205016,2904194311


//Gizmo Weft
//notes:Aegis Top Strand BGL: S Tier. Best With 'Häkke Breach Armaments' Origin Trait. MW: Reload or Handling
dimwishlist:item=4069880346&perks=3525010810,2822142346,1421772400,1439600632
dimwishlist:item=4069880346&perks=3525010810,2822142346,1421772400,2282937672
dimwishlist:item=4069880346&perks=3525010810,2822142346,1421772400,3764420437
dimwishlist:item=4069880346&perks=3525010810,2822142346,1421772400,3192447905
dimwishlist:item=4069880346&perks=3525010810,2822142346,1421772400,2396489472
dimwishlist:item=4069880346&perks=3525010810,2822142346,1421772400,598607952
dimwishlist:item=4069880346&perks=3525010810,2822142346,3291427296,1439600632
dimwishlist:item=4069880346&perks=3525010810,2822142346,3291427296,2282937672
dimwishlist:item=4069880346&perks=3525010810,2822142346,3291427296,3764420437
dimwishlist:item=4069880346&perks=3525010810,2822142346,3291427296,3192447905
dimwishlist:item=4069880346&perks=3525010810,2822142346,3291427296,2396489472
dimwishlist:item=4069880346&perks=3525010810,2822142346,3291427296,598607952
dimwishlist:item=4069880346&perks=3525010810,2822142346,3987942396,1439600632
dimwishlist:item=4069880346&perks=3525010810,2822142346,3987942396,2282937672
dimwishlist:item=4069880346&perks=3525010810,2822142346,3987942396,3764420437
dimwishlist:item=4069880346&perks=3525010810,2822142346,3987942396,3192447905
dimwishlist:item=4069880346&perks=3525010810,2822142346,3987942396,2396489472
dimwishlist:item=4069880346&perks=3525010810,2822142346,3987942396,598607952
dimwishlist:item=4069880346&perks=3525010810,2822142346,2817499044,1439600632
dimwishlist:item=4069880346&perks=3525010810,2822142346,2817499044,2282937672
dimwishlist:item=4069880346&perks=3525010810,2822142346,2817499044,3764420437
dimwishlist:item=4069880346&perks=3525010810,2822142346,2817499044,3192447905
dimwishlist:item=4069880346&perks=3525010810,2822142346,2817499044,2396489472
dimwishlist:item=4069880346&perks=3525010810,2822142346,2817499044,598607952
dimwishlist:item=4069880346&perks=3525010810,2822142346,923806249,1439600632
dimwishlist:item=4069880346&perks=3525010810,2822142346,923806249,2282937672
dimwishlist:item=4069880346&perks=3525010810,2822142346,923806249,3764420437
dimwishlist:item=4069880346&perks=3525010810,2822142346,923806249,3192447905
dimwishlist:item=4069880346&perks=3525010810,2822142346,923806249,2396489472
dimwishlist:item=4069880346&perks=3525010810,2822142346,923806249,598607952
dimwishlist:item=4069880346&perks=3525010810,2822142346,3422796781,1439600632
dimwishlist:item=4069880346&perks=3525010810,2822142346,3422796781,2282937672
dimwishlist:item=4069880346&perks=3525010810,2822142346,3422796781,3764420437
dimwishlist:item=4069880346&perks=3525010810,2822142346,3422796781,3192447905
dimwishlist:item=4069880346&perks=3525010810,2822142346,3422796781,2396489472
dimwishlist:item=4069880346&perks=3525010810,2822142346,3422796781,598607952
dimwishlist:item=4069880346&perks=3525010810,2108812838,1421772400,1439600632
dimwishlist:item=4069880346&perks=3525010810,2108812838,1421772400,2282937672
dimwishlist:item=4069880346&perks=3525010810,2108812838,1421772400,3764420437
dimwishlist:item=4069880346&perks=3525010810,2108812838,1421772400,3192447905
dimwishlist:item=4069880346&perks=3525010810,2108812838,1421772400,2396489472
dimwishlist:item=4069880346&perks=3525010810,2108812838,1421772400,598607952
dimwishlist:item=4069880346&perks=3525010810,2108812838,3291427296,1439600632
dimwishlist:item=4069880346&perks=3525010810,2108812838,3291427296,2282937672
dimwishlist:item=4069880346&perks=3525010810,2108812838,3291427296,3764420437
dimwishlist:item=4069880346&perks=3525010810,2108812838,3291427296,3192447905
dimwishlist:item=4069880346&perks=3525010810,2108812838,3291427296,2396489472
dimwishlist:item=4069880346&perks=3525010810,2108812838,3291427296,598607952
dimwishlist:item=4069880346&perks=3525010810,2108812838,3987942396,1439600632
dimwishlist:item=4069880346&perks=3525010810,2108812838,3987942396,2282937672
dimwishlist:item=4069880346&perks=3525010810,2108812838,3987942396,3764420437
dimwishlist:item=4069880346&perks=3525010810,2108812838,3987942396,3192447905
dimwishlist:item=4069880346&perks=3525010810,2108812838,3987942396,2396489472
dimwishlist:item=4069880346&perks=3525010810,2108812838,3987942396,598607952
dimwishlist:item=4069880346&perks=3525010810,2108812838,2817499044,1439600632
dimwishlist:item=4069880346&perks=3525010810,2108812838,2817499044,2282937672
dimwishlist:item=4069880346&perks=3525010810,2108812838,2817499044,3764420437
dimwishlist:item=4069880346&perks=3525010810,2108812838,2817499044,3192447905
dimwishlist:item=4069880346&perks=3525010810,2108812838,2817499044,2396489472
dimwishlist:item=4069880346&perks=3525010810,2108812838,2817499044,598607952
dimwishlist:item=4069880346&perks=3525010810,2108812838,923806249,1439600632
dimwishlist:item=4069880346&perks=3525010810,2108812838,923806249,2282937672
dimwishlist:item=4069880346&perks=3525010810,2108812838,923806249,3764420437
dimwishlist:item=4069880346&perks=3525010810,2108812838,923806249,3192447905
dimwishlist:item=4069880346&perks=3525010810,2108812838,923806249,2396489472
dimwishlist:item=4069880346&perks=3525010810,2108812838,923806249,598607952
dimwishlist:item=4069880346&perks=3525010810,2108812838,3422796781,1439600632
dimwishlist:item=4069880346&perks=3525010810,2108812838,3422796781,2282937672
dimwishlist:item=4069880346&perks=3525010810,2108812838,3422796781,3764420437
dimwishlist:item=4069880346&perks=3525010810,2108812838,3422796781,3192447905
dimwishlist:item=4069880346&perks=3525010810,2108812838,3422796781,2396489472
dimwishlist:item=4069880346&perks=3525010810,2108812838,3422796781,598607952
dimwishlist:item=4069880346&perks=3525010810,3301904089,1421772400,1439600632
dimwishlist:item=4069880346&perks=3525010810,3301904089,1421772400,2282937672
dimwishlist:item=4069880346&perks=3525010810,3301904089,1421772400,3764420437
dimwishlist:item=4069880346&perks=3525010810,3301904089,1421772400,3192447905
dimwishlist:item=4069880346&perks=3525010810,3301904089,1421772400,2396489472
dimwishlist:item=4069880346&perks=3525010810,3301904089,1421772400,598607952
dimwishlist:item=4069880346&perks=3525010810,3301904089,3291427296,1439600632
dimwishlist:item=4069880346&perks=3525010810,3301904089,3291427296,2282937672
dimwishlist:item=4069880346&perks=3525010810,3301904089,3291427296,3764420437
dimwishlist:item=4069880346&perks=3525010810,3301904089,3291427296,3192447905
dimwishlist:item=4069880346&perks=3525010810,3301904089,3291427296,2396489472
dimwishlist:item=4069880346&perks=3525010810,3301904089,3291427296,598607952
dimwishlist:item=4069880346&perks=3525010810,3301904089,3987942396,1439600632
dimwishlist:item=4069880346&perks=3525010810,3301904089,3987942396,2282937672
dimwishlist:item=4069880346&perks=3525010810,3301904089,3987942396,3764420437
dimwishlist:item=4069880346&perks=3525010810,3301904089,3987942396,3192447905
dimwishlist:item=4069880346&perks=3525010810,3301904089,3987942396,2396489472
dimwishlist:item=4069880346&perks=3525010810,3301904089,3987942396,598607952
dimwishlist:item=4069880346&perks=3525010810,3301904089,2817499044,1439600632
dimwishlist:item=4069880346&perks=3525010810,3301904089,2817499044,2282937672
dimwishlist:item=4069880346&perks=3525010810,3301904089,2817499044,3764420437
dimwishlist:item=4069880346&perks=3525010810,3301904089,2817499044,3192447905
dimwishlist:item=4069880346&perks=3525010810,3301904089,2817499044,2396489472
dimwishlist:item=4069880346&perks=3525010810,3301904089,2817499044,598607952
dimwishlist:item=4069880346&perks=3525010810,3301904089,923806249,1439600632
dimwishlist:item=4069880346&perks=3525010810,3301904089,923806249,2282937672
dimwishlist:item=4069880346&perks=3525010810,3301904089,923806249,3764420437
dimwishlist:item=4069880346&perks=3525010810,3301904089,923806249,3192447905
dimwishlist:item=4069880346&perks=3525010810,3301904089,923806249,2396489472
dimwishlist:item=4069880346&perks=3525010810,3301904089,923806249,598607952
dimwishlist:item=4069880346&perks=3525010810,3301904089,3422796781,1439600632
dimwishlist:item=4069880346&perks=3525010810,3301904089,3422796781,2282937672
dimwishlist:item=4069880346&perks=3525010810,3301904089,3422796781,3764420437
dimwishlist:item=4069880346&perks=3525010810,3301904089,3422796781,3192447905
dimwishlist:item=4069880346&perks=3525010810,3301904089,3422796781,2396489472
dimwishlist:item=4069880346&perks=3525010810,3301904089,3422796781,598607952
dimwishlist:item=4069880346&perks=3525010810,409713597,1421772400,1439600632
dimwishlist:item=4069880346&perks=3525010810,409713597,1421772400,2282937672
dimwishlist:item=4069880346&perks=3525010810,409713597,1421772400,3764420437
dimwishlist:item=4069880346&perks=3525010810,409713597,1421772400,3192447905
dimwishlist:item=4069880346&perks=3525010810,409713597,1421772400,2396489472
dimwishlist:item=4069880346&perks=3525010810,409713597,1421772400,598607952
dimwishlist:item=4069880346&perks=3525010810,409713597,3291427296,1439600632
dimwishlist:item=4069880346&perks=3525010810,409713597,3291427296,2282937672
dimwishlist:item=4069880346&perks=3525010810,409713597,3291427296,3764420437
dimwishlist:item=4069880346&perks=3525010810,409713597,3291427296,3192447905
dimwishlist:item=4069880346&perks=3525010810,409713597,3291427296,2396489472
dimwishlist:item=4069880346&perks=3525010810,409713597,3291427296,598607952
dimwishlist:item=4069880346&perks=3525010810,409713597,3987942396,1439600632
dimwishlist:item=4069880346&perks=3525010810,409713597,3987942396,2282937672
dimwishlist:item=4069880346&perks=3525010810,409713597,3987942396,3764420437
dimwishlist:item=4069880346&perks=3525010810,409713597,3987942396,3192447905
dimwishlist:item=4069880346&perks=3525010810,409713597,3987942396,2396489472
dimwishlist:item=4069880346&perks=3525010810,409713597,3987942396,598607952
dimwishlist:item=4069880346&perks=3525010810,409713597,2817499044,1439600632
dimwishlist:item=4069880346&perks=3525010810,409713597,2817499044,2282937672
dimwishlist:item=4069880346&perks=3525010810,409713597,2817499044,3764420437
dimwishlist:item=4069880346&perks=3525010810,409713597,2817499044,3192447905
dimwishlist:item=4069880346&perks=3525010810,409713597,2817499044,2396489472
dimwishlist:item=4069880346&perks=3525010810,409713597,2817499044,598607952
dimwishlist:item=4069880346&perks=3525010810,409713597,923806249,1439600632
dimwishlist:item=4069880346&perks=3525010810,409713597,923806249,2282937672
dimwishlist:item=4069880346&perks=3525010810,409713597,923806249,3764420437
dimwishlist:item=4069880346&perks=3525010810,409713597,923806249,3192447905
dimwishlist:item=4069880346&perks=3525010810,409713597,923806249,2396489472
dimwishlist:item=4069880346&perks=3525010810,409713597,923806249,598607952
dimwishlist:item=4069880346&perks=3525010810,409713597,3422796781,1439600632
dimwishlist:item=4069880346&perks=3525010810,409713597,3422796781,2282937672
dimwishlist:item=4069880346&perks=3525010810,409713597,3422796781,3764420437
dimwishlist:item=4069880346&perks=3525010810,409713597,3422796781,3192447905
dimwishlist:item=4069880346&perks=3525010810,409713597,3422796781,2396489472
dimwishlist:item=4069880346&perks=3525010810,409713597,3422796781,598607952
dimwishlist:item=4069880346&perks=3525010810,3492396210,1421772400,1439600632
dimwishlist:item=4069880346&perks=3525010810,3492396210,1421772400,2282937672
dimwishlist:item=4069880346&perks=3525010810,3492396210,1421772400,3764420437
dimwishlist:item=4069880346&perks=3525010810,3492396210,1421772400,3192447905
dimwishlist:item=4069880346&perks=3525010810,3492396210,1421772400,2396489472
dimwishlist:item=4069880346&perks=3525010810,3492396210,1421772400,598607952
dimwishlist:item=4069880346&perks=3525010810,3492396210,3291427296,1439600632
dimwishlist:item=4069880346&perks=3525010810,3492396210,3291427296,2282937672
dimwishlist:item=4069880346&perks=3525010810,3492396210,3291427296,3764420437
dimwishlist:item=4069880346&perks=3525010810,3492396210,3291427296,3192447905
dimwishlist:item=4069880346&perks=3525010810,3492396210,3291427296,2396489472
dimwishlist:item=4069880346&perks=3525010810,3492396210,3291427296,598607952
dimwishlist:item=4069880346&perks=3525010810,3492396210,3987942396,1439600632
dimwishlist:item=4069880346&perks=3525010810,3492396210,3987942396,2282937672
dimwishlist:item=4069880346&perks=3525010810,3492396210,3987942396,3764420437
dimwishlist:item=4069880346&perks=3525010810,3492396210,3987942396,3192447905
dimwishlist:item=4069880346&perks=3525010810,3492396210,3987942396,2396489472
dimwishlist:item=4069880346&perks=3525010810,3492396210,3987942396,598607952
dimwishlist:item=4069880346&perks=3525010810,3492396210,2817499044,1439600632
dimwishlist:item=4069880346&perks=3525010810,3492396210,2817499044,2282937672
dimwishlist:item=4069880346&perks=3525010810,3492396210,2817499044,3764420437
dimwishlist:item=4069880346&perks=3525010810,3492396210,2817499044,3192447905
dimwishlist:item=4069880346&perks=3525010810,3492396210,2817499044,2396489472
dimwishlist:item=4069880346&perks=3525010810,3492396210,2817499044,598607952
dimwishlist:item=4069880346&perks=3525010810,3492396210,923806249,1439600632
dimwishlist:item=4069880346&perks=3525010810,3492396210,923806249,2282937672
dimwishlist:item=4069880346&perks=3525010810,3492396210,923806249,3764420437
dimwishlist:item=4069880346&perks=3525010810,3492396210,923806249,3192447905
dimwishlist:item=4069880346&perks=3525010810,3492396210,923806249,2396489472
dimwishlist:item=4069880346&perks=3525010810,3492396210,923806249,598607952
dimwishlist:item=4069880346&perks=3525010810,3492396210,3422796781,1439600632
dimwishlist:item=4069880346&perks=3525010810,3492396210,3422796781,2282937672
dimwishlist:item=4069880346&perks=3525010810,3492396210,3422796781,3764420437
dimwishlist:item=4069880346&perks=3525010810,3492396210,3422796781,3192447905
dimwishlist:item=4069880346&perks=3525010810,3492396210,3422796781,2396489472
dimwishlist:item=4069880346&perks=3525010810,3492396210,3422796781,598607952
dimwishlist:item=4069880346&perks=3525010810,3807404750,1421772400,1439600632
dimwishlist:item=4069880346&perks=3525010810,3807404750,1421772400,2282937672
dimwishlist:item=4069880346&perks=3525010810,3807404750,1421772400,3764420437
dimwishlist:item=4069880346&perks=3525010810,3807404750,1421772400,3192447905
dimwishlist:item=4069880346&perks=3525010810,3807404750,1421772400,2396489472
dimwishlist:item=4069880346&perks=3525010810,3807404750,1421772400,598607952
dimwishlist:item=4069880346&perks=3525010810,3807404750,3291427296,1439600632
dimwishlist:item=4069880346&perks=3525010810,3807404750,3291427296,2282937672
dimwishlist:item=4069880346&perks=3525010810,3807404750,3291427296,3764420437
dimwishlist:item=4069880346&perks=3525010810,3807404750,3291427296,3192447905
dimwishlist:item=4069880346&perks=3525010810,3807404750,3291427296,2396489472
dimwishlist:item=4069880346&perks=3525010810,3807404750,3291427296,598607952
dimwishlist:item=4069880346&perks=3525010810,3807404750,3987942396,1439600632
dimwishlist:item=4069880346&perks=3525010810,3807404750,3987942396,2282937672
dimwishlist:item=4069880346&perks=3525010810,3807404750,3987942396,3764420437
dimwishlist:item=4069880346&perks=3525010810,3807404750,3987942396,3192447905
dimwishlist:item=4069880346&perks=3525010810,3807404750,3987942396,2396489472
dimwishlist:item=4069880346&perks=3525010810,3807404750,3987942396,598607952
dimwishlist:item=4069880346&perks=3525010810,3807404750,2817499044,1439600632
dimwishlist:item=4069880346&perks=3525010810,3807404750,2817499044,2282937672
dimwishlist:item=4069880346&perks=3525010810,3807404750,2817499044,3764420437
dimwishlist:item=4069880346&perks=3525010810,3807404750,2817499044,3192447905
dimwishlist:item=4069880346&perks=3525010810,3807404750,2817499044,2396489472
dimwishlist:item=4069880346&perks=3525010810,3807404750,2817499044,598607952
dimwishlist:item=4069880346&perks=3525010810,3807404750,923806249,1439600632
dimwishlist:item=4069880346&perks=3525010810,3807404750,923806249,2282937672
dimwishlist:item=4069880346&perks=3525010810,3807404750,923806249,3764420437
dimwishlist:item=4069880346&perks=3525010810,3807404750,923806249,3192447905
dimwishlist:item=4069880346&perks=3525010810,3807404750,923806249,2396489472
dimwishlist:item=4069880346&perks=3525010810,3807404750,923806249,598607952
dimwishlist:item=4069880346&perks=3525010810,3807404750,3422796781,1439600632
dimwishlist:item=4069880346&perks=3525010810,3807404750,3422796781,2282937672
dimwishlist:item=4069880346&perks=3525010810,3807404750,3422796781,3764420437
dimwishlist:item=4069880346&perks=3525010810,3807404750,3422796781,3192447905
dimwishlist:item=4069880346&perks=3525010810,3807404750,3422796781,2396489472
dimwishlist:item=4069880346&perks=3525010810,3807404750,3422796781,598607952
dimwishlist:item=4069880346&perks=3250572790,2822142346,1421772400,1439600632
dimwishlist:item=4069880346&perks=3250572790,2822142346,1421772400,2282937672
dimwishlist:item=4069880346&perks=3250572790,2822142346,1421772400,3764420437
dimwishlist:item=4069880346&perks=3250572790,2822142346,1421772400,3192447905
dimwishlist:item=4069880346&perks=3250572790,2822142346,1421772400,2396489472
dimwishlist:item=4069880346&perks=3250572790,2822142346,1421772400,598607952
dimwishlist:item=4069880346&perks=3250572790,2822142346,3291427296,1439600632
dimwishlist:item=4069880346&perks=3250572790,2822142346,3291427296,2282937672
dimwishlist:item=4069880346&perks=3250572790,2822142346,3291427296,3764420437
dimwishlist:item=4069880346&perks=3250572790,2822142346,3291427296,3192447905
dimwishlist:item=4069880346&perks=3250572790,2822142346,3291427296,2396489472
dimwishlist:item=4069880346&perks=3250572790,2822142346,3291427296,598607952
dimwishlist:item=4069880346&perks=3250572790,2822142346,3987942396,1439600632
dimwishlist:item=4069880346&perks=3250572790,2822142346,3987942396,2282937672
dimwishlist:item=4069880346&perks=3250572790,2822142346,3987942396,3764420437
dimwishlist:item=4069880346&perks=3250572790,2822142346,3987942396,3192447905
dimwishlist:item=4069880346&perks=3250572790,2822142346,3987942396,2396489472
dimwishlist:item=4069880346&perks=3250572790,2822142346,3987942396,598607952
dimwishlist:item=4069880346&perks=3250572790,2822142346,2817499044,1439600632
dimwishlist:item=4069880346&perks=3250572790,2822142346,2817499044,2282937672
dimwishlist:item=4069880346&perks=3250572790,2822142346,2817499044,3764420437
dimwishlist:item=4069880346&perks=3250572790,2822142346,2817499044,3192447905
dimwishlist:item=4069880346&perks=3250572790,2822142346,2817499044,2396489472
dimwishlist:item=4069880346&perks=3250572790,2822142346,2817499044,598607952
dimwishlist:item=4069880346&perks=3250572790,2822142346,923806249,1439600632
dimwishlist:item=4069880346&perks=3250572790,2822142346,923806249,2282937672
dimwishlist:item=4069880346&perks=3250572790,2822142346,923806249,3764420437
dimwishlist:item=4069880346&perks=3250572790,2822142346,923806249,3192447905
dimwishlist:item=4069880346&perks=3250572790,2822142346,923806249,2396489472
dimwishlist:item=4069880346&perks=3250572790,2822142346,923806249,598607952
dimwishlist:item=4069880346&perks=3250572790,2822142346,3422796781,1439600632
dimwishlist:item=4069880346&perks=3250572790,2822142346,3422796781,2282937672
dimwishlist:item=4069880346&perks=3250572790,2822142346,3422796781,3764420437
dimwishlist:item=4069880346&perks=3250572790,2822142346,3422796781,3192447905
dimwishlist:item=4069880346&perks=3250572790,2822142346,3422796781,2396489472
dimwishlist:item=4069880346&perks=3250572790,2822142346,3422796781,598607952
dimwishlist:item=4069880346&perks=3250572790,2108812838,1421772400,1439600632
dimwishlist:item=4069880346&perks=3250572790,2108812838,1421772400,2282937672
dimwishlist:item=4069880346&perks=3250572790,2108812838,1421772400,3764420437
dimwishlist:item=4069880346&perks=3250572790,2108812838,1421772400,3192447905
dimwishlist:item=4069880346&perks=3250572790,2108812838,1421772400,2396489472
dimwishlist:item=4069880346&perks=3250572790,2108812838,1421772400,598607952
dimwishlist:item=4069880346&perks=3250572790,2108812838,3291427296,1439600632
dimwishlist:item=4069880346&perks=3250572790,2108812838,3291427296,2282937672
dimwishlist:item=4069880346&perks=3250572790,2108812838,3291427296,3764420437
dimwishlist:item=4069880346&perks=3250572790,2108812838,3291427296,3192447905
dimwishlist:item=4069880346&perks=3250572790,2108812838,3291427296,2396489472
dimwishlist:item=4069880346&perks=3250572790,2108812838,3291427296,598607952
dimwishlist:item=4069880346&perks=3250572790,2108812838,3987942396,1439600632
dimwishlist:item=4069880346&perks=3250572790,2108812838,3987942396,2282937672
dimwishlist:item=4069880346&perks=3250572790,2108812838,3987942396,3764420437
dimwishlist:item=4069880346&perks=3250572790,2108812838,3987942396,3192447905
dimwishlist:item=4069880346&perks=3250572790,2108812838,3987942396,2396489472
dimwishlist:item=4069880346&perks=3250572790,2108812838,3987942396,598607952
dimwishlist:item=4069880346&perks=3250572790,2108812838,2817499044,1439600632
dimwishlist:item=4069880346&perks=3250572790,2108812838,2817499044,2282937672
dimwishlist:item=4069880346&perks=3250572790,2108812838,2817499044,3764420437
dimwishlist:item=4069880346&perks=3250572790,2108812838,2817499044,3192447905
dimwishlist:item=4069880346&perks=3250572790,2108812838,2817499044,2396489472
dimwishlist:item=4069880346&perks=3250572790,2108812838,2817499044,598607952
dimwishlist:item=4069880346&perks=3250572790,2108812838,923806249,1439600632
dimwishlist:item=4069880346&perks=3250572790,2108812838,923806249,2282937672
dimwishlist:item=4069880346&perks=3250572790,2108812838,923806249,3764420437
dimwishlist:item=4069880346&perks=3250572790,2108812838,923806249,3192447905
dimwishlist:item=4069880346&perks=3250572790,2108812838,923806249,2396489472
dimwishlist:item=4069880346&perks=3250572790,2108812838,923806249,598607952
dimwishlist:item=4069880346&perks=3250572790,2108812838,3422796781,1439600632
dimwishlist:item=4069880346&perks=3250572790,2108812838,3422796781,2282937672
dimwishlist:item=4069880346&perks=3250572790,2108812838,3422796781,3764420437
dimwishlist:item=4069880346&perks=3250572790,2108812838,3422796781,3192447905
dimwishlist:item=4069880346&perks=3250572790,2108812838,3422796781,2396489472
dimwishlist:item=4069880346&perks=3250572790,2108812838,3422796781,598607952
dimwishlist:item=4069880346&perks=3250572790,3301904089,1421772400,1439600632
dimwishlist:item=4069880346&perks=3250572790,3301904089,1421772400,2282937672
dimwishlist:item=4069880346&perks=3250572790,3301904089,1421772400,3764420437
dimwishlist:item=4069880346&perks=3250572790,3301904089,1421772400,3192447905
dimwishlist:item=4069880346&perks=3250572790,3301904089,1421772400,2396489472
dimwishlist:item=4069880346&perks=3250572790,3301904089,1421772400,598607952
dimwishlist:item=4069880346&perks=3250572790,3301904089,3291427296,1439600632
dimwishlist:item=4069880346&perks=3250572790,3301904089,3291427296,2282937672
dimwishlist:item=4069880346&perks=3250572790,3301904089,3291427296,3764420437
dimwishlist:item=4069880346&perks=3250572790,3301904089,3291427296,3192447905
dimwishlist:item=4069880346&perks=3250572790,3301904089,3291427296,2396489472
dimwishlist:item=4069880346&perks=3250572790,3301904089,3291427296,598607952
dimwishlist:item=4069880346&perks=3250572790,3301904089,3987942396,1439600632
dimwishlist:item=4069880346&perks=3250572790,3301904089,3987942396,2282937672
dimwishlist:item=4069880346&perks=3250572790,3301904089,3987942396,3764420437
dimwishlist:item=4069880346&perks=3250572790,3301904089,3987942396,3192447905
dimwishlist:item=4069880346&perks=3250572790,3301904089,3987942396,2396489472
dimwishlist:item=4069880346&perks=3250572790,3301904089,3987942396,598607952
dimwishlist:item=4069880346&perks=3250572790,3301904089,2817499044,1439600632
dimwishlist:item=4069880346&perks=3250572790,3301904089,2817499044,2282937672
dimwishlist:item=4069880346&perks=3250572790,3301904089,2817499044,3764420437
dimwishlist:item=4069880346&perks=3250572790,3301904089,2817499044,3192447905
dimwishlist:item=4069880346&perks=3250572790,3301904089,2817499044,2396489472
dimwishlist:item=4069880346&perks=3250572790,3301904089,2817499044,598607952
dimwishlist:item=4069880346&perks=3250572790,3301904089,923806249,1439600632
dimwishlist:item=4069880346&perks=3250572790,3301904089,923806249,2282937672
dimwishlist:item=4069880346&perks=3250572790,3301904089,923806249,3764420437
dimwishlist:item=4069880346&perks=3250572790,3301904089,923806249,3192447905
dimwishlist:item=4069880346&perks=3250572790,3301904089,923806249,2396489472
dimwishlist:item=4069880346&perks=3250572790,3301904089,923806249,598607952
dimwishlist:item=4069880346&perks=3250572790,3301904089,3422796781,1439600632
dimwishlist:item=4069880346&perks=3250572790,3301904089,3422796781,2282937672
dimwishlist:item=4069880346&perks=3250572790,3301904089,3422796781,3764420437
dimwishlist:item=4069880346&perks=3250572790,3301904089,3422796781,3192447905
dimwishlist:item=4069880346&perks=3250572790,3301904089,3422796781,2396489472
dimwishlist:item=4069880346&perks=3250572790,3301904089,3422796781,598607952
dimwishlist:item=4069880346&perks=3250572790,409713597,1421772400,1439600632
dimwishlist:item=4069880346&perks=3250572790,409713597,1421772400,2282937672
dimwishlist:item=4069880346&perks=3250572790,409713597,1421772400,3764420437
dimwishlist:item=4069880346&perks=3250572790,409713597,1421772400,3192447905
dimwishlist:item=4069880346&perks=3250572790,409713597,1421772400,2396489472
dimwishlist:item=4069880346&perks=3250572790,409713597,1421772400,598607952
dimwishlist:item=4069880346&perks=3250572790,409713597,3291427296,1439600632
dimwishlist:item=4069880346&perks=3250572790,409713597,3291427296,2282937672
dimwishlist:item=4069880346&perks=3250572790,409713597,3291427296,3764420437
dimwishlist:item=4069880346&perks=3250572790,409713597,3291427296,3192447905
dimwishlist:item=4069880346&perks=3250572790,409713597,3291427296,2396489472
dimwishlist:item=4069880346&perks=3250572790,409713597,3291427296,598607952
dimwishlist:item=4069880346&perks=3250572790,409713597,3987942396,1439600632
dimwishlist:item=4069880346&perks=3250572790,409713597,3987942396,2282937672
dimwishlist:item=4069880346&perks=3250572790,409713597,3987942396,3764420437
dimwishlist:item=4069880346&perks=3250572790,409713597,3987942396,3192447905
dimwishlist:item=4069880346&perks=3250572790,409713597,3987942396,2396489472
dimwishlist:item=4069880346&perks=3250572790,409713597,3987942396,598607952
dimwishlist:item=4069880346&perks=3250572790,409713597,2817499044,1439600632
dimwishlist:item=4069880346&perks=3250572790,409713597,2817499044,2282937672
dimwishlist:item=4069880346&perks=3250572790,409713597,2817499044,3764420437
dimwishlist:item=4069880346&perks=3250572790,409713597,2817499044,3192447905
dimwishlist:item=4069880346&perks=3250572790,409713597,2817499044,2396489472
dimwishlist:item=4069880346&perks=3250572790,409713597,2817499044,598607952
dimwishlist:item=4069880346&perks=3250572790,409713597,923806249,1439600632
dimwishlist:item=4069880346&perks=3250572790,409713597,923806249,2282937672
dimwishlist:item=4069880346&perks=3250572790,409713597,923806249,3764420437
dimwishlist:item=4069880346&perks=3250572790,409713597,923806249,3192447905
dimwishlist:item=4069880346&perks=3250572790,409713597,923806249,2396489472
dimwishlist:item=4069880346&perks=3250572790,409713597,923806249,598607952
dimwishlist:item=4069880346&perks=3250572790,409713597,3422796781,1439600632
dimwishlist:item=4069880346&perks=3250572790,409713597,3422796781,2282937672
dimwishlist:item=4069880346&perks=3250572790,409713597,3422796781,3764420437
dimwishlist:item=4069880346&perks=3250572790,409713597,3422796781,3192447905
dimwishlist:item=4069880346&perks=3250572790,409713597,3422796781,2396489472
dimwishlist:item=4069880346&perks=3250572790,409713597,3422796781,598607952
dimwishlist:item=4069880346&perks=3250572790,3492396210,1421772400,1439600632
dimwishlist:item=4069880346&perks=3250572790,3492396210,1421772400,2282937672
dimwishlist:item=4069880346&perks=3250572790,3492396210,1421772400,3764420437
dimwishlist:item=4069880346&perks=3250572790,3492396210,1421772400,3192447905
dimwishlist:item=4069880346&perks=3250572790,3492396210,1421772400,2396489472
dimwishlist:item=4069880346&perks=3250572790,3492396210,1421772400,598607952
dimwishlist:item=4069880346&perks=3250572790,3492396210,3291427296,1439600632
dimwishlist:item=4069880346&perks=3250572790,3492396210,3291427296,2282937672
dimwishlist:item=4069880346&perks=3250572790,3492396210,3291427296,3764420437
dimwishlist:item=4069880346&perks=3250572790,3492396210,3291427296,3192447905
dimwishlist:item=4069880346&perks=3250572790,3492396210,3291427296,2396489472
dimwishlist:item=4069880346&perks=3250572790,3492396210,3291427296,598607952
dimwishlist:item=4069880346&perks=3250572790,3492396210,3987942396,1439600632
dimwishlist:item=4069880346&perks=3250572790,3492396210,3987942396,2282937672
dimwishlist:item=4069880346&perks=3250572790,3492396210,3987942396,3764420437
dimwishlist:item=4069880346&perks=3250572790,3492396210,3987942396,3192447905
dimwishlist:item=4069880346&perks=3250572790,3492396210,3987942396,2396489472
dimwishlist:item=4069880346&perks=3250572790,3492396210,3987942396,598607952
dimwishlist:item=4069880346&perks=3250572790,3492396210,2817499044,1439600632
dimwishlist:item=4069880346&perks=3250572790,3492396210,2817499044,2282937672
dimwishlist:item=4069880346&perks=3250572790,3492396210,2817499044,3764420437
dimwishlist:item=4069880346&perks=3250572790,3492396210,2817499044,3192447905
dimwishlist:item=4069880346&perks=3250572790,3492396210,2817499044,2396489472
dimwishlist:item=4069880346&perks=3250572790,3492396210,2817499044,598607952
dimwishlist:item=4069880346&perks=3250572790,3492396210,923806249,1439600632
dimwishlist:item=4069880346&perks=3250572790,3492396210,923806249,2282937672
dimwishlist:item=4069880346&perks=3250572790,3492396210,923806249,3764420437
dimwishlist:item=4069880346&perks=3250572790,3492396210,923806249,3192447905
dimwishlist:item=4069880346&perks=3250572790,3492396210,923806249,2396489472
dimwishlist:item=4069880346&perks=3250572790,3492396210,923806249,598607952
dimwishlist:item=4069880346&perks=3250572790,3492396210,3422796781,1439600632
dimwishlist:item=4069880346&perks=3250572790,3492396210,3422796781,2282937672
dimwishlist:item=4069880346&perks=3250572790,3492396210,3422796781,3764420437
dimwishlist:item=4069880346&perks=3250572790,3492396210,3422796781,3192447905
dimwishlist:item=4069880346&perks=3250572790,3492396210,3422796781,2396489472
dimwishlist:item=4069880346&perks=3250572790,3492396210,3422796781,598607952
dimwishlist:item=4069880346&perks=3250572790,3807404750,1421772400,1439600632
dimwishlist:item=4069880346&perks=3250572790,3807404750,1421772400,2282937672
dimwishlist:item=4069880346&perks=3250572790,3807404750,1421772400,3764420437
dimwishlist:item=4069880346&perks=3250572790,3807404750,1421772400,3192447905
dimwishlist:item=4069880346&perks=3250572790,3807404750,1421772400,2396489472
dimwishlist:item=4069880346&perks=3250572790,3807404750,1421772400,598607952
dimwishlist:item=4069880346&perks=3250572790,3807404750,3291427296,1439600632
dimwishlist:item=4069880346&perks=3250572790,3807404750,3291427296,2282937672
dimwishlist:item=4069880346&perks=3250572790,3807404750,3291427296,3764420437
dimwishlist:item=4069880346&perks=3250572790,3807404750,3291427296,3192447905
dimwishlist:item=4069880346&perks=3250572790,3807404750,3291427296,2396489472
dimwishlist:item=4069880346&perks=3250572790,3807404750,3291427296,598607952
dimwishlist:item=4069880346&perks=3250572790,3807404750,3987942396,1439600632
dimwishlist:item=4069880346&perks=3250572790,3807404750,3987942396,2282937672
dimwishlist:item=4069880346&perks=3250572790,3807404750,3987942396,3764420437
dimwishlist:item=4069880346&perks=3250572790,3807404750,3987942396,3192447905
dimwishlist:item=4069880346&perks=3250572790,3807404750,3987942396,2396489472
dimwishlist:item=4069880346&perks=3250572790,3807404750,3987942396,598607952
dimwishlist:item=4069880346&perks=3250572790,3807404750,2817499044,1439600632
dimwishlist:item=4069880346&perks=3250572790,3807404750,2817499044,2282937672
dimwishlist:item=4069880346&perks=3250572790,3807404750,2817499044,3764420437
dimwishlist:item=4069880346&perks=3250572790,3807404750,2817499044,3192447905
dimwishlist:item=4069880346&perks=3250572790,3807404750,2817499044,2396489472
dimwishlist:item=4069880346&perks=3250572790,3807404750,2817499044,598607952
dimwishlist:item=4069880346&perks=3250572790,3807404750,923806249,1439600632
dimwishlist:item=4069880346&perks=3250572790,3807404750,923806249,2282937672
dimwishlist:item=4069880346&perks=3250572790,3807404750,923806249,3764420437
dimwishlist:item=4069880346&perks=3250572790,3807404750,923806249,3192447905
dimwishlist:item=4069880346&perks=3250572790,3807404750,923806249,2396489472
dimwishlist:item=4069880346&perks=3250572790,3807404750,923806249,598607952
dimwishlist:item=4069880346&perks=3250572790,3807404750,3422796781,1439600632
dimwishlist:item=4069880346&perks=3250572790,3807404750,3422796781,2282937672
dimwishlist:item=4069880346&perks=3250572790,3807404750,3422796781,3764420437
dimwishlist:item=4069880346&perks=3250572790,3807404750,3422796781,3192447905
dimwishlist:item=4069880346&perks=3250572790,3807404750,3422796781,2396489472
dimwishlist:item=4069880346&perks=3250572790,3807404750,3422796781,598607952
dimwishlist:item=1572604081&perks=3525010810,2822142346,1421772400,1439600632
dimwishlist:item=1572604081&perks=3525010810,2822142346,1421772400,2282937672
dimwishlist:item=1572604081&perks=3525010810,2822142346,1421772400,3764420437
dimwishlist:item=1572604081&perks=3525010810,2822142346,1421772400,3192447905
dimwishlist:item=1572604081&perks=3525010810,2822142346,1421772400,2396489472
dimwishlist:item=1572604081&perks=3525010810,2822142346,1421772400,598607952
dimwishlist:item=1572604081&perks=3525010810,2822142346,3291427296,1439600632
dimwishlist:item=1572604081&perks=3525010810,2822142346,3291427296,2282937672
dimwishlist:item=1572604081&perks=3525010810,2822142346,3291427296,3764420437
dimwishlist:item=1572604081&perks=3525010810,2822142346,3291427296,3192447905
dimwishlist:item=1572604081&perks=3525010810,2822142346,3291427296,2396489472
dimwishlist:item=1572604081&perks=3525010810,2822142346,3291427296,598607952
dimwishlist:item=1572604081&perks=3525010810,2822142346,3987942396,1439600632
dimwishlist:item=1572604081&perks=3525010810,2822142346,3987942396,2282937672
dimwishlist:item=1572604081&perks=3525010810,2822142346,3987942396,3764420437
dimwishlist:item=1572604081&perks=3525010810,2822142346,3987942396,3192447905
dimwishlist:item=1572604081&perks=3525010810,2822142346,3987942396,2396489472
dimwishlist:item=1572604081&perks=3525010810,2822142346,3987942396,598607952
dimwishlist:item=1572604081&perks=3525010810,2822142346,2817499044,1439600632
dimwishlist:item=1572604081&perks=3525010810,2822142346,2817499044,2282937672
dimwishlist:item=1572604081&perks=3525010810,2822142346,2817499044,3764420437
dimwishlist:item=1572604081&perks=3525010810,2822142346,2817499044,3192447905
dimwishlist:item=1572604081&perks=3525010810,2822142346,2817499044,2396489472
dimwishlist:item=1572604081&perks=3525010810,2822142346,2817499044,598607952
dimwishlist:item=1572604081&perks=3525010810,2822142346,923806249,1439600632
dimwishlist:item=1572604081&perks=3525010810,2822142346,923806249,2282937672
dimwishlist:item=1572604081&perks=3525010810,2822142346,923806249,3764420437
dimwishlist:item=1572604081&perks=3525010810,2822142346,923806249,3192447905
dimwishlist:item=1572604081&perks=3525010810,2822142346,923806249,2396489472
dimwishlist:item=1572604081&perks=3525010810,2822142346,923806249,598607952
dimwishlist:item=1572604081&perks=3525010810,2822142346,3422796781,1439600632
dimwishlist:item=1572604081&perks=3525010810,2822142346,3422796781,2282937672
dimwishlist:item=1572604081&perks=3525010810,2822142346,3422796781,3764420437
dimwishlist:item=1572604081&perks=3525010810,2822142346,3422796781,3192447905
dimwishlist:item=1572604081&perks=3525010810,2822142346,3422796781,2396489472
dimwishlist:item=1572604081&perks=3525010810,2822142346,3422796781,598607952
dimwishlist:item=1572604081&perks=3525010810,2108812838,1421772400,1439600632
dimwishlist:item=1572604081&perks=3525010810,2108812838,1421772400,2282937672
dimwishlist:item=1572604081&perks=3525010810,2108812838,1421772400,3764420437
dimwishlist:item=1572604081&perks=3525010810,2108812838,1421772400,3192447905
dimwishlist:item=1572604081&perks=3525010810,2108812838,1421772400,2396489472
dimwishlist:item=1572604081&perks=3525010810,2108812838,1421772400,598607952
dimwishlist:item=1572604081&perks=3525010810,2108812838,3291427296,1439600632
dimwishlist:item=1572604081&perks=3525010810,2108812838,3291427296,2282937672
dimwishlist:item=1572604081&perks=3525010810,2108812838,3291427296,3764420437
dimwishlist:item=1572604081&perks=3525010810,2108812838,3291427296,3192447905
dimwishlist:item=1572604081&perks=3525010810,2108812838,3291427296,2396489472
dimwishlist:item=1572604081&perks=3525010810,2108812838,3291427296,598607952
dimwishlist:item=1572604081&perks=3525010810,2108812838,3987942396,1439600632
dimwishlist:item=1572604081&perks=3525010810,2108812838,3987942396,2282937672
dimwishlist:item=1572604081&perks=3525010810,2108812838,3987942396,3764420437
dimwishlist:item=1572604081&perks=3525010810,2108812838,3987942396,3192447905
dimwishlist:item=1572604081&perks=3525010810,2108812838,3987942396,2396489472
dimwishlist:item=1572604081&perks=3525010810,2108812838,3987942396,598607952
dimwishlist:item=1572604081&perks=3525010810,2108812838,2817499044,1439600632
dimwishlist:item=1572604081&perks=3525010810,2108812838,2817499044,2282937672
dimwishlist:item=1572604081&perks=3525010810,2108812838,2817499044,3764420437
dimwishlist:item=1572604081&perks=3525010810,2108812838,2817499044,3192447905
dimwishlist:item=1572604081&perks=3525010810,2108812838,2817499044,2396489472
dimwishlist:item=1572604081&perks=3525010810,2108812838,2817499044,598607952
dimwishlist:item=1572604081&perks=3525010810,2108812838,923806249,1439600632
dimwishlist:item=1572604081&perks=3525010810,2108812838,923806249,2282937672
dimwishlist:item=1572604081&perks=3525010810,2108812838,923806249,3764420437
dimwishlist:item=1572604081&perks=3525010810,2108812838,923806249,3192447905
dimwishlist:item=1572604081&perks=3525010810,2108812838,923806249,2396489472
dimwishlist:item=1572604081&perks=3525010810,2108812838,923806249,598607952
dimwishlist:item=1572604081&perks=3525010810,2108812838,3422796781,1439600632
dimwishlist:item=1572604081&perks=3525010810,2108812838,3422796781,2282937672
dimwishlist:item=1572604081&perks=3525010810,2108812838,3422796781,3764420437
dimwishlist:item=1572604081&perks=3525010810,2108812838,3422796781,3192447905
dimwishlist:item=1572604081&perks=3525010810,2108812838,3422796781,2396489472
dimwishlist:item=1572604081&perks=3525010810,2108812838,3422796781,598607952
dimwishlist:item=1572604081&perks=3525010810,3301904089,1421772400,1439600632
dimwishlist:item=1572604081&perks=3525010810,3301904089,1421772400,2282937672
dimwishlist:item=1572604081&perks=3525010810,3301904089,1421772400,3764420437
dimwishlist:item=1572604081&perks=3525010810,3301904089,1421772400,3192447905
dimwishlist:item=1572604081&perks=3525010810,3301904089,1421772400,2396489472
dimwishlist:item=1572604081&perks=3525010810,3301904089,1421772400,598607952
dimwishlist:item=1572604081&perks=3525010810,3301904089,3291427296,1439600632
dimwishlist:item=1572604081&perks=3525010810,3301904089,3291427296,2282937672
dimwishlist:item=1572604081&perks=3525010810,3301904089,3291427296,3764420437
dimwishlist:item=1572604081&perks=3525010810,3301904089,3291427296,3192447905
dimwishlist:item=1572604081&perks=3525010810,3301904089,3291427296,2396489472
dimwishlist:item=1572604081&perks=3525010810,3301904089,3291427296,598607952
dimwishlist:item=1572604081&perks=3525010810,3301904089,3987942396,1439600632
dimwishlist:item=1572604081&perks=3525010810,3301904089,3987942396,2282937672
dimwishlist:item=1572604081&perks=3525010810,3301904089,3987942396,3764420437
dimwishlist:item=1572604081&perks=3525010810,3301904089,3987942396,3192447905
dimwishlist:item=1572604081&perks=3525010810,3301904089,3987942396,2396489472
dimwishlist:item=1572604081&perks=3525010810,3301904089,3987942396,598607952
dimwishlist:item=1572604081&perks=3525010810,3301904089,2817499044,1439600632
dimwishlist:item=1572604081&perks=3525010810,3301904089,2817499044,2282937672
dimwishlist:item=1572604081&perks=3525010810,3301904089,2817499044,3764420437
dimwishlist:item=1572604081&perks=3525010810,3301904089,2817499044,3192447905
dimwishlist:item=1572604081&perks=3525010810,3301904089,2817499044,2396489472
dimwishlist:item=1572604081&perks=3525010810,3301904089,2817499044,598607952
dimwishlist:item=1572604081&perks=3525010810,3301904089,923806249,1439600632
dimwishlist:item=1572604081&perks=3525010810,3301904089,923806249,2282937672
dimwishlist:item=1572604081&perks=3525010810,3301904089,923806249,3764420437
dimwishlist:item=1572604081&perks=3525010810,3301904089,923806249,3192447905
dimwishlist:item=1572604081&perks=3525010810,3301904089,923806249,2396489472
dimwishlist:item=1572604081&perks=3525010810,3301904089,923806249,598607952
dimwishlist:item=1572604081&perks=3525010810,3301904089,3422796781,1439600632
dimwishlist:item=1572604081&perks=3525010810,3301904089,3422796781,2282937672
dimwishlist:item=1572604081&perks=3525010810,3301904089,3422796781,3764420437
dimwishlist:item=1572604081&perks=3525010810,3301904089,3422796781,3192447905
dimwishlist:item=1572604081&perks=3525010810,3301904089,3422796781,2396489472
dimwishlist:item=1572604081&perks=3525010810,3301904089,3422796781,598607952
dimwishlist:item=1572604081&perks=3525010810,409713597,1421772400,1439600632
dimwishlist:item=1572604081&perks=3525010810,409713597,1421772400,2282937672
dimwishlist:item=1572604081&perks=3525010810,409713597,1421772400,3764420437
dimwishlist:item=1572604081&perks=3525010810,409713597,1421772400,3192447905
dimwishlist:item=1572604081&perks=3525010810,409713597,1421772400,2396489472
dimwishlist:item=1572604081&perks=3525010810,409713597,1421772400,598607952
dimwishlist:item=1572604081&perks=3525010810,409713597,3291427296,1439600632
dimwishlist:item=1572604081&perks=3525010810,409713597,3291427296,2282937672
dimwishlist:item=1572604081&perks=3525010810,409713597,3291427296,3764420437
dimwishlist:item=1572604081&perks=3525010810,409713597,3291427296,3192447905
dimwishlist:item=1572604081&perks=3525010810,409713597,3291427296,2396489472
dimwishlist:item=1572604081&perks=3525010810,409713597,3291427296,598607952
dimwishlist:item=1572604081&perks=3525010810,409713597,3987942396,1439600632
dimwishlist:item=1572604081&perks=3525010810,409713597,3987942396,2282937672
dimwishlist:item=1572604081&perks=3525010810,409713597,3987942396,3764420437
dimwishlist:item=1572604081&perks=3525010810,409713597,3987942396,3192447905
dimwishlist:item=1572604081&perks=3525010810,409713597,3987942396,2396489472
dimwishlist:item=1572604081&perks=3525010810,409713597,3987942396,598607952
dimwishlist:item=1572604081&perks=3525010810,409713597,2817499044,1439600632
dimwishlist:item=1572604081&perks=3525010810,409713597,2817499044,2282937672
dimwishlist:item=1572604081&perks=3525010810,409713597,2817499044,3764420437
dimwishlist:item=1572604081&perks=3525010810,409713597,2817499044,3192447905
dimwishlist:item=1572604081&perks=3525010810,409713597,2817499044,2396489472
dimwishlist:item=1572604081&perks=3525010810,409713597,2817499044,598607952
dimwishlist:item=1572604081&perks=3525010810,409713597,923806249,1439600632
dimwishlist:item=1572604081&perks=3525010810,409713597,923806249,2282937672
dimwishlist:item=1572604081&perks=3525010810,409713597,923806249,3764420437
dimwishlist:item=1572604081&perks=3525010810,409713597,923806249,3192447905
dimwishlist:item=1572604081&perks=3525010810,409713597,923806249,2396489472
dimwishlist:item=1572604081&perks=3525010810,409713597,923806249,598607952
dimwishlist:item=1572604081&perks=3525010810,409713597,3422796781,1439600632
dimwishlist:item=1572604081&perks=3525010810,409713597,3422796781,2282937672
dimwishlist:item=1572604081&perks=3525010810,409713597,3422796781,3764420437
dimwishlist:item=1572604081&perks=3525010810,409713597,3422796781,3192447905
dimwishlist:item=1572604081&perks=3525010810,409713597,3422796781,2396489472
dimwishlist:item=1572604081&perks=3525010810,409713597,3422796781,598607952
dimwishlist:item=1572604081&perks=3525010810,3492396210,1421772400,1439600632
dimwishlist:item=1572604081&perks=3525010810,3492396210,1421772400,2282937672
dimwishlist:item=1572604081&perks=3525010810,3492396210,1421772400,3764420437
dimwishlist:item=1572604081&perks=3525010810,3492396210,1421772400,3192447905
dimwishlist:item=1572604081&perks=3525010810,3492396210,1421772400,2396489472
dimwishlist:item=1572604081&perks=3525010810,3492396210,1421772400,598607952
dimwishlist:item=1572604081&perks=3525010810,3492396210,3291427296,1439600632
dimwishlist:item=1572604081&perks=3525010810,3492396210,3291427296,2282937672
dimwishlist:item=1572604081&perks=3525010810,3492396210,3291427296,3764420437
dimwishlist:item=1572604081&perks=3525010810,3492396210,3291427296,3192447905
dimwishlist:item=1572604081&perks=3525010810,3492396210,3291427296,2396489472
dimwishlist:item=1572604081&perks=3525010810,3492396210,3291427296,598607952
dimwishlist:item=1572604081&perks=3525010810,3492396210,3987942396,1439600632
dimwishlist:item=1572604081&perks=3525010810,3492396210,3987942396,2282937672
dimwishlist:item=1572604081&perks=3525010810,3492396210,3987942396,3764420437
dimwishlist:item=1572604081&perks=3525010810,3492396210,3987942396,3192447905
dimwishlist:item=1572604081&perks=3525010810,3492396210,3987942396,2396489472
dimwishlist:item=1572604081&perks=3525010810,3492396210,3987942396,598607952
dimwishlist:item=1572604081&perks=3525010810,3492396210,2817499044,1439600632
dimwishlist:item=1572604081&perks=3525010810,3492396210,2817499044,2282937672
dimwishlist:item=1572604081&perks=3525010810,3492396210,2817499044,3764420437
dimwishlist:item=1572604081&perks=3525010810,3492396210,2817499044,3192447905
dimwishlist:item=1572604081&perks=3525010810,3492396210,2817499044,2396489472
dimwishlist:item=1572604081&perks=3525010810,3492396210,2817499044,598607952
dimwishlist:item=1572604081&perks=3525010810,3492396210,923806249,1439600632
dimwishlist:item=1572604081&perks=3525010810,3492396210,923806249,2282937672
dimwishlist:item=1572604081&perks=3525010810,3492396210,923806249,3764420437
dimwishlist:item=1572604081&perks=3525010810,3492396210,923806249,3192447905
dimwishlist:item=1572604081&perks=3525010810,3492396210,923806249,2396489472
dimwishlist:item=1572604081&perks=3525010810,3492396210,923806249,598607952
dimwishlist:item=1572604081&perks=3525010810,3492396210,3422796781,1439600632
dimwishlist:item=1572604081&perks=3525010810,3492396210,3422796781,2282937672
dimwishlist:item=1572604081&perks=3525010810,3492396210,3422796781,3764420437
dimwishlist:item=1572604081&perks=3525010810,3492396210,3422796781,3192447905
dimwishlist:item=1572604081&perks=3525010810,3492396210,3422796781,2396489472
dimwishlist:item=1572604081&perks=3525010810,3492396210,3422796781,598607952
dimwishlist:item=1572604081&perks=3525010810,3807404750,1421772400,1439600632
dimwishlist:item=1572604081&perks=3525010810,3807404750,1421772400,2282937672
dimwishlist:item=1572604081&perks=3525010810,3807404750,1421772400,3764420437
dimwishlist:item=1572604081&perks=3525010810,3807404750,1421772400,3192447905
dimwishlist:item=1572604081&perks=3525010810,3807404750,1421772400,2396489472
dimwishlist:item=1572604081&perks=3525010810,3807404750,1421772400,598607952
dimwishlist:item=1572604081&perks=3525010810,3807404750,3291427296,1439600632
dimwishlist:item=1572604081&perks=3525010810,3807404750,3291427296,2282937672
dimwishlist:item=1572604081&perks=3525010810,3807404750,3291427296,3764420437
dimwishlist:item=1572604081&perks=3525010810,3807404750,3291427296,3192447905
dimwishlist:item=1572604081&perks=3525010810,3807404750,3291427296,2396489472
dimwishlist:item=1572604081&perks=3525010810,3807404750,3291427296,598607952
dimwishlist:item=1572604081&perks=3525010810,3807404750,3987942396,1439600632
dimwishlist:item=1572604081&perks=3525010810,3807404750,3987942396,2282937672
dimwishlist:item=1572604081&perks=3525010810,3807404750,3987942396,3764420437
dimwishlist:item=1572604081&perks=3525010810,3807404750,3987942396,3192447905
dimwishlist:item=1572604081&perks=3525010810,3807404750,3987942396,2396489472
dimwishlist:item=1572604081&perks=3525010810,3807404750,3987942396,598607952
dimwishlist:item=1572604081&perks=3525010810,3807404750,2817499044,1439600632
dimwishlist:item=1572604081&perks=3525010810,3807404750,2817499044,2282937672
dimwishlist:item=1572604081&perks=3525010810,3807404750,2817499044,3764420437
dimwishlist:item=1572604081&perks=3525010810,3807404750,2817499044,3192447905
dimwishlist:item=1572604081&perks=3525010810,3807404750,2817499044,2396489472
dimwishlist:item=1572604081&perks=3525010810,3807404750,2817499044,598607952
dimwishlist:item=1572604081&perks=3525010810,3807404750,923806249,1439600632
dimwishlist:item=1572604081&perks=3525010810,3807404750,923806249,2282937672
dimwishlist:item=1572604081&perks=3525010810,3807404750,923806249,3764420437
dimwishlist:item=1572604081&perks=3525010810,3807404750,923806249,3192447905
dimwishlist:item=1572604081&perks=3525010810,3807404750,923806249,2396489472
dimwishlist:item=1572604081&perks=3525010810,3807404750,923806249,598607952
dimwishlist:item=1572604081&perks=3525010810,3807404750,3422796781,1439600632
dimwishlist:item=1572604081&perks=3525010810,3807404750,3422796781,2282937672
dimwishlist:item=1572604081&perks=3525010810,3807404750,3422796781,3764420437
dimwishlist:item=1572604081&perks=3525010810,3807404750,3422796781,3192447905
dimwishlist:item=1572604081&perks=3525010810,3807404750,3422796781,2396489472
dimwishlist:item=1572604081&perks=3525010810,3807404750,3422796781,598607952
dimwishlist:item=1572604081&perks=3250572790,2822142346,1421772400,1439600632
dimwishlist:item=1572604081&perks=3250572790,2822142346,1421772400,2282937672
dimwishlist:item=1572604081&perks=3250572790,2822142346,1421772400,3764420437
dimwishlist:item=1572604081&perks=3250572790,2822142346,1421772400,3192447905
dimwishlist:item=1572604081&perks=3250572790,2822142346,1421772400,2396489472
dimwishlist:item=1572604081&perks=3250572790,2822142346,1421772400,598607952
dimwishlist:item=1572604081&perks=3250572790,2822142346,3291427296,1439600632
dimwishlist:item=1572604081&perks=3250572790,2822142346,3291427296,2282937672
dimwishlist:item=1572604081&perks=3250572790,2822142346,3291427296,3764420437
dimwishlist:item=1572604081&perks=3250572790,2822142346,3291427296,3192447905
dimwishlist:item=1572604081&perks=3250572790,2822142346,3291427296,2396489472
dimwishlist:item=1572604081&perks=3250572790,2822142346,3291427296,598607952
dimwishlist:item=1572604081&perks=3250572790,2822142346,3987942396,1439600632
dimwishlist:item=1572604081&perks=3250572790,2822142346,3987942396,2282937672
dimwishlist:item=1572604081&perks=3250572790,2822142346,3987942396,3764420437
dimwishlist:item=1572604081&perks=3250572790,2822142346,3987942396,3192447905
dimwishlist:item=1572604081&perks=3250572790,2822142346,3987942396,2396489472
dimwishlist:item=1572604081&perks=3250572790,2822142346,3987942396,598607952
dimwishlist:item=1572604081&perks=3250572790,2822142346,2817499044,1439600632
dimwishlist:item=1572604081&perks=3250572790,2822142346,2817499044,2282937672
dimwishlist:item=1572604081&perks=3250572790,2822142346,2817499044,3764420437
dimwishlist:item=1572604081&perks=3250572790,2822142346,2817499044,3192447905
dimwishlist:item=1572604081&perks=3250572790,2822142346,2817499044,2396489472
dimwishlist:item=1572604081&perks=3250572790,2822142346,2817499044,598607952
dimwishlist:item=1572604081&perks=3250572790,2822142346,923806249,1439600632
dimwishlist:item=1572604081&perks=3250572790,2822142346,923806249,2282937672
dimwishlist:item=1572604081&perks=3250572790,2822142346,923806249,3764420437
dimwishlist:item=1572604081&perks=3250572790,2822142346,923806249,3192447905
dimwishlist:item=1572604081&perks=3250572790,2822142346,923806249,2396489472
dimwishlist:item=1572604081&perks=3250572790,2822142346,923806249,598607952
dimwishlist:item=1572604081&perks=3250572790,2822142346,3422796781,1439600632
dimwishlist:item=1572604081&perks=3250572790,2822142346,3422796781,2282937672
dimwishlist:item=1572604081&perks=3250572790,2822142346,3422796781,3764420437
dimwishlist:item=1572604081&perks=3250572790,2822142346,3422796781,3192447905
dimwishlist:item=1572604081&perks=3250572790,2822142346,3422796781,2396489472
dimwishlist:item=1572604081&perks=3250572790,2822142346,3422796781,598607952
dimwishlist:item=1572604081&perks=3250572790,2108812838,1421772400,1439600632
dimwishlist:item=1572604081&perks=3250572790,2108812838,1421772400,2282937672
dimwishlist:item=1572604081&perks=3250572790,2108812838,1421772400,3764420437
dimwishlist:item=1572604081&perks=3250572790,2108812838,1421772400,3192447905
dimwishlist:item=1572604081&perks=3250572790,2108812838,1421772400,2396489472
dimwishlist:item=1572604081&perks=3250572790,2108812838,1421772400,598607952
dimwishlist:item=1572604081&perks=3250572790,2108812838,3291427296,1439600632
dimwishlist:item=1572604081&perks=3250572790,2108812838,3291427296,2282937672
dimwishlist:item=1572604081&perks=3250572790,2108812838,3291427296,3764420437
dimwishlist:item=1572604081&perks=3250572790,2108812838,3291427296,3192447905
dimwishlist:item=1572604081&perks=3250572790,2108812838,3291427296,2396489472
dimwishlist:item=1572604081&perks=3250572790,2108812838,3291427296,598607952
dimwishlist:item=1572604081&perks=3250572790,2108812838,3987942396,1439600632
dimwishlist:item=1572604081&perks=3250572790,2108812838,3987942396,2282937672
dimwishlist:item=1572604081&perks=3250572790,2108812838,3987942396,3764420437
dimwishlist:item=1572604081&perks=3250572790,2108812838,3987942396,3192447905
dimwishlist:item=1572604081&perks=3250572790,2108812838,3987942396,2396489472
dimwishlist:item=1572604081&perks=3250572790,2108812838,3987942396,598607952
dimwishlist:item=1572604081&perks=3250572790,2108812838,2817499044,1439600632
dimwishlist:item=1572604081&perks=3250572790,2108812838,2817499044,2282937672
dimwishlist:item=1572604081&perks=3250572790,2108812838,2817499044,3764420437
dimwishlist:item=1572604081&perks=3250572790,2108812838,2817499044,3192447905
dimwishlist:item=1572604081&perks=3250572790,2108812838,2817499044,2396489472
dimwishlist:item=1572604081&perks=3250572790,2108812838,2817499044,598607952
dimwishlist:item=1572604081&perks=3250572790,2108812838,923806249,1439600632
dimwishlist:item=1572604081&perks=3250572790,2108812838,923806249,2282937672
dimwishlist:item=1572604081&perks=3250572790,2108812838,923806249,3764420437
dimwishlist:item=1572604081&perks=3250572790,2108812838,923806249,3192447905
dimwishlist:item=1572604081&perks=3250572790,2108812838,923806249,2396489472
dimwishlist:item=1572604081&perks=3250572790,2108812838,923806249,598607952
dimwishlist:item=1572604081&perks=3250572790,2108812838,3422796781,1439600632
dimwishlist:item=1572604081&perks=3250572790,2108812838,3422796781,2282937672
dimwishlist:item=1572604081&perks=3250572790,2108812838,3422796781,3764420437
dimwishlist:item=1572604081&perks=3250572790,2108812838,3422796781,3192447905
dimwishlist:item=1572604081&perks=3250572790,2108812838,3422796781,2396489472
dimwishlist:item=1572604081&perks=3250572790,2108812838,3422796781,598607952
dimwishlist:item=1572604081&perks=3250572790,3301904089,1421772400,1439600632
dimwishlist:item=1572604081&perks=3250572790,3301904089,1421772400,2282937672
dimwishlist:item=1572604081&perks=3250572790,3301904089,1421772400,3764420437
dimwishlist:item=1572604081&perks=3250572790,3301904089,1421772400,3192447905
dimwishlist:item=1572604081&perks=3250572790,3301904089,1421772400,2396489472
dimwishlist:item=1572604081&perks=3250572790,3301904089,1421772400,598607952
dimwishlist:item=1572604081&perks=3250572790,3301904089,3291427296,1439600632
dimwishlist:item=1572604081&perks=3250572790,3301904089,3291427296,2282937672
dimwishlist:item=1572604081&perks=3250572790,3301904089,3291427296,3764420437
dimwishlist:item=1572604081&perks=3250572790,3301904089,3291427296,3192447905
dimwishlist:item=1572604081&perks=3250572790,3301904089,3291427296,2396489472
dimwishlist:item=1572604081&perks=3250572790,3301904089,3291427296,598607952
dimwishlist:item=1572604081&perks=3250572790,3301904089,3987942396,1439600632
dimwishlist:item=1572604081&perks=3250572790,3301904089,3987942396,2282937672
dimwishlist:item=1572604081&perks=3250572790,3301904089,3987942396,3764420437
dimwishlist:item=1572604081&perks=3250572790,3301904089,3987942396,3192447905
dimwishlist:item=1572604081&perks=3250572790,3301904089,3987942396,2396489472
dimwishlist:item=1572604081&perks=3250572790,3301904089,3987942396,598607952
dimwishlist:item=1572604081&perks=3250572790,3301904089,2817499044,1439600632
dimwishlist:item=1572604081&perks=3250572790,3301904089,2817499044,2282937672
dimwishlist:item=1572604081&perks=3250572790,3301904089,2817499044,3764420437
dimwishlist:item=1572604081&perks=3250572790,3301904089,2817499044,3192447905
dimwishlist:item=1572604081&perks=3250572790,3301904089,2817499044,2396489472
dimwishlist:item=1572604081&perks=3250572790,3301904089,2817499044,598607952
dimwishlist:item=1572604081&perks=3250572790,3301904089,923806249,1439600632
dimwishlist:item=1572604081&perks=3250572790,3301904089,923806249,2282937672
dimwishlist:item=1572604081&perks=3250572790,3301904089,923806249,3764420437
dimwishlist:item=1572604081&perks=3250572790,3301904089,923806249,3192447905
dimwishlist:item=1572604081&perks=3250572790,3301904089,923806249,2396489472
dimwishlist:item=1572604081&perks=3250572790,3301904089,923806249,598607952
dimwishlist:item=1572604081&perks=3250572790,3301904089,3422796781,1439600632
dimwishlist:item=1572604081&perks=3250572790,3301904089,3422796781,2282937672
dimwishlist:item=1572604081&perks=3250572790,3301904089,3422796781,3764420437
dimwishlist:item=1572604081&perks=3250572790,3301904089,3422796781,3192447905
dimwishlist:item=1572604081&perks=3250572790,3301904089,3422796781,2396489472
dimwishlist:item=1572604081&perks=3250572790,3301904089,3422796781,598607952
dimwishlist:item=1572604081&perks=3250572790,409713597,1421772400,1439600632
dimwishlist:item=1572604081&perks=3250572790,409713597,1421772400,2282937672
dimwishlist:item=1572604081&perks=3250572790,409713597,1421772400,3764420437
dimwishlist:item=1572604081&perks=3250572790,409713597,1421772400,3192447905
dimwishlist:item=1572604081&perks=3250572790,409713597,1421772400,2396489472
dimwishlist:item=1572604081&perks=3250572790,409713597,1421772400,598607952
dimwishlist:item=1572604081&perks=3250572790,409713597,3291427296,1439600632
dimwishlist:item=1572604081&perks=3250572790,409713597,3291427296,2282937672
dimwishlist:item=1572604081&perks=3250572790,409713597,3291427296,3764420437
dimwishlist:item=1572604081&perks=3250572790,409713597,3291427296,3192447905
dimwishlist:item=1572604081&perks=3250572790,409713597,3291427296,2396489472
dimwishlist:item=1572604081&perks=3250572790,409713597,3291427296,598607952
dimwishlist:item=1572604081&perks=3250572790,409713597,3987942396,1439600632
dimwishlist:item=1572604081&perks=3250572790,409713597,3987942396,2282937672
dimwishlist:item=1572604081&perks=3250572790,409713597,3987942396,3764420437
dimwishlist:item=1572604081&perks=3250572790,409713597,3987942396,3192447905
dimwishlist:item=1572604081&perks=3250572790,409713597,3987942396,2396489472
dimwishlist:item=1572604081&perks=3250572790,409713597,3987942396,598607952
dimwishlist:item=1572604081&perks=3250572790,409713597,2817499044,1439600632
dimwishlist:item=1572604081&perks=3250572790,409713597,2817499044,2282937672
dimwishlist:item=1572604081&perks=3250572790,409713597,2817499044,3764420437
dimwishlist:item=1572604081&perks=3250572790,409713597,2817499044,3192447905
dimwishlist:item=1572604081&perks=3250572790,409713597,2817499044,2396489472
dimwishlist:item=1572604081&perks=3250572790,409713597,2817499044,598607952
dimwishlist:item=1572604081&perks=3250572790,409713597,923806249,1439600632
dimwishlist:item=1572604081&perks=3250572790,409713597,923806249,2282937672
dimwishlist:item=1572604081&perks=3250572790,409713597,923806249,3764420437
dimwishlist:item=1572604081&perks=3250572790,409713597,923806249,3192447905
dimwishlist:item=1572604081&perks=3250572790,409713597,923806249,2396489472
dimwishlist:item=1572604081&perks=3250572790,409713597,923806249,598607952
dimwishlist:item=1572604081&perks=3250572790,409713597,3422796781,1439600632
dimwishlist:item=1572604081&perks=3250572790,409713597,3422796781,2282937672
dimwishlist:item=1572604081&perks=3250572790,409713597,3422796781,3764420437
dimwishlist:item=1572604081&perks=3250572790,409713597,3422796781,3192447905
dimwishlist:item=1572604081&perks=3250572790,409713597,3422796781,2396489472
dimwishlist:item=1572604081&perks=3250572790,409713597,3422796781,598607952
dimwishlist:item=1572604081&perks=3250572790,3492396210,1421772400,1439600632
dimwishlist:item=1572604081&perks=3250572790,3492396210,1421772400,2282937672
dimwishlist:item=1572604081&perks=3250572790,3492396210,1421772400,3764420437
dimwishlist:item=1572604081&perks=3250572790,3492396210,1421772400,3192447905
dimwishlist:item=1572604081&perks=3250572790,3492396210,1421772400,2396489472
dimwishlist:item=1572604081&perks=3250572790,3492396210,1421772400,598607952
dimwishlist:item=1572604081&perks=3250572790,3492396210,3291427296,1439600632
dimwishlist:item=1572604081&perks=3250572790,3492396210,3291427296,2282937672
dimwishlist:item=1572604081&perks=3250572790,3492396210,3291427296,3764420437
dimwishlist:item=1572604081&perks=3250572790,3492396210,3291427296,3192447905
dimwishlist:item=1572604081&perks=3250572790,3492396210,3291427296,2396489472
dimwishlist:item=1572604081&perks=3250572790,3492396210,3291427296,598607952
dimwishlist:item=1572604081&perks=3250572790,3492396210,3987942396,1439600632
dimwishlist:item=1572604081&perks=3250572790,3492396210,3987942396,2282937672
dimwishlist:item=1572604081&perks=3250572790,3492396210,3987942396,3764420437
dimwishlist:item=1572604081&perks=3250572790,3492396210,3987942396,3192447905
dimwishlist:item=1572604081&perks=3250572790,3492396210,3987942396,2396489472
dimwishlist:item=1572604081&perks=3250572790,3492396210,3987942396,598607952
dimwishlist:item=1572604081&perks=3250572790,3492396210,2817499044,1439600632
dimwishlist:item=1572604081&perks=3250572790,3492396210,2817499044,2282937672
dimwishlist:item=1572604081&perks=3250572790,3492396210,2817499044,3764420437
dimwishlist:item=1572604081&perks=3250572790,3492396210,2817499044,3192447905
dimwishlist:item=1572604081&perks=3250572790,3492396210,2817499044,2396489472
dimwishlist:item=1572604081&perks=3250572790,3492396210,2817499044,598607952
dimwishlist:item=1572604081&perks=3250572790,3492396210,923806249,1439600632
dimwishlist:item=1572604081&perks=3250572790,3492396210,923806249,2282937672
dimwishlist:item=1572604081&perks=3250572790,3492396210,923806249,3764420437
dimwishlist:item=1572604081&perks=3250572790,3492396210,923806249,3192447905
dimwishlist:item=1572604081&perks=3250572790,3492396210,923806249,2396489472
dimwishlist:item=1572604081&perks=3250572790,3492396210,923806249,598607952
dimwishlist:item=1572604081&perks=3250572790,3492396210,3422796781,1439600632
dimwishlist:item=1572604081&perks=3250572790,3492396210,3422796781,2282937672
dimwishlist:item=1572604081&perks=3250572790,3492396210,3422796781,3764420437
dimwishlist:item=1572604081&perks=3250572790,3492396210,3422796781,3192447905
dimwishlist:item=1572604081&perks=3250572790,3492396210,3422796781,2396489472
dimwishlist:item=1572604081&perks=3250572790,3492396210,3422796781,598607952
dimwishlist:item=1572604081&perks=3250572790,3807404750,1421772400,1439600632
dimwishlist:item=1572604081&perks=3250572790,3807404750,1421772400,2282937672
dimwishlist:item=1572604081&perks=3250572790,3807404750,1421772400,3764420437
dimwishlist:item=1572604081&perks=3250572790,3807404750,1421772400,3192447905
dimwishlist:item=1572604081&perks=3250572790,3807404750,1421772400,2396489472
dimwishlist:item=1572604081&perks=3250572790,3807404750,1421772400,598607952
dimwishlist:item=1572604081&perks=3250572790,3807404750,3291427296,1439600632
dimwishlist:item=1572604081&perks=3250572790,3807404750,3291427296,2282937672
dimwishlist:item=1572604081&perks=3250572790,3807404750,3291427296,3764420437
dimwishlist:item=1572604081&perks=3250572790,3807404750,3291427296,3192447905
dimwishlist:item=1572604081&perks=3250572790,3807404750,3291427296,2396489472
dimwishlist:item=1572604081&perks=3250572790,3807404750,3291427296,598607952
dimwishlist:item=1572604081&perks=3250572790,3807404750,3987942396,1439600632
dimwishlist:item=1572604081&perks=3250572790,3807404750,3987942396,2282937672
dimwishlist:item=1572604081&perks=3250572790,3807404750,3987942396,3764420437
dimwishlist:item=1572604081&perks=3250572790,3807404750,3987942396,3192447905
dimwishlist:item=1572604081&perks=3250572790,3807404750,3987942396,2396489472
dimwishlist:item=1572604081&perks=3250572790,3807404750,3987942396,598607952
dimwishlist:item=1572604081&perks=3250572790,3807404750,2817499044,1439600632
dimwishlist:item=1572604081&perks=3250572790,3807404750,2817499044,2282937672
dimwishlist:item=1572604081&perks=3250572790,3807404750,2817499044,3764420437
dimwishlist:item=1572604081&perks=3250572790,3807404750,2817499044,3192447905
dimwishlist:item=1572604081&perks=3250572790,3807404750,2817499044,2396489472
dimwishlist:item=1572604081&perks=3250572790,3807404750,2817499044,598607952
dimwishlist:item=1572604081&perks=3250572790,3807404750,923806249,1439600632
dimwishlist:item=1572604081&perks=3250572790,3807404750,923806249,2282937672
dimwishlist:item=1572604081&perks=3250572790,3807404750,923806249,3764420437
dimwishlist:item=1572604081&perks=3250572790,3807404750,923806249,3192447905
dimwishlist:item=1572604081&perks=3250572790,3807404750,923806249,2396489472
dimwishlist:item=1572604081&perks=3250572790,3807404750,923806249,598607952
dimwishlist:item=1572604081&perks=3250572790,3807404750,3422796781,1439600632
dimwishlist:item=1572604081&perks=3250572790,3807404750,3422796781,2282937672
dimwishlist:item=1572604081&perks=3250572790,3807404750,3422796781,3764420437
dimwishlist:item=1572604081&perks=3250572790,3807404750,3422796781,3192447905
dimwishlist:item=1572604081&perks=3250572790,3807404750,3422796781,2396489472
dimwishlist:item=1572604081&perks=3250572790,3807404750,3422796781,598607952


//Found Verdict
//notes:Aegis Top Arc Shotgun: S Tier. Best With 'Timelost Magazine' Origin Trait. MW: Handling or Reload
dimwishlist:item=3197270240&perks=1300023272,791862061,3418782618,2679249093
dimwishlist:item=3197270240&perks=1300023272,1488599449,3418782618,2679249093
dimwishlist:item=3197270240&perks=2371713880,791862061,3418782618,2679249093
dimwishlist:item=3197270240&perks=2371713880,1488599449,3418782618,2679249093
dimwishlist:item=631439337&perks=1300023272,791862061,3418782618,2679249093
dimwishlist:item=631439337&perks=1300023272,1488599449,3418782618,2679249093
dimwishlist:item=631439337&perks=2371713880,791862061,3418782618,2679249093
dimwishlist:item=631439337&perks=2371713880,1488599449,3418782618,2679249093
dimwishlist:item=694500607&perks=1300023272,791862061,3764420437,2360754333
dimwishlist:item=694500607&perks=1300023272,791862061,3764420437,2459015849
dimwishlist:item=694500607&perks=1300023272,791862061,3764420437,2679249093
dimwishlist:item=694500607&perks=1300023272,791862061,3764420437,788178929
dimwishlist:item=694500607&perks=1300023272,791862061,3764420437,654512643
dimwishlist:item=694500607&perks=1300023272,791862061,3764420437,4065965131
dimwishlist:item=694500607&perks=1300023272,791862061,3192447905,2360754333
dimwishlist:item=694500607&perks=1300023272,791862061,3192447905,2459015849
dimwishlist:item=694500607&perks=1300023272,791862061,3192447905,2679249093
dimwishlist:item=694500607&perks=1300023272,791862061,3192447905,788178929
dimwishlist:item=694500607&perks=1300023272,791862061,3192447905,654512643
dimwishlist:item=694500607&perks=1300023272,791862061,3192447905,4065965131
dimwishlist:item=694500607&perks=1300023272,791862061,3978468247,2360754333
dimwishlist:item=694500607&perks=1300023272,791862061,3978468247,2459015849
dimwishlist:item=694500607&perks=1300023272,791862061,3978468247,2679249093
dimwishlist:item=694500607&perks=1300023272,791862061,3978468247,788178929
dimwishlist:item=694500607&perks=1300023272,791862061,3978468247,654512643
dimwishlist:item=694500607&perks=1300023272,791862061,3978468247,4065965131
dimwishlist:item=694500607&perks=1300023272,791862061,906981559,2360754333
dimwishlist:item=694500607&perks=1300023272,791862061,906981559,2459015849
dimwishlist:item=694500607&perks=1300023272,791862061,906981559,2679249093
dimwishlist:item=694500607&perks=1300023272,791862061,906981559,788178929
dimwishlist:item=694500607&perks=1300023272,791862061,906981559,654512643
dimwishlist:item=694500607&perks=1300023272,791862061,906981559,4065965131
dimwishlist:item=694500607&perks=1300023272,791862061,3418782618,2360754333
dimwishlist:item=694500607&perks=1300023272,791862061,3418782618,2459015849
dimwishlist:item=694500607&perks=1300023272,791862061,3418782618,2679249093
dimwishlist:item=694500607&perks=1300023272,791862061,3418782618,788178929
dimwishlist:item=694500607&perks=1300023272,791862061,3418782618,654512643
dimwishlist:item=694500607&perks=1300023272,791862061,3418782618,4065965131
dimwishlist:item=694500607&perks=1300023272,791862061,1563455254,2360754333
dimwishlist:item=694500607&perks=1300023272,791862061,1563455254,2459015849
dimwishlist:item=694500607&perks=1300023272,791862061,1563455254,2679249093
dimwishlist:item=694500607&perks=1300023272,791862061,1563455254,788178929
dimwishlist:item=694500607&perks=1300023272,791862061,1563455254,654512643
dimwishlist:item=694500607&perks=1300023272,791862061,1563455254,4065965131
dimwishlist:item=694500607&perks=1300023272,1488599449,3764420437,2360754333
dimwishlist:item=694500607&perks=1300023272,1488599449,3764420437,2459015849
dimwishlist:item=694500607&perks=1300023272,1488599449,3764420437,2679249093
dimwishlist:item=694500607&perks=1300023272,1488599449,3764420437,788178929
dimwishlist:item=694500607&perks=1300023272,1488599449,3764420437,654512643
dimwishlist:item=694500607&perks=1300023272,1488599449,3764420437,4065965131
dimwishlist:item=694500607&perks=1300023272,1488599449,3192447905,2360754333
dimwishlist:item=694500607&perks=1300023272,1488599449,3192447905,2459015849
dimwishlist:item=694500607&perks=1300023272,1488599449,3192447905,2679249093
dimwishlist:item=694500607&perks=1300023272,1488599449,3192447905,788178929
dimwishlist:item=694500607&perks=1300023272,1488599449,3192447905,654512643
dimwishlist:item=694500607&perks=1300023272,1488599449,3192447905,4065965131
dimwishlist:item=694500607&perks=1300023272,1488599449,3978468247,2360754333
dimwishlist:item=694500607&perks=1300023272,1488599449,3978468247,2459015849
dimwishlist:item=694500607&perks=1300023272,1488599449,3978468247,2679249093
dimwishlist:item=694500607&perks=1300023272,1488599449,3978468247,788178929
dimwishlist:item=694500607&perks=1300023272,1488599449,3978468247,654512643
dimwishlist:item=694500607&perks=1300023272,1488599449,3978468247,4065965131
dimwishlist:item=694500607&perks=1300023272,1488599449,906981559,2360754333
dimwishlist:item=694500607&perks=1300023272,1488599449,906981559,2459015849
dimwishlist:item=694500607&perks=1300023272,1488599449,906981559,2679249093
dimwishlist:item=694500607&perks=1300023272,1488599449,906981559,788178929
dimwishlist:item=694500607&perks=1300023272,1488599449,906981559,654512643
dimwishlist:item=694500607&perks=1300023272,1488599449,906981559,4065965131
dimwishlist:item=694500607&perks=1300023272,1488599449,3418782618,2360754333
dimwishlist:item=694500607&perks=1300023272,1488599449,3418782618,2459015849
dimwishlist:item=694500607&perks=1300023272,1488599449,3418782618,2679249093
dimwishlist:item=694500607&perks=1300023272,1488599449,3418782618,788178929
dimwishlist:item=694500607&perks=1300023272,1488599449,3418782618,654512643
dimwishlist:item=694500607&perks=1300023272,1488599449,3418782618,4065965131
dimwishlist:item=694500607&perks=1300023272,1488599449,1563455254,2360754333
dimwishlist:item=694500607&perks=1300023272,1488599449,1563455254,2459015849
dimwishlist:item=694500607&perks=1300023272,1488599449,1563455254,2679249093
dimwishlist:item=694500607&perks=1300023272,1488599449,1563455254,788178929
dimwishlist:item=694500607&perks=1300023272,1488599449,1563455254,654512643
dimwishlist:item=694500607&perks=1300023272,1488599449,1563455254,4065965131
dimwishlist:item=694500607&perks=2371713880,791862061,3764420437,2360754333
dimwishlist:item=694500607&perks=2371713880,791862061,3764420437,2459015849
dimwishlist:item=694500607&perks=2371713880,791862061,3764420437,2679249093
dimwishlist:item=694500607&perks=2371713880,791862061,3764420437,788178929
dimwishlist:item=694500607&perks=2371713880,791862061,3764420437,654512643
dimwishlist:item=694500607&perks=2371713880,791862061,3764420437,4065965131
dimwishlist:item=694500607&perks=2371713880,791862061,3192447905,2360754333
dimwishlist:item=694500607&perks=2371713880,791862061,3192447905,2459015849
dimwishlist:item=694500607&perks=2371713880,791862061,3192447905,2679249093
dimwishlist:item=694500607&perks=2371713880,791862061,3192447905,788178929
dimwishlist:item=694500607&perks=2371713880,791862061,3192447905,654512643
dimwishlist:item=694500607&perks=2371713880,791862061,3192447905,4065965131
dimwishlist:item=694500607&perks=2371713880,791862061,3978468247,2360754333
dimwishlist:item=694500607&perks=2371713880,791862061,3978468247,2459015849
dimwishlist:item=694500607&perks=2371713880,791862061,3978468247,2679249093
dimwishlist:item=694500607&perks=2371713880,791862061,3978468247,788178929
dimwishlist:item=694500607&perks=2371713880,791862061,3978468247,654512643
dimwishlist:item=694500607&perks=2371713880,791862061,3978468247,4065965131
dimwishlist:item=694500607&perks=2371713880,791862061,906981559,2360754333
dimwishlist:item=694500607&perks=2371713880,791862061,906981559,2459015849
dimwishlist:item=694500607&perks=2371713880,791862061,906981559,2679249093
dimwishlist:item=694500607&perks=2371713880,791862061,906981559,788178929
dimwishlist:item=694500607&perks=2371713880,791862061,906981559,654512643
dimwishlist:item=694500607&perks=2371713880,791862061,906981559,4065965131
dimwishlist:item=694500607&perks=2371713880,791862061,3418782618,2360754333
dimwishlist:item=694500607&perks=2371713880,791862061,3418782618,2459015849
dimwishlist:item=694500607&perks=2371713880,791862061,3418782618,2679249093
dimwishlist:item=694500607&perks=2371713880,791862061,3418782618,788178929
dimwishlist:item=694500607&perks=2371713880,791862061,3418782618,654512643
dimwishlist:item=694500607&perks=2371713880,791862061,3418782618,4065965131
dimwishlist:item=694500607&perks=2371713880,791862061,1563455254,2360754333
dimwishlist:item=694500607&perks=2371713880,791862061,1563455254,2459015849
dimwishlist:item=694500607&perks=2371713880,791862061,1563455254,2679249093
dimwishlist:item=694500607&perks=2371713880,791862061,1563455254,788178929
dimwishlist:item=694500607&perks=2371713880,791862061,1563455254,654512643
dimwishlist:item=694500607&perks=2371713880,791862061,1563455254,4065965131
dimwishlist:item=694500607&perks=2371713880,1488599449,3764420437,2360754333
dimwishlist:item=694500607&perks=2371713880,1488599449,3764420437,2459015849
dimwishlist:item=694500607&perks=2371713880,1488599449,3764420437,2679249093
dimwishlist:item=694500607&perks=2371713880,1488599449,3764420437,788178929
dimwishlist:item=694500607&perks=2371713880,1488599449,3764420437,654512643
dimwishlist:item=694500607&perks=2371713880,1488599449,3764420437,4065965131
dimwishlist:item=694500607&perks=2371713880,1488599449,3192447905,2360754333
dimwishlist:item=694500607&perks=2371713880,1488599449,3192447905,2459015849
dimwishlist:item=694500607&perks=2371713880,1488599449,3192447905,2679249093
dimwishlist:item=694500607&perks=2371713880,1488599449,3192447905,788178929
dimwishlist:item=694500607&perks=2371713880,1488599449,3192447905,654512643
dimwishlist:item=694500607&perks=2371713880,1488599449,3192447905,4065965131
dimwishlist:item=694500607&perks=2371713880,1488599449,3978468247,2360754333
dimwishlist:item=694500607&perks=2371713880,1488599449,3978468247,2459015849
dimwishlist:item=694500607&perks=2371713880,1488599449,3978468247,2679249093
dimwishlist:item=694500607&perks=2371713880,1488599449,3978468247,788178929
dimwishlist:item=694500607&perks=2371713880,1488599449,3978468247,654512643
dimwishlist:item=694500607&perks=2371713880,1488599449,3978468247,4065965131
dimwishlist:item=694500607&perks=2371713880,1488599449,906981559,2360754333
dimwishlist:item=694500607&perks=2371713880,1488599449,906981559,2459015849
dimwishlist:item=694500607&perks=2371713880,1488599449,906981559,2679249093
dimwishlist:item=694500607&perks=2371713880,1488599449,906981559,788178929
dimwishlist:item=694500607&perks=2371713880,1488599449,906981559,654512643
dimwishlist:item=694500607&perks=2371713880,1488599449,906981559,4065965131
dimwishlist:item=694500607&perks=2371713880,1488599449,3418782618,2360754333
dimwishlist:item=694500607&perks=2371713880,1488599449,3418782618,2459015849
dimwishlist:item=694500607&perks=2371713880,1488599449,3418782618,2679249093
dimwishlist:item=694500607&perks=2371713880,1488599449,3418782618,788178929
dimwishlist:item=694500607&perks=2371713880,1488599449,3418782618,654512643
dimwishlist:item=694500607&perks=2371713880,1488599449,3418782618,4065965131
dimwishlist:item=694500607&perks=2371713880,1488599449,1563455254,2360754333
dimwishlist:item=694500607&perks=2371713880,1488599449,1563455254,2459015849
dimwishlist:item=694500607&perks=2371713880,1488599449,1563455254,2679249093
dimwishlist:item=694500607&perks=2371713880,1488599449,1563455254,788178929
dimwishlist:item=694500607&perks=2371713880,1488599449,1563455254,654512643
dimwishlist:item=694500607&perks=2371713880,1488599449,1563455254,4065965131
dimwishlist:item=851296754&perks=1300023272,791862061,3764420437,2360754333
dimwishlist:item=851296754&perks=1300023272,791862061,3764420437,2459015849
dimwishlist:item=851296754&perks=1300023272,791862061,3764420437,2679249093
dimwishlist:item=851296754&perks=1300023272,791862061,3764420437,788178929
dimwishlist:item=851296754&perks=1300023272,791862061,3764420437,654512643
dimwishlist:item=851296754&perks=1300023272,791862061,3764420437,4065965131
dimwishlist:item=851296754&perks=1300023272,791862061,3192447905,2360754333
dimwishlist:item=851296754&perks=1300023272,791862061,3192447905,2459015849
dimwishlist:item=851296754&perks=1300023272,791862061,3192447905,2679249093
dimwishlist:item=851296754&perks=1300023272,791862061,3192447905,788178929
dimwishlist:item=851296754&perks=1300023272,791862061,3192447905,654512643
dimwishlist:item=851296754&perks=1300023272,791862061,3192447905,4065965131
dimwishlist:item=851296754&perks=1300023272,791862061,3978468247,2360754333
dimwishlist:item=851296754&perks=1300023272,791862061,3978468247,2459015849
dimwishlist:item=851296754&perks=1300023272,791862061,3978468247,2679249093
dimwishlist:item=851296754&perks=1300023272,791862061,3978468247,788178929
dimwishlist:item=851296754&perks=1300023272,791862061,3978468247,654512643
dimwishlist:item=851296754&perks=1300023272,791862061,3978468247,4065965131
dimwishlist:item=851296754&perks=1300023272,791862061,906981559,2360754333
dimwishlist:item=851296754&perks=1300023272,791862061,906981559,2459015849
dimwishlist:item=851296754&perks=1300023272,791862061,906981559,2679249093
dimwishlist:item=851296754&perks=1300023272,791862061,906981559,788178929
dimwishlist:item=851296754&perks=1300023272,791862061,906981559,654512643
dimwishlist:item=851296754&perks=1300023272,791862061,906981559,4065965131
dimwishlist:item=851296754&perks=1300023272,791862061,3418782618,2360754333
dimwishlist:item=851296754&perks=1300023272,791862061,3418782618,2459015849
dimwishlist:item=851296754&perks=1300023272,791862061,3418782618,2679249093
dimwishlist:item=851296754&perks=1300023272,791862061,3418782618,788178929
dimwishlist:item=851296754&perks=1300023272,791862061,3418782618,654512643
dimwishlist:item=851296754&perks=1300023272,791862061,3418782618,4065965131
dimwishlist:item=851296754&perks=1300023272,791862061,1563455254,2360754333
dimwishlist:item=851296754&perks=1300023272,791862061,1563455254,2459015849
dimwishlist:item=851296754&perks=1300023272,791862061,1563455254,2679249093
dimwishlist:item=851296754&perks=1300023272,791862061,1563455254,788178929
dimwishlist:item=851296754&perks=1300023272,791862061,1563455254,654512643
dimwishlist:item=851296754&perks=1300023272,791862061,1563455254,4065965131
dimwishlist:item=851296754&perks=1300023272,1488599449,3764420437,2360754333
dimwishlist:item=851296754&perks=1300023272,1488599449,3764420437,2459015849
dimwishlist:item=851296754&perks=1300023272,1488599449,3764420437,2679249093
dimwishlist:item=851296754&perks=1300023272,1488599449,3764420437,788178929
dimwishlist:item=851296754&perks=1300023272,1488599449,3764420437,654512643
dimwishlist:item=851296754&perks=1300023272,1488599449,3764420437,4065965131
dimwishlist:item=851296754&perks=1300023272,1488599449,3192447905,2360754333
dimwishlist:item=851296754&perks=1300023272,1488599449,3192447905,2459015849
dimwishlist:item=851296754&perks=1300023272,1488599449,3192447905,2679249093
dimwishlist:item=851296754&perks=1300023272,1488599449,3192447905,788178929
dimwishlist:item=851296754&perks=1300023272,1488599449,3192447905,654512643
dimwishlist:item=851296754&perks=1300023272,1488599449,3192447905,4065965131
dimwishlist:item=851296754&perks=1300023272,1488599449,3978468247,2360754333
dimwishlist:item=851296754&perks=1300023272,1488599449,3978468247,2459015849
dimwishlist:item=851296754&perks=1300023272,1488599449,3978468247,2679249093
dimwishlist:item=851296754&perks=1300023272,1488599449,3978468247,788178929
dimwishlist:item=851296754&perks=1300023272,1488599449,3978468247,654512643
dimwishlist:item=851296754&perks=1300023272,1488599449,3978468247,4065965131
dimwishlist:item=851296754&perks=1300023272,1488599449,906981559,2360754333
dimwishlist:item=851296754&perks=1300023272,1488599449,906981559,2459015849
dimwishlist:item=851296754&perks=1300023272,1488599449,906981559,2679249093
dimwishlist:item=851296754&perks=1300023272,1488599449,906981559,788178929
dimwishlist:item=851296754&perks=1300023272,1488599449,906981559,654512643
dimwishlist:item=851296754&perks=1300023272,1488599449,906981559,4065965131
dimwishlist:item=851296754&perks=1300023272,1488599449,3418782618,2360754333
dimwishlist:item=851296754&perks=1300023272,1488599449,3418782618,2459015849
dimwishlist:item=851296754&perks=1300023272,1488599449,3418782618,2679249093
dimwishlist:item=851296754&perks=1300023272,1488599449,3418782618,788178929
dimwishlist:item=851296754&perks=1300023272,1488599449,3418782618,654512643
dimwishlist:item=851296754&perks=1300023272,1488599449,3418782618,4065965131
dimwishlist:item=851296754&perks=1300023272,1488599449,1563455254,2360754333
dimwishlist:item=851296754&perks=1300023272,1488599449,1563455254,2459015849
dimwishlist:item=851296754&perks=1300023272,1488599449,1563455254,2679249093
dimwishlist:item=851296754&perks=1300023272,1488599449,1563455254,788178929
dimwishlist:item=851296754&perks=1300023272,1488599449,1563455254,654512643
dimwishlist:item=851296754&perks=1300023272,1488599449,1563455254,4065965131
dimwishlist:item=851296754&perks=2371713880,791862061,3764420437,2360754333
dimwishlist:item=851296754&perks=2371713880,791862061,3764420437,2459015849
dimwishlist:item=851296754&perks=2371713880,791862061,3764420437,2679249093
dimwishlist:item=851296754&perks=2371713880,791862061,3764420437,788178929
dimwishlist:item=851296754&perks=2371713880,791862061,3764420437,654512643
dimwishlist:item=851296754&perks=2371713880,791862061,3764420437,4065965131
dimwishlist:item=851296754&perks=2371713880,791862061,3192447905,2360754333
dimwishlist:item=851296754&perks=2371713880,791862061,3192447905,2459015849
dimwishlist:item=851296754&perks=2371713880,791862061,3192447905,2679249093
dimwishlist:item=851296754&perks=2371713880,791862061,3192447905,788178929
dimwishlist:item=851296754&perks=2371713880,791862061,3192447905,654512643
dimwishlist:item=851296754&perks=2371713880,791862061,3192447905,4065965131
dimwishlist:item=851296754&perks=2371713880,791862061,3978468247,2360754333
dimwishlist:item=851296754&perks=2371713880,791862061,3978468247,2459015849
dimwishlist:item=851296754&perks=2371713880,791862061,3978468247,2679249093
dimwishlist:item=851296754&perks=2371713880,791862061,3978468247,788178929
dimwishlist:item=851296754&perks=2371713880,791862061,3978468247,654512643
dimwishlist:item=851296754&perks=2371713880,791862061,3978468247,4065965131
dimwishlist:item=851296754&perks=2371713880,791862061,906981559,2360754333
dimwishlist:item=851296754&perks=2371713880,791862061,906981559,2459015849
dimwishlist:item=851296754&perks=2371713880,791862061,906981559,2679249093
dimwishlist:item=851296754&perks=2371713880,791862061,906981559,788178929
dimwishlist:item=851296754&perks=2371713880,791862061,906981559,654512643
dimwishlist:item=851296754&perks=2371713880,791862061,906981559,4065965131
dimwishlist:item=851296754&perks=2371713880,791862061,3418782618,2360754333
dimwishlist:item=851296754&perks=2371713880,791862061,3418782618,2459015849
dimwishlist:item=851296754&perks=2371713880,791862061,3418782618,2679249093
dimwishlist:item=851296754&perks=2371713880,791862061,3418782618,788178929
dimwishlist:item=851296754&perks=2371713880,791862061,3418782618,654512643
dimwishlist:item=851296754&perks=2371713880,791862061,3418782618,4065965131
dimwishlist:item=851296754&perks=2371713880,791862061,1563455254,2360754333
dimwishlist:item=851296754&perks=2371713880,791862061,1563455254,2459015849
dimwishlist:item=851296754&perks=2371713880,791862061,1563455254,2679249093
dimwishlist:item=851296754&perks=2371713880,791862061,1563455254,788178929
dimwishlist:item=851296754&perks=2371713880,791862061,1563455254,654512643
dimwishlist:item=851296754&perks=2371713880,791862061,1563455254,4065965131
dimwishlist:item=851296754&perks=2371713880,1488599449,3764420437,2360754333
dimwishlist:item=851296754&perks=2371713880,1488599449,3764420437,2459015849
dimwishlist:item=851296754&perks=2371713880,1488599449,3764420437,2679249093
dimwishlist:item=851296754&perks=2371713880,1488599449,3764420437,788178929
dimwishlist:item=851296754&perks=2371713880,1488599449,3764420437,654512643
dimwishlist:item=851296754&perks=2371713880,1488599449,3764420437,4065965131
dimwishlist:item=851296754&perks=2371713880,1488599449,3192447905,2360754333
dimwishlist:item=851296754&perks=2371713880,1488599449,3192447905,2459015849
dimwishlist:item=851296754&perks=2371713880,1488599449,3192447905,2679249093
dimwishlist:item=851296754&perks=2371713880,1488599449,3192447905,788178929
dimwishlist:item=851296754&perks=2371713880,1488599449,3192447905,654512643
dimwishlist:item=851296754&perks=2371713880,1488599449,3192447905,4065965131
dimwishlist:item=851296754&perks=2371713880,1488599449,3978468247,2360754333
dimwishlist:item=851296754&perks=2371713880,1488599449,3978468247,2459015849
dimwishlist:item=851296754&perks=2371713880,1488599449,3978468247,2679249093
dimwishlist:item=851296754&perks=2371713880,1488599449,3978468247,788178929
dimwishlist:item=851296754&perks=2371713880,1488599449,3978468247,654512643
dimwishlist:item=851296754&perks=2371713880,1488599449,3978468247,4065965131
dimwishlist:item=851296754&perks=2371713880,1488599449,906981559,2360754333
dimwishlist:item=851296754&perks=2371713880,1488599449,906981559,2459015849
dimwishlist:item=851296754&perks=2371713880,1488599449,906981559,2679249093
dimwishlist:item=851296754&perks=2371713880,1488599449,906981559,788178929
dimwishlist:item=851296754&perks=2371713880,1488599449,906981559,654512643
dimwishlist:item=851296754&perks=2371713880,1488599449,906981559,4065965131
dimwishlist:item=851296754&perks=2371713880,1488599449,3418782618,2360754333
dimwishlist:item=851296754&perks=2371713880,1488599449,3418782618,2459015849
dimwishlist:item=851296754&perks=2371713880,1488599449,3418782618,2679249093
dimwishlist:item=851296754&perks=2371713880,1488599449,3418782618,788178929
dimwishlist:item=851296754&perks=2371713880,1488599449,3418782618,654512643
dimwishlist:item=851296754&perks=2371713880,1488599449,3418782618,4065965131
dimwishlist:item=851296754&perks=2371713880,1488599449,1563455254,2360754333
dimwishlist:item=851296754&perks=2371713880,1488599449,1563455254,2459015849
dimwishlist:item=851296754&perks=2371713880,1488599449,1563455254,2679249093
dimwishlist:item=851296754&perks=2371713880,1488599449,1563455254,788178929
dimwishlist:item=851296754&perks=2371713880,1488599449,1563455254,654512643
dimwishlist:item=851296754&perks=2371713880,1488599449,1563455254,4065965131


//Felwinter's Lie
//notes:Aegis Top Solar Shotgun: A Tier. Best With 'Skulking Wolf' Origin Trait. MW: Handling or Reload
dimwishlist:item=218787950&perks=1300023272,791862061,3751912585,3078487919
dimwishlist:item=218787950&perks=1300023272,791862061,3751912585,3744057135
dimwishlist:item=218787950&perks=1300023272,791862061,3751912585,2360754333
dimwishlist:item=218787950&perks=1300023272,791862061,3751912585,2459015849
dimwishlist:item=218787950&perks=1300023272,791862061,3751912585,2679249093
dimwishlist:item=218787950&perks=1300023272,791862061,3751912585,788178929
dimwishlist:item=218787950&perks=1300023272,791862061,331667533,3078487919
dimwishlist:item=218787950&perks=1300023272,791862061,331667533,3744057135
dimwishlist:item=218787950&perks=1300023272,791862061,331667533,2360754333
dimwishlist:item=218787950&perks=1300023272,791862061,331667533,2459015849
dimwishlist:item=218787950&perks=1300023272,791862061,331667533,2679249093
dimwishlist:item=218787950&perks=1300023272,791862061,331667533,788178929
dimwishlist:item=218787950&perks=1300023272,791862061,1821614984,3078487919
dimwishlist:item=218787950&perks=1300023272,791862061,1821614984,3744057135
dimwishlist:item=218787950&perks=1300023272,791862061,1821614984,2360754333
dimwishlist:item=218787950&perks=1300023272,791862061,1821614984,2459015849
dimwishlist:item=218787950&perks=1300023272,791862061,1821614984,2679249093
dimwishlist:item=218787950&perks=1300023272,791862061,1821614984,788178929
dimwishlist:item=218787950&perks=1300023272,791862061,1942880504,3078487919
dimwishlist:item=218787950&perks=1300023272,791862061,1942880504,3744057135
dimwishlist:item=218787950&perks=1300023272,791862061,1942880504,2360754333
dimwishlist:item=218787950&perks=1300023272,791862061,1942880504,2459015849
dimwishlist:item=218787950&perks=1300023272,791862061,1942880504,2679249093
dimwishlist:item=218787950&perks=1300023272,791862061,1942880504,788178929
dimwishlist:item=218787950&perks=1300023272,1488599449,3751912585,3078487919
dimwishlist:item=218787950&perks=1300023272,1488599449,3751912585,3744057135
dimwishlist:item=218787950&perks=1300023272,1488599449,3751912585,2360754333
dimwishlist:item=218787950&perks=1300023272,1488599449,3751912585,2459015849
dimwishlist:item=218787950&perks=1300023272,1488599449,3751912585,2679249093
dimwishlist:item=218787950&perks=1300023272,1488599449,3751912585,788178929
dimwishlist:item=218787950&perks=1300023272,1488599449,331667533,3078487919
dimwishlist:item=218787950&perks=1300023272,1488599449,331667533,3744057135
dimwishlist:item=218787950&perks=1300023272,1488599449,331667533,2360754333
dimwishlist:item=218787950&perks=1300023272,1488599449,331667533,2459015849
dimwishlist:item=218787950&perks=1300023272,1488599449,331667533,2679249093
dimwishlist:item=218787950&perks=1300023272,1488599449,331667533,788178929
dimwishlist:item=218787950&perks=1300023272,1488599449,1821614984,3078487919
dimwishlist:item=218787950&perks=1300023272,1488599449,1821614984,3744057135
dimwishlist:item=218787950&perks=1300023272,1488599449,1821614984,2360754333
dimwishlist:item=218787950&perks=1300023272,1488599449,1821614984,2459015849
dimwishlist:item=218787950&perks=1300023272,1488599449,1821614984,2679249093
dimwishlist:item=218787950&perks=1300023272,1488599449,1821614984,788178929
dimwishlist:item=218787950&perks=1300023272,1488599449,1942880504,3078487919
dimwishlist:item=218787950&perks=1300023272,1488599449,1942880504,3744057135
dimwishlist:item=218787950&perks=1300023272,1488599449,1942880504,2360754333
dimwishlist:item=218787950&perks=1300023272,1488599449,1942880504,2459015849
dimwishlist:item=218787950&perks=1300023272,1488599449,1942880504,2679249093
dimwishlist:item=218787950&perks=1300023272,1488599449,1942880504,788178929
dimwishlist:item=218787950&perks=2371713880,791862061,3751912585,3078487919
dimwishlist:item=218787950&perks=2371713880,791862061,3751912585,3744057135
dimwishlist:item=218787950&perks=2371713880,791862061,3751912585,2360754333
dimwishlist:item=218787950&perks=2371713880,791862061,3751912585,2459015849
dimwishlist:item=218787950&perks=2371713880,791862061,3751912585,2679249093
dimwishlist:item=218787950&perks=2371713880,791862061,3751912585,788178929
dimwishlist:item=218787950&perks=2371713880,791862061,331667533,3078487919
dimwishlist:item=218787950&perks=2371713880,791862061,331667533,3744057135
dimwishlist:item=218787950&perks=2371713880,791862061,331667533,2360754333
dimwishlist:item=218787950&perks=2371713880,791862061,331667533,2459015849
dimwishlist:item=218787950&perks=2371713880,791862061,331667533,2679249093
dimwishlist:item=218787950&perks=2371713880,791862061,331667533,788178929
dimwishlist:item=218787950&perks=2371713880,791862061,1821614984,3078487919
dimwishlist:item=218787950&perks=2371713880,791862061,1821614984,3744057135
dimwishlist:item=218787950&perks=2371713880,791862061,1821614984,2360754333
dimwishlist:item=218787950&perks=2371713880,791862061,1821614984,2459015849
dimwishlist:item=218787950&perks=2371713880,791862061,1821614984,2679249093
dimwishlist:item=218787950&perks=2371713880,791862061,1821614984,788178929
dimwishlist:item=218787950&perks=2371713880,791862061,1942880504,3078487919
dimwishlist:item=218787950&perks=2371713880,791862061,1942880504,3744057135
dimwishlist:item=218787950&perks=2371713880,791862061,1942880504,2360754333
dimwishlist:item=218787950&perks=2371713880,791862061,1942880504,2459015849
dimwishlist:item=218787950&perks=2371713880,791862061,1942880504,2679249093
dimwishlist:item=218787950&perks=2371713880,791862061,1942880504,788178929
dimwishlist:item=218787950&perks=2371713880,1488599449,3751912585,3078487919
dimwishlist:item=218787950&perks=2371713880,1488599449,3751912585,3744057135
dimwishlist:item=218787950&perks=2371713880,1488599449,3751912585,2360754333
dimwishlist:item=218787950&perks=2371713880,1488599449,3751912585,2459015849
dimwishlist:item=218787950&perks=2371713880,1488599449,3751912585,2679249093
dimwishlist:item=218787950&perks=2371713880,1488599449,3751912585,788178929
dimwishlist:item=218787950&perks=2371713880,1488599449,331667533,3078487919
dimwishlist:item=218787950&perks=2371713880,1488599449,331667533,3744057135
dimwishlist:item=218787950&perks=2371713880,1488599449,331667533,2360754333
dimwishlist:item=218787950&perks=2371713880,1488599449,331667533,2459015849
dimwishlist:item=218787950&perks=2371713880,1488599449,331667533,2679249093
dimwishlist:item=218787950&perks=2371713880,1488599449,331667533,788178929
dimwishlist:item=218787950&perks=2371713880,1488599449,1821614984,3078487919
dimwishlist:item=218787950&perks=2371713880,1488599449,1821614984,3744057135
dimwishlist:item=218787950&perks=2371713880,1488599449,1821614984,2360754333
dimwishlist:item=218787950&perks=2371713880,1488599449,1821614984,2459015849
dimwishlist:item=218787950&perks=2371713880,1488599449,1821614984,2679249093
dimwishlist:item=218787950&perks=2371713880,1488599449,1821614984,788178929
dimwishlist:item=218787950&perks=2371713880,1488599449,1942880504,3078487919
dimwishlist:item=218787950&perks=2371713880,1488599449,1942880504,3744057135
dimwishlist:item=218787950&perks=2371713880,1488599449,1942880504,2360754333
dimwishlist:item=218787950&perks=2371713880,1488599449,1942880504,2459015849
dimwishlist:item=218787950&perks=2371713880,1488599449,1942880504,2679249093
dimwishlist:item=218787950&perks=2371713880,1488599449,1942880504,788178929


//Father's Sins
//notes:Aegis Top Void Sniper: A Tier. Best With 'Psychohack' Origin Trait. MW: Handling
dimwishlist:item=3865728990&perks=1840239774,106909392,3400784728,3078487919
dimwishlist:item=3865728990&perks=1840239774,106909392,3400784728,3744057135
dimwishlist:item=3865728990&perks=1840239774,106909392,3400784728,1134488199
dimwishlist:item=3865728990&perks=1840239774,106909392,3400784728,2904194311
dimwishlist:item=3865728990&perks=1840239774,106909392,3400784728,2896038713
dimwishlist:item=3865728990&perks=1840239774,106909392,3400784728,2402480669
dimwishlist:item=3865728990&perks=1840239774,106909392,573122728,3078487919
dimwishlist:item=3865728990&perks=1840239774,106909392,573122728,3744057135
dimwishlist:item=3865728990&perks=1840239774,106909392,573122728,1134488199
dimwishlist:item=3865728990&perks=1840239774,106909392,573122728,2904194311
dimwishlist:item=3865728990&perks=1840239774,106909392,573122728,2896038713
dimwishlist:item=3865728990&perks=1840239774,106909392,573122728,2402480669
dimwishlist:item=3865728990&perks=1840239774,106909392,1556840489,3078487919
dimwishlist:item=3865728990&perks=1840239774,106909392,1556840489,3744057135
dimwishlist:item=3865728990&perks=1840239774,106909392,1556840489,1134488199
dimwishlist:item=3865728990&perks=1840239774,106909392,1556840489,2904194311
dimwishlist:item=3865728990&perks=1840239774,106909392,1556840489,2896038713
dimwishlist:item=3865728990&perks=1840239774,106909392,1556840489,2402480669
dimwishlist:item=3865728990&perks=1840239774,106909392,3442762221,3078487919
dimwishlist:item=3865728990&perks=1840239774,106909392,3442762221,3744057135
dimwishlist:item=3865728990&perks=1840239774,106909392,3442762221,1134488199
dimwishlist:item=3865728990&perks=1840239774,106909392,3442762221,2904194311
dimwishlist:item=3865728990&perks=1840239774,106909392,3442762221,2896038713
dimwishlist:item=3865728990&perks=1840239774,106909392,3442762221,2402480669
dimwishlist:item=3865728990&perks=1840239774,106909392,3700496672,3078487919
dimwishlist:item=3865728990&perks=1840239774,106909392,3700496672,3744057135
dimwishlist:item=3865728990&perks=1840239774,106909392,3700496672,1134488199
dimwishlist:item=3865728990&perks=1840239774,106909392,3700496672,2904194311
dimwishlist:item=3865728990&perks=1840239774,106909392,3700496672,2896038713
dimwishlist:item=3865728990&perks=1840239774,106909392,3700496672,2402480669
dimwishlist:item=3865728990&perks=1840239774,106909392,2840833776,3078487919
dimwishlist:item=3865728990&perks=1840239774,106909392,2840833776,3744057135
dimwishlist:item=3865728990&perks=1840239774,106909392,2840833776,1134488199
dimwishlist:item=3865728990&perks=1840239774,106909392,2840833776,2904194311
dimwishlist:item=3865728990&perks=1840239774,106909392,2840833776,2896038713
dimwishlist:item=3865728990&perks=1840239774,106909392,2840833776,2402480669
dimwishlist:item=3865728990&perks=1840239774,1783397184,3400784728,3078487919
dimwishlist:item=3865728990&perks=1840239774,1783397184,3400784728,3744057135
dimwishlist:item=3865728990&perks=1840239774,1783397184,3400784728,1134488199
dimwishlist:item=3865728990&perks=1840239774,1783397184,3400784728,2904194311
dimwishlist:item=3865728990&perks=1840239774,1783397184,3400784728,2896038713
dimwishlist:item=3865728990&perks=1840239774,1783397184,3400784728,2402480669
dimwishlist:item=3865728990&perks=1840239774,1783397184,573122728,3078487919
dimwishlist:item=3865728990&perks=1840239774,1783397184,573122728,3744057135
dimwishlist:item=3865728990&perks=1840239774,1783397184,573122728,1134488199
dimwishlist:item=3865728990&perks=1840239774,1783397184,573122728,2904194311
dimwishlist:item=3865728990&perks=1840239774,1783397184,573122728,2896038713
dimwishlist:item=3865728990&perks=1840239774,1783397184,573122728,2402480669
dimwishlist:item=3865728990&perks=1840239774,1783397184,1556840489,3078487919
dimwishlist:item=3865728990&perks=1840239774,1783397184,1556840489,3744057135
dimwishlist:item=3865728990&perks=1840239774,1783397184,1556840489,1134488199
dimwishlist:item=3865728990&perks=1840239774,1783397184,1556840489,2904194311
dimwishlist:item=3865728990&perks=1840239774,1783397184,1556840489,2896038713
dimwishlist:item=3865728990&perks=1840239774,1783397184,1556840489,2402480669
dimwishlist:item=3865728990&perks=1840239774,1783397184,3442762221,3078487919
dimwishlist:item=3865728990&perks=1840239774,1783397184,3442762221,3744057135
dimwishlist:item=3865728990&perks=1840239774,1783397184,3442762221,1134488199
dimwishlist:item=3865728990&perks=1840239774,1783397184,3442762221,2904194311
dimwishlist:item=3865728990&perks=1840239774,1783397184,3442762221,2896038713
dimwishlist:item=3865728990&perks=1840239774,1783397184,3442762221,2402480669
dimwishlist:item=3865728990&perks=1840239774,1783397184,3700496672,3078487919
dimwishlist:item=3865728990&perks=1840239774,1783397184,3700496672,3744057135
dimwishlist:item=3865728990&perks=1840239774,1783397184,3700496672,1134488199
dimwishlist:item=3865728990&perks=1840239774,1783397184,3700496672,2904194311
dimwishlist:item=3865728990&perks=1840239774,1783397184,3700496672,2896038713
dimwishlist:item=3865728990&perks=1840239774,1783397184,3700496672,2402480669
dimwishlist:item=3865728990&perks=1840239774,1783397184,2840833776,3078487919
dimwishlist:item=3865728990&perks=1840239774,1783397184,2840833776,3744057135
dimwishlist:item=3865728990&perks=1840239774,1783397184,2840833776,1134488199
dimwishlist:item=3865728990&perks=1840239774,1783397184,2840833776,2904194311
dimwishlist:item=3865728990&perks=1840239774,1783397184,2840833776,2896038713
dimwishlist:item=3865728990&perks=1840239774,1783397184,2840833776,2402480669
dimwishlist:item=3865728990&perks=1124871858,106909392,3400784728,3078487919
dimwishlist:item=3865728990&perks=1124871858,106909392,3400784728,3744057135
dimwishlist:item=3865728990&perks=1124871858,106909392,3400784728,1134488199
dimwishlist:item=3865728990&perks=1124871858,106909392,3400784728,2904194311
dimwishlist:item=3865728990&perks=1124871858,106909392,3400784728,2896038713
dimwishlist:item=3865728990&perks=1124871858,106909392,3400784728,2402480669
dimwishlist:item=3865728990&perks=1124871858,106909392,573122728,3078487919
dimwishlist:item=3865728990&perks=1124871858,106909392,573122728,3744057135
dimwishlist:item=3865728990&perks=1124871858,106909392,573122728,1134488199
dimwishlist:item=3865728990&perks=1124871858,106909392,573122728,2904194311
dimwishlist:item=3865728990&perks=1124871858,106909392,573122728,2896038713
dimwishlist:item=3865728990&perks=1124871858,106909392,573122728,2402480669
dimwishlist:item=3865728990&perks=1124871858,106909392,1556840489,3078487919
dimwishlist:item=3865728990&perks=1124871858,106909392,1556840489,3744057135
dimwishlist:item=3865728990&perks=1124871858,106909392,1556840489,1134488199
dimwishlist:item=3865728990&perks=1124871858,106909392,1556840489,2904194311
dimwishlist:item=3865728990&perks=1124871858,106909392,1556840489,2896038713
dimwishlist:item=3865728990&perks=1124871858,106909392,1556840489,2402480669
dimwishlist:item=3865728990&perks=1124871858,106909392,3442762221,3078487919
dimwishlist:item=3865728990&perks=1124871858,106909392,3442762221,3744057135
dimwishlist:item=3865728990&perks=1124871858,106909392,3442762221,1134488199
dimwishlist:item=3865728990&perks=1124871858,106909392,3442762221,2904194311
dimwishlist:item=3865728990&perks=1124871858,106909392,3442762221,2896038713
dimwishlist:item=3865728990&perks=1124871858,106909392,3442762221,2402480669
dimwishlist:item=3865728990&perks=1124871858,106909392,3700496672,3078487919
dimwishlist:item=3865728990&perks=1124871858,106909392,3700496672,3744057135
dimwishlist:item=3865728990&perks=1124871858,106909392,3700496672,1134488199
dimwishlist:item=3865728990&perks=1124871858,106909392,3700496672,2904194311
dimwishlist:item=3865728990&perks=1124871858,106909392,3700496672,2896038713
dimwishlist:item=3865728990&perks=1124871858,106909392,3700496672,2402480669
dimwishlist:item=3865728990&perks=1124871858,106909392,2840833776,3078487919
dimwishlist:item=3865728990&perks=1124871858,106909392,2840833776,3744057135
dimwishlist:item=3865728990&perks=1124871858,106909392,2840833776,1134488199
dimwishlist:item=3865728990&perks=1124871858,106909392,2840833776,2904194311
dimwishlist:item=3865728990&perks=1124871858,106909392,2840833776,2896038713
dimwishlist:item=3865728990&perks=1124871858,106909392,2840833776,2402480669
dimwishlist:item=3865728990&perks=1124871858,1783397184,3400784728,3078487919
dimwishlist:item=3865728990&perks=1124871858,1783397184,3400784728,3744057135
dimwishlist:item=3865728990&perks=1124871858,1783397184,3400784728,1134488199
dimwishlist:item=3865728990&perks=1124871858,1783397184,3400784728,2904194311
dimwishlist:item=3865728990&perks=1124871858,1783397184,3400784728,2896038713
dimwishlist:item=3865728990&perks=1124871858,1783397184,3400784728,2402480669
dimwishlist:item=3865728990&perks=1124871858,1783397184,573122728,3078487919
dimwishlist:item=3865728990&perks=1124871858,1783397184,573122728,3744057135
dimwishlist:item=3865728990&perks=1124871858,1783397184,573122728,1134488199
dimwishlist:item=3865728990&perks=1124871858,1783397184,573122728,2904194311
dimwishlist:item=3865728990&perks=1124871858,1783397184,573122728,2896038713
dimwishlist:item=3865728990&perks=1124871858,1783397184,573122728,2402480669
dimwishlist:item=3865728990&perks=1124871858,1783397184,1556840489,3078487919
dimwishlist:item=3865728990&perks=1124871858,1783397184,1556840489,3744057135
dimwishlist:item=3865728990&perks=1124871858,1783397184,1556840489,1134488199
dimwishlist:item=3865728990&perks=1124871858,1783397184,1556840489,2904194311
dimwishlist:item=3865728990&perks=1124871858,1783397184,1556840489,2896038713
dimwishlist:item=3865728990&perks=1124871858,1783397184,1556840489,2402480669
dimwishlist:item=3865728990&perks=1124871858,1783397184,3442762221,3078487919
dimwishlist:item=3865728990&perks=1124871858,1783397184,3442762221,3744057135
dimwishlist:item=3865728990&perks=1124871858,1783397184,3442762221,1134488199
dimwishlist:item=3865728990&perks=1124871858,1783397184,3442762221,2904194311
dimwishlist:item=3865728990&perks=1124871858,1783397184,3442762221,2896038713
dimwishlist:item=3865728990&perks=1124871858,1783397184,3442762221,2402480669
dimwishlist:item=3865728990&perks=1124871858,1783397184,3700496672,3078487919
dimwishlist:item=3865728990&perks=1124871858,1783397184,3700496672,3744057135
dimwishlist:item=3865728990&perks=1124871858,1783397184,3700496672,1134488199
dimwishlist:item=3865728990&perks=1124871858,1783397184,3700496672,2904194311
dimwishlist:item=3865728990&perks=1124871858,1783397184,3700496672,2896038713
dimwishlist:item=3865728990&perks=1124871858,1783397184,3700496672,2402480669
dimwishlist:item=3865728990&perks=1124871858,1783397184,2840833776,3078487919
dimwishlist:item=3865728990&perks=1124871858,1783397184,2840833776,3744057135
dimwishlist:item=3865728990&perks=1124871858,1783397184,2840833776,1134488199
dimwishlist:item=3865728990&perks=1124871858,1783397184,2840833776,2904194311
dimwishlist:item=3865728990&perks=1124871858,1783397184,2840833776,2896038713
dimwishlist:item=3865728990&perks=1124871858,1783397184,2840833776,2402480669


//Ecliptic Distaff
//notes:Aegis Top Void Glaive: S Tier. Best With 'Vanguard Determination' Origin Trait. MW: Shield Duration
dimwishlist:item=1942143745&perks=580685494,1431678320,776531651,3640170453
dimwishlist:item=1942143745&perks=580685494,1431678320,776531651,1817983009
dimwishlist:item=1942143745&perks=580685494,1431678320,776531651,1782407750
dimwishlist:item=1942143745&perks=580685494,1431678320,776531651,2241043034
dimwishlist:item=1942143745&perks=580685494,1431678320,776531651,1134488199
dimwishlist:item=1942143745&perks=580685494,1431678320,776531651,2904194311
dimwishlist:item=1942143745&perks=580685494,1431678320,2541826827,3640170453
dimwishlist:item=1942143745&perks=580685494,1431678320,2541826827,1817983009
dimwishlist:item=1942143745&perks=580685494,1431678320,2541826827,1782407750
dimwishlist:item=1942143745&perks=580685494,1431678320,2541826827,2241043034
dimwishlist:item=1942143745&perks=580685494,1431678320,2541826827,1134488199
dimwishlist:item=1942143745&perks=580685494,1431678320,2541826827,2904194311
dimwishlist:item=1942143745&perks=580685494,1431678320,1683379515,3640170453
dimwishlist:item=1942143745&perks=580685494,1431678320,1683379515,1817983009
dimwishlist:item=1942143745&perks=580685494,1431678320,1683379515,1782407750
dimwishlist:item=1942143745&perks=580685494,1431678320,1683379515,2241043034
dimwishlist:item=1942143745&perks=580685494,1431678320,1683379515,1134488199
dimwishlist:item=1942143745&perks=580685494,1431678320,1683379515,2904194311
dimwishlist:item=1942143745&perks=580685494,1431678320,2216471363,3640170453
dimwishlist:item=1942143745&perks=580685494,1431678320,2216471363,1817983009
dimwishlist:item=1942143745&perks=580685494,1431678320,2216471363,1782407750
dimwishlist:item=1942143745&perks=580685494,1431678320,2216471363,2241043034
dimwishlist:item=1942143745&perks=580685494,1431678320,2216471363,1134488199
dimwishlist:item=1942143745&perks=580685494,1431678320,2216471363,2904194311
dimwishlist:item=1942143745&perks=580685494,1431678320,3800201097,3640170453
dimwishlist:item=1942143745&perks=580685494,1431678320,3800201097,1817983009
dimwishlist:item=1942143745&perks=580685494,1431678320,3800201097,1782407750
dimwishlist:item=1942143745&perks=580685494,1431678320,3800201097,2241043034
dimwishlist:item=1942143745&perks=580685494,1431678320,3800201097,1134488199
dimwishlist:item=1942143745&perks=580685494,1431678320,3800201097,2904194311
dimwishlist:item=1942143745&perks=580685494,1431678320,3674673997,3640170453
dimwishlist:item=1942143745&perks=580685494,1431678320,3674673997,1817983009
dimwishlist:item=1942143745&perks=580685494,1431678320,3674673997,1782407750
dimwishlist:item=1942143745&perks=580685494,1431678320,3674673997,2241043034
dimwishlist:item=1942143745&perks=580685494,1431678320,3674673997,1134488199
dimwishlist:item=1942143745&perks=580685494,1431678320,3674673997,2904194311
dimwishlist:item=1942143745&perks=580685494,550838496,776531651,3640170453
dimwishlist:item=1942143745&perks=580685494,550838496,776531651,1817983009
dimwishlist:item=1942143745&perks=580685494,550838496,776531651,1782407750
dimwishlist:item=1942143745&perks=580685494,550838496,776531651,2241043034
dimwishlist:item=1942143745&perks=580685494,550838496,776531651,1134488199
dimwishlist:item=1942143745&perks=580685494,550838496,776531651,2904194311
dimwishlist:item=1942143745&perks=580685494,550838496,2541826827,3640170453
dimwishlist:item=1942143745&perks=580685494,550838496,2541826827,1817983009
dimwishlist:item=1942143745&perks=580685494,550838496,2541826827,1782407750
dimwishlist:item=1942143745&perks=580685494,550838496,2541826827,2241043034
dimwishlist:item=1942143745&perks=580685494,550838496,2541826827,1134488199
dimwishlist:item=1942143745&perks=580685494,550838496,2541826827,2904194311
dimwishlist:item=1942143745&perks=580685494,550838496,1683379515,3640170453
dimwishlist:item=1942143745&perks=580685494,550838496,1683379515,1817983009
dimwishlist:item=1942143745&perks=580685494,550838496,1683379515,1782407750
dimwishlist:item=1942143745&perks=580685494,550838496,1683379515,2241043034
dimwishlist:item=1942143745&perks=580685494,550838496,1683379515,1134488199
dimwishlist:item=1942143745&perks=580685494,550838496,1683379515,2904194311
dimwishlist:item=1942143745&perks=580685494,550838496,2216471363,3640170453
dimwishlist:item=1942143745&perks=580685494,550838496,2216471363,1817983009
dimwishlist:item=1942143745&perks=580685494,550838496,2216471363,1782407750
dimwishlist:item=1942143745&perks=580685494,550838496,2216471363,2241043034
dimwishlist:item=1942143745&perks=580685494,550838496,2216471363,1134488199
dimwishlist:item=1942143745&perks=580685494,550838496,2216471363,2904194311
dimwishlist:item=1942143745&perks=580685494,550838496,3800201097,3640170453
dimwishlist:item=1942143745&perks=580685494,550838496,3800201097,1817983009
dimwishlist:item=1942143745&perks=580685494,550838496,3800201097,1782407750
dimwishlist:item=1942143745&perks=580685494,550838496,3800201097,2241043034
dimwishlist:item=1942143745&perks=580685494,550838496,3800201097,1134488199
dimwishlist:item=1942143745&perks=580685494,550838496,3800201097,2904194311
dimwishlist:item=1942143745&perks=580685494,550838496,3674673997,3640170453
dimwishlist:item=1942143745&perks=580685494,550838496,3674673997,1817983009
dimwishlist:item=1942143745&perks=580685494,550838496,3674673997,1782407750
dimwishlist:item=1942143745&perks=580685494,550838496,3674673997,2241043034
dimwishlist:item=1942143745&perks=580685494,550838496,3674673997,1134488199
dimwishlist:item=1942143745&perks=580685494,550838496,3674673997,2904194311
dimwishlist:item=1942143745&perks=580685494,3721627275,776531651,3640170453
dimwishlist:item=1942143745&perks=580685494,3721627275,776531651,1817983009
dimwishlist:item=1942143745&perks=580685494,3721627275,776531651,1782407750
dimwishlist:item=1942143745&perks=580685494,3721627275,776531651,2241043034
dimwishlist:item=1942143745&perks=580685494,3721627275,776531651,1134488199
dimwishlist:item=1942143745&perks=580685494,3721627275,776531651,2904194311
dimwishlist:item=1942143745&perks=580685494,3721627275,2541826827,3640170453
dimwishlist:item=1942143745&perks=580685494,3721627275,2541826827,1817983009
dimwishlist:item=1942143745&perks=580685494,3721627275,2541826827,1782407750
dimwishlist:item=1942143745&perks=580685494,3721627275,2541826827,2241043034
dimwishlist:item=1942143745&perks=580685494,3721627275,2541826827,1134488199
dimwishlist:item=1942143745&perks=580685494,3721627275,2541826827,2904194311
dimwishlist:item=1942143745&perks=580685494,3721627275,1683379515,3640170453
dimwishlist:item=1942143745&perks=580685494,3721627275,1683379515,1817983009
dimwishlist:item=1942143745&perks=580685494,3721627275,1683379515,1782407750
dimwishlist:item=1942143745&perks=580685494,3721627275,1683379515,2241043034
dimwishlist:item=1942143745&perks=580685494,3721627275,1683379515,1134488199
dimwishlist:item=1942143745&perks=580685494,3721627275,1683379515,2904194311
dimwishlist:item=1942143745&perks=580685494,3721627275,2216471363,3640170453
dimwishlist:item=1942143745&perks=580685494,3721627275,2216471363,1817983009
dimwishlist:item=1942143745&perks=580685494,3721627275,2216471363,1782407750
dimwishlist:item=1942143745&perks=580685494,3721627275,2216471363,2241043034
dimwishlist:item=1942143745&perks=580685494,3721627275,2216471363,1134488199
dimwishlist:item=1942143745&perks=580685494,3721627275,2216471363,2904194311
dimwishlist:item=1942143745&perks=580685494,3721627275,3800201097,3640170453
dimwishlist:item=1942143745&perks=580685494,3721627275,3800201097,1817983009
dimwishlist:item=1942143745&perks=580685494,3721627275,3800201097,1782407750
dimwishlist:item=1942143745&perks=580685494,3721627275,3800201097,2241043034
dimwishlist:item=1942143745&perks=580685494,3721627275,3800201097,1134488199
dimwishlist:item=1942143745&perks=580685494,3721627275,3800201097,2904194311
dimwishlist:item=1942143745&perks=580685494,3721627275,3674673997,3640170453
dimwishlist:item=1942143745&perks=580685494,3721627275,3674673997,1817983009
dimwishlist:item=1942143745&perks=580685494,3721627275,3674673997,1782407750
dimwishlist:item=1942143745&perks=580685494,3721627275,3674673997,2241043034
dimwishlist:item=1942143745&perks=580685494,3721627275,3674673997,1134488199
dimwishlist:item=1942143745&perks=580685494,3721627275,3674673997,2904194311
dimwishlist:item=1942143745&perks=580685494,714384243,776531651,3640170453
dimwishlist:item=1942143745&perks=580685494,714384243,776531651,1817983009
dimwishlist:item=1942143745&perks=580685494,714384243,776531651,1782407750
dimwishlist:item=1942143745&perks=580685494,714384243,776531651,2241043034
dimwishlist:item=1942143745&perks=580685494,714384243,776531651,1134488199
dimwishlist:item=1942143745&perks=580685494,714384243,776531651,2904194311
dimwishlist:item=1942143745&perks=580685494,714384243,2541826827,3640170453
dimwishlist:item=1942143745&perks=580685494,714384243,2541826827,1817983009
dimwishlist:item=1942143745&perks=580685494,714384243,2541826827,1782407750
dimwishlist:item=1942143745&perks=580685494,714384243,2541826827,2241043034
dimwishlist:item=1942143745&perks=580685494,714384243,2541826827,1134488199
dimwishlist:item=1942143745&perks=580685494,714384243,2541826827,2904194311
dimwishlist:item=1942143745&perks=580685494,714384243,1683379515,3640170453
dimwishlist:item=1942143745&perks=580685494,714384243,1683379515,1817983009
dimwishlist:item=1942143745&perks=580685494,714384243,1683379515,1782407750
dimwishlist:item=1942143745&perks=580685494,714384243,1683379515,2241043034
dimwishlist:item=1942143745&perks=580685494,714384243,1683379515,1134488199
dimwishlist:item=1942143745&perks=580685494,714384243,1683379515,2904194311
dimwishlist:item=1942143745&perks=580685494,714384243,2216471363,3640170453
dimwishlist:item=1942143745&perks=580685494,714384243,2216471363,1817983009
dimwishlist:item=1942143745&perks=580685494,714384243,2216471363,1782407750
dimwishlist:item=1942143745&perks=580685494,714384243,2216471363,2241043034
dimwishlist:item=1942143745&perks=580685494,714384243,2216471363,1134488199
dimwishlist:item=1942143745&perks=580685494,714384243,2216471363,2904194311
dimwishlist:item=1942143745&perks=580685494,714384243,3800201097,3640170453
dimwishlist:item=1942143745&perks=580685494,714384243,3800201097,1817983009
dimwishlist:item=1942143745&perks=580685494,714384243,3800201097,1782407750
dimwishlist:item=1942143745&perks=580685494,714384243,3800201097,2241043034
dimwishlist:item=1942143745&perks=580685494,714384243,3800201097,1134488199
dimwishlist:item=1942143745&perks=580685494,714384243,3800201097,2904194311
dimwishlist:item=1942143745&perks=580685494,714384243,3674673997,3640170453
dimwishlist:item=1942143745&perks=580685494,714384243,3674673997,1817983009
dimwishlist:item=1942143745&perks=580685494,714384243,3674673997,1782407750
dimwishlist:item=1942143745&perks=580685494,714384243,3674673997,2241043034
dimwishlist:item=1942143745&perks=580685494,714384243,3674673997,1134488199
dimwishlist:item=1942143745&perks=580685494,714384243,3674673997,2904194311
dimwishlist:item=1942143745&perks=2719770986,1431678320,776531651,3640170453
dimwishlist:item=1942143745&perks=2719770986,1431678320,776531651,1817983009
dimwishlist:item=1942143745&perks=2719770986,1431678320,776531651,1782407750
dimwishlist:item=1942143745&perks=2719770986,1431678320,776531651,2241043034
dimwishlist:item=1942143745&perks=2719770986,1431678320,776531651,1134488199
dimwishlist:item=1942143745&perks=2719770986,1431678320,776531651,2904194311
dimwishlist:item=1942143745&perks=2719770986,1431678320,2541826827,3640170453
dimwishlist:item=1942143745&perks=2719770986,1431678320,2541826827,1817983009
dimwishlist:item=1942143745&perks=2719770986,1431678320,2541826827,1782407750
dimwishlist:item=1942143745&perks=2719770986,1431678320,2541826827,2241043034
dimwishlist:item=1942143745&perks=2719770986,1431678320,2541826827,1134488199
dimwishlist:item=1942143745&perks=2719770986,1431678320,2541826827,2904194311
dimwishlist:item=1942143745&perks=2719770986,1431678320,1683379515,3640170453
dimwishlist:item=1942143745&perks=2719770986,1431678320,1683379515,1817983009
dimwishlist:item=1942143745&perks=2719770986,1431678320,1683379515,1782407750
dimwishlist:item=1942143745&perks=2719770986,1431678320,1683379515,2241043034
dimwishlist:item=1942143745&perks=2719770986,1431678320,1683379515,1134488199
dimwishlist:item=1942143745&perks=2719770986,1431678320,1683379515,2904194311
dimwishlist:item=1942143745&perks=2719770986,1431678320,2216471363,3640170453
dimwishlist:item=1942143745&perks=2719770986,1431678320,2216471363,1817983009
dimwishlist:item=1942143745&perks=2719770986,1431678320,2216471363,1782407750
dimwishlist:item=1942143745&perks=2719770986,1431678320,2216471363,2241043034
dimwishlist:item=1942143745&perks=2719770986,1431678320,2216471363,1134488199
dimwishlist:item=1942143745&perks=2719770986,1431678320,2216471363,2904194311
dimwishlist:item=1942143745&perks=2719770986,1431678320,3800201097,3640170453
dimwishlist:item=1942143745&perks=2719770986,1431678320,3800201097,1817983009
dimwishlist:item=1942143745&perks=2719770986,1431678320,3800201097,1782407750
dimwishlist:item=1942143745&perks=2719770986,1431678320,3800201097,2241043034
dimwishlist:item=1942143745&perks=2719770986,1431678320,3800201097,1134488199
dimwishlist:item=1942143745&perks=2719770986,1431678320,3800201097,2904194311
dimwishlist:item=1942143745&perks=2719770986,1431678320,3674673997,3640170453
dimwishlist:item=1942143745&perks=2719770986,1431678320,3674673997,1817983009
dimwishlist:item=1942143745&perks=2719770986,1431678320,3674673997,1782407750
dimwishlist:item=1942143745&perks=2719770986,1431678320,3674673997,2241043034
dimwishlist:item=1942143745&perks=2719770986,1431678320,3674673997,1134488199
dimwishlist:item=1942143745&perks=2719770986,1431678320,3674673997,2904194311
dimwishlist:item=1942143745&perks=2719770986,550838496,776531651,3640170453
dimwishlist:item=1942143745&perks=2719770986,550838496,776531651,1817983009
dimwishlist:item=1942143745&perks=2719770986,550838496,776531651,1782407750
dimwishlist:item=1942143745&perks=2719770986,550838496,776531651,2241043034
dimwishlist:item=1942143745&perks=2719770986,550838496,776531651,1134488199
dimwishlist:item=1942143745&perks=2719770986,550838496,776531651,2904194311
dimwishlist:item=1942143745&perks=2719770986,550838496,2541826827,3640170453
dimwishlist:item=1942143745&perks=2719770986,550838496,2541826827,1817983009
dimwishlist:item=1942143745&perks=2719770986,550838496,2541826827,1782407750
dimwishlist:item=1942143745&perks=2719770986,550838496,2541826827,2241043034
dimwishlist:item=1942143745&perks=2719770986,550838496,2541826827,1134488199
dimwishlist:item=1942143745&perks=2719770986,550838496,2541826827,2904194311
dimwishlist:item=1942143745&perks=2719770986,550838496,1683379515,3640170453
dimwishlist:item=1942143745&perks=2719770986,550838496,1683379515,1817983009
dimwishlist:item=1942143745&perks=2719770986,550838496,1683379515,1782407750
dimwishlist:item=1942143745&perks=2719770986,550838496,1683379515,2241043034
dimwishlist:item=1942143745&perks=2719770986,550838496,1683379515,1134488199
dimwishlist:item=1942143745&perks=2719770986,550838496,1683379515,2904194311
dimwishlist:item=1942143745&perks=2719770986,550838496,2216471363,3640170453
dimwishlist:item=1942143745&perks=2719770986,550838496,2216471363,1817983009
dimwishlist:item=1942143745&perks=2719770986,550838496,2216471363,1782407750
dimwishlist:item=1942143745&perks=2719770986,550838496,2216471363,2241043034
dimwishlist:item=1942143745&perks=2719770986,550838496,2216471363,1134488199
dimwishlist:item=1942143745&perks=2719770986,550838496,2216471363,2904194311
dimwishlist:item=1942143745&perks=2719770986,550838496,3800201097,3640170453
dimwishlist:item=1942143745&perks=2719770986,550838496,3800201097,1817983009
dimwishlist:item=1942143745&perks=2719770986,550838496,3800201097,1782407750
dimwishlist:item=1942143745&perks=2719770986,550838496,3800201097,2241043034
dimwishlist:item=1942143745&perks=2719770986,550838496,3800201097,1134488199
dimwishlist:item=1942143745&perks=2719770986,550838496,3800201097,2904194311
dimwishlist:item=1942143745&perks=2719770986,550838496,3674673997,3640170453
dimwishlist:item=1942143745&perks=2719770986,550838496,3674673997,1817983009
dimwishlist:item=1942143745&perks=2719770986,550838496,3674673997,1782407750
dimwishlist:item=1942143745&perks=2719770986,550838496,3674673997,2241043034
dimwishlist:item=1942143745&perks=2719770986,550838496,3674673997,1134488199
dimwishlist:item=1942143745&perks=2719770986,550838496,3674673997,2904194311
dimwishlist:item=1942143745&perks=2719770986,3721627275,776531651,3640170453
dimwishlist:item=1942143745&perks=2719770986,3721627275,776531651,1817983009
dimwishlist:item=1942143745&perks=2719770986,3721627275,776531651,1782407750
dimwishlist:item=1942143745&perks=2719770986,3721627275,776531651,2241043034
dimwishlist:item=1942143745&perks=2719770986,3721627275,776531651,1134488199
dimwishlist:item=1942143745&perks=2719770986,3721627275,776531651,2904194311
dimwishlist:item=1942143745&perks=2719770986,3721627275,2541826827,3640170453
dimwishlist:item=1942143745&perks=2719770986,3721627275,2541826827,1817983009
dimwishlist:item=1942143745&perks=2719770986,3721627275,2541826827,1782407750
dimwishlist:item=1942143745&perks=2719770986,3721627275,2541826827,2241043034
dimwishlist:item=1942143745&perks=2719770986,3721627275,2541826827,1134488199
dimwishlist:item=1942143745&perks=2719770986,3721627275,2541826827,2904194311
dimwishlist:item=1942143745&perks=2719770986,3721627275,1683379515,3640170453
dimwishlist:item=1942143745&perks=2719770986,3721627275,1683379515,1817983009
dimwishlist:item=1942143745&perks=2719770986,3721627275,1683379515,1782407750
dimwishlist:item=1942143745&perks=2719770986,3721627275,1683379515,2241043034
dimwishlist:item=1942143745&perks=2719770986,3721627275,1683379515,1134488199
dimwishlist:item=1942143745&perks=2719770986,3721627275,1683379515,2904194311
dimwishlist:item=1942143745&perks=2719770986,3721627275,2216471363,3640170453
dimwishlist:item=1942143745&perks=2719770986,3721627275,2216471363,1817983009
dimwishlist:item=1942143745&perks=2719770986,3721627275,2216471363,1782407750
dimwishlist:item=1942143745&perks=2719770986,3721627275,2216471363,2241043034
dimwishlist:item=1942143745&perks=2719770986,3721627275,2216471363,1134488199
dimwishlist:item=1942143745&perks=2719770986,3721627275,2216471363,2904194311
dimwishlist:item=1942143745&perks=2719770986,3721627275,3800201097,3640170453
dimwishlist:item=1942143745&perks=2719770986,3721627275,3800201097,1817983009
dimwishlist:item=1942143745&perks=2719770986,3721627275,3800201097,1782407750
dimwishlist:item=1942143745&perks=2719770986,3721627275,3800201097,2241043034
dimwishlist:item=1942143745&perks=2719770986,3721627275,3800201097,1134488199
dimwishlist:item=1942143745&perks=2719770986,3721627275,3800201097,2904194311
dimwishlist:item=1942143745&perks=2719770986,3721627275,3674673997,3640170453
dimwishlist:item=1942143745&perks=2719770986,3721627275,3674673997,1817983009
dimwishlist:item=1942143745&perks=2719770986,3721627275,3674673997,1782407750
dimwishlist:item=1942143745&perks=2719770986,3721627275,3674673997,2241043034
dimwishlist:item=1942143745&perks=2719770986,3721627275,3674673997,1134488199
dimwishlist:item=1942143745&perks=2719770986,3721627275,3674673997,2904194311
dimwishlist:item=1942143745&perks=2719770986,714384243,776531651,3640170453
dimwishlist:item=1942143745&perks=2719770986,714384243,776531651,1817983009
dimwishlist:item=1942143745&perks=2719770986,714384243,776531651,1782407750
dimwishlist:item=1942143745&perks=2719770986,714384243,776531651,2241043034
dimwishlist:item=1942143745&perks=2719770986,714384243,776531651,1134488199
dimwishlist:item=1942143745&perks=2719770986,714384243,776531651,2904194311
dimwishlist:item=1942143745&perks=2719770986,714384243,2541826827,3640170453
dimwishlist:item=1942143745&perks=2719770986,714384243,2541826827,1817983009
dimwishlist:item=1942143745&perks=2719770986,714384243,2541826827,1782407750
dimwishlist:item=1942143745&perks=2719770986,714384243,2541826827,2241043034
dimwishlist:item=1942143745&perks=2719770986,714384243,2541826827,1134488199
dimwishlist:item=1942143745&perks=2719770986,714384243,2541826827,2904194311
dimwishlist:item=1942143745&perks=2719770986,714384243,1683379515,3640170453
dimwishlist:item=1942143745&perks=2719770986,714384243,1683379515,1817983009
dimwishlist:item=1942143745&perks=2719770986,714384243,1683379515,1782407750
dimwishlist:item=1942143745&perks=2719770986,714384243,1683379515,2241043034
dimwishlist:item=1942143745&perks=2719770986,714384243,1683379515,1134488199
dimwishlist:item=1942143745&perks=2719770986,714384243,1683379515,2904194311
dimwishlist:item=1942143745&perks=2719770986,714384243,2216471363,3640170453
dimwishlist:item=1942143745&perks=2719770986,714384243,2216471363,1817983009
dimwishlist:item=1942143745&perks=2719770986,714384243,2216471363,1782407750
dimwishlist:item=1942143745&perks=2719770986,714384243,2216471363,2241043034
dimwishlist:item=1942143745&perks=2719770986,714384243,2216471363,1134488199
dimwishlist:item=1942143745&perks=2719770986,714384243,2216471363,2904194311
dimwishlist:item=1942143745&perks=2719770986,714384243,3800201097,3640170453
dimwishlist:item=1942143745&perks=2719770986,714384243,3800201097,1817983009
dimwishlist:item=1942143745&perks=2719770986,714384243,3800201097,1782407750
dimwishlist:item=1942143745&perks=2719770986,714384243,3800201097,2241043034
dimwishlist:item=1942143745&perks=2719770986,714384243,3800201097,1134488199
dimwishlist:item=1942143745&perks=2719770986,714384243,3800201097,2904194311
dimwishlist:item=1942143745&perks=2719770986,714384243,3674673997,3640170453
dimwishlist:item=1942143745&perks=2719770986,714384243,3674673997,1817983009
dimwishlist:item=1942143745&perks=2719770986,714384243,3674673997,1782407750
dimwishlist:item=1942143745&perks=2719770986,714384243,3674673997,2241043034
dimwishlist:item=1942143745&perks=2719770986,714384243,3674673997,1134488199
dimwishlist:item=1942143745&perks=2719770986,714384243,3674673997,2904194311


//Conspiracy Honed
//notes:Aegis Top Stasis Sniper: S Tier. Best With 'Imperial Allegiance' Origin Trait. MW: Cooling Efficiency
dimwishlist:item=4062069077&perks=1840239774,807993149,1546637391,3078487919
dimwishlist:item=4062069077&perks=1840239774,807993149,1546637391,3744057135
dimwishlist:item=4062069077&perks=1840239774,807993149,1546637391,1771339417
dimwishlist:item=4062069077&perks=1840239774,807993149,1546637391,395388285
dimwishlist:item=4062069077&perks=1840239774,807993149,3418165135,3078487919
dimwishlist:item=4062069077&perks=1840239774,807993149,3418165135,3744057135
dimwishlist:item=4062069077&perks=1840239774,807993149,3418165135,1771339417
dimwishlist:item=4062069077&perks=1840239774,807993149,3418165135,395388285
dimwishlist:item=4062069077&perks=1840239774,1454612425,1546637391,3078487919
dimwishlist:item=4062069077&perks=1840239774,1454612425,1546637391,3744057135
dimwishlist:item=4062069077&perks=1840239774,1454612425,1546637391,1771339417
dimwishlist:item=4062069077&perks=1840239774,1454612425,1546637391,395388285
dimwishlist:item=4062069077&perks=1840239774,1454612425,3418165135,3078487919
dimwishlist:item=4062069077&perks=1840239774,1454612425,3418165135,3744057135
dimwishlist:item=4062069077&perks=1840239774,1454612425,3418165135,1771339417
dimwishlist:item=4062069077&perks=1840239774,1454612425,3418165135,395388285
dimwishlist:item=4062069077&perks=1840239774,1092016998,1546637391,3078487919
dimwishlist:item=4062069077&perks=1840239774,1092016998,1546637391,3744057135
dimwishlist:item=4062069077&perks=1840239774,1092016998,1546637391,1771339417
dimwishlist:item=4062069077&perks=1840239774,1092016998,1546637391,395388285
dimwishlist:item=4062069077&perks=1840239774,1092016998,3418165135,3078487919
dimwishlist:item=4062069077&perks=1840239774,1092016998,3418165135,3744057135
dimwishlist:item=4062069077&perks=1840239774,1092016998,3418165135,1771339417
dimwishlist:item=4062069077&perks=1840239774,1092016998,3418165135,395388285
dimwishlist:item=4062069077&perks=1840239774,226831738,1546637391,3078487919
dimwishlist:item=4062069077&perks=1840239774,226831738,1546637391,3744057135
dimwishlist:item=4062069077&perks=1840239774,226831738,1546637391,1771339417
dimwishlist:item=4062069077&perks=1840239774,226831738,1546637391,395388285
dimwishlist:item=4062069077&perks=1840239774,226831738,3418165135,3078487919
dimwishlist:item=4062069077&perks=1840239774,226831738,3418165135,3744057135
dimwishlist:item=4062069077&perks=1840239774,226831738,3418165135,1771339417
dimwishlist:item=4062069077&perks=1840239774,226831738,3418165135,395388285
dimwishlist:item=4062069077&perks=1124871858,807993149,1546637391,3078487919
dimwishlist:item=4062069077&perks=1124871858,807993149,1546637391,3744057135
dimwishlist:item=4062069077&perks=1124871858,807993149,1546637391,1771339417
dimwishlist:item=4062069077&perks=1124871858,807993149,1546637391,395388285
dimwishlist:item=4062069077&perks=1124871858,807993149,3418165135,3078487919
dimwishlist:item=4062069077&perks=1124871858,807993149,3418165135,3744057135
dimwishlist:item=4062069077&perks=1124871858,807993149,3418165135,1771339417
dimwishlist:item=4062069077&perks=1124871858,807993149,3418165135,395388285
dimwishlist:item=4062069077&perks=1124871858,1454612425,1546637391,3078487919
dimwishlist:item=4062069077&perks=1124871858,1454612425,1546637391,3744057135
dimwishlist:item=4062069077&perks=1124871858,1454612425,1546637391,1771339417
dimwishlist:item=4062069077&perks=1124871858,1454612425,1546637391,395388285
dimwishlist:item=4062069077&perks=1124871858,1454612425,3418165135,3078487919
dimwishlist:item=4062069077&perks=1124871858,1454612425,3418165135,3744057135
dimwishlist:item=4062069077&perks=1124871858,1454612425,3418165135,1771339417
dimwishlist:item=4062069077&perks=1124871858,1454612425,3418165135,395388285
dimwishlist:item=4062069077&perks=1124871858,1092016998,1546637391,3078487919
dimwishlist:item=4062069077&perks=1124871858,1092016998,1546637391,3744057135
dimwishlist:item=4062069077&perks=1124871858,1092016998,1546637391,1771339417
dimwishlist:item=4062069077&perks=1124871858,1092016998,1546637391,395388285
dimwishlist:item=4062069077&perks=1124871858,1092016998,3418165135,3078487919
dimwishlist:item=4062069077&perks=1124871858,1092016998,3418165135,3744057135
dimwishlist:item=4062069077&perks=1124871858,1092016998,3418165135,1771339417
dimwishlist:item=4062069077&perks=1124871858,1092016998,3418165135,395388285
dimwishlist:item=4062069077&perks=1124871858,226831738,1546637391,3078487919
dimwishlist:item=4062069077&perks=1124871858,226831738,1546637391,3744057135
dimwishlist:item=4062069077&perks=1124871858,226831738,1546637391,1771339417
dimwishlist:item=4062069077&perks=1124871858,226831738,1546637391,395388285
dimwishlist:item=4062069077&perks=1124871858,226831738,3418165135,3078487919
dimwishlist:item=4062069077&perks=1124871858,226831738,3418165135,3744057135
dimwishlist:item=4062069077&perks=1124871858,226831738,3418165135,1771339417
dimwishlist:item=4062069077&perks=1124871858,226831738,3418165135,395388285


//Chronophage
//notes:Aegis Top Void Trace: S Tier. Best With 'Radiolaria Transposer' Origin Trait. MW: Reload
dimwishlist:item=1886840007&perks=1840239774,2749775325,776531651,2048641572
dimwishlist:item=1886840007&perks=1840239774,2749775325,776531651,1926441324
dimwishlist:item=1886840007&perks=1840239774,2749775325,776531651,2109543898
dimwishlist:item=1886840007&perks=1840239774,2749775325,776531651,2799030358
dimwishlist:item=1886840007&perks=1840239774,2749775325,2541826827,2048641572
dimwishlist:item=1886840007&perks=1840239774,2749775325,2541826827,1926441324
dimwishlist:item=1886840007&perks=1840239774,2749775325,2541826827,2109543898
dimwishlist:item=1886840007&perks=1840239774,2749775325,2541826827,2799030358
dimwishlist:item=1886840007&perks=1840239774,2749775325,3700496672,2048641572
dimwishlist:item=1886840007&perks=1840239774,2749775325,3700496672,1926441324
dimwishlist:item=1886840007&perks=1840239774,2749775325,3700496672,2109543898
dimwishlist:item=1886840007&perks=1840239774,2749775325,3700496672,2799030358
dimwishlist:item=1886840007&perks=1840239774,2749775325,2840833776,2048641572
dimwishlist:item=1886840007&perks=1840239774,2749775325,2840833776,1926441324
dimwishlist:item=1886840007&perks=1840239774,2749775325,2840833776,2109543898
dimwishlist:item=1886840007&perks=1840239774,2749775325,2840833776,2799030358
dimwishlist:item=1886840007&perks=1840239774,2073750249,776531651,2048641572
dimwishlist:item=1886840007&perks=1840239774,2073750249,776531651,1926441324
dimwishlist:item=1886840007&perks=1840239774,2073750249,776531651,2109543898
dimwishlist:item=1886840007&perks=1840239774,2073750249,776531651,2799030358
dimwishlist:item=1886840007&perks=1840239774,2073750249,2541826827,2048641572
dimwishlist:item=1886840007&perks=1840239774,2073750249,2541826827,1926441324
dimwishlist:item=1886840007&perks=1840239774,2073750249,2541826827,2109543898
dimwishlist:item=1886840007&perks=1840239774,2073750249,2541826827,2799030358
dimwishlist:item=1886840007&perks=1840239774,2073750249,3700496672,2048641572
dimwishlist:item=1886840007&perks=1840239774,2073750249,3700496672,1926441324
dimwishlist:item=1886840007&perks=1840239774,2073750249,3700496672,2109543898
dimwishlist:item=1886840007&perks=1840239774,2073750249,3700496672,2799030358
dimwishlist:item=1886840007&perks=1840239774,2073750249,2840833776,2048641572
dimwishlist:item=1886840007&perks=1840239774,2073750249,2840833776,1926441324
dimwishlist:item=1886840007&perks=1840239774,2073750249,2840833776,2109543898
dimwishlist:item=1886840007&perks=1840239774,2073750249,2840833776,2799030358
dimwishlist:item=1886840007&perks=1124871858,2749775325,776531651,2048641572
dimwishlist:item=1886840007&perks=1124871858,2749775325,776531651,1926441324
dimwishlist:item=1886840007&perks=1124871858,2749775325,776531651,2109543898
dimwishlist:item=1886840007&perks=1124871858,2749775325,776531651,2799030358
dimwishlist:item=1886840007&perks=1124871858,2749775325,2541826827,2048641572
dimwishlist:item=1886840007&perks=1124871858,2749775325,2541826827,1926441324
dimwishlist:item=1886840007&perks=1124871858,2749775325,2541826827,2109543898
dimwishlist:item=1886840007&perks=1124871858,2749775325,2541826827,2799030358
dimwishlist:item=1886840007&perks=1124871858,2749775325,3700496672,2048641572
dimwishlist:item=1886840007&perks=1124871858,2749775325,3700496672,1926441324
dimwishlist:item=1886840007&perks=1124871858,2749775325,3700496672,2109543898
dimwishlist:item=1886840007&perks=1124871858,2749775325,3700496672,2799030358
dimwishlist:item=1886840007&perks=1124871858,2749775325,2840833776,2048641572
dimwishlist:item=1886840007&perks=1124871858,2749775325,2840833776,1926441324
dimwishlist:item=1886840007&perks=1124871858,2749775325,2840833776,2109543898
dimwishlist:item=1886840007&perks=1124871858,2749775325,2840833776,2799030358
dimwishlist:item=1886840007&perks=1124871858,2073750249,776531651,2048641572
dimwishlist:item=1886840007&perks=1124871858,2073750249,776531651,1926441324
dimwishlist:item=1886840007&perks=1124871858,2073750249,776531651,2109543898
dimwishlist:item=1886840007&perks=1124871858,2073750249,776531651,2799030358
dimwishlist:item=1886840007&perks=1124871858,2073750249,2541826827,2048641572
dimwishlist:item=1886840007&perks=1124871858,2073750249,2541826827,1926441324
dimwishlist:item=1886840007&perks=1124871858,2073750249,2541826827,2109543898
dimwishlist:item=1886840007&perks=1124871858,2073750249,2541826827,2799030358
dimwishlist:item=1886840007&perks=1124871858,2073750249,3700496672,2048641572
dimwishlist:item=1886840007&perks=1124871858,2073750249,3700496672,1926441324
dimwishlist:item=1886840007&perks=1124871858,2073750249,3700496672,2109543898
dimwishlist:item=1886840007&perks=1124871858,2073750249,3700496672,2799030358
dimwishlist:item=1886840007&perks=1124871858,2073750249,2840833776,2048641572
dimwishlist:item=1886840007&perks=1124871858,2073750249,2840833776,1926441324
dimwishlist:item=1886840007&perks=1124871858,2073750249,2840833776,2109543898
dimwishlist:item=1886840007&perks=1124871858,2073750249,2840833776,2799030358


//Burden of Guilt
//notes:Aegis Top Stasis Fusion: B Tier. Best With 'Fleet Footed' Origin Trait. MW: Charge Time
dimwishlist:item=976459525&perks=1840239774,689005463,3987942396,3764420437
dimwishlist:item=976459525&perks=1840239774,689005463,3987942396,3192447905
dimwishlist:item=976459525&perks=1840239774,689005463,3987942396,2594592626
dimwishlist:item=976459525&perks=1840239774,689005463,3987942396,2037312142
dimwishlist:item=976459525&perks=1840239774,689005463,3987942396,2978966579
dimwishlist:item=976459525&perks=1840239774,689005463,3987942396,344235611
dimwishlist:item=976459525&perks=1840239774,689005463,2817499044,3764420437
dimwishlist:item=976459525&perks=1840239774,689005463,2817499044,3192447905
dimwishlist:item=976459525&perks=1840239774,689005463,2817499044,2594592626
dimwishlist:item=976459525&perks=1840239774,689005463,2817499044,2037312142
dimwishlist:item=976459525&perks=1840239774,689005463,2817499044,2978966579
dimwishlist:item=976459525&perks=1840239774,689005463,2817499044,344235611
dimwishlist:item=976459525&perks=1840239774,1279785143,3987942396,3764420437
dimwishlist:item=976459525&perks=1840239774,1279785143,3987942396,3192447905
dimwishlist:item=976459525&perks=1840239774,1279785143,3987942396,2594592626
dimwishlist:item=976459525&perks=1840239774,1279785143,3987942396,2037312142
dimwishlist:item=976459525&perks=1840239774,1279785143,3987942396,2978966579
dimwishlist:item=976459525&perks=1840239774,1279785143,3987942396,344235611
dimwishlist:item=976459525&perks=1840239774,1279785143,2817499044,3764420437
dimwishlist:item=976459525&perks=1840239774,1279785143,2817499044,3192447905
dimwishlist:item=976459525&perks=1840239774,1279785143,2817499044,2594592626
dimwishlist:item=976459525&perks=1840239774,1279785143,2817499044,2037312142
dimwishlist:item=976459525&perks=1840239774,1279785143,2817499044,2978966579
dimwishlist:item=976459525&perks=1840239774,1279785143,2817499044,344235611
dimwishlist:item=976459525&perks=1124871858,689005463,3987942396,3764420437
dimwishlist:item=976459525&perks=1124871858,689005463,3987942396,3192447905
dimwishlist:item=976459525&perks=1124871858,689005463,3987942396,2594592626
dimwishlist:item=976459525&perks=1124871858,689005463,3987942396,2037312142
dimwishlist:item=976459525&perks=1124871858,689005463,3987942396,2978966579
dimwishlist:item=976459525&perks=1124871858,689005463,3987942396,344235611
dimwishlist:item=976459525&perks=1124871858,689005463,2817499044,3764420437
dimwishlist:item=976459525&perks=1124871858,689005463,2817499044,3192447905
dimwishlist:item=976459525&perks=1124871858,689005463,2817499044,2594592626
dimwishlist:item=976459525&perks=1124871858,689005463,2817499044,2037312142
dimwishlist:item=976459525&perks=1124871858,689005463,2817499044,2978966579
dimwishlist:item=976459525&perks=1124871858,689005463,2817499044,344235611
dimwishlist:item=976459525&perks=1124871858,1279785143,3987942396,3764420437
dimwishlist:item=976459525&perks=1124871858,1279785143,3987942396,3192447905
dimwishlist:item=976459525&perks=1124871858,1279785143,3987942396,2594592626
dimwishlist:item=976459525&perks=1124871858,1279785143,3987942396,2037312142
dimwishlist:item=976459525&perks=1124871858,1279785143,3987942396,2978966579
dimwishlist:item=976459525&perks=1124871858,1279785143,3987942396,344235611
dimwishlist:item=976459525&perks=1124871858,1279785143,2817499044,3764420437
dimwishlist:item=976459525&perks=1124871858,1279785143,2817499044,3192447905
dimwishlist:item=976459525&perks=1124871858,1279785143,2817499044,2594592626
dimwishlist:item=976459525&perks=1124871858,1279785143,2817499044,2037312142
dimwishlist:item=976459525&perks=1124871858,1279785143,2817499044,2978966579
dimwishlist:item=976459525&perks=1124871858,1279785143,2817499044,344235611
dimwishlist:item=976459525&perks=839105230,689005463,3987942396,3764420437
dimwishlist:item=976459525&perks=839105230,689005463,3987942396,3192447905
dimwishlist:item=976459525&perks=839105230,689005463,3987942396,2594592626
dimwishlist:item=976459525&perks=839105230,689005463,3987942396,2037312142
dimwishlist:item=976459525&perks=839105230,689005463,3987942396,2978966579
dimwishlist:item=976459525&perks=839105230,689005463,3987942396,344235611
dimwishlist:item=976459525&perks=839105230,689005463,2817499044,3764420437
dimwishlist:item=976459525&perks=839105230,689005463,2817499044,3192447905
dimwishlist:item=976459525&perks=839105230,689005463,2817499044,2594592626
dimwishlist:item=976459525&perks=839105230,689005463,2817499044,2037312142
dimwishlist:item=976459525&perks=839105230,689005463,2817499044,2978966579
dimwishlist:item=976459525&perks=839105230,689005463,2817499044,344235611
dimwishlist:item=976459525&perks=839105230,1279785143,3987942396,3764420437
dimwishlist:item=976459525&perks=839105230,1279785143,3987942396,3192447905
dimwishlist:item=976459525&perks=839105230,1279785143,3987942396,2594592626
dimwishlist:item=976459525&perks=839105230,1279785143,3987942396,2037312142
dimwishlist:item=976459525&perks=839105230,1279785143,3987942396,2978966579
dimwishlist:item=976459525&perks=839105230,1279785143,3987942396,344235611
dimwishlist:item=976459525&perks=839105230,1279785143,2817499044,3764420437
dimwishlist:item=976459525&perks=839105230,1279785143,2817499044,3192447905
dimwishlist:item=976459525&perks=839105230,1279785143,2817499044,2594592626
dimwishlist:item=976459525&perks=839105230,1279785143,2817499044,2037312142
dimwishlist:item=976459525&perks=839105230,1279785143,2817499044,2978966579
dimwishlist:item=976459525&perks=839105230,1279785143,2817499044,344235611
dimwishlist:item=976459525&perks=3048246338,689005463,3987942396,3764420437
dimwishlist:item=976459525&perks=3048246338,689005463,3987942396,3192447905
dimwishlist:item=976459525&perks=3048246338,689005463,3987942396,2594592626
dimwishlist:item=976459525&perks=3048246338,689005463,3987942396,2037312142
dimwishlist:item=976459525&perks=3048246338,689005463,3987942396,2978966579
dimwishlist:item=976459525&perks=3048246338,689005463,3987942396,344235611
dimwishlist:item=976459525&perks=3048246338,689005463,2817499044,3764420437
dimwishlist:item=976459525&perks=3048246338,689005463,2817499044,3192447905
dimwishlist:item=976459525&perks=3048246338,689005463,2817499044,2594592626
dimwishlist:item=976459525&perks=3048246338,689005463,2817499044,2037312142
dimwishlist:item=976459525&perks=3048246338,689005463,2817499044,2978966579
dimwishlist:item=976459525&perks=3048246338,689005463,2817499044,344235611
dimwishlist:item=976459525&perks=3048246338,1279785143,3987942396,3764420437
dimwishlist:item=976459525&perks=3048246338,1279785143,3987942396,3192447905
dimwishlist:item=976459525&perks=3048246338,1279785143,3987942396,2594592626
dimwishlist:item=976459525&perks=3048246338,1279785143,3987942396,2037312142
dimwishlist:item=976459525&perks=3048246338,1279785143,3987942396,2978966579
dimwishlist:item=976459525&perks=3048246338,1279785143,3987942396,344235611
dimwishlist:item=976459525&perks=3048246338,1279785143,2817499044,3764420437
dimwishlist:item=976459525&perks=3048246338,1279785143,2817499044,3192447905
dimwishlist:item=976459525&perks=3048246338,1279785143,2817499044,2594592626
dimwishlist:item=976459525&perks=3048246338,1279785143,2817499044,2037312142
dimwishlist:item=976459525&perks=3048246338,1279785143,2817499044,2978966579
dimwishlist:item=976459525&perks=3048246338,1279785143,2817499044,344235611


//Basso Ostinato
//notes:Aegis Top Void Shotgun: S Tier. Best With 'Nanotech Tracer Missiles' Origin Trait. MW: Handling or Reload
dimwishlist:item=2573900604&perks=1300023272,106909392,1631667848,2679249093
dimwishlist:item=2573900604&perks=1300023272,106909392,1631667848,2360754333
dimwishlist:item=2573900604&perks=1300023272,1783397184,1631667848,2679249093
dimwishlist:item=2573900604&perks=1300023272,1783397184,1631667848,2360754333
dimwishlist:item=2573900604&perks=2371713880,106909392,1631667848,2679249093
dimwishlist:item=2573900604&perks=2371713880,106909392,1631667848,2360754333
dimwishlist:item=2573900604&perks=2371713880,1783397184,1631667848,2679249093
dimwishlist:item=2573900604&perks=2371713880,1783397184,1631667848,2360754333
dimwishlist:item=2353274446&perks=1300023272,106909392,1631667848,2679249093
dimwishlist:item=2353274446&perks=1300023272,106909392,1631667848,788178929
dimwishlist:item=2353274446&perks=1300023272,106909392,1631667848,2360754333
dimwishlist:item=2353274446&perks=1300023272,106909392,1631667848,2459015849
dimwishlist:item=2353274446&perks=1300023272,106909392,402033656,2679249093
dimwishlist:item=2353274446&perks=1300023272,106909392,402033656,788178929
dimwishlist:item=2353274446&perks=1300023272,106909392,402033656,2360754333
dimwishlist:item=2353274446&perks=1300023272,106909392,402033656,2459015849
dimwishlist:item=2353274446&perks=1300023272,106909392,3523296417,2679249093
dimwishlist:item=2353274446&perks=1300023272,106909392,3523296417,788178929
dimwishlist:item=2353274446&perks=1300023272,106909392,3523296417,2360754333
dimwishlist:item=2353274446&perks=1300023272,106909392,3523296417,2459015849
dimwishlist:item=2353274446&perks=1300023272,106909392,1906147653,2679249093
dimwishlist:item=2353274446&perks=1300023272,106909392,1906147653,788178929
dimwishlist:item=2353274446&perks=1300023272,106909392,1906147653,2360754333
dimwishlist:item=2353274446&perks=1300023272,106909392,1906147653,2459015849
dimwishlist:item=2353274446&perks=1300023272,106909392,3978468247,2679249093
dimwishlist:item=2353274446&perks=1300023272,106909392,3978468247,788178929
dimwishlist:item=2353274446&perks=1300023272,106909392,3978468247,2360754333
dimwishlist:item=2353274446&perks=1300023272,106909392,3978468247,2459015849
dimwishlist:item=2353274446&perks=1300023272,106909392,906981559,2679249093
dimwishlist:item=2353274446&perks=1300023272,106909392,906981559,788178929
dimwishlist:item=2353274446&perks=1300023272,106909392,906981559,2360754333
dimwishlist:item=2353274446&perks=1300023272,106909392,906981559,2459015849
dimwishlist:item=2353274446&perks=1300023272,1783397184,1631667848,2679249093
dimwishlist:item=2353274446&perks=1300023272,1783397184,1631667848,788178929
dimwishlist:item=2353274446&perks=1300023272,1783397184,1631667848,2360754333
dimwishlist:item=2353274446&perks=1300023272,1783397184,1631667848,2459015849
dimwishlist:item=2353274446&perks=1300023272,1783397184,402033656,2679249093
dimwishlist:item=2353274446&perks=1300023272,1783397184,402033656,788178929
dimwishlist:item=2353274446&perks=1300023272,1783397184,402033656,2360754333
dimwishlist:item=2353274446&perks=1300023272,1783397184,402033656,2459015849
dimwishlist:item=2353274446&perks=1300023272,1783397184,3523296417,2679249093
dimwishlist:item=2353274446&perks=1300023272,1783397184,3523296417,788178929
dimwishlist:item=2353274446&perks=1300023272,1783397184,3523296417,2360754333
dimwishlist:item=2353274446&perks=1300023272,1783397184,3523296417,2459015849
dimwishlist:item=2353274446&perks=1300023272,1783397184,1906147653,2679249093
dimwishlist:item=2353274446&perks=1300023272,1783397184,1906147653,788178929
dimwishlist:item=2353274446&perks=1300023272,1783397184,1906147653,2360754333
dimwishlist:item=2353274446&perks=1300023272,1783397184,1906147653,2459015849
dimwishlist:item=2353274446&perks=1300023272,1783397184,3978468247,2679249093
dimwishlist:item=2353274446&perks=1300023272,1783397184,3978468247,788178929
dimwishlist:item=2353274446&perks=1300023272,1783397184,3978468247,2360754333
dimwishlist:item=2353274446&perks=1300023272,1783397184,3978468247,2459015849
dimwishlist:item=2353274446&perks=1300023272,1783397184,906981559,2679249093
dimwishlist:item=2353274446&perks=1300023272,1783397184,906981559,788178929
dimwishlist:item=2353274446&perks=1300023272,1783397184,906981559,2360754333
dimwishlist:item=2353274446&perks=1300023272,1783397184,906981559,2459015849
dimwishlist:item=2353274446&perks=2371713880,106909392,1631667848,2679249093
dimwishlist:item=2353274446&perks=2371713880,106909392,1631667848,788178929
dimwishlist:item=2353274446&perks=2371713880,106909392,1631667848,2360754333
dimwishlist:item=2353274446&perks=2371713880,106909392,1631667848,2459015849
dimwishlist:item=2353274446&perks=2371713880,106909392,402033656,2679249093
dimwishlist:item=2353274446&perks=2371713880,106909392,402033656,788178929
dimwishlist:item=2353274446&perks=2371713880,106909392,402033656,2360754333
dimwishlist:item=2353274446&perks=2371713880,106909392,402033656,2459015849
dimwishlist:item=2353274446&perks=2371713880,106909392,3523296417,2679249093
dimwishlist:item=2353274446&perks=2371713880,106909392,3523296417,788178929
dimwishlist:item=2353274446&perks=2371713880,106909392,3523296417,2360754333
dimwishlist:item=2353274446&perks=2371713880,106909392,3523296417,2459015849
dimwishlist:item=2353274446&perks=2371713880,106909392,1906147653,2679249093
dimwishlist:item=2353274446&perks=2371713880,106909392,1906147653,788178929
dimwishlist:item=2353274446&perks=2371713880,106909392,1906147653,2360754333
dimwishlist:item=2353274446&perks=2371713880,106909392,1906147653,2459015849
dimwishlist:item=2353274446&perks=2371713880,106909392,3978468247,2679249093
dimwishlist:item=2353274446&perks=2371713880,106909392,3978468247,788178929
dimwishlist:item=2353274446&perks=2371713880,106909392,3978468247,2360754333
dimwishlist:item=2353274446&perks=2371713880,106909392,3978468247,2459015849
dimwishlist:item=2353274446&perks=2371713880,106909392,906981559,2679249093
dimwishlist:item=2353274446&perks=2371713880,106909392,906981559,788178929
dimwishlist:item=2353274446&perks=2371713880,106909392,906981559,2360754333
dimwishlist:item=2353274446&perks=2371713880,106909392,906981559,2459015849
dimwishlist:item=2353274446&perks=2371713880,1783397184,1631667848,2679249093
dimwishlist:item=2353274446&perks=2371713880,1783397184,1631667848,788178929
dimwishlist:item=2353274446&perks=2371713880,1783397184,1631667848,2360754333
dimwishlist:item=2353274446&perks=2371713880,1783397184,1631667848,2459015849
dimwishlist:item=2353274446&perks=2371713880,1783397184,402033656,2679249093
dimwishlist:item=2353274446&perks=2371713880,1783397184,402033656,788178929
dimwishlist:item=2353274446&perks=2371713880,1783397184,402033656,2360754333
dimwishlist:item=2353274446&perks=2371713880,1783397184,402033656,2459015849
dimwishlist:item=2353274446&perks=2371713880,1783397184,3523296417,2679249093
dimwishlist:item=2353274446&perks=2371713880,1783397184,3523296417,788178929
dimwishlist:item=2353274446&perks=2371713880,1783397184,3523296417,2360754333
dimwishlist:item=2353274446&perks=2371713880,1783397184,3523296417,2459015849
dimwishlist:item=2353274446&perks=2371713880,1783397184,1906147653,2679249093
dimwishlist:item=2353274446&perks=2371713880,1783397184,1906147653,788178929
dimwishlist:item=2353274446&perks=2371713880,1783397184,1906147653,2360754333
dimwishlist:item=2353274446&perks=2371713880,1783397184,1906147653,2459015849
dimwishlist:item=2353274446&perks=2371713880,1783397184,3978468247,2679249093
dimwishlist:item=2353274446&perks=2371713880,1783397184,3978468247,788178929
dimwishlist:item=2353274446&perks=2371713880,1783397184,3978468247,2360754333
dimwishlist:item=2353274446&perks=2371713880,1783397184,3978468247,2459015849
dimwishlist:item=2353274446&perks=2371713880,1783397184,906981559,2679249093
dimwishlist:item=2353274446&perks=2371713880,1783397184,906981559,788178929
dimwishlist:item=2353274446&perks=2371713880,1783397184,906981559,2360754333
dimwishlist:item=2353274446&perks=2371713880,1783397184,906981559,2459015849


//Action Item
//notes:Aegis Top Stasis Trace: B Tier. Best With 'Nail, Meet Hammer' Origin Trait. MW: Reload
dimwishlist:item=527989828&perks=1840239774,2749775325,1955165503,2922950962
dimwishlist:item=527989828&perks=1840239774,2749775325,1955165503,2078520142
dimwishlist:item=527989828&perks=1840239774,2749775325,1955165503,124408337
dimwishlist:item=527989828&perks=1840239774,2749775325,1955165503,1171887445
dimwishlist:item=527989828&perks=1840239774,2749775325,1955165503,4198902903
dimwishlist:item=527989828&perks=1840239774,2749775325,1955165503,222783511
dimwishlist:item=527989828&perks=1840239774,2749775325,2617553311,2922950962
dimwishlist:item=527989828&perks=1840239774,2749775325,2617553311,2078520142
dimwishlist:item=527989828&perks=1840239774,2749775325,2617553311,124408337
dimwishlist:item=527989828&perks=1840239774,2749775325,2617553311,1171887445
dimwishlist:item=527989828&perks=1840239774,2749775325,2617553311,4198902903
dimwishlist:item=527989828&perks=1840239774,2749775325,2617553311,222783511
dimwishlist:item=527989828&perks=1840239774,2749775325,3993379141,2922950962
dimwishlist:item=527989828&perks=1840239774,2749775325,3993379141,2078520142
dimwishlist:item=527989828&perks=1840239774,2749775325,3993379141,124408337
dimwishlist:item=527989828&perks=1840239774,2749775325,3993379141,1171887445
dimwishlist:item=527989828&perks=1840239774,2749775325,3993379141,4198902903
dimwishlist:item=527989828&perks=1840239774,2749775325,3993379141,222783511
dimwishlist:item=527989828&perks=1840239774,2749775325,1164602481,2922950962
dimwishlist:item=527989828&perks=1840239774,2749775325,1164602481,2078520142
dimwishlist:item=527989828&perks=1840239774,2749775325,1164602481,124408337
dimwishlist:item=527989828&perks=1840239774,2749775325,1164602481,1171887445
dimwishlist:item=527989828&perks=1840239774,2749775325,1164602481,4198902903
dimwishlist:item=527989828&perks=1840239774,2749775325,1164602481,222783511
dimwishlist:item=527989828&perks=1840239774,2749775325,3523296417,2922950962
dimwishlist:item=527989828&perks=1840239774,2749775325,3523296417,2078520142
dimwishlist:item=527989828&perks=1840239774,2749775325,3523296417,124408337
dimwishlist:item=527989828&perks=1840239774,2749775325,3523296417,1171887445
dimwishlist:item=527989828&perks=1840239774,2749775325,3523296417,4198902903
dimwishlist:item=527989828&perks=1840239774,2749775325,3523296417,222783511
dimwishlist:item=527989828&perks=1840239774,2749775325,1906147653,2922950962
dimwishlist:item=527989828&perks=1840239774,2749775325,1906147653,2078520142
dimwishlist:item=527989828&perks=1840239774,2749775325,1906147653,124408337
dimwishlist:item=527989828&perks=1840239774,2749775325,1906147653,1171887445
dimwishlist:item=527989828&perks=1840239774,2749775325,1906147653,4198902903
dimwishlist:item=527989828&perks=1840239774,2749775325,1906147653,222783511
dimwishlist:item=527989828&perks=1840239774,2073750249,1955165503,2922950962
dimwishlist:item=527989828&perks=1840239774,2073750249,1955165503,2078520142
dimwishlist:item=527989828&perks=1840239774,2073750249,1955165503,124408337
dimwishlist:item=527989828&perks=1840239774,2073750249,1955165503,1171887445
dimwishlist:item=527989828&perks=1840239774,2073750249,1955165503,4198902903
dimwishlist:item=527989828&perks=1840239774,2073750249,1955165503,222783511
dimwishlist:item=527989828&perks=1840239774,2073750249,2617553311,2922950962
dimwishlist:item=527989828&perks=1840239774,2073750249,2617553311,2078520142
dimwishlist:item=527989828&perks=1840239774,2073750249,2617553311,124408337
dimwishlist:item=527989828&perks=1840239774,2073750249,2617553311,1171887445
dimwishlist:item=527989828&perks=1840239774,2073750249,2617553311,4198902903
dimwishlist:item=527989828&perks=1840239774,2073750249,2617553311,222783511
dimwishlist:item=527989828&perks=1840239774,2073750249,3993379141,2922950962
dimwishlist:item=527989828&perks=1840239774,2073750249,3993379141,2078520142
dimwishlist:item=527989828&perks=1840239774,2073750249,3993379141,124408337
dimwishlist:item=527989828&perks=1840239774,2073750249,3993379141,1171887445
dimwishlist:item=527989828&perks=1840239774,2073750249,3993379141,4198902903
dimwishlist:item=527989828&perks=1840239774,2073750249,3993379141,222783511
dimwishlist:item=527989828&perks=1840239774,2073750249,1164602481,2922950962
dimwishlist:item=527989828&perks=1840239774,2073750249,1164602481,2078520142
dimwishlist:item=527989828&perks=1840239774,2073750249,1164602481,124408337
dimwishlist:item=527989828&perks=1840239774,2073750249,1164602481,1171887445
dimwishlist:item=527989828&perks=1840239774,2073750249,1164602481,4198902903
dimwishlist:item=527989828&perks=1840239774,2073750249,1164602481,222783511
dimwishlist:item=527989828&perks=1840239774,2073750249,3523296417,2922950962
dimwishlist:item=527989828&perks=1840239774,2073750249,3523296417,2078520142
dimwishlist:item=527989828&perks=1840239774,2073750249,3523296417,124408337
dimwishlist:item=527989828&perks=1840239774,2073750249,3523296417,1171887445
dimwishlist:item=527989828&perks=1840239774,2073750249,3523296417,4198902903
dimwishlist:item=527989828&perks=1840239774,2073750249,3523296417,222783511
dimwishlist:item=527989828&perks=1840239774,2073750249,1906147653,2922950962
dimwishlist:item=527989828&perks=1840239774,2073750249,1906147653,2078520142
dimwishlist:item=527989828&perks=1840239774,2073750249,1906147653,124408337
dimwishlist:item=527989828&perks=1840239774,2073750249,1906147653,1171887445
dimwishlist:item=527989828&perks=1840239774,2073750249,1906147653,4198902903
dimwishlist:item=527989828&perks=1840239774,2073750249,1906147653,222783511
dimwishlist:item=527989828&perks=1124871858,2749775325,1955165503,2922950962
dimwishlist:item=527989828&perks=1124871858,2749775325,1955165503,2078520142
dimwishlist:item=527989828&perks=1124871858,2749775325,1955165503,124408337
dimwishlist:item=527989828&perks=1124871858,2749775325,1955165503,1171887445
dimwishlist:item=527989828&perks=1124871858,2749775325,1955165503,4198902903
dimwishlist:item=527989828&perks=1124871858,2749775325,1955165503,222783511
dimwishlist:item=527989828&perks=1124871858,2749775325,2617553311,2922950962
dimwishlist:item=527989828&perks=1124871858,2749775325,2617553311,2078520142
dimwishlist:item=527989828&perks=1124871858,2749775325,2617553311,124408337
dimwishlist:item=527989828&perks=1124871858,2749775325,2617553311,1171887445
dimwishlist:item=527989828&perks=1124871858,2749775325,2617553311,4198902903
dimwishlist:item=527989828&perks=1124871858,2749775325,2617553311,222783511
dimwishlist:item=527989828&perks=1124871858,2749775325,3993379141,2922950962
dimwishlist:item=527989828&perks=1124871858,2749775325,3993379141,2078520142
dimwishlist:item=527989828&perks=1124871858,2749775325,3993379141,124408337
dimwishlist:item=527989828&perks=1124871858,2749775325,3993379141,1171887445
dimwishlist:item=527989828&perks=1124871858,2749775325,3993379141,4198902903
dimwishlist:item=527989828&perks=1124871858,2749775325,3993379141,222783511
dimwishlist:item=527989828&perks=1124871858,2749775325,1164602481,2922950962
dimwishlist:item=527989828&perks=1124871858,2749775325,1164602481,2078520142
dimwishlist:item=527989828&perks=1124871858,2749775325,1164602481,124408337
dimwishlist:item=527989828&perks=1124871858,2749775325,1164602481,1171887445
dimwishlist:item=527989828&perks=1124871858,2749775325,1164602481,4198902903
dimwishlist:item=527989828&perks=1124871858,2749775325,1164602481,222783511
dimwishlist:item=527989828&perks=1124871858,2749775325,3523296417,2922950962
dimwishlist:item=527989828&perks=1124871858,2749775325,3523296417,2078520142
dimwishlist:item=527989828&perks=1124871858,2749775325,3523296417,124408337
dimwishlist:item=527989828&perks=1124871858,2749775325,3523296417,1171887445
dimwishlist:item=527989828&perks=1124871858,2749775325,3523296417,4198902903
dimwishlist:item=527989828&perks=1124871858,2749775325,3523296417,222783511
dimwishlist:item=527989828&perks=1124871858,2749775325,1906147653,2922950962
dimwishlist:item=527989828&perks=1124871858,2749775325,1906147653,2078520142
dimwishlist:item=527989828&perks=1124871858,2749775325,1906147653,124408337
dimwishlist:item=527989828&perks=1124871858,2749775325,1906147653,1171887445
dimwishlist:item=527989828&perks=1124871858,2749775325,1906147653,4198902903
dimwishlist:item=527989828&perks=1124871858,2749775325,1906147653,222783511
dimwishlist:item=527989828&perks=1124871858,2073750249,1955165503,2922950962
dimwishlist:item=527989828&perks=1124871858,2073750249,1955165503,2078520142
dimwishlist:item=527989828&perks=1124871858,2073750249,1955165503,124408337
dimwishlist:item=527989828&perks=1124871858,2073750249,1955165503,1171887445
dimwishlist:item=527989828&perks=1124871858,2073750249,1955165503,4198902903
dimwishlist:item=527989828&perks=1124871858,2073750249,1955165503,222783511
dimwishlist:item=527989828&perks=1124871858,2073750249,2617553311,2922950962
dimwishlist:item=527989828&perks=1124871858,2073750249,2617553311,2078520142
dimwishlist:item=527989828&perks=1124871858,2073750249,2617553311,124408337
dimwishlist:item=527989828&perks=1124871858,2073750249,2617553311,1171887445
dimwishlist:item=527989828&perks=1124871858,2073750249,2617553311,4198902903
dimwishlist:item=527989828&perks=1124871858,2073750249,2617553311,222783511
dimwishlist:item=527989828&perks=1124871858,2073750249,3993379141,2922950962
dimwishlist:item=527989828&perks=1124871858,2073750249,3993379141,2078520142
dimwishlist:item=527989828&perks=1124871858,2073750249,3993379141,124408337
dimwishlist:item=527989828&perks=1124871858,2073750249,3993379141,1171887445
dimwishlist:item=527989828&perks=1124871858,2073750249,3993379141,4198902903
dimwishlist:item=527989828&perks=1124871858,2073750249,3993379141,222783511
dimwishlist:item=527989828&perks=1124871858,2073750249,1164602481,2922950962
dimwishlist:item=527989828&perks=1124871858,2073750249,1164602481,2078520142
dimwishlist:item=527989828&perks=1124871858,2073750249,1164602481,124408337
dimwishlist:item=527989828&perks=1124871858,2073750249,1164602481,1171887445
dimwishlist:item=527989828&perks=1124871858,2073750249,1164602481,4198902903
dimwishlist:item=527989828&perks=1124871858,2073750249,1164602481,222783511
dimwishlist:item=527989828&perks=1124871858,2073750249,3523296417,2922950962
dimwishlist:item=527989828&perks=1124871858,2073750249,3523296417,2078520142
dimwishlist:item=527989828&perks=1124871858,2073750249,3523296417,124408337
dimwishlist:item=527989828&perks=1124871858,2073750249,3523296417,1171887445
dimwishlist:item=527989828&perks=1124871858,2073750249,3523296417,4198902903
dimwishlist:item=527989828&perks=1124871858,2073750249,3523296417,222783511
dimwishlist:item=527989828&perks=1124871858,2073750249,1906147653,2922950962
dimwishlist:item=527989828&perks=1124871858,2073750249,1906147653,2078520142
dimwishlist:item=527989828&perks=1124871858,2073750249,1906147653,124408337
dimwishlist:item=527989828&perks=1124871858,2073750249,1906147653,1171887445
dimwishlist:item=527989828&perks=1124871858,2073750249,1906147653,4198902903
dimwishlist:item=527989828&perks=1124871858,2073750249,1906147653,222783511
dimwishlist:item=437854391&perks=1840239774,2749775325,1955165503,2922950962
dimwishlist:item=437854391&perks=1840239774,2749775325,1955165503,2078520142
dimwishlist:item=437854391&perks=1840239774,2749775325,1955165503,124408337
dimwishlist:item=437854391&perks=1840239774,2749775325,1955165503,1171887445
dimwishlist:item=437854391&perks=1840239774,2749775325,1955165503,4198902903
dimwishlist:item=437854391&perks=1840239774,2749775325,1955165503,222783511
dimwishlist:item=437854391&perks=1840239774,2749775325,2617553311,2922950962
dimwishlist:item=437854391&perks=1840239774,2749775325,2617553311,2078520142
dimwishlist:item=437854391&perks=1840239774,2749775325,2617553311,124408337
dimwishlist:item=437854391&perks=1840239774,2749775325,2617553311,1171887445
dimwishlist:item=437854391&perks=1840239774,2749775325,2617553311,4198902903
dimwishlist:item=437854391&perks=1840239774,2749775325,2617553311,222783511
dimwishlist:item=437854391&perks=1840239774,2749775325,3993379141,2922950962
dimwishlist:item=437854391&perks=1840239774,2749775325,3993379141,2078520142
dimwishlist:item=437854391&perks=1840239774,2749775325,3993379141,124408337
dimwishlist:item=437854391&perks=1840239774,2749775325,3993379141,1171887445
dimwishlist:item=437854391&perks=1840239774,2749775325,3993379141,4198902903
dimwishlist:item=437854391&perks=1840239774,2749775325,3993379141,222783511
dimwishlist:item=437854391&perks=1840239774,2749775325,1164602481,2922950962
dimwishlist:item=437854391&perks=1840239774,2749775325,1164602481,2078520142
dimwishlist:item=437854391&perks=1840239774,2749775325,1164602481,124408337
dimwishlist:item=437854391&perks=1840239774,2749775325,1164602481,1171887445
dimwishlist:item=437854391&perks=1840239774,2749775325,1164602481,4198902903
dimwishlist:item=437854391&perks=1840239774,2749775325,1164602481,222783511
dimwishlist:item=437854391&perks=1840239774,2749775325,3523296417,2922950962
dimwishlist:item=437854391&perks=1840239774,2749775325,3523296417,2078520142
dimwishlist:item=437854391&perks=1840239774,2749775325,3523296417,124408337
dimwishlist:item=437854391&perks=1840239774,2749775325,3523296417,1171887445
dimwishlist:item=437854391&perks=1840239774,2749775325,3523296417,4198902903
dimwishlist:item=437854391&perks=1840239774,2749775325,3523296417,222783511
dimwishlist:item=437854391&perks=1840239774,2749775325,1906147653,2922950962
dimwishlist:item=437854391&perks=1840239774,2749775325,1906147653,2078520142
dimwishlist:item=437854391&perks=1840239774,2749775325,1906147653,124408337
dimwishlist:item=437854391&perks=1840239774,2749775325,1906147653,1171887445
dimwishlist:item=437854391&perks=1840239774,2749775325,1906147653,4198902903
dimwishlist:item=437854391&perks=1840239774,2749775325,1906147653,222783511
dimwishlist:item=437854391&perks=1840239774,2073750249,1955165503,2922950962
dimwishlist:item=437854391&perks=1840239774,2073750249,1955165503,2078520142
dimwishlist:item=437854391&perks=1840239774,2073750249,1955165503,124408337
dimwishlist:item=437854391&perks=1840239774,2073750249,1955165503,1171887445
dimwishlist:item=437854391&perks=1840239774,2073750249,1955165503,4198902903
dimwishlist:item=437854391&perks=1840239774,2073750249,1955165503,222783511
dimwishlist:item=437854391&perks=1840239774,2073750249,2617553311,2922950962
dimwishlist:item=437854391&perks=1840239774,2073750249,2617553311,2078520142
dimwishlist:item=437854391&perks=1840239774,2073750249,2617553311,124408337
dimwishlist:item=437854391&perks=1840239774,2073750249,2617553311,1171887445
dimwishlist:item=437854391&perks=1840239774,2073750249,2617553311,4198902903
dimwishlist:item=437854391&perks=1840239774,2073750249,2617553311,222783511
dimwishlist:item=437854391&perks=1840239774,2073750249,3993379141,2922950962
dimwishlist:item=437854391&perks=1840239774,2073750249,3993379141,2078520142
dimwishlist:item=437854391&perks=1840239774,2073750249,3993379141,124408337
dimwishlist:item=437854391&perks=1840239774,2073750249,3993379141,1171887445
dimwishlist:item=437854391&perks=1840239774,2073750249,3993379141,4198902903
dimwishlist:item=437854391&perks=1840239774,2073750249,3993379141,222783511
dimwishlist:item=437854391&perks=1840239774,2073750249,1164602481,2922950962
dimwishlist:item=437854391&perks=1840239774,2073750249,1164602481,2078520142
dimwishlist:item=437854391&perks=1840239774,2073750249,1164602481,124408337
dimwishlist:item=437854391&perks=1840239774,2073750249,1164602481,1171887445
dimwishlist:item=437854391&perks=1840239774,2073750249,1164602481,4198902903
dimwishlist:item=437854391&perks=1840239774,2073750249,1164602481,222783511
dimwishlist:item=437854391&perks=1840239774,2073750249,3523296417,2922950962
dimwishlist:item=437854391&perks=1840239774,2073750249,3523296417,2078520142
dimwishlist:item=437854391&perks=1840239774,2073750249,3523296417,124408337
dimwishlist:item=437854391&perks=1840239774,2073750249,3523296417,1171887445
dimwishlist:item=437854391&perks=1840239774,2073750249,3523296417,4198902903
dimwishlist:item=437854391&perks=1840239774,2073750249,3523296417,222783511
dimwishlist:item=437854391&perks=1840239774,2073750249,1906147653,2922950962
dimwishlist:item=437854391&perks=1840239774,2073750249,1906147653,2078520142
dimwishlist:item=437854391&perks=1840239774,2073750249,1906147653,124408337
dimwishlist:item=437854391&perks=1840239774,2073750249,1906147653,1171887445
dimwishlist:item=437854391&perks=1840239774,2073750249,1906147653,4198902903
dimwishlist:item=437854391&perks=1840239774,2073750249,1906147653,222783511
dimwishlist:item=437854391&perks=1124871858,2749775325,1955165503,2922950962
dimwishlist:item=437854391&perks=1124871858,2749775325,1955165503,2078520142
dimwishlist:item=437854391&perks=1124871858,2749775325,1955165503,124408337
dimwishlist:item=437854391&perks=1124871858,2749775325,1955165503,1171887445
dimwishlist:item=437854391&perks=1124871858,2749775325,1955165503,4198902903
dimwishlist:item=437854391&perks=1124871858,2749775325,1955165503,222783511
dimwishlist:item=437854391&perks=1124871858,2749775325,2617553311,2922950962
dimwishlist:item=437854391&perks=1124871858,2749775325,2617553311,2078520142
dimwishlist:item=437854391&perks=1124871858,2749775325,2617553311,124408337
dimwishlist:item=437854391&perks=1124871858,2749775325,2617553311,1171887445
dimwishlist:item=437854391&perks=1124871858,2749775325,2617553311,4198902903
dimwishlist:item=437854391&perks=1124871858,2749775325,2617553311,222783511
dimwishlist:item=437854391&perks=1124871858,2749775325,3993379141,2922950962
dimwishlist:item=437854391&perks=1124871858,2749775325,3993379141,2078520142
dimwishlist:item=437854391&perks=1124871858,2749775325,3993379141,124408337
dimwishlist:item=437854391&perks=1124871858,2749775325,3993379141,1171887445
dimwishlist:item=437854391&perks=1124871858,2749775325,3993379141,4198902903
dimwishlist:item=437854391&perks=1124871858,2749775325,3993379141,222783511
dimwishlist:item=437854391&perks=1124871858,2749775325,1164602481,2922950962
dimwishlist:item=437854391&perks=1124871858,2749775325,1164602481,2078520142
dimwishlist:item=437854391&perks=1124871858,2749775325,1164602481,124408337
dimwishlist:item=437854391&perks=1124871858,2749775325,1164602481,1171887445
dimwishlist:item=437854391&perks=1124871858,2749775325,1164602481,4198902903
dimwishlist:item=437854391&perks=1124871858,2749775325,1164602481,222783511
dimwishlist:item=437854391&perks=1124871858,2749775325,3523296417,2922950962
dimwishlist:item=437854391&perks=1124871858,2749775325,3523296417,2078520142
dimwishlist:item=437854391&perks=1124871858,2749775325,3523296417,124408337
dimwishlist:item=437854391&perks=1124871858,2749775325,3523296417,1171887445
dimwishlist:item=437854391&perks=1124871858,2749775325,3523296417,4198902903
dimwishlist:item=437854391&perks=1124871858,2749775325,3523296417,222783511
dimwishlist:item=437854391&perks=1124871858,2749775325,1906147653,2922950962
dimwishlist:item=437854391&perks=1124871858,2749775325,1906147653,2078520142
dimwishlist:item=437854391&perks=1124871858,2749775325,1906147653,124408337
dimwishlist:item=437854391&perks=1124871858,2749775325,1906147653,1171887445
dimwishlist:item=437854391&perks=1124871858,2749775325,1906147653,4198902903
dimwishlist:item=437854391&perks=1124871858,2749775325,1906147653,222783511
dimwishlist:item=437854391&perks=1124871858,2073750249,1955165503,2922950962
dimwishlist:item=437854391&perks=1124871858,2073750249,1955165503,2078520142
dimwishlist:item=437854391&perks=1124871858,2073750249,1955165503,124408337
dimwishlist:item=437854391&perks=1124871858,2073750249,1955165503,1171887445
dimwishlist:item=437854391&perks=1124871858,2073750249,1955165503,4198902903
dimwishlist:item=437854391&perks=1124871858,2073750249,1955165503,222783511
dimwishlist:item=437854391&perks=1124871858,2073750249,2617553311,2922950962
dimwishlist:item=437854391&perks=1124871858,2073750249,2617553311,2078520142
dimwishlist:item=437854391&perks=1124871858,2073750249,2617553311,124408337
dimwishlist:item=437854391&perks=1124871858,2073750249,2617553311,1171887445
dimwishlist:item=437854391&perks=1124871858,2073750249,2617553311,4198902903
dimwishlist:item=437854391&perks=1124871858,2073750249,2617553311,222783511
dimwishlist:item=437854391&perks=1124871858,2073750249,3993379141,2922950962
dimwishlist:item=437854391&perks=1124871858,2073750249,3993379141,2078520142
dimwishlist:item=437854391&perks=1124871858,2073750249,3993379141,124408337
dimwishlist:item=437854391&perks=1124871858,2073750249,3993379141,1171887445
dimwishlist:item=437854391&perks=1124871858,2073750249,3993379141,4198902903
dimwishlist:item=437854391&perks=1124871858,2073750249,3993379141,222783511
dimwishlist:item=437854391&perks=1124871858,2073750249,1164602481,2922950962
dimwishlist:item=437854391&perks=1124871858,2073750249,1164602481,2078520142
dimwishlist:item=437854391&perks=1124871858,2073750249,1164602481,124408337
dimwishlist:item=437854391&perks=1124871858,2073750249,1164602481,1171887445
dimwishlist:item=437854391&perks=1124871858,2073750249,1164602481,4198902903
dimwishlist:item=437854391&perks=1124871858,2073750249,1164602481,222783511
dimwishlist:item=437854391&perks=1124871858,2073750249,3523296417,2922950962
dimwishlist:item=437854391&perks=1124871858,2073750249,3523296417,2078520142
dimwishlist:item=437854391&perks=1124871858,2073750249,3523296417,124408337
dimwishlist:item=437854391&perks=1124871858,2073750249,3523296417,1171887445
dimwishlist:item=437854391&perks=1124871858,2073750249,3523296417,4198902903
dimwishlist:item=437854391&perks=1124871858,2073750249,3523296417,222783511
dimwishlist:item=437854391&perks=1124871858,2073750249,1906147653,2922950962
dimwishlist:item=437854391&perks=1124871858,2073750249,1906147653,2078520142
dimwishlist:item=437854391&perks=1124871858,2073750249,1906147653,124408337
dimwishlist:item=437854391&perks=1124871858,2073750249,1906147653,1171887445
dimwishlist:item=437854391&perks=1124871858,2073750249,1906147653,4198902903
dimwishlist:item=437854391&perks=1124871858,2073750249,1906147653,222783511
dimwishlist:item=437854390&perks=1840239774,2749775325,1955165503,2922950962
dimwishlist:item=437854390&perks=1840239774,2749775325,1955165503,2078520142
dimwishlist:item=437854390&perks=1840239774,2749775325,1955165503,124408337
dimwishlist:item=437854390&perks=1840239774,2749775325,1955165503,1171887445
dimwishlist:item=437854390&perks=1840239774,2749775325,1955165503,4198902903
dimwishlist:item=437854390&perks=1840239774,2749775325,1955165503,222783511
dimwishlist:item=437854390&perks=1840239774,2749775325,2617553311,2922950962
dimwishlist:item=437854390&perks=1840239774,2749775325,2617553311,2078520142
dimwishlist:item=437854390&perks=1840239774,2749775325,2617553311,124408337
dimwishlist:item=437854390&perks=1840239774,2749775325,2617553311,1171887445
dimwishlist:item=437854390&perks=1840239774,2749775325,2617553311,4198902903
dimwishlist:item=437854390&perks=1840239774,2749775325,2617553311,222783511
dimwishlist:item=437854390&perks=1840239774,2749775325,3993379141,2922950962
dimwishlist:item=437854390&perks=1840239774,2749775325,3993379141,2078520142
dimwishlist:item=437854390&perks=1840239774,2749775325,3993379141,124408337
dimwishlist:item=437854390&perks=1840239774,2749775325,3993379141,1171887445
dimwishlist:item=437854390&perks=1840239774,2749775325,3993379141,4198902903
dimwishlist:item=437854390&perks=1840239774,2749775325,3993379141,222783511
dimwishlist:item=437854390&perks=1840239774,2749775325,1164602481,2922950962
dimwishlist:item=437854390&perks=1840239774,2749775325,1164602481,2078520142
dimwishlist:item=437854390&perks=1840239774,2749775325,1164602481,124408337
dimwishlist:item=437854390&perks=1840239774,2749775325,1164602481,1171887445
dimwishlist:item=437854390&perks=1840239774,2749775325,1164602481,4198902903
dimwishlist:item=437854390&perks=1840239774,2749775325,1164602481,222783511
dimwishlist:item=437854390&perks=1840239774,2749775325,3523296417,2922950962
dimwishlist:item=437854390&perks=1840239774,2749775325,3523296417,2078520142
dimwishlist:item=437854390&perks=1840239774,2749775325,3523296417,124408337
dimwishlist:item=437854390&perks=1840239774,2749775325,3523296417,1171887445
dimwishlist:item=437854390&perks=1840239774,2749775325,3523296417,4198902903
dimwishlist:item=437854390&perks=1840239774,2749775325,3523296417,222783511
dimwishlist:item=437854390&perks=1840239774,2749775325,1906147653,2922950962
dimwishlist:item=437854390&perks=1840239774,2749775325,1906147653,2078520142
dimwishlist:item=437854390&perks=1840239774,2749775325,1906147653,124408337
dimwishlist:item=437854390&perks=1840239774,2749775325,1906147653,1171887445
dimwishlist:item=437854390&perks=1840239774,2749775325,1906147653,4198902903
dimwishlist:item=437854390&perks=1840239774,2749775325,1906147653,222783511
dimwishlist:item=437854390&perks=1840239774,2073750249,1955165503,2922950962
dimwishlist:item=437854390&perks=1840239774,2073750249,1955165503,2078520142
dimwishlist:item=437854390&perks=1840239774,2073750249,1955165503,124408337
dimwishlist:item=437854390&perks=1840239774,2073750249,1955165503,1171887445
dimwishlist:item=437854390&perks=1840239774,2073750249,1955165503,4198902903
dimwishlist:item=437854390&perks=1840239774,2073750249,1955165503,222783511
dimwishlist:item=437854390&perks=1840239774,2073750249,2617553311,2922950962
dimwishlist:item=437854390&perks=1840239774,2073750249,2617553311,2078520142
dimwishlist:item=437854390&perks=1840239774,2073750249,2617553311,124408337
dimwishlist:item=437854390&perks=1840239774,2073750249,2617553311,1171887445
dimwishlist:item=437854390&perks=1840239774,2073750249,2617553311,4198902903
dimwishlist:item=437854390&perks=1840239774,2073750249,2617553311,222783511
dimwishlist:item=437854390&perks=1840239774,2073750249,3993379141,2922950962
dimwishlist:item=437854390&perks=1840239774,2073750249,3993379141,2078520142
dimwishlist:item=437854390&perks=1840239774,2073750249,3993379141,124408337
dimwishlist:item=437854390&perks=1840239774,2073750249,3993379141,1171887445
dimwishlist:item=437854390&perks=1840239774,2073750249,3993379141,4198902903
dimwishlist:item=437854390&perks=1840239774,2073750249,3993379141,222783511
dimwishlist:item=437854390&perks=1840239774,2073750249,1164602481,2922950962
dimwishlist:item=437854390&perks=1840239774,2073750249,1164602481,2078520142
dimwishlist:item=437854390&perks=1840239774,2073750249,1164602481,124408337
dimwishlist:item=437854390&perks=1840239774,2073750249,1164602481,1171887445
dimwishlist:item=437854390&perks=1840239774,2073750249,1164602481,4198902903
dimwishlist:item=437854390&perks=1840239774,2073750249,1164602481,222783511
dimwishlist:item=437854390&perks=1840239774,2073750249,3523296417,2922950962
dimwishlist:item=437854390&perks=1840239774,2073750249,3523296417,2078520142
dimwishlist:item=437854390&perks=1840239774,2073750249,3523296417,124408337
dimwishlist:item=437854390&perks=1840239774,2073750249,3523296417,1171887445
dimwishlist:item=437854390&perks=1840239774,2073750249,3523296417,4198902903
dimwishlist:item=437854390&perks=1840239774,2073750249,3523296417,222783511
dimwishlist:item=437854390&perks=1840239774,2073750249,1906147653,2922950962
dimwishlist:item=437854390&perks=1840239774,2073750249,1906147653,2078520142
dimwishlist:item=437854390&perks=1840239774,2073750249,1906147653,124408337
dimwishlist:item=437854390&perks=1840239774,2073750249,1906147653,1171887445
dimwishlist:item=437854390&perks=1840239774,2073750249,1906147653,4198902903
dimwishlist:item=437854390&perks=1840239774,2073750249,1906147653,222783511
dimwishlist:item=437854390&perks=1124871858,2749775325,1955165503,2922950962
dimwishlist:item=437854390&perks=1124871858,2749775325,1955165503,2078520142
dimwishlist:item=437854390&perks=1124871858,2749775325,1955165503,124408337
dimwishlist:item=437854390&perks=1124871858,2749775325,1955165503,1171887445
dimwishlist:item=437854390&perks=1124871858,2749775325,1955165503,4198902903
dimwishlist:item=437854390&perks=1124871858,2749775325,1955165503,222783511
dimwishlist:item=437854390&perks=1124871858,2749775325,2617553311,2922950962
dimwishlist:item=437854390&perks=1124871858,2749775325,2617553311,2078520142
dimwishlist:item=437854390&perks=1124871858,2749775325,2617553311,124408337
dimwishlist:item=437854390&perks=1124871858,2749775325,2617553311,1171887445
dimwishlist:item=437854390&perks=1124871858,2749775325,2617553311,4198902903
dimwishlist:item=437854390&perks=1124871858,2749775325,2617553311,222783511
dimwishlist:item=437854390&perks=1124871858,2749775325,3993379141,2922950962
dimwishlist:item=437854390&perks=1124871858,2749775325,3993379141,2078520142
dimwishlist:item=437854390&perks=1124871858,2749775325,3993379141,124408337
dimwishlist:item=437854390&perks=1124871858,2749775325,3993379141,1171887445
dimwishlist:item=437854390&perks=1124871858,2749775325,3993379141,4198902903
dimwishlist:item=437854390&perks=1124871858,2749775325,3993379141,222783511
dimwishlist:item=437854390&perks=1124871858,2749775325,1164602481,2922950962
dimwishlist:item=437854390&perks=1124871858,2749775325,1164602481,2078520142
dimwishlist:item=437854390&perks=1124871858,2749775325,1164602481,124408337
dimwishlist:item=437854390&perks=1124871858,2749775325,1164602481,1171887445
dimwishlist:item=437854390&perks=1124871858,2749775325,1164602481,4198902903
dimwishlist:item=437854390&perks=1124871858,2749775325,1164602481,222783511
dimwishlist:item=437854390&perks=1124871858,2749775325,3523296417,2922950962
dimwishlist:item=437854390&perks=1124871858,2749775325,3523296417,2078520142
dimwishlist:item=437854390&perks=1124871858,2749775325,3523296417,124408337
dimwishlist:item=437854390&perks=1124871858,2749775325,3523296417,1171887445
dimwishlist:item=437854390&perks=1124871858,2749775325,3523296417,4198902903
dimwishlist:item=437854390&perks=1124871858,2749775325,3523296417,222783511
dimwishlist:item=437854390&perks=1124871858,2749775325,1906147653,2922950962
dimwishlist:item=437854390&perks=1124871858,2749775325,1906147653,2078520142
dimwishlist:item=437854390&perks=1124871858,2749775325,1906147653,124408337
dimwishlist:item=437854390&perks=1124871858,2749775325,1906147653,1171887445
dimwishlist:item=437854390&perks=1124871858,2749775325,1906147653,4198902903
dimwishlist:item=437854390&perks=1124871858,2749775325,1906147653,222783511
dimwishlist:item=437854390&perks=1124871858,2073750249,1955165503,2922950962
dimwishlist:item=437854390&perks=1124871858,2073750249,1955165503,2078520142
dimwishlist:item=437854390&perks=1124871858,2073750249,1955165503,124408337
dimwishlist:item=437854390&perks=1124871858,2073750249,1955165503,1171887445
dimwishlist:item=437854390&perks=1124871858,2073750249,1955165503,4198902903
dimwishlist:item=437854390&perks=1124871858,2073750249,1955165503,222783511
dimwishlist:item=437854390&perks=1124871858,2073750249,2617553311,2922950962
dimwishlist:item=437854390&perks=1124871858,2073750249,2617553311,2078520142
dimwishlist:item=437854390&perks=1124871858,2073750249,2617553311,124408337
dimwishlist:item=437854390&perks=1124871858,2073750249,2617553311,1171887445
dimwishlist:item=437854390&perks=1124871858,2073750249,2617553311,4198902903
dimwishlist:item=437854390&perks=1124871858,2073750249,2617553311,222783511
dimwishlist:item=437854390&perks=1124871858,2073750249,3993379141,2922950962
dimwishlist:item=437854390&perks=1124871858,2073750249,3993379141,2078520142
dimwishlist:item=437854390&perks=1124871858,2073750249,3993379141,124408337
dimwishlist:item=437854390&perks=1124871858,2073750249,3993379141,1171887445
dimwishlist:item=437854390&perks=1124871858,2073750249,3993379141,4198902903
dimwishlist:item=437854390&perks=1124871858,2073750249,3993379141,222783511
dimwishlist:item=437854390&perks=1124871858,2073750249,1164602481,2922950962
dimwishlist:item=437854390&perks=1124871858,2073750249,1164602481,2078520142
dimwishlist:item=437854390&perks=1124871858,2073750249,1164602481,124408337
dimwishlist:item=437854390&perks=1124871858,2073750249,1164602481,1171887445
dimwishlist:item=437854390&perks=1124871858,2073750249,1164602481,4198902903
dimwishlist:item=437854390&perks=1124871858,2073750249,1164602481,222783511
dimwishlist:item=437854390&perks=1124871858,2073750249,3523296417,2922950962
dimwishlist:item=437854390&perks=1124871858,2073750249,3523296417,2078520142
dimwishlist:item=437854390&perks=1124871858,2073750249,3523296417,124408337
dimwishlist:item=437854390&perks=1124871858,2073750249,3523296417,1171887445
dimwishlist:item=437854390&perks=1124871858,2073750249,3523296417,4198902903
dimwishlist:item=437854390&perks=1124871858,2073750249,3523296417,222783511
dimwishlist:item=437854390&perks=1124871858,2073750249,1906147653,2922950962
dimwishlist:item=437854390&perks=1124871858,2073750249,1906147653,2078520142
dimwishlist:item=437854390&perks=1124871858,2073750249,1906147653,124408337
dimwishlist:item=437854390&perks=1124871858,2073750249,1906147653,1171887445
dimwishlist:item=437854390&perks=1124871858,2073750249,1906147653,4198902903
dimwishlist:item=437854390&perks=1124871858,2073750249,1906147653,222783511
dimwishlist:item=437854389&perks=1840239774,2749775325,1955165503,2922950962
dimwishlist:item=437854389&perks=1840239774,2749775325,1955165503,2078520142
dimwishlist:item=437854389&perks=1840239774,2749775325,1955165503,124408337
dimwishlist:item=437854389&perks=1840239774,2749775325,1955165503,1171887445
dimwishlist:item=437854389&perks=1840239774,2749775325,1955165503,4198902903
dimwishlist:item=437854389&perks=1840239774,2749775325,1955165503,222783511
dimwishlist:item=437854389&perks=1840239774,2749775325,2617553311,2922950962
dimwishlist:item=437854389&perks=1840239774,2749775325,2617553311,2078520142
dimwishlist:item=437854389&perks=1840239774,2749775325,2617553311,124408337
dimwishlist:item=437854389&perks=1840239774,2749775325,2617553311,1171887445
dimwishlist:item=437854389&perks=1840239774,2749775325,2617553311,4198902903
dimwishlist:item=437854389&perks=1840239774,2749775325,2617553311,222783511
dimwishlist:item=437854389&perks=1840239774,2749775325,3993379141,2922950962
dimwishlist:item=437854389&perks=1840239774,2749775325,3993379141,2078520142
dimwishlist:item=437854389&perks=1840239774,2749775325,3993379141,124408337
dimwishlist:item=437854389&perks=1840239774,2749775325,3993379141,1171887445
dimwishlist:item=437854389&perks=1840239774,2749775325,3993379141,4198902903
dimwishlist:item=437854389&perks=1840239774,2749775325,3993379141,222783511
dimwishlist:item=437854389&perks=1840239774,2749775325,1164602481,2922950962
dimwishlist:item=437854389&perks=1840239774,2749775325,1164602481,2078520142
dimwishlist:item=437854389&perks=1840239774,2749775325,1164602481,124408337
dimwishlist:item=437854389&perks=1840239774,2749775325,1164602481,1171887445
dimwishlist:item=437854389&perks=1840239774,2749775325,1164602481,4198902903
dimwishlist:item=437854389&perks=1840239774,2749775325,1164602481,222783511
dimwishlist:item=437854389&perks=1840239774,2749775325,3523296417,2922950962
dimwishlist:item=437854389&perks=1840239774,2749775325,3523296417,2078520142
dimwishlist:item=437854389&perks=1840239774,2749775325,3523296417,124408337
dimwishlist:item=437854389&perks=1840239774,2749775325,3523296417,1171887445
dimwishlist:item=437854389&perks=1840239774,2749775325,3523296417,4198902903
dimwishlist:item=437854389&perks=1840239774,2749775325,3523296417,222783511
dimwishlist:item=437854389&perks=1840239774,2749775325,1906147653,2922950962
dimwishlist:item=437854389&perks=1840239774,2749775325,1906147653,2078520142
dimwishlist:item=437854389&perks=1840239774,2749775325,1906147653,124408337
dimwishlist:item=437854389&perks=1840239774,2749775325,1906147653,1171887445
dimwishlist:item=437854389&perks=1840239774,2749775325,1906147653,4198902903
dimwishlist:item=437854389&perks=1840239774,2749775325,1906147653,222783511
dimwishlist:item=437854389&perks=1840239774,2073750249,1955165503,2922950962
dimwishlist:item=437854389&perks=1840239774,2073750249,1955165503,2078520142
dimwishlist:item=437854389&perks=1840239774,2073750249,1955165503,124408337
dimwishlist:item=437854389&perks=1840239774,2073750249,1955165503,1171887445
dimwishlist:item=437854389&perks=1840239774,2073750249,1955165503,4198902903
dimwishlist:item=437854389&perks=1840239774,2073750249,1955165503,222783511
dimwishlist:item=437854389&perks=1840239774,2073750249,2617553311,2922950962
dimwishlist:item=437854389&perks=1840239774,2073750249,2617553311,2078520142
dimwishlist:item=437854389&perks=1840239774,2073750249,2617553311,124408337
dimwishlist:item=437854389&perks=1840239774,2073750249,2617553311,1171887445
dimwishlist:item=437854389&perks=1840239774,2073750249,2617553311,4198902903
dimwishlist:item=437854389&perks=1840239774,2073750249,2617553311,222783511
dimwishlist:item=437854389&perks=1840239774,2073750249,3993379141,2922950962
dimwishlist:item=437854389&perks=1840239774,2073750249,3993379141,2078520142
dimwishlist:item=437854389&perks=1840239774,2073750249,3993379141,124408337
dimwishlist:item=437854389&perks=1840239774,2073750249,3993379141,1171887445
dimwishlist:item=437854389&perks=1840239774,2073750249,3993379141,4198902903
dimwishlist:item=437854389&perks=1840239774,2073750249,3993379141,222783511
dimwishlist:item=437854389&perks=1840239774,2073750249,1164602481,2922950962
dimwishlist:item=437854389&perks=1840239774,2073750249,1164602481,2078520142
dimwishlist:item=437854389&perks=1840239774,2073750249,1164602481,124408337
dimwishlist:item=437854389&perks=1840239774,2073750249,1164602481,1171887445
dimwishlist:item=437854389&perks=1840239774,2073750249,1164602481,4198902903
dimwishlist:item=437854389&perks=1840239774,2073750249,1164602481,222783511
dimwishlist:item=437854389&perks=1840239774,2073750249,3523296417,2922950962
dimwishlist:item=437854389&perks=1840239774,2073750249,3523296417,2078520142
dimwishlist:item=437854389&perks=1840239774,2073750249,3523296417,124408337
dimwishlist:item=437854389&perks=1840239774,2073750249,3523296417,1171887445
dimwishlist:item=437854389&perks=1840239774,2073750249,3523296417,4198902903
dimwishlist:item=437854389&perks=1840239774,2073750249,3523296417,222783511
dimwishlist:item=437854389&perks=1840239774,2073750249,1906147653,2922950962
dimwishlist:item=437854389&perks=1840239774,2073750249,1906147653,2078520142
dimwishlist:item=437854389&perks=1840239774,2073750249,1906147653,124408337
dimwishlist:item=437854389&perks=1840239774,2073750249,1906147653,1171887445
dimwishlist:item=437854389&perks=1840239774,2073750249,1906147653,4198902903
dimwishlist:item=437854389&perks=1840239774,2073750249,1906147653,222783511
dimwishlist:item=437854389&perks=1124871858,2749775325,1955165503,2922950962
dimwishlist:item=437854389&perks=1124871858,2749775325,1955165503,2078520142
dimwishlist:item=437854389&perks=1124871858,2749775325,1955165503,124408337
dimwishlist:item=437854389&perks=1124871858,2749775325,1955165503,1171887445
dimwishlist:item=437854389&perks=1124871858,2749775325,1955165503,4198902903
dimwishlist:item=437854389&perks=1124871858,2749775325,1955165503,222783511
dimwishlist:item=437854389&perks=1124871858,2749775325,2617553311,2922950962
dimwishlist:item=437854389&perks=1124871858,2749775325,2617553311,2078520142
dimwishlist:item=437854389&perks=1124871858,2749775325,2617553311,124408337
dimwishlist:item=437854389&perks=1124871858,2749775325,2617553311,1171887445
dimwishlist:item=437854389&perks=1124871858,2749775325,2617553311,4198902903
dimwishlist:item=437854389&perks=1124871858,2749775325,2617553311,222783511
dimwishlist:item=437854389&perks=1124871858,2749775325,3993379141,2922950962
dimwishlist:item=437854389&perks=1124871858,2749775325,3993379141,2078520142
dimwishlist:item=437854389&perks=1124871858,2749775325,3993379141,124408337
dimwishlist:item=437854389&perks=1124871858,2749775325,3993379141,1171887445
dimwishlist:item=437854389&perks=1124871858,2749775325,3993379141,4198902903
dimwishlist:item=437854389&perks=1124871858,2749775325,3993379141,222783511
dimwishlist:item=437854389&perks=1124871858,2749775325,1164602481,2922950962
dimwishlist:item=437854389&perks=1124871858,2749775325,1164602481,2078520142
dimwishlist:item=437854389&perks=1124871858,2749775325,1164602481,124408337
dimwishlist:item=437854389&perks=1124871858,2749775325,1164602481,1171887445
dimwishlist:item=437854389&perks=1124871858,2749775325,1164602481,4198902903
dimwishlist:item=437854389&perks=1124871858,2749775325,1164602481,222783511
dimwishlist:item=437854389&perks=1124871858,2749775325,3523296417,2922950962
dimwishlist:item=437854389&perks=1124871858,2749775325,3523296417,2078520142
dimwishlist:item=437854389&perks=1124871858,2749775325,3523296417,124408337
dimwishlist:item=437854389&perks=1124871858,2749775325,3523296417,1171887445
dimwishlist:item=437854389&perks=1124871858,2749775325,3523296417,4198902903
dimwishlist:item=437854389&perks=1124871858,2749775325,3523296417,222783511
dimwishlist:item=437854389&perks=1124871858,2749775325,1906147653,2922950962
dimwishlist:item=437854389&perks=1124871858,2749775325,1906147653,2078520142
dimwishlist:item=437854389&perks=1124871858,2749775325,1906147653,124408337
dimwishlist:item=437854389&perks=1124871858,2749775325,1906147653,1171887445
dimwishlist:item=437854389&perks=1124871858,2749775325,1906147653,4198902903
dimwishlist:item=437854389&perks=1124871858,2749775325,1906147653,222783511
dimwishlist:item=437854389&perks=1124871858,2073750249,1955165503,2922950962
dimwishlist:item=437854389&perks=1124871858,2073750249,1955165503,2078520142
dimwishlist:item=437854389&perks=1124871858,2073750249,1955165503,124408337
dimwishlist:item=437854389&perks=1124871858,2073750249,1955165503,1171887445
dimwishlist:item=437854389&perks=1124871858,2073750249,1955165503,4198902903
dimwishlist:item=437854389&perks=1124871858,2073750249,1955165503,222783511
dimwishlist:item=437854389&perks=1124871858,2073750249,2617553311,2922950962
dimwishlist:item=437854389&perks=1124871858,2073750249,2617553311,2078520142
dimwishlist:item=437854389&perks=1124871858,2073750249,2617553311,124408337
dimwishlist:item=437854389&perks=1124871858,2073750249,2617553311,1171887445
dimwishlist:item=437854389&perks=1124871858,2073750249,2617553311,4198902903
dimwishlist:item=437854389&perks=1124871858,2073750249,2617553311,222783511
dimwishlist:item=437854389&perks=1124871858,2073750249,3993379141,2922950962
dimwishlist:item=437854389&perks=1124871858,2073750249,3993379141,2078520142
dimwishlist:item=437854389&perks=1124871858,2073750249,3993379141,124408337
dimwishlist:item=437854389&perks=1124871858,2073750249,3993379141,1171887445
dimwishlist:item=437854389&perks=1124871858,2073750249,3993379141,4198902903
dimwishlist:item=437854389&perks=1124871858,2073750249,3993379141,222783511
dimwishlist:item=437854389&perks=1124871858,2073750249,1164602481,2922950962
dimwishlist:item=437854389&perks=1124871858,2073750249,1164602481,2078520142
dimwishlist:item=437854389&perks=1124871858,2073750249,1164602481,124408337
dimwishlist:item=437854389&perks=1124871858,2073750249,1164602481,1171887445
dimwishlist:item=437854389&perks=1124871858,2073750249,1164602481,4198902903
dimwishlist:item=437854389&perks=1124871858,2073750249,1164602481,222783511
dimwishlist:item=437854389&perks=1124871858,2073750249,3523296417,2922950962
dimwishlist:item=437854389&perks=1124871858,2073750249,3523296417,2078520142
dimwishlist:item=437854389&perks=1124871858,2073750249,3523296417,124408337
dimwishlist:item=437854389&perks=1124871858,2073750249,3523296417,1171887445
dimwishlist:item=437854389&perks=1124871858,2073750249,3523296417,4198902903
dimwishlist:item=437854389&perks=1124871858,2073750249,3523296417,222783511
dimwishlist:item=437854389&perks=1124871858,2073750249,1906147653,2922950962
dimwishlist:item=437854389&perks=1124871858,2073750249,1906147653,2078520142
dimwishlist:item=437854389&perks=1124871858,2073750249,1906147653,124408337
dimwishlist:item=437854389&perks=1124871858,2073750249,1906147653,1171887445
dimwishlist:item=437854389&perks=1124871858,2073750249,1906147653,4198902903
dimwishlist:item=437854389&perks=1124871858,2073750249,1906147653,222783511
dimwishlist:item=437854388&perks=1840239774,2749775325,1955165503,2922950962
dimwishlist:item=437854388&perks=1840239774,2749775325,1955165503,2078520142
dimwishlist:item=437854388&perks=1840239774,2749775325,1955165503,124408337
dimwishlist:item=437854388&perks=1840239774,2749775325,1955165503,1171887445
dimwishlist:item=437854388&perks=1840239774,2749775325,1955165503,4198902903
dimwishlist:item=437854388&perks=1840239774,2749775325,1955165503,222783511
dimwishlist:item=437854388&perks=1840239774,2749775325,2617553311,2922950962
dimwishlist:item=437854388&perks=1840239774,2749775325,2617553311,2078520142
dimwishlist:item=437854388&perks=1840239774,2749775325,2617553311,124408337
dimwishlist:item=437854388&perks=1840239774,2749775325,2617553311,1171887445
dimwishlist:item=437854388&perks=1840239774,2749775325,2617553311,4198902903
dimwishlist:item=437854388&perks=1840239774,2749775325,2617553311,222783511
dimwishlist:item=437854388&perks=1840239774,2749775325,3993379141,2922950962
dimwishlist:item=437854388&perks=1840239774,2749775325,3993379141,2078520142
dimwishlist:item=437854388&perks=1840239774,2749775325,3993379141,124408337
dimwishlist:item=437854388&perks=1840239774,2749775325,3993379141,1171887445
dimwishlist:item=437854388&perks=1840239774,2749775325,3993379141,4198902903
dimwishlist:item=437854388&perks=1840239774,2749775325,3993379141,222783511
dimwishlist:item=437854388&perks=1840239774,2749775325,1164602481,2922950962
dimwishlist:item=437854388&perks=1840239774,2749775325,1164602481,2078520142
dimwishlist:item=437854388&perks=1840239774,2749775325,1164602481,124408337
dimwishlist:item=437854388&perks=1840239774,2749775325,1164602481,1171887445
dimwishlist:item=437854388&perks=1840239774,2749775325,1164602481,4198902903
dimwishlist:item=437854388&perks=1840239774,2749775325,1164602481,222783511
dimwishlist:item=437854388&perks=1840239774,2749775325,3523296417,2922950962
dimwishlist:item=437854388&perks=1840239774,2749775325,3523296417,2078520142
dimwishlist:item=437854388&perks=1840239774,2749775325,3523296417,124408337
dimwishlist:item=437854388&perks=1840239774,2749775325,3523296417,1171887445
dimwishlist:item=437854388&perks=1840239774,2749775325,3523296417,4198902903
dimwishlist:item=437854388&perks=1840239774,2749775325,3523296417,222783511
dimwishlist:item=437854388&perks=1840239774,2749775325,1906147653,2922950962
dimwishlist:item=437854388&perks=1840239774,2749775325,1906147653,2078520142
dimwishlist:item=437854388&perks=1840239774,2749775325,1906147653,124408337
dimwishlist:item=437854388&perks=1840239774,2749775325,1906147653,1171887445
dimwishlist:item=437854388&perks=1840239774,2749775325,1906147653,4198902903
dimwishlist:item=437854388&perks=1840239774,2749775325,1906147653,222783511
dimwishlist:item=437854388&perks=1840239774,2073750249,1955165503,2922950962
dimwishlist:item=437854388&perks=1840239774,2073750249,1955165503,2078520142
dimwishlist:item=437854388&perks=1840239774,2073750249,1955165503,124408337
dimwishlist:item=437854388&perks=1840239774,2073750249,1955165503,1171887445
dimwishlist:item=437854388&perks=1840239774,2073750249,1955165503,4198902903
dimwishlist:item=437854388&perks=1840239774,2073750249,1955165503,222783511
dimwishlist:item=437854388&perks=1840239774,2073750249,2617553311,2922950962
dimwishlist:item=437854388&perks=1840239774,2073750249,2617553311,2078520142
dimwishlist:item=437854388&perks=1840239774,2073750249,2617553311,124408337
dimwishlist:item=437854388&perks=1840239774,2073750249,2617553311,1171887445
dimwishlist:item=437854388&perks=1840239774,2073750249,2617553311,4198902903
dimwishlist:item=437854388&perks=1840239774,2073750249,2617553311,222783511
dimwishlist:item=437854388&perks=1840239774,2073750249,3993379141,2922950962
dimwishlist:item=437854388&perks=1840239774,2073750249,3993379141,2078520142
dimwishlist:item=437854388&perks=1840239774,2073750249,3993379141,124408337
dimwishlist:item=437854388&perks=1840239774,2073750249,3993379141,1171887445
dimwishlist:item=437854388&perks=1840239774,2073750249,3993379141,4198902903
dimwishlist:item=437854388&perks=1840239774,2073750249,3993379141,222783511
dimwishlist:item=437854388&perks=1840239774,2073750249,1164602481,2922950962
dimwishlist:item=437854388&perks=1840239774,2073750249,1164602481,2078520142
dimwishlist:item=437854388&perks=1840239774,2073750249,1164602481,124408337
dimwishlist:item=437854388&perks=1840239774,2073750249,1164602481,1171887445
dimwishlist:item=437854388&perks=1840239774,2073750249,1164602481,4198902903
dimwishlist:item=437854388&perks=1840239774,2073750249,1164602481,222783511
dimwishlist:item=437854388&perks=1840239774,2073750249,3523296417,2922950962
dimwishlist:item=437854388&perks=1840239774,2073750249,3523296417,2078520142
dimwishlist:item=437854388&perks=1840239774,2073750249,3523296417,124408337
dimwishlist:item=437854388&perks=1840239774,2073750249,3523296417,1171887445
dimwishlist:item=437854388&perks=1840239774,2073750249,3523296417,4198902903
dimwishlist:item=437854388&perks=1840239774,2073750249,3523296417,222783511
dimwishlist:item=437854388&perks=1840239774,2073750249,1906147653,2922950962
dimwishlist:item=437854388&perks=1840239774,2073750249,1906147653,2078520142
dimwishlist:item=437854388&perks=1840239774,2073750249,1906147653,124408337
dimwishlist:item=437854388&perks=1840239774,2073750249,1906147653,1171887445
dimwishlist:item=437854388&perks=1840239774,2073750249,1906147653,4198902903
dimwishlist:item=437854388&perks=1840239774,2073750249,1906147653,222783511
dimwishlist:item=437854388&perks=1124871858,2749775325,1955165503,2922950962
dimwishlist:item=437854388&perks=1124871858,2749775325,1955165503,2078520142
dimwishlist:item=437854388&perks=1124871858,2749775325,1955165503,124408337
dimwishlist:item=437854388&perks=1124871858,2749775325,1955165503,1171887445
dimwishlist:item=437854388&perks=1124871858,2749775325,1955165503,4198902903
dimwishlist:item=437854388&perks=1124871858,2749775325,1955165503,222783511
dimwishlist:item=437854388&perks=1124871858,2749775325,2617553311,2922950962
dimwishlist:item=437854388&perks=1124871858,2749775325,2617553311,2078520142
dimwishlist:item=437854388&perks=1124871858,2749775325,2617553311,124408337
dimwishlist:item=437854388&perks=1124871858,2749775325,2617553311,1171887445
dimwishlist:item=437854388&perks=1124871858,2749775325,2617553311,4198902903
dimwishlist:item=437854388&perks=1124871858,2749775325,2617553311,222783511
dimwishlist:item=437854388&perks=1124871858,2749775325,3993379141,2922950962
dimwishlist:item=437854388&perks=1124871858,2749775325,3993379141,2078520142
dimwishlist:item=437854388&perks=1124871858,2749775325,3993379141,124408337
dimwishlist:item=437854388&perks=1124871858,2749775325,3993379141,1171887445
dimwishlist:item=437854388&perks=1124871858,2749775325,3993379141,4198902903
dimwishlist:item=437854388&perks=1124871858,2749775325,3993379141,222783511
dimwishlist:item=437854388&perks=1124871858,2749775325,1164602481,2922950962
dimwishlist:item=437854388&perks=1124871858,2749775325,1164602481,2078520142
dimwishlist:item=437854388&perks=1124871858,2749775325,1164602481,124408337
dimwishlist:item=437854388&perks=1124871858,2749775325,1164602481,1171887445
dimwishlist:item=437854388&perks=1124871858,2749775325,1164602481,4198902903
dimwishlist:item=437854388&perks=1124871858,2749775325,1164602481,222783511
dimwishlist:item=437854388&perks=1124871858,2749775325,3523296417,2922950962
dimwishlist:item=437854388&perks=1124871858,2749775325,3523296417,2078520142
dimwishlist:item=437854388&perks=1124871858,2749775325,3523296417,124408337
dimwishlist:item=437854388&perks=1124871858,2749775325,3523296417,1171887445
dimwishlist:item=437854388&perks=1124871858,2749775325,3523296417,4198902903
dimwishlist:item=437854388&perks=1124871858,2749775325,3523296417,222783511
dimwishlist:item=437854388&perks=1124871858,2749775325,1906147653,2922950962
dimwishlist:item=437854388&perks=1124871858,2749775325,1906147653,2078520142
dimwishlist:item=437854388&perks=1124871858,2749775325,1906147653,124408337
dimwishlist:item=437854388&perks=1124871858,2749775325,1906147653,1171887445
dimwishlist:item=437854388&perks=1124871858,2749775325,1906147653,4198902903
dimwishlist:item=437854388&perks=1124871858,2749775325,1906147653,222783511
dimwishlist:item=437854388&perks=1124871858,2073750249,1955165503,2922950962
dimwishlist:item=437854388&perks=1124871858,2073750249,1955165503,2078520142
dimwishlist:item=437854388&perks=1124871858,2073750249,1955165503,124408337
dimwishlist:item=437854388&perks=1124871858,2073750249,1955165503,1171887445
dimwishlist:item=437854388&perks=1124871858,2073750249,1955165503,4198902903
dimwishlist:item=437854388&perks=1124871858,2073750249,1955165503,222783511
dimwishlist:item=437854388&perks=1124871858,2073750249,2617553311,2922950962
dimwishlist:item=437854388&perks=1124871858,2073750249,2617553311,2078520142
dimwishlist:item=437854388&perks=1124871858,2073750249,2617553311,124408337
dimwishlist:item=437854388&perks=1124871858,2073750249,2617553311,1171887445
dimwishlist:item=437854388&perks=1124871858,2073750249,2617553311,4198902903
dimwishlist:item=437854388&perks=1124871858,2073750249,2617553311,222783511
dimwishlist:item=437854388&perks=1124871858,2073750249,3993379141,2922950962
dimwishlist:item=437854388&perks=1124871858,2073750249,3993379141,2078520142
dimwishlist:item=437854388&perks=1124871858,2073750249,3993379141,124408337
dimwishlist:item=437854388&perks=1124871858,2073750249,3993379141,1171887445
dimwishlist:item=437854388&perks=1124871858,2073750249,3993379141,4198902903
dimwishlist:item=437854388&perks=1124871858,2073750249,3993379141,222783511
dimwishlist:item=437854388&perks=1124871858,2073750249,1164602481,2922950962
dimwishlist:item=437854388&perks=1124871858,2073750249,1164602481,2078520142
dimwishlist:item=437854388&perks=1124871858,2073750249,1164602481,124408337
dimwishlist:item=437854388&perks=1124871858,2073750249,1164602481,1171887445
dimwishlist:item=437854388&perks=1124871858,2073750249,1164602481,4198902903
dimwishlist:item=437854388&perks=1124871858,2073750249,1164602481,222783511
dimwishlist:item=437854388&perks=1124871858,2073750249,3523296417,2922950962
dimwishlist:item=437854388&perks=1124871858,2073750249,3523296417,2078520142
dimwishlist:item=437854388&perks=1124871858,2073750249,3523296417,124408337
dimwishlist:item=437854388&perks=1124871858,2073750249,3523296417,1171887445
dimwishlist:item=437854388&perks=1124871858,2073750249,3523296417,4198902903
dimwishlist:item=437854388&perks=1124871858,2073750249,3523296417,222783511
dimwishlist:item=437854388&perks=1124871858,2073750249,1906147653,2922950962
dimwishlist:item=437854388&perks=1124871858,2073750249,1906147653,2078520142
dimwishlist:item=437854388&perks=1124871858,2073750249,1906147653,124408337
dimwishlist:item=437854388&perks=1124871858,2073750249,1906147653,1171887445
dimwishlist:item=437854388&perks=1124871858,2073750249,1906147653,4198902903
dimwishlist:item=437854388&perks=1124871858,2073750249,1906147653,222783511


//Accelerando-42
//notes:Aegis Top Strand Fusion: A Tier. Best With 'Featherweight' Origin Trait. MW: Charge Time
dimwishlist:item=3610531207&perks=1840239774,689005463,3643424744,3764420437
dimwishlist:item=3610531207&perks=1840239774,689005463,3643424744,3192447905
dimwishlist:item=3610531207&perks=1840239774,689005463,3643424744,2594592626
dimwishlist:item=3610531207&perks=1840239774,689005463,3643424744,2037312142
dimwishlist:item=3610531207&perks=1840239774,689005463,3643424744,3708227201
dimwishlist:item=3610531207&perks=1840239774,689005463,3643424744,781192741
dimwishlist:item=3610531207&perks=1840239774,689005463,2682205016,3764420437
dimwishlist:item=3610531207&perks=1840239774,689005463,2682205016,3192447905
dimwishlist:item=3610531207&perks=1840239774,689005463,2682205016,2594592626
dimwishlist:item=3610531207&perks=1840239774,689005463,2682205016,2037312142
dimwishlist:item=3610531207&perks=1840239774,689005463,2682205016,3708227201
dimwishlist:item=3610531207&perks=1840239774,689005463,2682205016,781192741
dimwishlist:item=3610531207&perks=1840239774,689005463,923806249,3764420437
dimwishlist:item=3610531207&perks=1840239774,689005463,923806249,3192447905
dimwishlist:item=3610531207&perks=1840239774,689005463,923806249,2594592626
dimwishlist:item=3610531207&perks=1840239774,689005463,923806249,2037312142
dimwishlist:item=3610531207&perks=1840239774,689005463,923806249,3708227201
dimwishlist:item=3610531207&perks=1840239774,689005463,923806249,781192741
dimwishlist:item=3610531207&perks=1840239774,689005463,3422796781,3764420437
dimwishlist:item=3610531207&perks=1840239774,689005463,3422796781,3192447905
dimwishlist:item=3610531207&perks=1840239774,689005463,3422796781,2594592626
dimwishlist:item=3610531207&perks=1840239774,689005463,3422796781,2037312142
dimwishlist:item=3610531207&perks=1840239774,689005463,3422796781,3708227201
dimwishlist:item=3610531207&perks=1840239774,689005463,3422796781,781192741
dimwishlist:item=3610531207&perks=1840239774,1279785143,3643424744,3764420437
dimwishlist:item=3610531207&perks=1840239774,1279785143,3643424744,3192447905
dimwishlist:item=3610531207&perks=1840239774,1279785143,3643424744,2594592626
dimwishlist:item=3610531207&perks=1840239774,1279785143,3643424744,2037312142
dimwishlist:item=3610531207&perks=1840239774,1279785143,3643424744,3708227201
dimwishlist:item=3610531207&perks=1840239774,1279785143,3643424744,781192741
dimwishlist:item=3610531207&perks=1840239774,1279785143,2682205016,3764420437
dimwishlist:item=3610531207&perks=1840239774,1279785143,2682205016,3192447905
dimwishlist:item=3610531207&perks=1840239774,1279785143,2682205016,2594592626
dimwishlist:item=3610531207&perks=1840239774,1279785143,2682205016,2037312142
dimwishlist:item=3610531207&perks=1840239774,1279785143,2682205016,3708227201
dimwishlist:item=3610531207&perks=1840239774,1279785143,2682205016,781192741
dimwishlist:item=3610531207&perks=1840239774,1279785143,923806249,3764420437
dimwishlist:item=3610531207&perks=1840239774,1279785143,923806249,3192447905
dimwishlist:item=3610531207&perks=1840239774,1279785143,923806249,2594592626
dimwishlist:item=3610531207&perks=1840239774,1279785143,923806249,2037312142
dimwishlist:item=3610531207&perks=1840239774,1279785143,923806249,3708227201
dimwishlist:item=3610531207&perks=1840239774,1279785143,923806249,781192741
dimwishlist:item=3610531207&perks=1840239774,1279785143,3422796781,3764420437
dimwishlist:item=3610531207&perks=1840239774,1279785143,3422796781,3192447905
dimwishlist:item=3610531207&perks=1840239774,1279785143,3422796781,2594592626
dimwishlist:item=3610531207&perks=1840239774,1279785143,3422796781,2037312142
dimwishlist:item=3610531207&perks=1840239774,1279785143,3422796781,3708227201
dimwishlist:item=3610531207&perks=1840239774,1279785143,3422796781,781192741
dimwishlist:item=3610531207&perks=1124871858,689005463,3643424744,3764420437
dimwishlist:item=3610531207&perks=1124871858,689005463,3643424744,3192447905
dimwishlist:item=3610531207&perks=1124871858,689005463,3643424744,2594592626
dimwishlist:item=3610531207&perks=1124871858,689005463,3643424744,2037312142
dimwishlist:item=3610531207&perks=1124871858,689005463,3643424744,3708227201
dimwishlist:item=3610531207&perks=1124871858,689005463,3643424744,781192741
dimwishlist:item=3610531207&perks=1124871858,689005463,2682205016,3764420437
dimwishlist:item=3610531207&perks=1124871858,689005463,2682205016,3192447905
dimwishlist:item=3610531207&perks=1124871858,689005463,2682205016,2594592626
dimwishlist:item=3610531207&perks=1124871858,689005463,2682205016,2037312142
dimwishlist:item=3610531207&perks=1124871858,689005463,2682205016,3708227201
dimwishlist:item=3610531207&perks=1124871858,689005463,2682205016,781192741
dimwishlist:item=3610531207&perks=1124871858,689005463,923806249,3764420437
dimwishlist:item=3610531207&perks=1124871858,689005463,923806249,3192447905
dimwishlist:item=3610531207&perks=1124871858,689005463,923806249,2594592626
dimwishlist:item=3610531207&perks=1124871858,689005463,923806249,2037312142
dimwishlist:item=3610531207&perks=1124871858,689005463,923806249,3708227201
dimwishlist:item=3610531207&perks=1124871858,689005463,923806249,781192741
dimwishlist:item=3610531207&perks=1124871858,689005463,3422796781,3764420437
dimwishlist:item=3610531207&perks=1124871858,689005463,3422796781,3192447905
dimwishlist:item=3610531207&perks=1124871858,689005463,3422796781,2594592626
dimwishlist:item=3610531207&perks=1124871858,689005463,3422796781,2037312142
dimwishlist:item=3610531207&perks=1124871858,689005463,3422796781,3708227201
dimwishlist:item=3610531207&perks=1124871858,689005463,3422796781,781192741
dimwishlist:item=3610531207&perks=1124871858,1279785143,3643424744,3764420437
dimwishlist:item=3610531207&perks=1124871858,1279785143,3643424744,3192447905
dimwishlist:item=3610531207&perks=1124871858,1279785143,3643424744,2594592626
dimwishlist:item=3610531207&perks=1124871858,1279785143,3643424744,2037312142
dimwishlist:item=3610531207&perks=1124871858,1279785143,3643424744,3708227201
dimwishlist:item=3610531207&perks=1124871858,1279785143,3643424744,781192741
dimwishlist:item=3610531207&perks=1124871858,1279785143,2682205016,3764420437
dimwishlist:item=3610531207&perks=1124871858,1279785143,2682205016,3192447905
dimwishlist:item=3610531207&perks=1124871858,1279785143,2682205016,2594592626
dimwishlist:item=3610531207&perks=1124871858,1279785143,2682205016,2037312142
dimwishlist:item=3610531207&perks=1124871858,1279785143,2682205016,3708227201
dimwishlist:item=3610531207&perks=1124871858,1279785143,2682205016,781192741
dimwishlist:item=3610531207&perks=1124871858,1279785143,923806249,3764420437
dimwishlist:item=3610531207&perks=1124871858,1279785143,923806249,3192447905
dimwishlist:item=3610531207&perks=1124871858,1279785143,923806249,2594592626
dimwishlist:item=3610531207&perks=1124871858,1279785143,923806249,2037312142
dimwishlist:item=3610531207&perks=1124871858,1279785143,923806249,3708227201
dimwishlist:item=3610531207&perks=1124871858,1279785143,923806249,781192741
dimwishlist:item=3610531207&perks=1124871858,1279785143,3422796781,3764420437
dimwishlist:item=3610531207&perks=1124871858,1279785143,3422796781,3192447905
dimwishlist:item=3610531207&perks=1124871858,1279785143,3422796781,2594592626
dimwishlist:item=3610531207&perks=1124871858,1279785143,3422796781,2037312142
dimwishlist:item=3610531207&perks=1124871858,1279785143,3422796781,3708227201
dimwishlist:item=3610531207&perks=1124871858,1279785143,3422796781,781192741
dimwishlist:item=3610531207&perks=839105230,689005463,3643424744,3764420437
dimwishlist:item=3610531207&perks=839105230,689005463,3643424744,3192447905
dimwishlist:item=3610531207&perks=839105230,689005463,3643424744,2594592626
dimwishlist:item=3610531207&perks=839105230,689005463,3643424744,2037312142
dimwishlist:item=3610531207&perks=839105230,689005463,3643424744,3708227201
dimwishlist:item=3610531207&perks=839105230,689005463,3643424744,781192741
dimwishlist:item=3610531207&perks=839105230,689005463,2682205016,3764420437
dimwishlist:item=3610531207&perks=839105230,689005463,2682205016,3192447905
dimwishlist:item=3610531207&perks=839105230,689005463,2682205016,2594592626
dimwishlist:item=3610531207&perks=839105230,689005463,2682205016,2037312142
dimwishlist:item=3610531207&perks=839105230,689005463,2682205016,3708227201
dimwishlist:item=3610531207&perks=839105230,689005463,2682205016,781192741
dimwishlist:item=3610531207&perks=839105230,689005463,923806249,3764420437
dimwishlist:item=3610531207&perks=839105230,689005463,923806249,3192447905
dimwishlist:item=3610531207&perks=839105230,689005463,923806249,2594592626
dimwishlist:item=3610531207&perks=839105230,689005463,923806249,2037312142
dimwishlist:item=3610531207&perks=839105230,689005463,923806249,3708227201
dimwishlist:item=3610531207&perks=839105230,689005463,923806249,781192741
dimwishlist:item=3610531207&perks=839105230,689005463,3422796781,3764420437
dimwishlist:item=3610531207&perks=839105230,689005463,3422796781,3192447905
dimwishlist:item=3610531207&perks=839105230,689005463,3422796781,2594592626
dimwishlist:item=3610531207&perks=839105230,689005463,3422796781,2037312142
dimwishlist:item=3610531207&perks=839105230,689005463,3422796781,3708227201
dimwishlist:item=3610531207&perks=839105230,689005463,3422796781,781192741
dimwishlist:item=3610531207&perks=839105230,1279785143,3643424744,3764420437
dimwishlist:item=3610531207&perks=839105230,1279785143,3643424744,3192447905
dimwishlist:item=3610531207&perks=839105230,1279785143,3643424744,2594592626
dimwishlist:item=3610531207&perks=839105230,1279785143,3643424744,2037312142
dimwishlist:item=3610531207&perks=839105230,1279785143,3643424744,3708227201
dimwishlist:item=3610531207&perks=839105230,1279785143,3643424744,781192741
dimwishlist:item=3610531207&perks=839105230,1279785143,2682205016,3764420437
dimwishlist:item=3610531207&perks=839105230,1279785143,2682205016,3192447905
dimwishlist:item=3610531207&perks=839105230,1279785143,2682205016,2594592626
dimwishlist:item=3610531207&perks=839105230,1279785143,2682205016,2037312142
dimwishlist:item=3610531207&perks=839105230,1279785143,2682205016,3708227201
dimwishlist:item=3610531207&perks=839105230,1279785143,2682205016,781192741
dimwishlist:item=3610531207&perks=839105230,1279785143,923806249,3764420437
dimwishlist:item=3610531207&perks=839105230,1279785143,923806249,3192447905
dimwishlist:item=3610531207&perks=839105230,1279785143,923806249,2594592626
dimwishlist:item=3610531207&perks=839105230,1279785143,923806249,2037312142
dimwishlist:item=3610531207&perks=839105230,1279785143,923806249,3708227201
dimwishlist:item=3610531207&perks=839105230,1279785143,923806249,781192741
dimwishlist:item=3610531207&perks=839105230,1279785143,3422796781,3764420437
dimwishlist:item=3610531207&perks=839105230,1279785143,3422796781,3192447905
dimwishlist:item=3610531207&perks=839105230,1279785143,3422796781,2594592626
dimwishlist:item=3610531207&perks=839105230,1279785143,3422796781,2037312142
dimwishlist:item=3610531207&perks=839105230,1279785143,3422796781,3708227201
dimwishlist:item=3610531207&perks=839105230,1279785143,3422796781,781192741
dimwishlist:item=3610531207&perks=3048246338,689005463,3643424744,3764420437
dimwishlist:item=3610531207&perks=3048246338,689005463,3643424744,3192447905
dimwishlist:item=3610531207&perks=3048246338,689005463,3643424744,2594592626
dimwishlist:item=3610531207&perks=3048246338,689005463,3643424744,2037312142
dimwishlist:item=3610531207&perks=3048246338,689005463,3643424744,3708227201
dimwishlist:item=3610531207&perks=3048246338,689005463,3643424744,781192741
dimwishlist:item=3610531207&perks=3048246338,689005463,2682205016,3764420437
dimwishlist:item=3610531207&perks=3048246338,689005463,2682205016,3192447905
dimwishlist:item=3610531207&perks=3048246338,689005463,2682205016,2594592626
dimwishlist:item=3610531207&perks=3048246338,689005463,2682205016,2037312142
dimwishlist:item=3610531207&perks=3048246338,689005463,2682205016,3708227201
dimwishlist:item=3610531207&perks=3048246338,689005463,2682205016,781192741
dimwishlist:item=3610531207&perks=3048246338,689005463,923806249,3764420437
dimwishlist:item=3610531207&perks=3048246338,689005463,923806249,3192447905
dimwishlist:item=3610531207&perks=3048246338,689005463,923806249,2594592626
dimwishlist:item=3610531207&perks=3048246338,689005463,923806249,2037312142
dimwishlist:item=3610531207&perks=3048246338,689005463,923806249,3708227201
dimwishlist:item=3610531207&perks=3048246338,689005463,923806249,781192741
dimwishlist:item=3610531207&perks=3048246338,689005463,3422796781,3764420437
dimwishlist:item=3610531207&perks=3048246338,689005463,3422796781,3192447905
dimwishlist:item=3610531207&perks=3048246338,689005463,3422796781,2594592626
dimwishlist:item=3610531207&perks=3048246338,689005463,3422796781,2037312142
dimwishlist:item=3610531207&perks=3048246338,689005463,3422796781,3708227201
dimwishlist:item=3610531207&perks=3048246338,689005463,3422796781,781192741
dimwishlist:item=3610531207&perks=3048246338,1279785143,3643424744,3764420437
dimwishlist:item=3610531207&perks=3048246338,1279785143,3643424744,3192447905
dimwishlist:item=3610531207&perks=3048246338,1279785143,3643424744,2594592626
dimwishlist:item=3610531207&perks=3048246338,1279785143,3643424744,2037312142
dimwishlist:item=3610531207&perks=3048246338,1279785143,3643424744,3708227201
dimwishlist:item=3610531207&perks=3048246338,1279785143,3643424744,781192741
dimwishlist:item=3610531207&perks=3048246338,1279785143,2682205016,3764420437
dimwishlist:item=3610531207&perks=3048246338,1279785143,2682205016,3192447905
dimwishlist:item=3610531207&perks=3048246338,1279785143,2682205016,2594592626
dimwishlist:item=3610531207&perks=3048246338,1279785143,2682205016,2037312142
dimwishlist:item=3610531207&perks=3048246338,1279785143,2682205016,3708227201
dimwishlist:item=3610531207&perks=3048246338,1279785143,2682205016,781192741
dimwishlist:item=3610531207&perks=3048246338,1279785143,923806249,3764420437
dimwishlist:item=3610531207&perks=3048246338,1279785143,923806249,3192447905
dimwishlist:item=3610531207&perks=3048246338,1279785143,923806249,2594592626
dimwishlist:item=3610531207&perks=3048246338,1279785143,923806249,2037312142
dimwishlist:item=3610531207&perks=3048246338,1279785143,923806249,3708227201
dimwishlist:item=3610531207&perks=3048246338,1279785143,923806249,781192741
dimwishlist:item=3610531207&perks=3048246338,1279785143,3422796781,3764420437
dimwishlist:item=3610531207&perks=3048246338,1279785143,3422796781,3192447905
dimwishlist:item=3610531207&perks=3048246338,1279785143,3422796781,2594592626
dimwishlist:item=3610531207&perks=3048246338,1279785143,3422796781,2037312142
dimwishlist:item=3610531207&perks=3048246338,1279785143,3422796781,3708227201
dimwishlist:item=3610531207&perks=3048246338,1279785143,3422796781,781192741
dimwishlist:item=1540621132&perks=1840239774,689005463,3643424744,3764420437
dimwishlist:item=1540621132&perks=1840239774,689005463,3643424744,3192447905
dimwishlist:item=1540621132&perks=1840239774,689005463,3643424744,2594592626
dimwishlist:item=1540621132&perks=1840239774,689005463,3643424744,2037312142
dimwishlist:item=1540621132&perks=1840239774,689005463,3643424744,3708227201
dimwishlist:item=1540621132&perks=1840239774,689005463,3643424744,781192741
dimwishlist:item=1540621132&perks=1840239774,689005463,2682205016,3764420437
dimwishlist:item=1540621132&perks=1840239774,689005463,2682205016,3192447905
dimwishlist:item=1540621132&perks=1840239774,689005463,2682205016,2594592626
dimwishlist:item=1540621132&perks=1840239774,689005463,2682205016,2037312142
dimwishlist:item=1540621132&perks=1840239774,689005463,2682205016,3708227201
dimwishlist:item=1540621132&perks=1840239774,689005463,2682205016,781192741
dimwishlist:item=1540621132&perks=1840239774,689005463,923806249,3764420437
dimwishlist:item=1540621132&perks=1840239774,689005463,923806249,3192447905
dimwishlist:item=1540621132&perks=1840239774,689005463,923806249,2594592626
dimwishlist:item=1540621132&perks=1840239774,689005463,923806249,2037312142
dimwishlist:item=1540621132&perks=1840239774,689005463,923806249,3708227201
dimwishlist:item=1540621132&perks=1840239774,689005463,923806249,781192741
dimwishlist:item=1540621132&perks=1840239774,689005463,3422796781,3764420437
dimwishlist:item=1540621132&perks=1840239774,689005463,3422796781,3192447905
dimwishlist:item=1540621132&perks=1840239774,689005463,3422796781,2594592626
dimwishlist:item=1540621132&perks=1840239774,689005463,3422796781,2037312142
dimwishlist:item=1540621132&perks=1840239774,689005463,3422796781,3708227201
dimwishlist:item=1540621132&perks=1840239774,689005463,3422796781,781192741
dimwishlist:item=1540621132&perks=1840239774,1279785143,3643424744,3764420437
dimwishlist:item=1540621132&perks=1840239774,1279785143,3643424744,3192447905
dimwishlist:item=1540621132&perks=1840239774,1279785143,3643424744,2594592626
dimwishlist:item=1540621132&perks=1840239774,1279785143,3643424744,2037312142
dimwishlist:item=1540621132&perks=1840239774,1279785143,3643424744,3708227201
dimwishlist:item=1540621132&perks=1840239774,1279785143,3643424744,781192741
dimwishlist:item=1540621132&perks=1840239774,1279785143,2682205016,3764420437
dimwishlist:item=1540621132&perks=1840239774,1279785143,2682205016,3192447905
dimwishlist:item=1540621132&perks=1840239774,1279785143,2682205016,2594592626
dimwishlist:item=1540621132&perks=1840239774,1279785143,2682205016,2037312142
dimwishlist:item=1540621132&perks=1840239774,1279785143,2682205016,3708227201
dimwishlist:item=1540621132&perks=1840239774,1279785143,2682205016,781192741
dimwishlist:item=1540621132&perks=1840239774,1279785143,923806249,3764420437
dimwishlist:item=1540621132&perks=1840239774,1279785143,923806249,3192447905
dimwishlist:item=1540621132&perks=1840239774,1279785143,923806249,2594592626
dimwishlist:item=1540621132&perks=1840239774,1279785143,923806249,2037312142
dimwishlist:item=1540621132&perks=1840239774,1279785143,923806249,3708227201
dimwishlist:item=1540621132&perks=1840239774,1279785143,923806249,781192741
dimwishlist:item=1540621132&perks=1840239774,1279785143,3422796781,3764420437
dimwishlist:item=1540621132&perks=1840239774,1279785143,3422796781,3192447905
dimwishlist:item=1540621132&perks=1840239774,1279785143,3422796781,2594592626
dimwishlist:item=1540621132&perks=1840239774,1279785143,3422796781,2037312142
dimwishlist:item=1540621132&perks=1840239774,1279785143,3422796781,3708227201
dimwishlist:item=1540621132&perks=1840239774,1279785143,3422796781,781192741
dimwishlist:item=1540621132&perks=1124871858,689005463,3643424744,3764420437
dimwishlist:item=1540621132&perks=1124871858,689005463,3643424744,3192447905
dimwishlist:item=1540621132&perks=1124871858,689005463,3643424744,2594592626
dimwishlist:item=1540621132&perks=1124871858,689005463,3643424744,2037312142
dimwishlist:item=1540621132&perks=1124871858,689005463,3643424744,3708227201
dimwishlist:item=1540621132&perks=1124871858,689005463,3643424744,781192741
dimwishlist:item=1540621132&perks=1124871858,689005463,2682205016,3764420437
dimwishlist:item=1540621132&perks=1124871858,689005463,2682205016,3192447905
dimwishlist:item=1540621132&perks=1124871858,689005463,2682205016,2594592626
dimwishlist:item=1540621132&perks=1124871858,689005463,2682205016,2037312142
dimwishlist:item=1540621132&perks=1124871858,689005463,2682205016,3708227201
dimwishlist:item=1540621132&perks=1124871858,689005463,2682205016,781192741
dimwishlist:item=1540621132&perks=1124871858,689005463,923806249,3764420437
dimwishlist:item=1540621132&perks=1124871858,689005463,923806249,3192447905
dimwishlist:item=1540621132&perks=1124871858,689005463,923806249,2594592626
dimwishlist:item=1540621132&perks=1124871858,689005463,923806249,2037312142
dimwishlist:item=1540621132&perks=1124871858,689005463,923806249,3708227201
dimwishlist:item=1540621132&perks=1124871858,689005463,923806249,781192741
dimwishlist:item=1540621132&perks=1124871858,689005463,3422796781,3764420437
dimwishlist:item=1540621132&perks=1124871858,689005463,3422796781,3192447905
dimwishlist:item=1540621132&perks=1124871858,689005463,3422796781,2594592626
dimwishlist:item=1540621132&perks=1124871858,689005463,3422796781,2037312142
dimwishlist:item=1540621132&perks=1124871858,689005463,3422796781,3708227201
dimwishlist:item=1540621132&perks=1124871858,689005463,3422796781,781192741
dimwishlist:item=1540621132&perks=1124871858,1279785143,3643424744,3764420437
dimwishlist:item=1540621132&perks=1124871858,1279785143,3643424744,3192447905
dimwishlist:item=1540621132&perks=1124871858,1279785143,3643424744,2594592626
dimwishlist:item=1540621132&perks=1124871858,1279785143,3643424744,2037312142
dimwishlist:item=1540621132&perks=1124871858,1279785143,3643424744,3708227201
dimwishlist:item=1540621132&perks=1124871858,1279785143,3643424744,781192741
dimwishlist:item=1540621132&perks=1124871858,1279785143,2682205016,3764420437
dimwishlist:item=1540621132&perks=1124871858,1279785143,2682205016,3192447905
dimwishlist:item=1540621132&perks=1124871858,1279785143,2682205016,2594592626
dimwishlist:item=1540621132&perks=1124871858,1279785143,2682205016,2037312142
dimwishlist:item=1540621132&perks=1124871858,1279785143,2682205016,3708227201
dimwishlist:item=1540621132&perks=1124871858,1279785143,2682205016,781192741
dimwishlist:item=1540621132&perks=1124871858,1279785143,923806249,3764420437
dimwishlist:item=1540621132&perks=1124871858,1279785143,923806249,3192447905
dimwishlist:item=1540621132&perks=1124871858,1279785143,923806249,2594592626
dimwishlist:item=1540621132&perks=1124871858,1279785143,923806249,2037312142
dimwishlist:item=1540621132&perks=1124871858,1279785143,923806249,3708227201
dimwishlist:item=1540621132&perks=1124871858,1279785143,923806249,781192741
dimwishlist:item=1540621132&perks=1124871858,1279785143,3422796781,3764420437
dimwishlist:item=1540621132&perks=1124871858,1279785143,3422796781,3192447905
dimwishlist:item=1540621132&perks=1124871858,1279785143,3422796781,2594592626
dimwishlist:item=1540621132&perks=1124871858,1279785143,3422796781,2037312142
dimwishlist:item=1540621132&perks=1124871858,1279785143,3422796781,3708227201
dimwishlist:item=1540621132&perks=1124871858,1279785143,3422796781,781192741
dimwishlist:item=1540621132&perks=839105230,689005463,3643424744,3764420437
dimwishlist:item=1540621132&perks=839105230,689005463,3643424744,3192447905
dimwishlist:item=1540621132&perks=839105230,689005463,3643424744,2594592626
dimwishlist:item=1540621132&perks=839105230,689005463,3643424744,2037312142
dimwishlist:item=1540621132&perks=839105230,689005463,3643424744,3708227201
dimwishlist:item=1540621132&perks=839105230,689005463,3643424744,781192741
dimwishlist:item=1540621132&perks=839105230,689005463,2682205016,3764420437
dimwishlist:item=1540621132&perks=839105230,689005463,2682205016,3192447905
dimwishlist:item=1540621132&perks=839105230,689005463,2682205016,2594592626
dimwishlist:item=1540621132&perks=839105230,689005463,2682205016,2037312142
dimwishlist:item=1540621132&perks=839105230,689005463,2682205016,3708227201
dimwishlist:item=1540621132&perks=839105230,689005463,2682205016,781192741
dimwishlist:item=1540621132&perks=839105230,689005463,923806249,3764420437
dimwishlist:item=1540621132&perks=839105230,689005463,923806249,3192447905
dimwishlist:item=1540621132&perks=839105230,689005463,923806249,2594592626
dimwishlist:item=1540621132&perks=839105230,689005463,923806249,2037312142
dimwishlist:item=1540621132&perks=839105230,689005463,923806249,3708227201
dimwishlist:item=1540621132&perks=839105230,689005463,923806249,781192741
dimwishlist:item=1540621132&perks=839105230,689005463,3422796781,3764420437
dimwishlist:item=1540621132&perks=839105230,689005463,3422796781,3192447905
dimwishlist:item=1540621132&perks=839105230,689005463,3422796781,2594592626
dimwishlist:item=1540621132&perks=839105230,689005463,3422796781,2037312142
dimwishlist:item=1540621132&perks=839105230,689005463,3422796781,3708227201
dimwishlist:item=1540621132&perks=839105230,689005463,3422796781,781192741
dimwishlist:item=1540621132&perks=839105230,1279785143,3643424744,3764420437
dimwishlist:item=1540621132&perks=839105230,1279785143,3643424744,3192447905
dimwishlist:item=1540621132&perks=839105230,1279785143,3643424744,2594592626
dimwishlist:item=1540621132&perks=839105230,1279785143,3643424744,2037312142
dimwishlist:item=1540621132&perks=839105230,1279785143,3643424744,3708227201
dimwishlist:item=1540621132&perks=839105230,1279785143,3643424744,781192741
dimwishlist:item=1540621132&perks=839105230,1279785143,2682205016,3764420437
dimwishlist:item=1540621132&perks=839105230,1279785143,2682205016,3192447905
dimwishlist:item=1540621132&perks=839105230,1279785143,2682205016,2594592626
dimwishlist:item=1540621132&perks=839105230,1279785143,2682205016,2037312142
dimwishlist:item=1540621132&perks=839105230,1279785143,2682205016,3708227201
dimwishlist:item=1540621132&perks=839105230,1279785143,2682205016,781192741
dimwishlist:item=1540621132&perks=839105230,1279785143,923806249,3764420437
dimwishlist:item=1540621132&perks=839105230,1279785143,923806249,3192447905
dimwishlist:item=1540621132&perks=839105230,1279785143,923806249,2594592626
dimwishlist:item=1540621132&perks=839105230,1279785143,923806249,2037312142
dimwishlist:item=1540621132&perks=839105230,1279785143,923806249,3708227201
dimwishlist:item=1540621132&perks=839105230,1279785143,923806249,781192741
dimwishlist:item=1540621132&perks=839105230,1279785143,3422796781,3764420437
dimwishlist:item=1540621132&perks=839105230,1279785143,3422796781,3192447905
dimwishlist:item=1540621132&perks=839105230,1279785143,3422796781,2594592626
dimwishlist:item=1540621132&perks=839105230,1279785143,3422796781,2037312142
dimwishlist:item=1540621132&perks=839105230,1279785143,3422796781,3708227201
dimwishlist:item=1540621132&perks=839105230,1279785143,3422796781,781192741
dimwishlist:item=1540621132&perks=3048246338,689005463,3643424744,3764420437
dimwishlist:item=1540621132&perks=3048246338,689005463,3643424744,3192447905
dimwishlist:item=1540621132&perks=3048246338,689005463,3643424744,2594592626
dimwishlist:item=1540621132&perks=3048246338,689005463,3643424744,2037312142
dimwishlist:item=1540621132&perks=3048246338,689005463,3643424744,3708227201
dimwishlist:item=1540621132&perks=3048246338,689005463,3643424744,781192741
dimwishlist:item=1540621132&perks=3048246338,689005463,2682205016,3764420437
dimwishlist:item=1540621132&perks=3048246338,689005463,2682205016,3192447905
dimwishlist:item=1540621132&perks=3048246338,689005463,2682205016,2594592626
dimwishlist:item=1540621132&perks=3048246338,689005463,2682205016,2037312142
dimwishlist:item=1540621132&perks=3048246338,689005463,2682205016,3708227201
dimwishlist:item=1540621132&perks=3048246338,689005463,2682205016,781192741
dimwishlist:item=1540621132&perks=3048246338,689005463,923806249,3764420437
dimwishlist:item=1540621132&perks=3048246338,689005463,923806249,3192447905
dimwishlist:item=1540621132&perks=3048246338,689005463,923806249,2594592626
dimwishlist:item=1540621132&perks=3048246338,689005463,923806249,2037312142
dimwishlist:item=1540621132&perks=3048246338,689005463,923806249,3708227201
dimwishlist:item=1540621132&perks=3048246338,689005463,923806249,781192741
dimwishlist:item=1540621132&perks=3048246338,689005463,3422796781,3764420437
dimwishlist:item=1540621132&perks=3048246338,689005463,3422796781,3192447905
dimwishlist:item=1540621132&perks=3048246338,689005463,3422796781,2594592626
dimwishlist:item=1540621132&perks=3048246338,689005463,3422796781,2037312142
dimwishlist:item=1540621132&perks=3048246338,689005463,3422796781,3708227201
dimwishlist:item=1540621132&perks=3048246338,689005463,3422796781,781192741
dimwishlist:item=1540621132&perks=3048246338,1279785143,3643424744,3764420437
dimwishlist:item=1540621132&perks=3048246338,1279785143,3643424744,3192447905
dimwishlist:item=1540621132&perks=3048246338,1279785143,3643424744,2594592626
dimwishlist:item=1540621132&perks=3048246338,1279785143,3643424744,2037312142
dimwishlist:item=1540621132&perks=3048246338,1279785143,3643424744,3708227201
dimwishlist:item=1540621132&perks=3048246338,1279785143,3643424744,781192741
dimwishlist:item=1540621132&perks=3048246338,1279785143,2682205016,3764420437
dimwishlist:item=1540621132&perks=3048246338,1279785143,2682205016,3192447905
dimwishlist:item=1540621132&perks=3048246338,1279785143,2682205016,2594592626
dimwishlist:item=1540621132&perks=3048246338,1279785143,2682205016,2037312142
dimwishlist:item=1540621132&perks=3048246338,1279785143,2682205016,3708227201
dimwishlist:item=1540621132&perks=3048246338,1279785143,2682205016,781192741
dimwishlist:item=1540621132&perks=3048246338,1279785143,923806249,3764420437
dimwishlist:item=1540621132&perks=3048246338,1279785143,923806249,3192447905
dimwishlist:item=1540621132&perks=3048246338,1279785143,923806249,2594592626
dimwishlist:item=1540621132&perks=3048246338,1279785143,923806249,2037312142
dimwishlist:item=1540621132&perks=3048246338,1279785143,923806249,3708227201
dimwishlist:item=1540621132&perks=3048246338,1279785143,923806249,781192741
dimwishlist:item=1540621132&perks=3048246338,1279785143,3422796781,3764420437
dimwishlist:item=1540621132&perks=3048246338,1279785143,3422796781,3192447905
dimwishlist:item=1540621132&perks=3048246338,1279785143,3422796781,2594592626
dimwishlist:item=1540621132&perks=3048246338,1279785143,3422796781,2037312142
dimwishlist:item=1540621132&perks=3048246338,1279785143,3422796781,3708227201
dimwishlist:item=1540621132&perks=3048246338,1279785143,3422796781,781192741


