title:Aegis's Speedrunner's Shopping List
description:Listing the most relevant Speedrunning tools at the moment.

//Ergo Sum
//notes:Aegis Speedrun Shopping #1 (Universal use) -> Movement ; Add clear ; Damage buff
dimwishlist:item=1681583613&perks=1261178282,269888150,2557881346,3949068808
dimwishlist:item=1681583613&perks=1261178282,269888150,2557881346,1959135343
dimwishlist:item=1681583613&perks=1261178282,269888150,2557881346,1522566605
dimwishlist:item=1681583613&perks=1261178282,269888150,2753228730,3949068808
dimwishlist:item=1681583613&perks=1261178282,269888150,2753228730,1959135343
dimwishlist:item=1681583613&perks=1261178282,269888150,2753228730,1522566605
dimwishlist:item=1681583613&perks=1261178282,125241418,2557881346,3949068808
dimwishlist:item=1681583613&perks=1261178282,125241418,2557881346,1959135343
dimwishlist:item=1681583613&perks=1261178282,125241418,2557881346,1522566605
dimwishlist:item=1681583613&perks=1261178282,125241418,2753228730,3949068808
dimwishlist:item=1681583613&perks=1261178282,125241418,2753228730,1959135343
dimwishlist:item=1681583613&perks=1261178282,125241418,2753228730,1522566605
dimwishlist:item=1681583613&perks=3885243590,269888150,2557881346,3949068808
dimwishlist:item=1681583613&perks=3885243590,269888150,2557881346,1959135343
dimwishlist:item=1681583613&perks=3885243590,269888150,2557881346,1522566605
dimwishlist:item=1681583613&perks=3885243590,269888150,2753228730,3949068808
dimwishlist:item=1681583613&perks=3885243590,269888150,2753228730,1959135343
dimwishlist:item=1681583613&perks=3885243590,269888150,2753228730,1522566605
dimwishlist:item=1681583613&perks=3885243590,125241418,2557881346,3949068808
dimwishlist:item=1681583613&perks=3885243590,125241418,2557881346,1959135343
dimwishlist:item=1681583613&perks=3885243590,125241418,2557881346,1522566605
dimwishlist:item=1681583613&perks=3885243590,125241418,2753228730,3949068808
dimwishlist:item=1681583613&perks=3885243590,125241418,2753228730,1959135343
dimwishlist:item=1681583613&perks=3885243590,125241418,2753228730,1522566605


//Falling Guillotine
//notes:Aegis Speedrun Shopping #1 (Universal use) -> Movement
dimwishlist:item=1815105249&perks=938542991,2349202967,243981275,2077819806
dimwishlist:item=1815105249&perks=938542991,2349202967,243981275,1618208178
dimwishlist:item=1815105249&perks=938542991,2349202967,984655331,2077819806
dimwishlist:item=1815105249&perks=938542991,2349202967,984655331,1618208178
dimwishlist:item=1815105249&perks=938542991,2349202967,776531651,2077819806
dimwishlist:item=1815105249&perks=938542991,2349202967,776531651,1618208178
dimwishlist:item=1815105249&perks=938542991,2349202967,2541826827,2077819806
dimwishlist:item=1815105249&perks=938542991,2349202967,2541826827,1618208178
dimwishlist:item=1815105249&perks=938542991,2349202967,2396489472,2077819806
dimwishlist:item=1815105249&perks=938542991,2349202967,2396489472,1618208178
dimwishlist:item=1815105249&perks=938542991,2349202967,598607952,2077819806
dimwishlist:item=1815105249&perks=938542991,2349202967,598607952,1618208178
dimwishlist:item=1815105249&perks=938542991,3653484343,243981275,2077819806
dimwishlist:item=1815105249&perks=938542991,3653484343,243981275,1618208178
dimwishlist:item=1815105249&perks=938542991,3653484343,984655331,2077819806
dimwishlist:item=1815105249&perks=938542991,3653484343,984655331,1618208178
dimwishlist:item=1815105249&perks=938542991,3653484343,776531651,2077819806
dimwishlist:item=1815105249&perks=938542991,3653484343,776531651,1618208178
dimwishlist:item=1815105249&perks=938542991,3653484343,2541826827,2077819806
dimwishlist:item=1815105249&perks=938542991,3653484343,2541826827,1618208178
dimwishlist:item=1815105249&perks=938542991,3653484343,2396489472,2077819806
dimwishlist:item=1815105249&perks=938542991,3653484343,2396489472,1618208178
dimwishlist:item=1815105249&perks=938542991,3653484343,598607952,2077819806
dimwishlist:item=1815105249&perks=938542991,3653484343,598607952,1618208178
dimwishlist:item=1815105249&perks=938542991,599007201,243981275,2077819806
dimwishlist:item=1815105249&perks=938542991,599007201,243981275,1618208178
dimwishlist:item=1815105249&perks=938542991,599007201,984655331,2077819806
dimwishlist:item=1815105249&perks=938542991,599007201,984655331,1618208178
dimwishlist:item=1815105249&perks=938542991,599007201,776531651,2077819806
dimwishlist:item=1815105249&perks=938542991,599007201,776531651,1618208178
dimwishlist:item=1815105249&perks=938542991,599007201,2541826827,2077819806
dimwishlist:item=1815105249&perks=938542991,599007201,2541826827,1618208178
dimwishlist:item=1815105249&perks=938542991,599007201,2396489472,2077819806
dimwishlist:item=1815105249&perks=938542991,599007201,2396489472,1618208178
dimwishlist:item=1815105249&perks=938542991,599007201,598607952,2077819806
dimwishlist:item=1815105249&perks=938542991,599007201,598607952,1618208178
dimwishlist:item=1815105249&perks=938542991,4267445637,243981275,2077819806
dimwishlist:item=1815105249&perks=938542991,4267445637,243981275,1618208178
dimwishlist:item=1815105249&perks=938542991,4267445637,984655331,2077819806
dimwishlist:item=1815105249&perks=938542991,4267445637,984655331,1618208178
dimwishlist:item=1815105249&perks=938542991,4267445637,776531651,2077819806
dimwishlist:item=1815105249&perks=938542991,4267445637,776531651,1618208178
dimwishlist:item=1815105249&perks=938542991,4267445637,2541826827,2077819806
dimwishlist:item=1815105249&perks=938542991,4267445637,2541826827,1618208178
dimwishlist:item=1815105249&perks=938542991,4267445637,2396489472,2077819806
dimwishlist:item=1815105249&perks=938542991,4267445637,2396489472,1618208178
dimwishlist:item=1815105249&perks=938542991,4267445637,598607952,2077819806
dimwishlist:item=1815105249&perks=938542991,4267445637,598607952,1618208178
dimwishlist:item=1815105249&perks=766579919,2349202967,243981275,2077819806
dimwishlist:item=1815105249&perks=766579919,2349202967,243981275,1618208178
dimwishlist:item=1815105249&perks=766579919,2349202967,984655331,2077819806
dimwishlist:item=1815105249&perks=766579919,2349202967,984655331,1618208178
dimwishlist:item=1815105249&perks=766579919,2349202967,776531651,2077819806
dimwishlist:item=1815105249&perks=766579919,2349202967,776531651,1618208178
dimwishlist:item=1815105249&perks=766579919,2349202967,2541826827,2077819806
dimwishlist:item=1815105249&perks=766579919,2349202967,2541826827,1618208178
dimwishlist:item=1815105249&perks=766579919,2349202967,2396489472,2077819806
dimwishlist:item=1815105249&perks=766579919,2349202967,2396489472,1618208178
dimwishlist:item=1815105249&perks=766579919,2349202967,598607952,2077819806
dimwishlist:item=1815105249&perks=766579919,2349202967,598607952,1618208178
dimwishlist:item=1815105249&perks=766579919,3653484343,243981275,2077819806
dimwishlist:item=1815105249&perks=766579919,3653484343,243981275,1618208178
dimwishlist:item=1815105249&perks=766579919,3653484343,984655331,2077819806
dimwishlist:item=1815105249&perks=766579919,3653484343,984655331,1618208178
dimwishlist:item=1815105249&perks=766579919,3653484343,776531651,2077819806
dimwishlist:item=1815105249&perks=766579919,3653484343,776531651,1618208178
dimwishlist:item=1815105249&perks=766579919,3653484343,2541826827,2077819806
dimwishlist:item=1815105249&perks=766579919,3653484343,2541826827,1618208178
dimwishlist:item=1815105249&perks=766579919,3653484343,2396489472,2077819806
dimwishlist:item=1815105249&perks=766579919,3653484343,2396489472,1618208178
dimwishlist:item=1815105249&perks=766579919,3653484343,598607952,2077819806
dimwishlist:item=1815105249&perks=766579919,3653484343,598607952,1618208178
dimwishlist:item=1815105249&perks=766579919,599007201,243981275,2077819806
dimwishlist:item=1815105249&perks=766579919,599007201,243981275,1618208178
dimwishlist:item=1815105249&perks=766579919,599007201,984655331,2077819806
dimwishlist:item=1815105249&perks=766579919,599007201,984655331,1618208178
dimwishlist:item=1815105249&perks=766579919,599007201,776531651,2077819806
dimwishlist:item=1815105249&perks=766579919,599007201,776531651,1618208178
dimwishlist:item=1815105249&perks=766579919,599007201,2541826827,2077819806
dimwishlist:item=1815105249&perks=766579919,599007201,2541826827,1618208178
dimwishlist:item=1815105249&perks=766579919,599007201,2396489472,2077819806
dimwishlist:item=1815105249&perks=766579919,599007201,2396489472,1618208178
dimwishlist:item=1815105249&perks=766579919,599007201,598607952,2077819806
dimwishlist:item=1815105249&perks=766579919,599007201,598607952,1618208178
dimwishlist:item=1815105249&perks=766579919,4267445637,243981275,2077819806
dimwishlist:item=1815105249&perks=766579919,4267445637,243981275,1618208178
dimwishlist:item=1815105249&perks=766579919,4267445637,984655331,2077819806
dimwishlist:item=1815105249&perks=766579919,4267445637,984655331,1618208178
dimwishlist:item=1815105249&perks=766579919,4267445637,776531651,2077819806
dimwishlist:item=1815105249&perks=766579919,4267445637,776531651,1618208178
dimwishlist:item=1815105249&perks=766579919,4267445637,2541826827,2077819806
dimwishlist:item=1815105249&perks=766579919,4267445637,2541826827,1618208178
dimwishlist:item=1815105249&perks=766579919,4267445637,2396489472,2077819806
dimwishlist:item=1815105249&perks=766579919,4267445637,2396489472,1618208178
dimwishlist:item=1815105249&perks=766579919,4267445637,598607952,2077819806
dimwishlist:item=1815105249&perks=766579919,4267445637,598607952,1618208178
dimwishlist:item=243425374&perks=938542991,2349202967,243981275,2077819806
dimwishlist:item=243425374&perks=938542991,2349202967,243981275,1618208178
dimwishlist:item=243425374&perks=938542991,2349202967,984655331,2077819806
dimwishlist:item=243425374&perks=938542991,2349202967,984655331,1618208178
dimwishlist:item=243425374&perks=938542991,2349202967,776531651,2077819806
dimwishlist:item=243425374&perks=938542991,2349202967,776531651,1618208178
dimwishlist:item=243425374&perks=938542991,2349202967,2541826827,2077819806
dimwishlist:item=243425374&perks=938542991,2349202967,2541826827,1618208178
dimwishlist:item=243425374&perks=938542991,2349202967,2396489472,2077819806
dimwishlist:item=243425374&perks=938542991,2349202967,2396489472,1618208178
dimwishlist:item=243425374&perks=938542991,2349202967,598607952,2077819806
dimwishlist:item=243425374&perks=938542991,2349202967,598607952,1618208178
dimwishlist:item=243425374&perks=938542991,3653484343,243981275,2077819806
dimwishlist:item=243425374&perks=938542991,3653484343,243981275,1618208178
dimwishlist:item=243425374&perks=938542991,3653484343,984655331,2077819806
dimwishlist:item=243425374&perks=938542991,3653484343,984655331,1618208178
dimwishlist:item=243425374&perks=938542991,3653484343,776531651,2077819806
dimwishlist:item=243425374&perks=938542991,3653484343,776531651,1618208178
dimwishlist:item=243425374&perks=938542991,3653484343,2541826827,2077819806
dimwishlist:item=243425374&perks=938542991,3653484343,2541826827,1618208178
dimwishlist:item=243425374&perks=938542991,3653484343,2396489472,2077819806
dimwishlist:item=243425374&perks=938542991,3653484343,2396489472,1618208178
dimwishlist:item=243425374&perks=938542991,3653484343,598607952,2077819806
dimwishlist:item=243425374&perks=938542991,3653484343,598607952,1618208178
dimwishlist:item=243425374&perks=938542991,599007201,243981275,2077819806
dimwishlist:item=243425374&perks=938542991,599007201,243981275,1618208178
dimwishlist:item=243425374&perks=938542991,599007201,984655331,2077819806
dimwishlist:item=243425374&perks=938542991,599007201,984655331,1618208178
dimwishlist:item=243425374&perks=938542991,599007201,776531651,2077819806
dimwishlist:item=243425374&perks=938542991,599007201,776531651,1618208178
dimwishlist:item=243425374&perks=938542991,599007201,2541826827,2077819806
dimwishlist:item=243425374&perks=938542991,599007201,2541826827,1618208178
dimwishlist:item=243425374&perks=938542991,599007201,2396489472,2077819806
dimwishlist:item=243425374&perks=938542991,599007201,2396489472,1618208178
dimwishlist:item=243425374&perks=938542991,599007201,598607952,2077819806
dimwishlist:item=243425374&perks=938542991,599007201,598607952,1618208178
dimwishlist:item=243425374&perks=938542991,4267445637,243981275,2077819806
dimwishlist:item=243425374&perks=938542991,4267445637,243981275,1618208178
dimwishlist:item=243425374&perks=938542991,4267445637,984655331,2077819806
dimwishlist:item=243425374&perks=938542991,4267445637,984655331,1618208178
dimwishlist:item=243425374&perks=938542991,4267445637,776531651,2077819806
dimwishlist:item=243425374&perks=938542991,4267445637,776531651,1618208178
dimwishlist:item=243425374&perks=938542991,4267445637,2541826827,2077819806
dimwishlist:item=243425374&perks=938542991,4267445637,2541826827,1618208178
dimwishlist:item=243425374&perks=938542991,4267445637,2396489472,2077819806
dimwishlist:item=243425374&perks=938542991,4267445637,2396489472,1618208178
dimwishlist:item=243425374&perks=938542991,4267445637,598607952,2077819806
dimwishlist:item=243425374&perks=938542991,4267445637,598607952,1618208178
dimwishlist:item=243425374&perks=766579919,2349202967,243981275,2077819806
dimwishlist:item=243425374&perks=766579919,2349202967,243981275,1618208178
dimwishlist:item=243425374&perks=766579919,2349202967,984655331,2077819806
dimwishlist:item=243425374&perks=766579919,2349202967,984655331,1618208178
dimwishlist:item=243425374&perks=766579919,2349202967,776531651,2077819806
dimwishlist:item=243425374&perks=766579919,2349202967,776531651,1618208178
dimwishlist:item=243425374&perks=766579919,2349202967,2541826827,2077819806
dimwishlist:item=243425374&perks=766579919,2349202967,2541826827,1618208178
dimwishlist:item=243425374&perks=766579919,2349202967,2396489472,2077819806
dimwishlist:item=243425374&perks=766579919,2349202967,2396489472,1618208178
dimwishlist:item=243425374&perks=766579919,2349202967,598607952,2077819806
dimwishlist:item=243425374&perks=766579919,2349202967,598607952,1618208178
dimwishlist:item=243425374&perks=766579919,3653484343,243981275,2077819806
dimwishlist:item=243425374&perks=766579919,3653484343,243981275,1618208178
dimwishlist:item=243425374&perks=766579919,3653484343,984655331,2077819806
dimwishlist:item=243425374&perks=766579919,3653484343,984655331,1618208178
dimwishlist:item=243425374&perks=766579919,3653484343,776531651,2077819806
dimwishlist:item=243425374&perks=766579919,3653484343,776531651,1618208178
dimwishlist:item=243425374&perks=766579919,3653484343,2541826827,2077819806
dimwishlist:item=243425374&perks=766579919,3653484343,2541826827,1618208178
dimwishlist:item=243425374&perks=766579919,3653484343,2396489472,2077819806
dimwishlist:item=243425374&perks=766579919,3653484343,2396489472,1618208178
dimwishlist:item=243425374&perks=766579919,3653484343,598607952,2077819806
dimwishlist:item=243425374&perks=766579919,3653484343,598607952,1618208178
dimwishlist:item=243425374&perks=766579919,599007201,243981275,2077819806
dimwishlist:item=243425374&perks=766579919,599007201,243981275,1618208178
dimwishlist:item=243425374&perks=766579919,599007201,984655331,2077819806
dimwishlist:item=243425374&perks=766579919,599007201,984655331,1618208178
dimwishlist:item=243425374&perks=766579919,599007201,776531651,2077819806
dimwishlist:item=243425374&perks=766579919,599007201,776531651,1618208178
dimwishlist:item=243425374&perks=766579919,599007201,2541826827,2077819806
dimwishlist:item=243425374&perks=766579919,599007201,2541826827,1618208178
dimwishlist:item=243425374&perks=766579919,599007201,2396489472,2077819806
dimwishlist:item=243425374&perks=766579919,599007201,2396489472,1618208178
dimwishlist:item=243425374&perks=766579919,599007201,598607952,2077819806
dimwishlist:item=243425374&perks=766579919,599007201,598607952,1618208178
dimwishlist:item=243425374&perks=766579919,4267445637,243981275,2077819806
dimwishlist:item=243425374&perks=766579919,4267445637,243981275,1618208178
dimwishlist:item=243425374&perks=766579919,4267445637,984655331,2077819806
dimwishlist:item=243425374&perks=766579919,4267445637,984655331,1618208178
dimwishlist:item=243425374&perks=766579919,4267445637,776531651,2077819806
dimwishlist:item=243425374&perks=766579919,4267445637,776531651,1618208178
dimwishlist:item=243425374&perks=766579919,4267445637,2541826827,2077819806
dimwishlist:item=243425374&perks=766579919,4267445637,2541826827,1618208178
dimwishlist:item=243425374&perks=766579919,4267445637,2396489472,2077819806
dimwishlist:item=243425374&perks=766579919,4267445637,2396489472,1618208178
dimwishlist:item=243425374&perks=766579919,4267445637,598607952,2077819806
dimwishlist:item=243425374&perks=766579919,4267445637,598607952,1618208178
dimwishlist:item=2480871539&perks=938542991,2349202967,243981275,2077819806
dimwishlist:item=2480871539&perks=938542991,2349202967,243981275,1618208178
dimwishlist:item=2480871539&perks=938542991,2349202967,984655331,2077819806
dimwishlist:item=2480871539&perks=938542991,2349202967,984655331,1618208178
dimwishlist:item=2480871539&perks=938542991,2349202967,776531651,2077819806
dimwishlist:item=2480871539&perks=938542991,2349202967,776531651,1618208178
dimwishlist:item=2480871539&perks=938542991,2349202967,2541826827,2077819806
dimwishlist:item=2480871539&perks=938542991,2349202967,2541826827,1618208178
dimwishlist:item=2480871539&perks=938542991,2349202967,2396489472,2077819806
dimwishlist:item=2480871539&perks=938542991,2349202967,2396489472,1618208178
dimwishlist:item=2480871539&perks=938542991,2349202967,598607952,2077819806
dimwishlist:item=2480871539&perks=938542991,2349202967,598607952,1618208178
dimwishlist:item=2480871539&perks=938542991,3653484343,243981275,2077819806
dimwishlist:item=2480871539&perks=938542991,3653484343,243981275,1618208178
dimwishlist:item=2480871539&perks=938542991,3653484343,984655331,2077819806
dimwishlist:item=2480871539&perks=938542991,3653484343,984655331,1618208178
dimwishlist:item=2480871539&perks=938542991,3653484343,776531651,2077819806
dimwishlist:item=2480871539&perks=938542991,3653484343,776531651,1618208178
dimwishlist:item=2480871539&perks=938542991,3653484343,2541826827,2077819806
dimwishlist:item=2480871539&perks=938542991,3653484343,2541826827,1618208178
dimwishlist:item=2480871539&perks=938542991,3653484343,2396489472,2077819806
dimwishlist:item=2480871539&perks=938542991,3653484343,2396489472,1618208178
dimwishlist:item=2480871539&perks=938542991,3653484343,598607952,2077819806
dimwishlist:item=2480871539&perks=938542991,3653484343,598607952,1618208178
dimwishlist:item=2480871539&perks=938542991,599007201,243981275,2077819806
dimwishlist:item=2480871539&perks=938542991,599007201,243981275,1618208178
dimwishlist:item=2480871539&perks=938542991,599007201,984655331,2077819806
dimwishlist:item=2480871539&perks=938542991,599007201,984655331,1618208178
dimwishlist:item=2480871539&perks=938542991,599007201,776531651,2077819806
dimwishlist:item=2480871539&perks=938542991,599007201,776531651,1618208178
dimwishlist:item=2480871539&perks=938542991,599007201,2541826827,2077819806
dimwishlist:item=2480871539&perks=938542991,599007201,2541826827,1618208178
dimwishlist:item=2480871539&perks=938542991,599007201,2396489472,2077819806
dimwishlist:item=2480871539&perks=938542991,599007201,2396489472,1618208178
dimwishlist:item=2480871539&perks=938542991,599007201,598607952,2077819806
dimwishlist:item=2480871539&perks=938542991,599007201,598607952,1618208178
dimwishlist:item=2480871539&perks=938542991,4267445637,243981275,2077819806
dimwishlist:item=2480871539&perks=938542991,4267445637,243981275,1618208178
dimwishlist:item=2480871539&perks=938542991,4267445637,984655331,2077819806
dimwishlist:item=2480871539&perks=938542991,4267445637,984655331,1618208178
dimwishlist:item=2480871539&perks=938542991,4267445637,776531651,2077819806
dimwishlist:item=2480871539&perks=938542991,4267445637,776531651,1618208178
dimwishlist:item=2480871539&perks=938542991,4267445637,2541826827,2077819806
dimwishlist:item=2480871539&perks=938542991,4267445637,2541826827,1618208178
dimwishlist:item=2480871539&perks=938542991,4267445637,2396489472,2077819806
dimwishlist:item=2480871539&perks=938542991,4267445637,2396489472,1618208178
dimwishlist:item=2480871539&perks=938542991,4267445637,598607952,2077819806
dimwishlist:item=2480871539&perks=938542991,4267445637,598607952,1618208178
dimwishlist:item=2480871539&perks=766579919,2349202967,243981275,2077819806
dimwishlist:item=2480871539&perks=766579919,2349202967,243981275,1618208178
dimwishlist:item=2480871539&perks=766579919,2349202967,984655331,2077819806
dimwishlist:item=2480871539&perks=766579919,2349202967,984655331,1618208178
dimwishlist:item=2480871539&perks=766579919,2349202967,776531651,2077819806
dimwishlist:item=2480871539&perks=766579919,2349202967,776531651,1618208178
dimwishlist:item=2480871539&perks=766579919,2349202967,2541826827,2077819806
dimwishlist:item=2480871539&perks=766579919,2349202967,2541826827,1618208178
dimwishlist:item=2480871539&perks=766579919,2349202967,2396489472,2077819806
dimwishlist:item=2480871539&perks=766579919,2349202967,2396489472,1618208178
dimwishlist:item=2480871539&perks=766579919,2349202967,598607952,2077819806
dimwishlist:item=2480871539&perks=766579919,2349202967,598607952,1618208178
dimwishlist:item=2480871539&perks=766579919,3653484343,243981275,2077819806
dimwishlist:item=2480871539&perks=766579919,3653484343,243981275,1618208178
dimwishlist:item=2480871539&perks=766579919,3653484343,984655331,2077819806
dimwishlist:item=2480871539&perks=766579919,3653484343,984655331,1618208178
dimwishlist:item=2480871539&perks=766579919,3653484343,776531651,2077819806
dimwishlist:item=2480871539&perks=766579919,3653484343,776531651,1618208178
dimwishlist:item=2480871539&perks=766579919,3653484343,2541826827,2077819806
dimwishlist:item=2480871539&perks=766579919,3653484343,2541826827,1618208178
dimwishlist:item=2480871539&perks=766579919,3653484343,2396489472,2077819806
dimwishlist:item=2480871539&perks=766579919,3653484343,2396489472,1618208178
dimwishlist:item=2480871539&perks=766579919,3653484343,598607952,2077819806
dimwishlist:item=2480871539&perks=766579919,3653484343,598607952,1618208178
dimwishlist:item=2480871539&perks=766579919,599007201,243981275,2077819806
dimwishlist:item=2480871539&perks=766579919,599007201,243981275,1618208178
dimwishlist:item=2480871539&perks=766579919,599007201,984655331,2077819806
dimwishlist:item=2480871539&perks=766579919,599007201,984655331,1618208178
dimwishlist:item=2480871539&perks=766579919,599007201,776531651,2077819806
dimwishlist:item=2480871539&perks=766579919,599007201,776531651,1618208178
dimwishlist:item=2480871539&perks=766579919,599007201,2541826827,2077819806
dimwishlist:item=2480871539&perks=766579919,599007201,2541826827,1618208178
dimwishlist:item=2480871539&perks=766579919,599007201,2396489472,2077819806
dimwishlist:item=2480871539&perks=766579919,599007201,2396489472,1618208178
dimwishlist:item=2480871539&perks=766579919,599007201,598607952,2077819806
dimwishlist:item=2480871539&perks=766579919,599007201,598607952,1618208178
dimwishlist:item=2480871539&perks=766579919,4267445637,243981275,2077819806
dimwishlist:item=2480871539&perks=766579919,4267445637,243981275,1618208178
dimwishlist:item=2480871539&perks=766579919,4267445637,984655331,2077819806
dimwishlist:item=2480871539&perks=766579919,4267445637,984655331,1618208178
dimwishlist:item=2480871539&perks=766579919,4267445637,776531651,2077819806
dimwishlist:item=2480871539&perks=766579919,4267445637,776531651,1618208178
dimwishlist:item=2480871539&perks=766579919,4267445637,2541826827,2077819806
dimwishlist:item=2480871539&perks=766579919,4267445637,2541826827,1618208178
dimwishlist:item=2480871539&perks=766579919,4267445637,2396489472,2077819806
dimwishlist:item=2480871539&perks=766579919,4267445637,2396489472,1618208178
dimwishlist:item=2480871539&perks=766579919,4267445637,598607952,2077819806
dimwishlist:item=2480871539&perks=766579919,4267445637,598607952,1618208178


//False Idols
//notes:Aegis Speedrun Shopping #1 (Universal use) -> Movement ; Super generation
dimwishlist:item=4207120603&perks=938542991,2349202967,2077819806,2396489472
dimwishlist:item=4207120603&perks=938542991,2349202967,2077819806,598607952
dimwishlist:item=4207120603&perks=938542991,2349202967,2077819806,3708227201
dimwishlist:item=4207120603&perks=938542991,2349202967,2077819806,781192741
dimwishlist:item=4207120603&perks=938542991,2349202967,1618208178,2396489472
dimwishlist:item=4207120603&perks=938542991,2349202967,1618208178,598607952
dimwishlist:item=4207120603&perks=938542991,2349202967,1618208178,3708227201
dimwishlist:item=4207120603&perks=938542991,2349202967,1618208178,781192741
dimwishlist:item=4207120603&perks=938542991,3653484343,2077819806,2396489472
dimwishlist:item=4207120603&perks=938542991,3653484343,2077819806,598607952
dimwishlist:item=4207120603&perks=938542991,3653484343,2077819806,3708227201
dimwishlist:item=4207120603&perks=938542991,3653484343,2077819806,781192741
dimwishlist:item=4207120603&perks=938542991,3653484343,1618208178,2396489472
dimwishlist:item=4207120603&perks=938542991,3653484343,1618208178,598607952
dimwishlist:item=4207120603&perks=938542991,3653484343,1618208178,3708227201
dimwishlist:item=4207120603&perks=938542991,3653484343,1618208178,781192741
dimwishlist:item=4207120603&perks=938542991,599007201,2077819806,2396489472
dimwishlist:item=4207120603&perks=938542991,599007201,2077819806,598607952
dimwishlist:item=4207120603&perks=938542991,599007201,2077819806,3708227201
dimwishlist:item=4207120603&perks=938542991,599007201,2077819806,781192741
dimwishlist:item=4207120603&perks=938542991,599007201,1618208178,2396489472
dimwishlist:item=4207120603&perks=938542991,599007201,1618208178,598607952
dimwishlist:item=4207120603&perks=938542991,599007201,1618208178,3708227201
dimwishlist:item=4207120603&perks=938542991,599007201,1618208178,781192741
dimwishlist:item=4207120603&perks=938542991,4267445637,2077819806,2396489472
dimwishlist:item=4207120603&perks=938542991,4267445637,2077819806,598607952
dimwishlist:item=4207120603&perks=938542991,4267445637,2077819806,3708227201
dimwishlist:item=4207120603&perks=938542991,4267445637,2077819806,781192741
dimwishlist:item=4207120603&perks=938542991,4267445637,1618208178,2396489472
dimwishlist:item=4207120603&perks=938542991,4267445637,1618208178,598607952
dimwishlist:item=4207120603&perks=938542991,4267445637,1618208178,3708227201
dimwishlist:item=4207120603&perks=938542991,4267445637,1618208178,781192741
dimwishlist:item=4207120603&perks=766579919,2349202967,2077819806,2396489472
dimwishlist:item=4207120603&perks=766579919,2349202967,2077819806,598607952
dimwishlist:item=4207120603&perks=766579919,2349202967,2077819806,3708227201
dimwishlist:item=4207120603&perks=766579919,2349202967,2077819806,781192741
dimwishlist:item=4207120603&perks=766579919,2349202967,1618208178,2396489472
dimwishlist:item=4207120603&perks=766579919,2349202967,1618208178,598607952
dimwishlist:item=4207120603&perks=766579919,2349202967,1618208178,3708227201
dimwishlist:item=4207120603&perks=766579919,2349202967,1618208178,781192741
dimwishlist:item=4207120603&perks=766579919,3653484343,2077819806,2396489472
dimwishlist:item=4207120603&perks=766579919,3653484343,2077819806,598607952
dimwishlist:item=4207120603&perks=766579919,3653484343,2077819806,3708227201
dimwishlist:item=4207120603&perks=766579919,3653484343,2077819806,781192741
dimwishlist:item=4207120603&perks=766579919,3653484343,1618208178,2396489472
dimwishlist:item=4207120603&perks=766579919,3653484343,1618208178,598607952
dimwishlist:item=4207120603&perks=766579919,3653484343,1618208178,3708227201
dimwishlist:item=4207120603&perks=766579919,3653484343,1618208178,781192741
dimwishlist:item=4207120603&perks=766579919,599007201,2077819806,2396489472
dimwishlist:item=4207120603&perks=766579919,599007201,2077819806,598607952
dimwishlist:item=4207120603&perks=766579919,599007201,2077819806,3708227201
dimwishlist:item=4207120603&perks=766579919,599007201,2077819806,781192741
dimwishlist:item=4207120603&perks=766579919,599007201,1618208178,2396489472
dimwishlist:item=4207120603&perks=766579919,599007201,1618208178,598607952
dimwishlist:item=4207120603&perks=766579919,599007201,1618208178,3708227201
dimwishlist:item=4207120603&perks=766579919,599007201,1618208178,781192741
dimwishlist:item=4207120603&perks=766579919,4267445637,2077819806,2396489472
dimwishlist:item=4207120603&perks=766579919,4267445637,2077819806,598607952
dimwishlist:item=4207120603&perks=766579919,4267445637,2077819806,3708227201
dimwishlist:item=4207120603&perks=766579919,4267445637,2077819806,781192741
dimwishlist:item=4207120603&perks=766579919,4267445637,1618208178,2396489472
dimwishlist:item=4207120603&perks=766579919,4267445637,1618208178,598607952
dimwishlist:item=4207120603&perks=766579919,4267445637,1618208178,3708227201
dimwishlist:item=4207120603&perks=766579919,4267445637,1618208178,781192741


//Gizmo Weft
//notes:Aegis Speedrun Shopping #1 (Universal use) -> Movement
dimwishlist:item=4069880346&perks=3525010810,2822142346,1421772400,1439600632
dimwishlist:item=4069880346&perks=3525010810,2822142346,1421772400,2282937672
dimwishlist:item=4069880346&perks=3525010810,2822142346,3291427296,1439600632
dimwishlist:item=4069880346&perks=3525010810,2822142346,3291427296,2282937672
dimwishlist:item=4069880346&perks=3525010810,2822142346,923806249,1439600632
dimwishlist:item=4069880346&perks=3525010810,2822142346,923806249,2282937672
dimwishlist:item=4069880346&perks=3525010810,2822142346,3422796781,1439600632
dimwishlist:item=4069880346&perks=3525010810,2822142346,3422796781,2282937672
dimwishlist:item=4069880346&perks=3525010810,2108812838,1421772400,1439600632
dimwishlist:item=4069880346&perks=3525010810,2108812838,1421772400,2282937672
dimwishlist:item=4069880346&perks=3525010810,2108812838,3291427296,1439600632
dimwishlist:item=4069880346&perks=3525010810,2108812838,3291427296,2282937672
dimwishlist:item=4069880346&perks=3525010810,2108812838,923806249,1439600632
dimwishlist:item=4069880346&perks=3525010810,2108812838,923806249,2282937672
dimwishlist:item=4069880346&perks=3525010810,2108812838,3422796781,1439600632
dimwishlist:item=4069880346&perks=3525010810,2108812838,3422796781,2282937672
dimwishlist:item=4069880346&perks=3525010810,3301904089,1421772400,1439600632
dimwishlist:item=4069880346&perks=3525010810,3301904089,1421772400,2282937672
dimwishlist:item=4069880346&perks=3525010810,3301904089,3291427296,1439600632
dimwishlist:item=4069880346&perks=3525010810,3301904089,3291427296,2282937672
dimwishlist:item=4069880346&perks=3525010810,3301904089,923806249,1439600632
dimwishlist:item=4069880346&perks=3525010810,3301904089,923806249,2282937672
dimwishlist:item=4069880346&perks=3525010810,3301904089,3422796781,1439600632
dimwishlist:item=4069880346&perks=3525010810,3301904089,3422796781,2282937672
dimwishlist:item=4069880346&perks=3525010810,409713597,1421772400,1439600632
dimwishlist:item=4069880346&perks=3525010810,409713597,1421772400,2282937672
dimwishlist:item=4069880346&perks=3525010810,409713597,3291427296,1439600632
dimwishlist:item=4069880346&perks=3525010810,409713597,3291427296,2282937672
dimwishlist:item=4069880346&perks=3525010810,409713597,923806249,1439600632
dimwishlist:item=4069880346&perks=3525010810,409713597,923806249,2282937672
dimwishlist:item=4069880346&perks=3525010810,409713597,3422796781,1439600632
dimwishlist:item=4069880346&perks=3525010810,409713597,3422796781,2282937672
dimwishlist:item=4069880346&perks=3250572790,2822142346,1421772400,1439600632
dimwishlist:item=4069880346&perks=3250572790,2822142346,1421772400,2282937672
dimwishlist:item=4069880346&perks=3250572790,2822142346,3291427296,1439600632
dimwishlist:item=4069880346&perks=3250572790,2822142346,3291427296,2282937672
dimwishlist:item=4069880346&perks=3250572790,2822142346,923806249,1439600632
dimwishlist:item=4069880346&perks=3250572790,2822142346,923806249,2282937672
dimwishlist:item=4069880346&perks=3250572790,2822142346,3422796781,1439600632
dimwishlist:item=4069880346&perks=3250572790,2822142346,3422796781,2282937672
dimwishlist:item=4069880346&perks=3250572790,2108812838,1421772400,1439600632
dimwishlist:item=4069880346&perks=3250572790,2108812838,1421772400,2282937672
dimwishlist:item=4069880346&perks=3250572790,2108812838,3291427296,1439600632
dimwishlist:item=4069880346&perks=3250572790,2108812838,3291427296,2282937672
dimwishlist:item=4069880346&perks=3250572790,2108812838,923806249,1439600632
dimwishlist:item=4069880346&perks=3250572790,2108812838,923806249,2282937672
dimwishlist:item=4069880346&perks=3250572790,2108812838,3422796781,1439600632
dimwishlist:item=4069880346&perks=3250572790,2108812838,3422796781,2282937672
dimwishlist:item=4069880346&perks=3250572790,3301904089,1421772400,1439600632
dimwishlist:item=4069880346&perks=3250572790,3301904089,1421772400,2282937672
dimwishlist:item=4069880346&perks=3250572790,3301904089,3291427296,1439600632
dimwishlist:item=4069880346&perks=3250572790,3301904089,3291427296,2282937672
dimwishlist:item=4069880346&perks=3250572790,3301904089,923806249,1439600632
dimwishlist:item=4069880346&perks=3250572790,3301904089,923806249,2282937672
dimwishlist:item=4069880346&perks=3250572790,3301904089,3422796781,1439600632
dimwishlist:item=4069880346&perks=3250572790,3301904089,3422796781,2282937672
dimwishlist:item=4069880346&perks=3250572790,409713597,1421772400,1439600632
dimwishlist:item=4069880346&perks=3250572790,409713597,1421772400,2282937672
dimwishlist:item=4069880346&perks=3250572790,409713597,3291427296,1439600632
dimwishlist:item=4069880346&perks=3250572790,409713597,3291427296,2282937672
dimwishlist:item=4069880346&perks=3250572790,409713597,923806249,1439600632
dimwishlist:item=4069880346&perks=3250572790,409713597,923806249,2282937672
dimwishlist:item=4069880346&perks=3250572790,409713597,3422796781,1439600632
dimwishlist:item=4069880346&perks=3250572790,409713597,3422796781,2282937672
dimwishlist:item=1572604081&perks=3525010810,2822142346,1421772400,1439600632
dimwishlist:item=1572604081&perks=3525010810,2822142346,1421772400,2282937672
dimwishlist:item=1572604081&perks=3525010810,2822142346,3291427296,1439600632
dimwishlist:item=1572604081&perks=3525010810,2822142346,3291427296,2282937672
dimwishlist:item=1572604081&perks=3525010810,2822142346,923806249,1439600632
dimwishlist:item=1572604081&perks=3525010810,2822142346,923806249,2282937672
dimwishlist:item=1572604081&perks=3525010810,2822142346,3422796781,1439600632
dimwishlist:item=1572604081&perks=3525010810,2822142346,3422796781,2282937672
dimwishlist:item=1572604081&perks=3525010810,2108812838,1421772400,1439600632
dimwishlist:item=1572604081&perks=3525010810,2108812838,1421772400,2282937672
dimwishlist:item=1572604081&perks=3525010810,2108812838,3291427296,1439600632
dimwishlist:item=1572604081&perks=3525010810,2108812838,3291427296,2282937672
dimwishlist:item=1572604081&perks=3525010810,2108812838,923806249,1439600632
dimwishlist:item=1572604081&perks=3525010810,2108812838,923806249,2282937672
dimwishlist:item=1572604081&perks=3525010810,2108812838,3422796781,1439600632
dimwishlist:item=1572604081&perks=3525010810,2108812838,3422796781,2282937672
dimwishlist:item=1572604081&perks=3525010810,3301904089,1421772400,1439600632
dimwishlist:item=1572604081&perks=3525010810,3301904089,1421772400,2282937672
dimwishlist:item=1572604081&perks=3525010810,3301904089,3291427296,1439600632
dimwishlist:item=1572604081&perks=3525010810,3301904089,3291427296,2282937672
dimwishlist:item=1572604081&perks=3525010810,3301904089,923806249,1439600632
dimwishlist:item=1572604081&perks=3525010810,3301904089,923806249,2282937672
dimwishlist:item=1572604081&perks=3525010810,3301904089,3422796781,1439600632
dimwishlist:item=1572604081&perks=3525010810,3301904089,3422796781,2282937672
dimwishlist:item=1572604081&perks=3525010810,409713597,1421772400,1439600632
dimwishlist:item=1572604081&perks=3525010810,409713597,1421772400,2282937672
dimwishlist:item=1572604081&perks=3525010810,409713597,3291427296,1439600632
dimwishlist:item=1572604081&perks=3525010810,409713597,3291427296,2282937672
dimwishlist:item=1572604081&perks=3525010810,409713597,923806249,1439600632
dimwishlist:item=1572604081&perks=3525010810,409713597,923806249,2282937672
dimwishlist:item=1572604081&perks=3525010810,409713597,3422796781,1439600632
dimwishlist:item=1572604081&perks=3525010810,409713597,3422796781,2282937672
dimwishlist:item=1572604081&perks=3250572790,2822142346,1421772400,1439600632
dimwishlist:item=1572604081&perks=3250572790,2822142346,1421772400,2282937672
dimwishlist:item=1572604081&perks=3250572790,2822142346,3291427296,1439600632
dimwishlist:item=1572604081&perks=3250572790,2822142346,3291427296,2282937672
dimwishlist:item=1572604081&perks=3250572790,2822142346,923806249,1439600632
dimwishlist:item=1572604081&perks=3250572790,2822142346,923806249,2282937672
dimwishlist:item=1572604081&perks=3250572790,2822142346,3422796781,1439600632
dimwishlist:item=1572604081&perks=3250572790,2822142346,3422796781,2282937672
dimwishlist:item=1572604081&perks=3250572790,2108812838,1421772400,1439600632
dimwishlist:item=1572604081&perks=3250572790,2108812838,1421772400,2282937672
dimwishlist:item=1572604081&perks=3250572790,2108812838,3291427296,1439600632
dimwishlist:item=1572604081&perks=3250572790,2108812838,3291427296,2282937672
dimwishlist:item=1572604081&perks=3250572790,2108812838,923806249,1439600632
dimwishlist:item=1572604081&perks=3250572790,2108812838,923806249,2282937672
dimwishlist:item=1572604081&perks=3250572790,2108812838,3422796781,1439600632
dimwishlist:item=1572604081&perks=3250572790,2108812838,3422796781,2282937672
dimwishlist:item=1572604081&perks=3250572790,3301904089,1421772400,1439600632
dimwishlist:item=1572604081&perks=3250572790,3301904089,1421772400,2282937672
dimwishlist:item=1572604081&perks=3250572790,3301904089,3291427296,1439600632
dimwishlist:item=1572604081&perks=3250572790,3301904089,3291427296,2282937672
dimwishlist:item=1572604081&perks=3250572790,3301904089,923806249,1439600632
dimwishlist:item=1572604081&perks=3250572790,3301904089,923806249,2282937672
dimwishlist:item=1572604081&perks=3250572790,3301904089,3422796781,1439600632
dimwishlist:item=1572604081&perks=3250572790,3301904089,3422796781,2282937672
dimwishlist:item=1572604081&perks=3250572790,409713597,1421772400,1439600632
dimwishlist:item=1572604081&perks=3250572790,409713597,1421772400,2282937672
dimwishlist:item=1572604081&perks=3250572790,409713597,3291427296,1439600632
dimwishlist:item=1572604081&perks=3250572790,409713597,3291427296,2282937672
dimwishlist:item=1572604081&perks=3250572790,409713597,923806249,1439600632
dimwishlist:item=1572604081&perks=3250572790,409713597,923806249,2282937672
dimwishlist:item=1572604081&perks=3250572790,409713597,3422796781,1439600632
dimwishlist:item=1572604081&perks=3250572790,409713597,3422796781,2282937672


//Gjallarhorn
//notes:Aegis Speedrun Shopping #1 (Universal use) -> Damage buff ; Add clear
dimwishlist:item=1363886209&perks=,,,


//Hezen Vengeance
//notes:Aegis Speedrun Shopping #1 (Universal use) -> Burst damage
dimwishlist:item=2265407516&perks=3525010810,3796465595,1275731761,3764420437
dimwishlist:item=2265407516&perks=3525010810,3796465595,1275731761,3192447905
dimwishlist:item=2265407516&perks=3525010810,3796465595,1275731761,1089671869
dimwishlist:item=2265407516&perks=3525010810,3796465595,1275731761,496047945
dimwishlist:item=2265407516&perks=3525010810,3796465595,1275731761,1439600632
dimwishlist:item=2265407516&perks=3525010810,3796465595,1275731761,2282937672
dimwishlist:item=2265407516&perks=3525010810,3796465595,2091001077,3764420437
dimwishlist:item=2265407516&perks=3525010810,3796465595,2091001077,3192447905
dimwishlist:item=2265407516&perks=3525010810,3796465595,2091001077,1089671869
dimwishlist:item=2265407516&perks=3525010810,3796465595,2091001077,496047945
dimwishlist:item=2265407516&perks=3525010810,3796465595,2091001077,1439600632
dimwishlist:item=2265407516&perks=3525010810,3796465595,2091001077,2282937672
dimwishlist:item=2265407516&perks=3525010810,3796465595,3300816228,3764420437
dimwishlist:item=2265407516&perks=3525010810,3796465595,3300816228,3192447905
dimwishlist:item=2265407516&perks=3525010810,3796465595,3300816228,1089671869
dimwishlist:item=2265407516&perks=3525010810,3796465595,3300816228,496047945
dimwishlist:item=2265407516&perks=3525010810,3796465595,3300816228,1439600632
dimwishlist:item=2265407516&perks=3525010810,3796465595,3300816228,2282937672
dimwishlist:item=2265407516&perks=3525010810,3796465595,3528046508,3764420437
dimwishlist:item=2265407516&perks=3525010810,3796465595,3528046508,3192447905
dimwishlist:item=2265407516&perks=3525010810,3796465595,3528046508,1089671869
dimwishlist:item=2265407516&perks=3525010810,3796465595,3528046508,496047945
dimwishlist:item=2265407516&perks=3525010810,3796465595,3528046508,1439600632
dimwishlist:item=2265407516&perks=3525010810,3796465595,3528046508,2282937672
dimwishlist:item=2265407516&perks=3525010810,3796465595,951095735,3764420437
dimwishlist:item=2265407516&perks=3525010810,3796465595,951095735,3192447905
dimwishlist:item=2265407516&perks=3525010810,3796465595,951095735,1089671869
dimwishlist:item=2265407516&perks=3525010810,3796465595,951095735,496047945
dimwishlist:item=2265407516&perks=3525010810,3796465595,951095735,1439600632
dimwishlist:item=2265407516&perks=3525010810,3796465595,951095735,2282937672
dimwishlist:item=2265407516&perks=3525010810,3796465595,3878366039,3764420437
dimwishlist:item=2265407516&perks=3525010810,3796465595,3878366039,3192447905
dimwishlist:item=2265407516&perks=3525010810,3796465595,3878366039,1089671869
dimwishlist:item=2265407516&perks=3525010810,3796465595,3878366039,496047945
dimwishlist:item=2265407516&perks=3525010810,3796465595,3878366039,1439600632
dimwishlist:item=2265407516&perks=3525010810,3796465595,3878366039,2282937672
dimwishlist:item=2265407516&perks=3525010810,274905539,1275731761,3764420437
dimwishlist:item=2265407516&perks=3525010810,274905539,1275731761,3192447905
dimwishlist:item=2265407516&perks=3525010810,274905539,1275731761,1089671869
dimwishlist:item=2265407516&perks=3525010810,274905539,1275731761,496047945
dimwishlist:item=2265407516&perks=3525010810,274905539,1275731761,1439600632
dimwishlist:item=2265407516&perks=3525010810,274905539,1275731761,2282937672
dimwishlist:item=2265407516&perks=3525010810,274905539,2091001077,3764420437
dimwishlist:item=2265407516&perks=3525010810,274905539,2091001077,3192447905
dimwishlist:item=2265407516&perks=3525010810,274905539,2091001077,1089671869
dimwishlist:item=2265407516&perks=3525010810,274905539,2091001077,496047945
dimwishlist:item=2265407516&perks=3525010810,274905539,2091001077,1439600632
dimwishlist:item=2265407516&perks=3525010810,274905539,2091001077,2282937672
dimwishlist:item=2265407516&perks=3525010810,274905539,3300816228,3764420437
dimwishlist:item=2265407516&perks=3525010810,274905539,3300816228,3192447905
dimwishlist:item=2265407516&perks=3525010810,274905539,3300816228,1089671869
dimwishlist:item=2265407516&perks=3525010810,274905539,3300816228,496047945
dimwishlist:item=2265407516&perks=3525010810,274905539,3300816228,1439600632
dimwishlist:item=2265407516&perks=3525010810,274905539,3300816228,2282937672
dimwishlist:item=2265407516&perks=3525010810,274905539,3528046508,3764420437
dimwishlist:item=2265407516&perks=3525010810,274905539,3528046508,3192447905
dimwishlist:item=2265407516&perks=3525010810,274905539,3528046508,1089671869
dimwishlist:item=2265407516&perks=3525010810,274905539,3528046508,496047945
dimwishlist:item=2265407516&perks=3525010810,274905539,3528046508,1439600632
dimwishlist:item=2265407516&perks=3525010810,274905539,3528046508,2282937672
dimwishlist:item=2265407516&perks=3525010810,274905539,951095735,3764420437
dimwishlist:item=2265407516&perks=3525010810,274905539,951095735,3192447905
dimwishlist:item=2265407516&perks=3525010810,274905539,951095735,1089671869
dimwishlist:item=2265407516&perks=3525010810,274905539,951095735,496047945
dimwishlist:item=2265407516&perks=3525010810,274905539,951095735,1439600632
dimwishlist:item=2265407516&perks=3525010810,274905539,951095735,2282937672
dimwishlist:item=2265407516&perks=3525010810,274905539,3878366039,3764420437
dimwishlist:item=2265407516&perks=3525010810,274905539,3878366039,3192447905
dimwishlist:item=2265407516&perks=3525010810,274905539,3878366039,1089671869
dimwishlist:item=2265407516&perks=3525010810,274905539,3878366039,496047945
dimwishlist:item=2265407516&perks=3525010810,274905539,3878366039,1439600632
dimwishlist:item=2265407516&perks=3525010810,274905539,3878366039,2282937672
dimwishlist:item=2265407516&perks=3250572790,3796465595,1275731761,3764420437
dimwishlist:item=2265407516&perks=3250572790,3796465595,1275731761,3192447905
dimwishlist:item=2265407516&perks=3250572790,3796465595,1275731761,1089671869
dimwishlist:item=2265407516&perks=3250572790,3796465595,1275731761,496047945
dimwishlist:item=2265407516&perks=3250572790,3796465595,1275731761,1439600632
dimwishlist:item=2265407516&perks=3250572790,3796465595,1275731761,2282937672
dimwishlist:item=2265407516&perks=3250572790,3796465595,2091001077,3764420437
dimwishlist:item=2265407516&perks=3250572790,3796465595,2091001077,3192447905
dimwishlist:item=2265407516&perks=3250572790,3796465595,2091001077,1089671869
dimwishlist:item=2265407516&perks=3250572790,3796465595,2091001077,496047945
dimwishlist:item=2265407516&perks=3250572790,3796465595,2091001077,1439600632
dimwishlist:item=2265407516&perks=3250572790,3796465595,2091001077,2282937672
dimwishlist:item=2265407516&perks=3250572790,3796465595,3300816228,3764420437
dimwishlist:item=2265407516&perks=3250572790,3796465595,3300816228,3192447905
dimwishlist:item=2265407516&perks=3250572790,3796465595,3300816228,1089671869
dimwishlist:item=2265407516&perks=3250572790,3796465595,3300816228,496047945
dimwishlist:item=2265407516&perks=3250572790,3796465595,3300816228,1439600632
dimwishlist:item=2265407516&perks=3250572790,3796465595,3300816228,2282937672
dimwishlist:item=2265407516&perks=3250572790,3796465595,3528046508,3764420437
dimwishlist:item=2265407516&perks=3250572790,3796465595,3528046508,3192447905
dimwishlist:item=2265407516&perks=3250572790,3796465595,3528046508,1089671869
dimwishlist:item=2265407516&perks=3250572790,3796465595,3528046508,496047945
dimwishlist:item=2265407516&perks=3250572790,3796465595,3528046508,1439600632
dimwishlist:item=2265407516&perks=3250572790,3796465595,3528046508,2282937672
dimwishlist:item=2265407516&perks=3250572790,3796465595,951095735,3764420437
dimwishlist:item=2265407516&perks=3250572790,3796465595,951095735,3192447905
dimwishlist:item=2265407516&perks=3250572790,3796465595,951095735,1089671869
dimwishlist:item=2265407516&perks=3250572790,3796465595,951095735,496047945
dimwishlist:item=2265407516&perks=3250572790,3796465595,951095735,1439600632
dimwishlist:item=2265407516&perks=3250572790,3796465595,951095735,2282937672
dimwishlist:item=2265407516&perks=3250572790,3796465595,3878366039,3764420437
dimwishlist:item=2265407516&perks=3250572790,3796465595,3878366039,3192447905
dimwishlist:item=2265407516&perks=3250572790,3796465595,3878366039,1089671869
dimwishlist:item=2265407516&perks=3250572790,3796465595,3878366039,496047945
dimwishlist:item=2265407516&perks=3250572790,3796465595,3878366039,1439600632
dimwishlist:item=2265407516&perks=3250572790,3796465595,3878366039,2282937672
dimwishlist:item=2265407516&perks=3250572790,274905539,1275731761,3764420437
dimwishlist:item=2265407516&perks=3250572790,274905539,1275731761,3192447905
dimwishlist:item=2265407516&perks=3250572790,274905539,1275731761,1089671869
dimwishlist:item=2265407516&perks=3250572790,274905539,1275731761,496047945
dimwishlist:item=2265407516&perks=3250572790,274905539,1275731761,1439600632
dimwishlist:item=2265407516&perks=3250572790,274905539,1275731761,2282937672
dimwishlist:item=2265407516&perks=3250572790,274905539,2091001077,3764420437
dimwishlist:item=2265407516&perks=3250572790,274905539,2091001077,3192447905
dimwishlist:item=2265407516&perks=3250572790,274905539,2091001077,1089671869
dimwishlist:item=2265407516&perks=3250572790,274905539,2091001077,496047945
dimwishlist:item=2265407516&perks=3250572790,274905539,2091001077,1439600632
dimwishlist:item=2265407516&perks=3250572790,274905539,2091001077,2282937672
dimwishlist:item=2265407516&perks=3250572790,274905539,3300816228,3764420437
dimwishlist:item=2265407516&perks=3250572790,274905539,3300816228,3192447905
dimwishlist:item=2265407516&perks=3250572790,274905539,3300816228,1089671869
dimwishlist:item=2265407516&perks=3250572790,274905539,3300816228,496047945
dimwishlist:item=2265407516&perks=3250572790,274905539,3300816228,1439600632
dimwishlist:item=2265407516&perks=3250572790,274905539,3300816228,2282937672
dimwishlist:item=2265407516&perks=3250572790,274905539,3528046508,3764420437
dimwishlist:item=2265407516&perks=3250572790,274905539,3528046508,3192447905
dimwishlist:item=2265407516&perks=3250572790,274905539,3528046508,1089671869
dimwishlist:item=2265407516&perks=3250572790,274905539,3528046508,496047945
dimwishlist:item=2265407516&perks=3250572790,274905539,3528046508,1439600632
dimwishlist:item=2265407516&perks=3250572790,274905539,3528046508,2282937672
dimwishlist:item=2265407516&perks=3250572790,274905539,951095735,3764420437
dimwishlist:item=2265407516&perks=3250572790,274905539,951095735,3192447905
dimwishlist:item=2265407516&perks=3250572790,274905539,951095735,1089671869
dimwishlist:item=2265407516&perks=3250572790,274905539,951095735,496047945
dimwishlist:item=2265407516&perks=3250572790,274905539,951095735,1439600632
dimwishlist:item=2265407516&perks=3250572790,274905539,951095735,2282937672
dimwishlist:item=2265407516&perks=3250572790,274905539,3878366039,3764420437
dimwishlist:item=2265407516&perks=3250572790,274905539,3878366039,3192447905
dimwishlist:item=2265407516&perks=3250572790,274905539,3878366039,1089671869
dimwishlist:item=2265407516&perks=3250572790,274905539,3878366039,496047945
dimwishlist:item=2265407516&perks=3250572790,274905539,3878366039,1439600632
dimwishlist:item=2265407516&perks=3250572790,274905539,3878366039,2282937672
dimwishlist:item=3623686757&perks=3525010810,3796465595,1275731761,3764420437
dimwishlist:item=3623686757&perks=3525010810,3796465595,1275731761,3192447905
dimwishlist:item=3623686757&perks=3525010810,3796465595,1275731761,1089671869
dimwishlist:item=3623686757&perks=3525010810,3796465595,1275731761,496047945
dimwishlist:item=3623686757&perks=3525010810,3796465595,1275731761,1439600632
dimwishlist:item=3623686757&perks=3525010810,3796465595,1275731761,2282937672
dimwishlist:item=3623686757&perks=3525010810,3796465595,2091001077,3764420437
dimwishlist:item=3623686757&perks=3525010810,3796465595,2091001077,3192447905
dimwishlist:item=3623686757&perks=3525010810,3796465595,2091001077,1089671869
dimwishlist:item=3623686757&perks=3525010810,3796465595,2091001077,496047945
dimwishlist:item=3623686757&perks=3525010810,3796465595,2091001077,1439600632
dimwishlist:item=3623686757&perks=3525010810,3796465595,2091001077,2282937672
dimwishlist:item=3623686757&perks=3525010810,3796465595,3300816228,3764420437
dimwishlist:item=3623686757&perks=3525010810,3796465595,3300816228,3192447905
dimwishlist:item=3623686757&perks=3525010810,3796465595,3300816228,1089671869
dimwishlist:item=3623686757&perks=3525010810,3796465595,3300816228,496047945
dimwishlist:item=3623686757&perks=3525010810,3796465595,3300816228,1439600632
dimwishlist:item=3623686757&perks=3525010810,3796465595,3300816228,2282937672
dimwishlist:item=3623686757&perks=3525010810,3796465595,3528046508,3764420437
dimwishlist:item=3623686757&perks=3525010810,3796465595,3528046508,3192447905
dimwishlist:item=3623686757&perks=3525010810,3796465595,3528046508,1089671869
dimwishlist:item=3623686757&perks=3525010810,3796465595,3528046508,496047945
dimwishlist:item=3623686757&perks=3525010810,3796465595,3528046508,1439600632
dimwishlist:item=3623686757&perks=3525010810,3796465595,3528046508,2282937672
dimwishlist:item=3623686757&perks=3525010810,3796465595,951095735,3764420437
dimwishlist:item=3623686757&perks=3525010810,3796465595,951095735,3192447905
dimwishlist:item=3623686757&perks=3525010810,3796465595,951095735,1089671869
dimwishlist:item=3623686757&perks=3525010810,3796465595,951095735,496047945
dimwishlist:item=3623686757&perks=3525010810,3796465595,951095735,1439600632
dimwishlist:item=3623686757&perks=3525010810,3796465595,951095735,2282937672
dimwishlist:item=3623686757&perks=3525010810,3796465595,3878366039,3764420437
dimwishlist:item=3623686757&perks=3525010810,3796465595,3878366039,3192447905
dimwishlist:item=3623686757&perks=3525010810,3796465595,3878366039,1089671869
dimwishlist:item=3623686757&perks=3525010810,3796465595,3878366039,496047945
dimwishlist:item=3623686757&perks=3525010810,3796465595,3878366039,1439600632
dimwishlist:item=3623686757&perks=3525010810,3796465595,3878366039,2282937672
dimwishlist:item=3623686757&perks=3525010810,274905539,1275731761,3764420437
dimwishlist:item=3623686757&perks=3525010810,274905539,1275731761,3192447905
dimwishlist:item=3623686757&perks=3525010810,274905539,1275731761,1089671869
dimwishlist:item=3623686757&perks=3525010810,274905539,1275731761,496047945
dimwishlist:item=3623686757&perks=3525010810,274905539,1275731761,1439600632
dimwishlist:item=3623686757&perks=3525010810,274905539,1275731761,2282937672
dimwishlist:item=3623686757&perks=3525010810,274905539,2091001077,3764420437
dimwishlist:item=3623686757&perks=3525010810,274905539,2091001077,3192447905
dimwishlist:item=3623686757&perks=3525010810,274905539,2091001077,1089671869
dimwishlist:item=3623686757&perks=3525010810,274905539,2091001077,496047945
dimwishlist:item=3623686757&perks=3525010810,274905539,2091001077,1439600632
dimwishlist:item=3623686757&perks=3525010810,274905539,2091001077,2282937672
dimwishlist:item=3623686757&perks=3525010810,274905539,3300816228,3764420437
dimwishlist:item=3623686757&perks=3525010810,274905539,3300816228,3192447905
dimwishlist:item=3623686757&perks=3525010810,274905539,3300816228,1089671869
dimwishlist:item=3623686757&perks=3525010810,274905539,3300816228,496047945
dimwishlist:item=3623686757&perks=3525010810,274905539,3300816228,1439600632
dimwishlist:item=3623686757&perks=3525010810,274905539,3300816228,2282937672
dimwishlist:item=3623686757&perks=3525010810,274905539,3528046508,3764420437
dimwishlist:item=3623686757&perks=3525010810,274905539,3528046508,3192447905
dimwishlist:item=3623686757&perks=3525010810,274905539,3528046508,1089671869
dimwishlist:item=3623686757&perks=3525010810,274905539,3528046508,496047945
dimwishlist:item=3623686757&perks=3525010810,274905539,3528046508,1439600632
dimwishlist:item=3623686757&perks=3525010810,274905539,3528046508,2282937672
dimwishlist:item=3623686757&perks=3525010810,274905539,951095735,3764420437
dimwishlist:item=3623686757&perks=3525010810,274905539,951095735,3192447905
dimwishlist:item=3623686757&perks=3525010810,274905539,951095735,1089671869
dimwishlist:item=3623686757&perks=3525010810,274905539,951095735,496047945
dimwishlist:item=3623686757&perks=3525010810,274905539,951095735,1439600632
dimwishlist:item=3623686757&perks=3525010810,274905539,951095735,2282937672
dimwishlist:item=3623686757&perks=3525010810,274905539,3878366039,3764420437
dimwishlist:item=3623686757&perks=3525010810,274905539,3878366039,3192447905
dimwishlist:item=3623686757&perks=3525010810,274905539,3878366039,1089671869
dimwishlist:item=3623686757&perks=3525010810,274905539,3878366039,496047945
dimwishlist:item=3623686757&perks=3525010810,274905539,3878366039,1439600632
dimwishlist:item=3623686757&perks=3525010810,274905539,3878366039,2282937672
dimwishlist:item=3623686757&perks=3250572790,3796465595,1275731761,3764420437
dimwishlist:item=3623686757&perks=3250572790,3796465595,1275731761,3192447905
dimwishlist:item=3623686757&perks=3250572790,3796465595,1275731761,1089671869
dimwishlist:item=3623686757&perks=3250572790,3796465595,1275731761,496047945
dimwishlist:item=3623686757&perks=3250572790,3796465595,1275731761,1439600632
dimwishlist:item=3623686757&perks=3250572790,3796465595,1275731761,2282937672
dimwishlist:item=3623686757&perks=3250572790,3796465595,2091001077,3764420437
dimwishlist:item=3623686757&perks=3250572790,3796465595,2091001077,3192447905
dimwishlist:item=3623686757&perks=3250572790,3796465595,2091001077,1089671869
dimwishlist:item=3623686757&perks=3250572790,3796465595,2091001077,496047945
dimwishlist:item=3623686757&perks=3250572790,3796465595,2091001077,1439600632
dimwishlist:item=3623686757&perks=3250572790,3796465595,2091001077,2282937672
dimwishlist:item=3623686757&perks=3250572790,3796465595,3300816228,3764420437
dimwishlist:item=3623686757&perks=3250572790,3796465595,3300816228,3192447905
dimwishlist:item=3623686757&perks=3250572790,3796465595,3300816228,1089671869
dimwishlist:item=3623686757&perks=3250572790,3796465595,3300816228,496047945
dimwishlist:item=3623686757&perks=3250572790,3796465595,3300816228,1439600632
dimwishlist:item=3623686757&perks=3250572790,3796465595,3300816228,2282937672
dimwishlist:item=3623686757&perks=3250572790,3796465595,3528046508,3764420437
dimwishlist:item=3623686757&perks=3250572790,3796465595,3528046508,3192447905
dimwishlist:item=3623686757&perks=3250572790,3796465595,3528046508,1089671869
dimwishlist:item=3623686757&perks=3250572790,3796465595,3528046508,496047945
dimwishlist:item=3623686757&perks=3250572790,3796465595,3528046508,1439600632
dimwishlist:item=3623686757&perks=3250572790,3796465595,3528046508,2282937672
dimwishlist:item=3623686757&perks=3250572790,3796465595,951095735,3764420437
dimwishlist:item=3623686757&perks=3250572790,3796465595,951095735,3192447905
dimwishlist:item=3623686757&perks=3250572790,3796465595,951095735,1089671869
dimwishlist:item=3623686757&perks=3250572790,3796465595,951095735,496047945
dimwishlist:item=3623686757&perks=3250572790,3796465595,951095735,1439600632
dimwishlist:item=3623686757&perks=3250572790,3796465595,951095735,2282937672
dimwishlist:item=3623686757&perks=3250572790,3796465595,3878366039,3764420437
dimwishlist:item=3623686757&perks=3250572790,3796465595,3878366039,3192447905
dimwishlist:item=3623686757&perks=3250572790,3796465595,3878366039,1089671869
dimwishlist:item=3623686757&perks=3250572790,3796465595,3878366039,496047945
dimwishlist:item=3623686757&perks=3250572790,3796465595,3878366039,1439600632
dimwishlist:item=3623686757&perks=3250572790,3796465595,3878366039,2282937672
dimwishlist:item=3623686757&perks=3250572790,274905539,1275731761,3764420437
dimwishlist:item=3623686757&perks=3250572790,274905539,1275731761,3192447905
dimwishlist:item=3623686757&perks=3250572790,274905539,1275731761,1089671869
dimwishlist:item=3623686757&perks=3250572790,274905539,1275731761,496047945
dimwishlist:item=3623686757&perks=3250572790,274905539,1275731761,1439600632
dimwishlist:item=3623686757&perks=3250572790,274905539,1275731761,2282937672
dimwishlist:item=3623686757&perks=3250572790,274905539,2091001077,3764420437
dimwishlist:item=3623686757&perks=3250572790,274905539,2091001077,3192447905
dimwishlist:item=3623686757&perks=3250572790,274905539,2091001077,1089671869
dimwishlist:item=3623686757&perks=3250572790,274905539,2091001077,496047945
dimwishlist:item=3623686757&perks=3250572790,274905539,2091001077,1439600632
dimwishlist:item=3623686757&perks=3250572790,274905539,2091001077,2282937672
dimwishlist:item=3623686757&perks=3250572790,274905539,3300816228,3764420437
dimwishlist:item=3623686757&perks=3250572790,274905539,3300816228,3192447905
dimwishlist:item=3623686757&perks=3250572790,274905539,3300816228,1089671869
dimwishlist:item=3623686757&perks=3250572790,274905539,3300816228,496047945
dimwishlist:item=3623686757&perks=3250572790,274905539,3300816228,1439600632
dimwishlist:item=3623686757&perks=3250572790,274905539,3300816228,2282937672
dimwishlist:item=3623686757&perks=3250572790,274905539,3528046508,3764420437
dimwishlist:item=3623686757&perks=3250572790,274905539,3528046508,3192447905
dimwishlist:item=3623686757&perks=3250572790,274905539,3528046508,1089671869
dimwishlist:item=3623686757&perks=3250572790,274905539,3528046508,496047945
dimwishlist:item=3623686757&perks=3250572790,274905539,3528046508,1439600632
dimwishlist:item=3623686757&perks=3250572790,274905539,3528046508,2282937672
dimwishlist:item=3623686757&perks=3250572790,274905539,951095735,3764420437
dimwishlist:item=3623686757&perks=3250572790,274905539,951095735,3192447905
dimwishlist:item=3623686757&perks=3250572790,274905539,951095735,1089671869
dimwishlist:item=3623686757&perks=3250572790,274905539,951095735,496047945
dimwishlist:item=3623686757&perks=3250572790,274905539,951095735,1439600632
dimwishlist:item=3623686757&perks=3250572790,274905539,951095735,2282937672
dimwishlist:item=3623686757&perks=3250572790,274905539,3878366039,3764420437
dimwishlist:item=3623686757&perks=3250572790,274905539,3878366039,3192447905
dimwishlist:item=3623686757&perks=3250572790,274905539,3878366039,1089671869
dimwishlist:item=3623686757&perks=3250572790,274905539,3878366039,496047945
dimwishlist:item=3623686757&perks=3250572790,274905539,3878366039,1439600632
dimwishlist:item=3623686757&perks=3250572790,274905539,3878366039,2282937672


//Lotus-Eater
//notes:Aegis Speedrun Shopping #1 (Universal use) -> QoL ammo pickups
dimwishlist:item=3922217119&perks=1478423395,106909392,3700496672,2048641572
dimwishlist:item=3922217119&perks=1478423395,106909392,3700496672,1926441324
dimwishlist:item=3922217119&perks=1478423395,106909392,3700496672,1134488199
dimwishlist:item=3922217119&perks=1478423395,106909392,3700496672,2904194311
dimwishlist:item=3922217119&perks=1478423395,106909392,2840833776,2048641572
dimwishlist:item=3922217119&perks=1478423395,106909392,2840833776,1926441324
dimwishlist:item=3922217119&perks=1478423395,106909392,2840833776,1134488199
dimwishlist:item=3922217119&perks=1478423395,106909392,2840833776,2904194311
dimwishlist:item=3922217119&perks=1478423395,1783397184,3700496672,2048641572
dimwishlist:item=3922217119&perks=1478423395,1783397184,3700496672,1926441324
dimwishlist:item=3922217119&perks=1478423395,1783397184,3700496672,1134488199
dimwishlist:item=3922217119&perks=1478423395,1783397184,3700496672,2904194311
dimwishlist:item=3922217119&perks=1478423395,1783397184,2840833776,2048641572
dimwishlist:item=3922217119&perks=1478423395,1783397184,2840833776,1926441324
dimwishlist:item=3922217119&perks=1478423395,1783397184,2840833776,1134488199
dimwishlist:item=3922217119&perks=1478423395,1783397184,2840833776,2904194311
dimwishlist:item=3922217119&perks=373417387,106909392,3700496672,2048641572
dimwishlist:item=3922217119&perks=373417387,106909392,3700496672,1926441324
dimwishlist:item=3922217119&perks=373417387,106909392,3700496672,1134488199
dimwishlist:item=3922217119&perks=373417387,106909392,3700496672,2904194311
dimwishlist:item=3922217119&perks=373417387,106909392,2840833776,2048641572
dimwishlist:item=3922217119&perks=373417387,106909392,2840833776,1926441324
dimwishlist:item=3922217119&perks=373417387,106909392,2840833776,1134488199
dimwishlist:item=3922217119&perks=373417387,106909392,2840833776,2904194311
dimwishlist:item=3922217119&perks=373417387,1783397184,3700496672,2048641572
dimwishlist:item=3922217119&perks=373417387,1783397184,3700496672,1926441324
dimwishlist:item=3922217119&perks=373417387,1783397184,3700496672,1134488199
dimwishlist:item=3922217119&perks=373417387,1783397184,3700496672,2904194311
dimwishlist:item=3922217119&perks=373417387,1783397184,2840833776,2048641572
dimwishlist:item=3922217119&perks=373417387,1783397184,2840833776,1926441324
dimwishlist:item=3922217119&perks=373417387,1783397184,2840833776,1134488199
dimwishlist:item=3922217119&perks=373417387,1783397184,2840833776,2904194311
dimwishlist:item=2697143634&perks=1478423395,106909392,3700496672,2048641572
dimwishlist:item=2697143634&perks=1478423395,106909392,3700496672,1926441324
dimwishlist:item=2697143634&perks=1478423395,106909392,3700496672,1134488199
dimwishlist:item=2697143634&perks=1478423395,106909392,3700496672,2904194311
dimwishlist:item=2697143634&perks=1478423395,106909392,2840833776,2048641572
dimwishlist:item=2697143634&perks=1478423395,106909392,2840833776,1926441324
dimwishlist:item=2697143634&perks=1478423395,106909392,2840833776,1134488199
dimwishlist:item=2697143634&perks=1478423395,106909392,2840833776,2904194311
dimwishlist:item=2697143634&perks=1478423395,1783397184,3700496672,2048641572
dimwishlist:item=2697143634&perks=1478423395,1783397184,3700496672,1926441324
dimwishlist:item=2697143634&perks=1478423395,1783397184,3700496672,1134488199
dimwishlist:item=2697143634&perks=1478423395,1783397184,3700496672,2904194311
dimwishlist:item=2697143634&perks=1478423395,1783397184,2840833776,2048641572
dimwishlist:item=2697143634&perks=1478423395,1783397184,2840833776,1926441324
dimwishlist:item=2697143634&perks=1478423395,1783397184,2840833776,1134488199
dimwishlist:item=2697143634&perks=1478423395,1783397184,2840833776,2904194311
dimwishlist:item=2697143634&perks=373417387,106909392,3700496672,2048641572
dimwishlist:item=2697143634&perks=373417387,106909392,3700496672,1926441324
dimwishlist:item=2697143634&perks=373417387,106909392,3700496672,1134488199
dimwishlist:item=2697143634&perks=373417387,106909392,3700496672,2904194311
dimwishlist:item=2697143634&perks=373417387,106909392,2840833776,2048641572
dimwishlist:item=2697143634&perks=373417387,106909392,2840833776,1926441324
dimwishlist:item=2697143634&perks=373417387,106909392,2840833776,1134488199
dimwishlist:item=2697143634&perks=373417387,106909392,2840833776,2904194311
dimwishlist:item=2697143634&perks=373417387,1783397184,3700496672,2048641572
dimwishlist:item=2697143634&perks=373417387,1783397184,3700496672,1926441324
dimwishlist:item=2697143634&perks=373417387,1783397184,3700496672,1134488199
dimwishlist:item=2697143634&perks=373417387,1783397184,3700496672,2904194311
dimwishlist:item=2697143634&perks=373417387,1783397184,2840833776,2048641572
dimwishlist:item=2697143634&perks=373417387,1783397184,2840833776,1926441324
dimwishlist:item=2697143634&perks=373417387,1783397184,2840833776,1134488199
dimwishlist:item=2697143634&perks=373417387,1783397184,2840833776,2904194311


//Nasreddin
//notes:Aegis Speedrun Shopping #1 (Universal use) -> Movement
dimwishlist:item=1979417829&perks=938542991,2349202967,2244851822,2077819806
dimwishlist:item=1979417829&perks=938542991,2349202967,2244851822,1618208178
dimwishlist:item=1979417829&perks=938542991,2349202967,2860991074,2077819806
dimwishlist:item=1979417829&perks=938542991,2349202967,2860991074,1618208178
dimwishlist:item=1979417829&perks=938542991,2349202967,4132187021,2077819806
dimwishlist:item=1979417829&perks=938542991,2349202967,4132187021,1618208178
dimwishlist:item=1979417829&perks=938542991,2349202967,2581144697,2077819806
dimwishlist:item=1979417829&perks=938542991,2349202967,2581144697,1618208178
dimwishlist:item=1979417829&perks=938542991,3653484343,2244851822,2077819806
dimwishlist:item=1979417829&perks=938542991,3653484343,2244851822,1618208178
dimwishlist:item=1979417829&perks=938542991,3653484343,2860991074,2077819806
dimwishlist:item=1979417829&perks=938542991,3653484343,2860991074,1618208178
dimwishlist:item=1979417829&perks=938542991,3653484343,4132187021,2077819806
dimwishlist:item=1979417829&perks=938542991,3653484343,4132187021,1618208178
dimwishlist:item=1979417829&perks=938542991,3653484343,2581144697,2077819806
dimwishlist:item=1979417829&perks=938542991,3653484343,2581144697,1618208178
dimwishlist:item=1979417829&perks=766579919,2349202967,2244851822,2077819806
dimwishlist:item=1979417829&perks=766579919,2349202967,2244851822,1618208178
dimwishlist:item=1979417829&perks=766579919,2349202967,2860991074,2077819806
dimwishlist:item=1979417829&perks=766579919,2349202967,2860991074,1618208178
dimwishlist:item=1979417829&perks=766579919,2349202967,4132187021,2077819806
dimwishlist:item=1979417829&perks=766579919,2349202967,4132187021,1618208178
dimwishlist:item=1979417829&perks=766579919,2349202967,2581144697,2077819806
dimwishlist:item=1979417829&perks=766579919,2349202967,2581144697,1618208178
dimwishlist:item=1979417829&perks=766579919,3653484343,2244851822,2077819806
dimwishlist:item=1979417829&perks=766579919,3653484343,2244851822,1618208178
dimwishlist:item=1979417829&perks=766579919,3653484343,2860991074,2077819806
dimwishlist:item=1979417829&perks=766579919,3653484343,2860991074,1618208178
dimwishlist:item=1979417829&perks=766579919,3653484343,4132187021,2077819806
dimwishlist:item=1979417829&perks=766579919,3653484343,4132187021,1618208178
dimwishlist:item=1979417829&perks=766579919,3653484343,2581144697,2077819806
dimwishlist:item=1979417829&perks=766579919,3653484343,2581144697,1618208178


//Praxic Blade
//notes:Aegis Speedrun Shopping #1 (Universal use) -> Movement


//Pure Recollection
//notes:Aegis Speedrun Shopping #1 (Universal use) -> Dying ; Debuff extension
dimwishlist:item=1956186483&perks=1840239774,1885400500,3987942396,3078487919
dimwishlist:item=1956186483&perks=1840239774,1885400500,3987942396,3744057135
dimwishlist:item=1956186483&perks=1840239774,1885400500,3987942396,1134488199
dimwishlist:item=1956186483&perks=1840239774,1885400500,3987942396,2904194311
dimwishlist:item=1956186483&perks=1840239774,1885400500,2817499044,3078487919
dimwishlist:item=1956186483&perks=1840239774,1885400500,2817499044,3744057135
dimwishlist:item=1956186483&perks=1840239774,1885400500,2817499044,1134488199
dimwishlist:item=1956186483&perks=1840239774,1885400500,2817499044,2904194311
dimwishlist:item=1956186483&perks=1840239774,1968098204,3987942396,3078487919
dimwishlist:item=1956186483&perks=1840239774,1968098204,3987942396,3744057135
dimwishlist:item=1956186483&perks=1840239774,1968098204,3987942396,1134488199
dimwishlist:item=1956186483&perks=1840239774,1968098204,3987942396,2904194311
dimwishlist:item=1956186483&perks=1840239774,1968098204,2817499044,3078487919
dimwishlist:item=1956186483&perks=1840239774,1968098204,2817499044,3744057135
dimwishlist:item=1956186483&perks=1840239774,1968098204,2817499044,1134488199
dimwishlist:item=1956186483&perks=1840239774,1968098204,2817499044,2904194311
dimwishlist:item=1956186483&perks=1124871858,1885400500,3987942396,3078487919
dimwishlist:item=1956186483&perks=1124871858,1885400500,3987942396,3744057135
dimwishlist:item=1956186483&perks=1124871858,1885400500,3987942396,1134488199
dimwishlist:item=1956186483&perks=1124871858,1885400500,3987942396,2904194311
dimwishlist:item=1956186483&perks=1124871858,1885400500,2817499044,3078487919
dimwishlist:item=1956186483&perks=1124871858,1885400500,2817499044,3744057135
dimwishlist:item=1956186483&perks=1124871858,1885400500,2817499044,1134488199
dimwishlist:item=1956186483&perks=1124871858,1885400500,2817499044,2904194311
dimwishlist:item=1956186483&perks=1124871858,1968098204,3987942396,3078487919
dimwishlist:item=1956186483&perks=1124871858,1968098204,3987942396,3744057135
dimwishlist:item=1956186483&perks=1124871858,1968098204,3987942396,1134488199
dimwishlist:item=1956186483&perks=1124871858,1968098204,3987942396,2904194311
dimwishlist:item=1956186483&perks=1124871858,1968098204,2817499044,3078487919
dimwishlist:item=1956186483&perks=1124871858,1968098204,2817499044,3744057135
dimwishlist:item=1956186483&perks=1124871858,1968098204,2817499044,1134488199
dimwishlist:item=1956186483&perks=1124871858,1968098204,2817499044,2904194311


//Still Hunt
//notes:Aegis Speedrun Shopping #1 (Universal use) -> Burst damage
dimwishlist:item=2905188646&perks=,,,


//Sullen Claw
//notes:Aegis Speedrun Shopping #1 (Universal use) -> Movement ; Boss damage
dimwishlist:item=1085743380&perks=938542991,2349202967,2077819806,354401740
dimwishlist:item=1085743380&perks=938542991,2349202967,2077819806,3678483220
dimwishlist:item=1085743380&perks=938542991,2349202967,2077819806,3913600130
dimwishlist:item=1085743380&perks=938542991,2349202967,2077819806,147913470
dimwishlist:item=1085743380&perks=938542991,2349202967,1618208178,354401740
dimwishlist:item=1085743380&perks=938542991,2349202967,1618208178,3678483220
dimwishlist:item=1085743380&perks=938542991,2349202967,1618208178,3913600130
dimwishlist:item=1085743380&perks=938542991,2349202967,1618208178,147913470
dimwishlist:item=1085743380&perks=938542991,2349202967,1546637391,354401740
dimwishlist:item=1085743380&perks=938542991,2349202967,1546637391,3678483220
dimwishlist:item=1085743380&perks=938542991,2349202967,1546637391,3913600130
dimwishlist:item=1085743380&perks=938542991,2349202967,1546637391,147913470
dimwishlist:item=1085743380&perks=938542991,2349202967,3418165135,354401740
dimwishlist:item=1085743380&perks=938542991,2349202967,3418165135,3678483220
dimwishlist:item=1085743380&perks=938542991,2349202967,3418165135,3913600130
dimwishlist:item=1085743380&perks=938542991,2349202967,3418165135,147913470
dimwishlist:item=1085743380&perks=938542991,3653484343,2077819806,354401740
dimwishlist:item=1085743380&perks=938542991,3653484343,2077819806,3678483220
dimwishlist:item=1085743380&perks=938542991,3653484343,2077819806,3913600130
dimwishlist:item=1085743380&perks=938542991,3653484343,2077819806,147913470
dimwishlist:item=1085743380&perks=938542991,3653484343,1618208178,354401740
dimwishlist:item=1085743380&perks=938542991,3653484343,1618208178,3678483220
dimwishlist:item=1085743380&perks=938542991,3653484343,1618208178,3913600130
dimwishlist:item=1085743380&perks=938542991,3653484343,1618208178,147913470
dimwishlist:item=1085743380&perks=938542991,3653484343,1546637391,354401740
dimwishlist:item=1085743380&perks=938542991,3653484343,1546637391,3678483220
dimwishlist:item=1085743380&perks=938542991,3653484343,1546637391,3913600130
dimwishlist:item=1085743380&perks=938542991,3653484343,1546637391,147913470
dimwishlist:item=1085743380&perks=938542991,3653484343,3418165135,354401740
dimwishlist:item=1085743380&perks=938542991,3653484343,3418165135,3678483220
dimwishlist:item=1085743380&perks=938542991,3653484343,3418165135,3913600130
dimwishlist:item=1085743380&perks=938542991,3653484343,3418165135,147913470
dimwishlist:item=1085743380&perks=766579919,2349202967,2077819806,354401740
dimwishlist:item=1085743380&perks=766579919,2349202967,2077819806,3678483220
dimwishlist:item=1085743380&perks=766579919,2349202967,2077819806,3913600130
dimwishlist:item=1085743380&perks=766579919,2349202967,2077819806,147913470
dimwishlist:item=1085743380&perks=766579919,2349202967,1618208178,354401740
dimwishlist:item=1085743380&perks=766579919,2349202967,1618208178,3678483220
dimwishlist:item=1085743380&perks=766579919,2349202967,1618208178,3913600130
dimwishlist:item=1085743380&perks=766579919,2349202967,1618208178,147913470
dimwishlist:item=1085743380&perks=766579919,2349202967,1546637391,354401740
dimwishlist:item=1085743380&perks=766579919,2349202967,1546637391,3678483220
dimwishlist:item=1085743380&perks=766579919,2349202967,1546637391,3913600130
dimwishlist:item=1085743380&perks=766579919,2349202967,1546637391,147913470
dimwishlist:item=1085743380&perks=766579919,2349202967,3418165135,354401740
dimwishlist:item=1085743380&perks=766579919,2349202967,3418165135,3678483220
dimwishlist:item=1085743380&perks=766579919,2349202967,3418165135,3913600130
dimwishlist:item=1085743380&perks=766579919,2349202967,3418165135,147913470
dimwishlist:item=1085743380&perks=766579919,3653484343,2077819806,354401740
dimwishlist:item=1085743380&perks=766579919,3653484343,2077819806,3678483220
dimwishlist:item=1085743380&perks=766579919,3653484343,2077819806,3913600130
dimwishlist:item=1085743380&perks=766579919,3653484343,2077819806,147913470
dimwishlist:item=1085743380&perks=766579919,3653484343,1618208178,354401740
dimwishlist:item=1085743380&perks=766579919,3653484343,1618208178,3678483220
dimwishlist:item=1085743380&perks=766579919,3653484343,1618208178,3913600130
dimwishlist:item=1085743380&perks=766579919,3653484343,1618208178,147913470
dimwishlist:item=1085743380&perks=766579919,3653484343,1546637391,354401740
dimwishlist:item=1085743380&perks=766579919,3653484343,1546637391,3678483220
dimwishlist:item=1085743380&perks=766579919,3653484343,1546637391,3913600130
dimwishlist:item=1085743380&perks=766579919,3653484343,1546637391,147913470
dimwishlist:item=1085743380&perks=766579919,3653484343,3418165135,354401740
dimwishlist:item=1085743380&perks=766579919,3653484343,3418165135,3678483220
dimwishlist:item=1085743380&perks=766579919,3653484343,3418165135,3913600130
dimwishlist:item=1085743380&perks=766579919,3653484343,3418165135,147913470


//Terciopelo-4bl
//notes:Aegis Speedrun Shopping #1 (Universal use) -> Movement
dimwishlist:item=393652859&perks=938542991,2349202967,2077819806,4132187021
dimwishlist:item=393652859&perks=938542991,2349202967,2077819806,2581144697
dimwishlist:item=393652859&perks=938542991,2349202967,2077819806,3640170453
dimwishlist:item=393652859&perks=938542991,2349202967,2077819806,1817983009
dimwishlist:item=393652859&perks=938542991,2349202967,1618208178,4132187021
dimwishlist:item=393652859&perks=938542991,2349202967,1618208178,2581144697
dimwishlist:item=393652859&perks=938542991,2349202967,1618208178,3640170453
dimwishlist:item=393652859&perks=938542991,2349202967,1618208178,1817983009
dimwishlist:item=393652859&perks=938542991,3653484343,2077819806,4132187021
dimwishlist:item=393652859&perks=938542991,3653484343,2077819806,2581144697
dimwishlist:item=393652859&perks=938542991,3653484343,2077819806,3640170453
dimwishlist:item=393652859&perks=938542991,3653484343,2077819806,1817983009
dimwishlist:item=393652859&perks=938542991,3653484343,1618208178,4132187021
dimwishlist:item=393652859&perks=938542991,3653484343,1618208178,2581144697
dimwishlist:item=393652859&perks=938542991,3653484343,1618208178,3640170453
dimwishlist:item=393652859&perks=938542991,3653484343,1618208178,1817983009
dimwishlist:item=393652859&perks=766579919,2349202967,2077819806,4132187021
dimwishlist:item=393652859&perks=766579919,2349202967,2077819806,2581144697
dimwishlist:item=393652859&perks=766579919,2349202967,2077819806,3640170453
dimwishlist:item=393652859&perks=766579919,2349202967,2077819806,1817983009
dimwishlist:item=393652859&perks=766579919,2349202967,1618208178,4132187021
dimwishlist:item=393652859&perks=766579919,2349202967,1618208178,2581144697
dimwishlist:item=393652859&perks=766579919,2349202967,1618208178,3640170453
dimwishlist:item=393652859&perks=766579919,2349202967,1618208178,1817983009
dimwishlist:item=393652859&perks=766579919,3653484343,2077819806,4132187021
dimwishlist:item=393652859&perks=766579919,3653484343,2077819806,2581144697
dimwishlist:item=393652859&perks=766579919,3653484343,2077819806,3640170453
dimwishlist:item=393652859&perks=766579919,3653484343,2077819806,1817983009
dimwishlist:item=393652859&perks=766579919,3653484343,1618208178,4132187021
dimwishlist:item=393652859&perks=766579919,3653484343,1618208178,2581144697
dimwishlist:item=393652859&perks=766579919,3653484343,1618208178,3640170453
dimwishlist:item=393652859&perks=766579919,3653484343,1618208178,1817983009
dimwishlist:item=2775462168&perks=938542991,2349202967,2077819806,4132187021
dimwishlist:item=2775462168&perks=938542991,2349202967,2077819806,2581144697
dimwishlist:item=2775462168&perks=938542991,2349202967,2077819806,3640170453
dimwishlist:item=2775462168&perks=938542991,2349202967,2077819806,1817983009
dimwishlist:item=2775462168&perks=938542991,2349202967,1618208178,4132187021
dimwishlist:item=2775462168&perks=938542991,2349202967,1618208178,2581144697
dimwishlist:item=2775462168&perks=938542991,2349202967,1618208178,3640170453
dimwishlist:item=2775462168&perks=938542991,2349202967,1618208178,1817983009
dimwishlist:item=2775462168&perks=938542991,3653484343,2077819806,4132187021
dimwishlist:item=2775462168&perks=938542991,3653484343,2077819806,2581144697
dimwishlist:item=2775462168&perks=938542991,3653484343,2077819806,3640170453
dimwishlist:item=2775462168&perks=938542991,3653484343,2077819806,1817983009
dimwishlist:item=2775462168&perks=938542991,3653484343,1618208178,4132187021
dimwishlist:item=2775462168&perks=938542991,3653484343,1618208178,2581144697
dimwishlist:item=2775462168&perks=938542991,3653484343,1618208178,3640170453
dimwishlist:item=2775462168&perks=938542991,3653484343,1618208178,1817983009
dimwishlist:item=2775462168&perks=766579919,2349202967,2077819806,4132187021
dimwishlist:item=2775462168&perks=766579919,2349202967,2077819806,2581144697
dimwishlist:item=2775462168&perks=766579919,2349202967,2077819806,3640170453
dimwishlist:item=2775462168&perks=766579919,2349202967,2077819806,1817983009
dimwishlist:item=2775462168&perks=766579919,2349202967,1618208178,4132187021
dimwishlist:item=2775462168&perks=766579919,2349202967,1618208178,2581144697
dimwishlist:item=2775462168&perks=766579919,2349202967,1618208178,3640170453
dimwishlist:item=2775462168&perks=766579919,2349202967,1618208178,1817983009
dimwishlist:item=2775462168&perks=766579919,3653484343,2077819806,4132187021
dimwishlist:item=2775462168&perks=766579919,3653484343,2077819806,2581144697
dimwishlist:item=2775462168&perks=766579919,3653484343,2077819806,3640170453
dimwishlist:item=2775462168&perks=766579919,3653484343,2077819806,1817983009
dimwishlist:item=2775462168&perks=766579919,3653484343,1618208178,4132187021
dimwishlist:item=2775462168&perks=766579919,3653484343,1618208178,2581144697
dimwishlist:item=2775462168&perks=766579919,3653484343,1618208178,3640170453
dimwishlist:item=2775462168&perks=766579919,3653484343,1618208178,1817983009


//The Slammer
//notes:Aegis Speedrun Shopping #1 (Universal use) -> Movement
dimwishlist:item=2889501828&perks=938542991,2349202967,2077819806,3650930298
dimwishlist:item=2889501828&perks=938542991,2349202967,2077819806,405677814
dimwishlist:item=2889501828&perks=938542991,2349202967,1618208178,3650930298
dimwishlist:item=2889501828&perks=938542991,2349202967,1618208178,405677814
dimwishlist:item=2889501828&perks=938542991,3653484343,2077819806,3650930298
dimwishlist:item=2889501828&perks=938542991,3653484343,2077819806,405677814
dimwishlist:item=2889501828&perks=938542991,3653484343,1618208178,3650930298
dimwishlist:item=2889501828&perks=938542991,3653484343,1618208178,405677814
dimwishlist:item=2889501828&perks=938542991,599007201,2077819806,3650930298
dimwishlist:item=2889501828&perks=938542991,599007201,2077819806,405677814
dimwishlist:item=2889501828&perks=938542991,599007201,1618208178,3650930298
dimwishlist:item=2889501828&perks=938542991,599007201,1618208178,405677814
dimwishlist:item=2889501828&perks=938542991,4267445637,2077819806,3650930298
dimwishlist:item=2889501828&perks=938542991,4267445637,2077819806,405677814
dimwishlist:item=2889501828&perks=938542991,4267445637,1618208178,3650930298
dimwishlist:item=2889501828&perks=938542991,4267445637,1618208178,405677814
dimwishlist:item=2889501828&perks=766579919,2349202967,2077819806,3650930298
dimwishlist:item=2889501828&perks=766579919,2349202967,2077819806,405677814
dimwishlist:item=2889501828&perks=766579919,2349202967,1618208178,3650930298
dimwishlist:item=2889501828&perks=766579919,2349202967,1618208178,405677814
dimwishlist:item=2889501828&perks=766579919,3653484343,2077819806,3650930298
dimwishlist:item=2889501828&perks=766579919,3653484343,2077819806,405677814
dimwishlist:item=2889501828&perks=766579919,3653484343,1618208178,3650930298
dimwishlist:item=2889501828&perks=766579919,3653484343,1618208178,405677814
dimwishlist:item=2889501828&perks=766579919,599007201,2077819806,3650930298
dimwishlist:item=2889501828&perks=766579919,599007201,2077819806,405677814
dimwishlist:item=2889501828&perks=766579919,599007201,1618208178,3650930298
dimwishlist:item=2889501828&perks=766579919,599007201,1618208178,405677814
dimwishlist:item=2889501828&perks=766579919,4267445637,2077819806,3650930298
dimwishlist:item=2889501828&perks=766579919,4267445637,2077819806,405677814
dimwishlist:item=2889501828&perks=766579919,4267445637,1618208178,3650930298
dimwishlist:item=2889501828&perks=766579919,4267445637,1618208178,405677814
dimwishlist:item=1354727549&perks=938542991,2349202967,2077819806,3650930298
dimwishlist:item=1354727549&perks=938542991,2349202967,2077819806,405677814
dimwishlist:item=1354727549&perks=938542991,2349202967,1618208178,3650930298
dimwishlist:item=1354727549&perks=938542991,2349202967,1618208178,405677814
dimwishlist:item=1354727549&perks=938542991,3653484343,2077819806,3650930298
dimwishlist:item=1354727549&perks=938542991,3653484343,2077819806,405677814
dimwishlist:item=1354727549&perks=938542991,3653484343,1618208178,3650930298
dimwishlist:item=1354727549&perks=938542991,3653484343,1618208178,405677814
dimwishlist:item=1354727549&perks=938542991,599007201,2077819806,3650930298
dimwishlist:item=1354727549&perks=938542991,599007201,2077819806,405677814
dimwishlist:item=1354727549&perks=938542991,599007201,1618208178,3650930298
dimwishlist:item=1354727549&perks=938542991,599007201,1618208178,405677814
dimwishlist:item=1354727549&perks=938542991,4267445637,2077819806,3650930298
dimwishlist:item=1354727549&perks=938542991,4267445637,2077819806,405677814
dimwishlist:item=1354727549&perks=938542991,4267445637,1618208178,3650930298
dimwishlist:item=1354727549&perks=938542991,4267445637,1618208178,405677814
dimwishlist:item=1354727549&perks=766579919,2349202967,2077819806,3650930298
dimwishlist:item=1354727549&perks=766579919,2349202967,2077819806,405677814
dimwishlist:item=1354727549&perks=766579919,2349202967,1618208178,3650930298
dimwishlist:item=1354727549&perks=766579919,2349202967,1618208178,405677814
dimwishlist:item=1354727549&perks=766579919,3653484343,2077819806,3650930298
dimwishlist:item=1354727549&perks=766579919,3653484343,2077819806,405677814
dimwishlist:item=1354727549&perks=766579919,3653484343,1618208178,3650930298
dimwishlist:item=1354727549&perks=766579919,3653484343,1618208178,405677814
dimwishlist:item=1354727549&perks=766579919,599007201,2077819806,3650930298
dimwishlist:item=1354727549&perks=766579919,599007201,2077819806,405677814
dimwishlist:item=1354727549&perks=766579919,599007201,1618208178,3650930298
dimwishlist:item=1354727549&perks=766579919,599007201,1618208178,405677814
dimwishlist:item=1354727549&perks=766579919,4267445637,2077819806,3650930298
dimwishlist:item=1354727549&perks=766579919,4267445637,2077819806,405677814
dimwishlist:item=1354727549&perks=766579919,4267445637,1618208178,3650930298
dimwishlist:item=1354727549&perks=766579919,4267445637,1618208178,405677814
dimwishlist:item=2466028274&perks=938542991,2349202967,2077819806,3650930298
dimwishlist:item=2466028274&perks=938542991,2349202967,2077819806,405677814
dimwishlist:item=2466028274&perks=938542991,2349202967,2077819806,3640170453
dimwishlist:item=2466028274&perks=938542991,2349202967,2077819806,1817983009
dimwishlist:item=2466028274&perks=938542991,2349202967,2077819806,3708227201
dimwishlist:item=2466028274&perks=938542991,2349202967,2077819806,781192741
dimwishlist:item=2466028274&perks=938542991,2349202967,1618208178,3650930298
dimwishlist:item=2466028274&perks=938542991,2349202967,1618208178,405677814
dimwishlist:item=2466028274&perks=938542991,2349202967,1618208178,3640170453
dimwishlist:item=2466028274&perks=938542991,2349202967,1618208178,1817983009
dimwishlist:item=2466028274&perks=938542991,2349202967,1618208178,3708227201
dimwishlist:item=2466028274&perks=938542991,2349202967,1618208178,781192741
dimwishlist:item=2466028274&perks=938542991,3653484343,2077819806,3650930298
dimwishlist:item=2466028274&perks=938542991,3653484343,2077819806,405677814
dimwishlist:item=2466028274&perks=938542991,3653484343,2077819806,3640170453
dimwishlist:item=2466028274&perks=938542991,3653484343,2077819806,1817983009
dimwishlist:item=2466028274&perks=938542991,3653484343,2077819806,3708227201
dimwishlist:item=2466028274&perks=938542991,3653484343,2077819806,781192741
dimwishlist:item=2466028274&perks=938542991,3653484343,1618208178,3650930298
dimwishlist:item=2466028274&perks=938542991,3653484343,1618208178,405677814
dimwishlist:item=2466028274&perks=938542991,3653484343,1618208178,3640170453
dimwishlist:item=2466028274&perks=938542991,3653484343,1618208178,1817983009
dimwishlist:item=2466028274&perks=938542991,3653484343,1618208178,3708227201
dimwishlist:item=2466028274&perks=938542991,3653484343,1618208178,781192741
dimwishlist:item=2466028274&perks=938542991,599007201,2077819806,3650930298
dimwishlist:item=2466028274&perks=938542991,599007201,2077819806,405677814
dimwishlist:item=2466028274&perks=938542991,599007201,2077819806,3640170453
dimwishlist:item=2466028274&perks=938542991,599007201,2077819806,1817983009
dimwishlist:item=2466028274&perks=938542991,599007201,2077819806,3708227201
dimwishlist:item=2466028274&perks=938542991,599007201,2077819806,781192741
dimwishlist:item=2466028274&perks=938542991,599007201,1618208178,3650930298
dimwishlist:item=2466028274&perks=938542991,599007201,1618208178,405677814
dimwishlist:item=2466028274&perks=938542991,599007201,1618208178,3640170453
dimwishlist:item=2466028274&perks=938542991,599007201,1618208178,1817983009
dimwishlist:item=2466028274&perks=938542991,599007201,1618208178,3708227201
dimwishlist:item=2466028274&perks=938542991,599007201,1618208178,781192741
dimwishlist:item=2466028274&perks=938542991,4267445637,2077819806,3650930298
dimwishlist:item=2466028274&perks=938542991,4267445637,2077819806,405677814
dimwishlist:item=2466028274&perks=938542991,4267445637,2077819806,3640170453
dimwishlist:item=2466028274&perks=938542991,4267445637,2077819806,1817983009
dimwishlist:item=2466028274&perks=938542991,4267445637,2077819806,3708227201
dimwishlist:item=2466028274&perks=938542991,4267445637,2077819806,781192741
dimwishlist:item=2466028274&perks=938542991,4267445637,1618208178,3650930298
dimwishlist:item=2466028274&perks=938542991,4267445637,1618208178,405677814
dimwishlist:item=2466028274&perks=938542991,4267445637,1618208178,3640170453
dimwishlist:item=2466028274&perks=938542991,4267445637,1618208178,1817983009
dimwishlist:item=2466028274&perks=938542991,4267445637,1618208178,3708227201
dimwishlist:item=2466028274&perks=938542991,4267445637,1618208178,781192741
dimwishlist:item=2466028274&perks=766579919,2349202967,2077819806,3650930298
dimwishlist:item=2466028274&perks=766579919,2349202967,2077819806,405677814
dimwishlist:item=2466028274&perks=766579919,2349202967,2077819806,3640170453
dimwishlist:item=2466028274&perks=766579919,2349202967,2077819806,1817983009
dimwishlist:item=2466028274&perks=766579919,2349202967,2077819806,3708227201
dimwishlist:item=2466028274&perks=766579919,2349202967,2077819806,781192741
dimwishlist:item=2466028274&perks=766579919,2349202967,1618208178,3650930298
dimwishlist:item=2466028274&perks=766579919,2349202967,1618208178,405677814
dimwishlist:item=2466028274&perks=766579919,2349202967,1618208178,3640170453
dimwishlist:item=2466028274&perks=766579919,2349202967,1618208178,1817983009
dimwishlist:item=2466028274&perks=766579919,2349202967,1618208178,3708227201
dimwishlist:item=2466028274&perks=766579919,2349202967,1618208178,781192741
dimwishlist:item=2466028274&perks=766579919,3653484343,2077819806,3650930298
dimwishlist:item=2466028274&perks=766579919,3653484343,2077819806,405677814
dimwishlist:item=2466028274&perks=766579919,3653484343,2077819806,3640170453
dimwishlist:item=2466028274&perks=766579919,3653484343,2077819806,1817983009
dimwishlist:item=2466028274&perks=766579919,3653484343,2077819806,3708227201
dimwishlist:item=2466028274&perks=766579919,3653484343,2077819806,781192741
dimwishlist:item=2466028274&perks=766579919,3653484343,1618208178,3650930298
dimwishlist:item=2466028274&perks=766579919,3653484343,1618208178,405677814
dimwishlist:item=2466028274&perks=766579919,3653484343,1618208178,3640170453
dimwishlist:item=2466028274&perks=766579919,3653484343,1618208178,1817983009
dimwishlist:item=2466028274&perks=766579919,3653484343,1618208178,3708227201
dimwishlist:item=2466028274&perks=766579919,3653484343,1618208178,781192741
dimwishlist:item=2466028274&perks=766579919,599007201,2077819806,3650930298
dimwishlist:item=2466028274&perks=766579919,599007201,2077819806,405677814
dimwishlist:item=2466028274&perks=766579919,599007201,2077819806,3640170453
dimwishlist:item=2466028274&perks=766579919,599007201,2077819806,1817983009
dimwishlist:item=2466028274&perks=766579919,599007201,2077819806,3708227201
dimwishlist:item=2466028274&perks=766579919,599007201,2077819806,781192741
dimwishlist:item=2466028274&perks=766579919,599007201,1618208178,3650930298
dimwishlist:item=2466028274&perks=766579919,599007201,1618208178,405677814
dimwishlist:item=2466028274&perks=766579919,599007201,1618208178,3640170453
dimwishlist:item=2466028274&perks=766579919,599007201,1618208178,1817983009
dimwishlist:item=2466028274&perks=766579919,599007201,1618208178,3708227201
dimwishlist:item=2466028274&perks=766579919,599007201,1618208178,781192741
dimwishlist:item=2466028274&perks=766579919,4267445637,2077819806,3650930298
dimwishlist:item=2466028274&perks=766579919,4267445637,2077819806,405677814
dimwishlist:item=2466028274&perks=766579919,4267445637,2077819806,3640170453
dimwishlist:item=2466028274&perks=766579919,4267445637,2077819806,1817983009
dimwishlist:item=2466028274&perks=766579919,4267445637,2077819806,3708227201
dimwishlist:item=2466028274&perks=766579919,4267445637,2077819806,781192741
dimwishlist:item=2466028274&perks=766579919,4267445637,1618208178,3650930298
dimwishlist:item=2466028274&perks=766579919,4267445637,1618208178,405677814
dimwishlist:item=2466028274&perks=766579919,4267445637,1618208178,3640170453
dimwishlist:item=2466028274&perks=766579919,4267445637,1618208178,1817983009
dimwishlist:item=2466028274&perks=766579919,4267445637,1618208178,3708227201
dimwishlist:item=2466028274&perks=766579919,4267445637,1618208178,781192741
dimwishlist:item=189854537&perks=938542991,2349202967,2077819806,3650930298
dimwishlist:item=189854537&perks=938542991,2349202967,2077819806,405677814
dimwishlist:item=189854537&perks=938542991,2349202967,2077819806,3640170453
dimwishlist:item=189854537&perks=938542991,2349202967,2077819806,1817983009
dimwishlist:item=189854537&perks=938542991,2349202967,2077819806,3708227201
dimwishlist:item=189854537&perks=938542991,2349202967,2077819806,781192741
dimwishlist:item=189854537&perks=938542991,2349202967,1618208178,3650930298
dimwishlist:item=189854537&perks=938542991,2349202967,1618208178,405677814
dimwishlist:item=189854537&perks=938542991,2349202967,1618208178,3640170453
dimwishlist:item=189854537&perks=938542991,2349202967,1618208178,1817983009
dimwishlist:item=189854537&perks=938542991,2349202967,1618208178,3708227201
dimwishlist:item=189854537&perks=938542991,2349202967,1618208178,781192741
dimwishlist:item=189854537&perks=938542991,3653484343,2077819806,3650930298
dimwishlist:item=189854537&perks=938542991,3653484343,2077819806,405677814
dimwishlist:item=189854537&perks=938542991,3653484343,2077819806,3640170453
dimwishlist:item=189854537&perks=938542991,3653484343,2077819806,1817983009
dimwishlist:item=189854537&perks=938542991,3653484343,2077819806,3708227201
dimwishlist:item=189854537&perks=938542991,3653484343,2077819806,781192741
dimwishlist:item=189854537&perks=938542991,3653484343,1618208178,3650930298
dimwishlist:item=189854537&perks=938542991,3653484343,1618208178,405677814
dimwishlist:item=189854537&perks=938542991,3653484343,1618208178,3640170453
dimwishlist:item=189854537&perks=938542991,3653484343,1618208178,1817983009
dimwishlist:item=189854537&perks=938542991,3653484343,1618208178,3708227201
dimwishlist:item=189854537&perks=938542991,3653484343,1618208178,781192741
dimwishlist:item=189854537&perks=938542991,599007201,2077819806,3650930298
dimwishlist:item=189854537&perks=938542991,599007201,2077819806,405677814
dimwishlist:item=189854537&perks=938542991,599007201,2077819806,3640170453
dimwishlist:item=189854537&perks=938542991,599007201,2077819806,1817983009
dimwishlist:item=189854537&perks=938542991,599007201,2077819806,3708227201
dimwishlist:item=189854537&perks=938542991,599007201,2077819806,781192741
dimwishlist:item=189854537&perks=938542991,599007201,1618208178,3650930298
dimwishlist:item=189854537&perks=938542991,599007201,1618208178,405677814
dimwishlist:item=189854537&perks=938542991,599007201,1618208178,3640170453
dimwishlist:item=189854537&perks=938542991,599007201,1618208178,1817983009
dimwishlist:item=189854537&perks=938542991,599007201,1618208178,3708227201
dimwishlist:item=189854537&perks=938542991,599007201,1618208178,781192741
dimwishlist:item=189854537&perks=938542991,4267445637,2077819806,3650930298
dimwishlist:item=189854537&perks=938542991,4267445637,2077819806,405677814
dimwishlist:item=189854537&perks=938542991,4267445637,2077819806,3640170453
dimwishlist:item=189854537&perks=938542991,4267445637,2077819806,1817983009
dimwishlist:item=189854537&perks=938542991,4267445637,2077819806,3708227201
dimwishlist:item=189854537&perks=938542991,4267445637,2077819806,781192741
dimwishlist:item=189854537&perks=938542991,4267445637,1618208178,3650930298
dimwishlist:item=189854537&perks=938542991,4267445637,1618208178,405677814
dimwishlist:item=189854537&perks=938542991,4267445637,1618208178,3640170453
dimwishlist:item=189854537&perks=938542991,4267445637,1618208178,1817983009
dimwishlist:item=189854537&perks=938542991,4267445637,1618208178,3708227201
dimwishlist:item=189854537&perks=938542991,4267445637,1618208178,781192741
dimwishlist:item=189854537&perks=766579919,2349202967,2077819806,3650930298
dimwishlist:item=189854537&perks=766579919,2349202967,2077819806,405677814
dimwishlist:item=189854537&perks=766579919,2349202967,2077819806,3640170453
dimwishlist:item=189854537&perks=766579919,2349202967,2077819806,1817983009
dimwishlist:item=189854537&perks=766579919,2349202967,2077819806,3708227201
dimwishlist:item=189854537&perks=766579919,2349202967,2077819806,781192741
dimwishlist:item=189854537&perks=766579919,2349202967,1618208178,3650930298
dimwishlist:item=189854537&perks=766579919,2349202967,1618208178,405677814
dimwishlist:item=189854537&perks=766579919,2349202967,1618208178,3640170453
dimwishlist:item=189854537&perks=766579919,2349202967,1618208178,1817983009
dimwishlist:item=189854537&perks=766579919,2349202967,1618208178,3708227201
dimwishlist:item=189854537&perks=766579919,2349202967,1618208178,781192741
dimwishlist:item=189854537&perks=766579919,3653484343,2077819806,3650930298
dimwishlist:item=189854537&perks=766579919,3653484343,2077819806,405677814
dimwishlist:item=189854537&perks=766579919,3653484343,2077819806,3640170453
dimwishlist:item=189854537&perks=766579919,3653484343,2077819806,1817983009
dimwishlist:item=189854537&perks=766579919,3653484343,2077819806,3708227201
dimwishlist:item=189854537&perks=766579919,3653484343,2077819806,781192741
dimwishlist:item=189854537&perks=766579919,3653484343,1618208178,3650930298
dimwishlist:item=189854537&perks=766579919,3653484343,1618208178,405677814
dimwishlist:item=189854537&perks=766579919,3653484343,1618208178,3640170453
dimwishlist:item=189854537&perks=766579919,3653484343,1618208178,1817983009
dimwishlist:item=189854537&perks=766579919,3653484343,1618208178,3708227201
dimwishlist:item=189854537&perks=766579919,3653484343,1618208178,781192741
dimwishlist:item=189854537&perks=766579919,599007201,2077819806,3650930298
dimwishlist:item=189854537&perks=766579919,599007201,2077819806,405677814
dimwishlist:item=189854537&perks=766579919,599007201,2077819806,3640170453
dimwishlist:item=189854537&perks=766579919,599007201,2077819806,1817983009
dimwishlist:item=189854537&perks=766579919,599007201,2077819806,3708227201
dimwishlist:item=189854537&perks=766579919,599007201,2077819806,781192741
dimwishlist:item=189854537&perks=766579919,599007201,1618208178,3650930298
dimwishlist:item=189854537&perks=766579919,599007201,1618208178,405677814
dimwishlist:item=189854537&perks=766579919,599007201,1618208178,3640170453
dimwishlist:item=189854537&perks=766579919,599007201,1618208178,1817983009
dimwishlist:item=189854537&perks=766579919,599007201,1618208178,3708227201
dimwishlist:item=189854537&perks=766579919,599007201,1618208178,781192741
dimwishlist:item=189854537&perks=766579919,4267445637,2077819806,3650930298
dimwishlist:item=189854537&perks=766579919,4267445637,2077819806,405677814
dimwishlist:item=189854537&perks=766579919,4267445637,2077819806,3640170453
dimwishlist:item=189854537&perks=766579919,4267445637,2077819806,1817983009
dimwishlist:item=189854537&perks=766579919,4267445637,2077819806,3708227201
dimwishlist:item=189854537&perks=766579919,4267445637,2077819806,781192741
dimwishlist:item=189854537&perks=766579919,4267445637,1618208178,3650930298
dimwishlist:item=189854537&perks=766579919,4267445637,1618208178,405677814
dimwishlist:item=189854537&perks=766579919,4267445637,1618208178,3640170453
dimwishlist:item=189854537&perks=766579919,4267445637,1618208178,1817983009
dimwishlist:item=189854537&perks=766579919,4267445637,1618208178,3708227201
dimwishlist:item=189854537&perks=766579919,4267445637,1618208178,781192741


//Tractor Cannon
//notes:Aegis Speedrun Shopping #1 (Universal use) -> Damage debuff ; Enemy displacement
dimwishlist:item=3580904581&perks=,,,


//A Good Shout
//notes:Aegis Speedrun Shopping #2 (Universal use) -> Boss damage
dimwishlist:item=3615748501&perks=1220787353,1202133695,3987942396,2319119708
dimwishlist:item=3615748501&perks=1220787353,1202133695,3987942396,2140591236
dimwishlist:item=3615748501&perks=1220787353,1202133695,2817499044,2319119708
dimwishlist:item=3615748501&perks=1220787353,1202133695,2817499044,2140591236
dimwishlist:item=3615748501&perks=1220787353,2181638943,3987942396,2319119708
dimwishlist:item=3615748501&perks=1220787353,2181638943,3987942396,2140591236
dimwishlist:item=3615748501&perks=1220787353,2181638943,2817499044,2319119708
dimwishlist:item=3615748501&perks=1220787353,2181638943,2817499044,2140591236
dimwishlist:item=3615748501&perks=1465283453,1202133695,3987942396,2319119708
dimwishlist:item=3615748501&perks=1465283453,1202133695,3987942396,2140591236
dimwishlist:item=3615748501&perks=1465283453,1202133695,2817499044,2319119708
dimwishlist:item=3615748501&perks=1465283453,1202133695,2817499044,2140591236
dimwishlist:item=3615748501&perks=1465283453,2181638943,3987942396,2319119708
dimwishlist:item=3615748501&perks=1465283453,2181638943,3987942396,2140591236
dimwishlist:item=3615748501&perks=1465283453,2181638943,2817499044,2319119708
dimwishlist:item=3615748501&perks=1465283453,2181638943,2817499044,2140591236
dimwishlist:item=649691506&perks=1220787353,1202133695,3987942396,2319119708
dimwishlist:item=649691506&perks=1220787353,1202133695,3987942396,2140591236
dimwishlist:item=649691506&perks=1220787353,1202133695,2817499044,2319119708
dimwishlist:item=649691506&perks=1220787353,1202133695,2817499044,2140591236
dimwishlist:item=649691506&perks=1220787353,2181638943,3987942396,2319119708
dimwishlist:item=649691506&perks=1220787353,2181638943,3987942396,2140591236
dimwishlist:item=649691506&perks=1220787353,2181638943,2817499044,2319119708
dimwishlist:item=649691506&perks=1220787353,2181638943,2817499044,2140591236
dimwishlist:item=649691506&perks=1465283453,1202133695,3987942396,2319119708
dimwishlist:item=649691506&perks=1465283453,1202133695,3987942396,2140591236
dimwishlist:item=649691506&perks=1465283453,1202133695,2817499044,2319119708
dimwishlist:item=649691506&perks=1465283453,1202133695,2817499044,2140591236
dimwishlist:item=649691506&perks=1465283453,2181638943,3987942396,2319119708
dimwishlist:item=649691506&perks=1465283453,2181638943,3987942396,2140591236
dimwishlist:item=649691506&perks=1465283453,2181638943,2817499044,2319119708
dimwishlist:item=649691506&perks=1465283453,2181638943,2817499044,2140591236


//Adamantite
//notes:Aegis Speedrun Shopping #2 (Universal use) -> Damage buff
dimwishlist:item=3229982889&perks=1840239774,3142289711,923806249,243981275
dimwishlist:item=3229982889&perks=1840239774,3142289711,923806249,984655331
dimwishlist:item=3229982889&perks=1840239774,3142289711,3422796781,243981275
dimwishlist:item=3229982889&perks=1840239774,3142289711,3422796781,984655331
dimwishlist:item=3229982889&perks=1840239774,3267421167,923806249,243981275
dimwishlist:item=3229982889&perks=1840239774,3267421167,923806249,984655331
dimwishlist:item=3229982889&perks=1840239774,3267421167,3422796781,243981275
dimwishlist:item=3229982889&perks=1840239774,3267421167,3422796781,984655331
dimwishlist:item=3229982889&perks=1124871858,3142289711,923806249,243981275
dimwishlist:item=3229982889&perks=1124871858,3142289711,923806249,984655331
dimwishlist:item=3229982889&perks=1124871858,3142289711,3422796781,243981275
dimwishlist:item=3229982889&perks=1124871858,3142289711,3422796781,984655331
dimwishlist:item=3229982889&perks=1124871858,3267421167,923806249,243981275
dimwishlist:item=3229982889&perks=1124871858,3267421167,923806249,984655331
dimwishlist:item=3229982889&perks=1124871858,3267421167,3422796781,243981275
dimwishlist:item=3229982889&perks=1124871858,3267421167,3422796781,984655331
dimwishlist:item=3485029080&perks=1840239774,3142289711,923806249,243981275
dimwishlist:item=3485029080&perks=1840239774,3142289711,923806249,984655331
dimwishlist:item=3485029080&perks=1840239774,3142289711,3422796781,243981275
dimwishlist:item=3485029080&perks=1840239774,3142289711,3422796781,984655331
dimwishlist:item=3485029080&perks=1840239774,3267421167,923806249,243981275
dimwishlist:item=3485029080&perks=1840239774,3267421167,923806249,984655331
dimwishlist:item=3485029080&perks=1840239774,3267421167,3422796781,243981275
dimwishlist:item=3485029080&perks=1840239774,3267421167,3422796781,984655331
dimwishlist:item=3485029080&perks=1124871858,3142289711,923806249,243981275
dimwishlist:item=3485029080&perks=1124871858,3142289711,923806249,984655331
dimwishlist:item=3485029080&perks=1124871858,3142289711,3422796781,243981275
dimwishlist:item=3485029080&perks=1124871858,3142289711,3422796781,984655331
dimwishlist:item=3485029080&perks=1124871858,3267421167,923806249,243981275
dimwishlist:item=3485029080&perks=1124871858,3267421167,923806249,984655331
dimwishlist:item=3485029080&perks=1124871858,3267421167,3422796781,243981275
dimwishlist:item=3485029080&perks=1124871858,3267421167,3422796781,984655331
dimwishlist:item=2987244302&perks=1840239774,3142289711,923806249,243981275
dimwishlist:item=2987244302&perks=1840239774,3142289711,923806249,984655331
dimwishlist:item=2987244302&perks=1840239774,3142289711,3422796781,243981275
dimwishlist:item=2987244302&perks=1840239774,3142289711,3422796781,984655331
dimwishlist:item=2987244302&perks=1840239774,3267421167,923806249,243981275
dimwishlist:item=2987244302&perks=1840239774,3267421167,923806249,984655331
dimwishlist:item=2987244302&perks=1840239774,3267421167,3422796781,243981275
dimwishlist:item=2987244302&perks=1840239774,3267421167,3422796781,984655331
dimwishlist:item=2987244302&perks=1124871858,3142289711,923806249,243981275
dimwishlist:item=2987244302&perks=1124871858,3142289711,923806249,984655331
dimwishlist:item=2987244302&perks=1124871858,3142289711,3422796781,243981275
dimwishlist:item=2987244302&perks=1124871858,3142289711,3422796781,984655331
dimwishlist:item=2987244302&perks=1124871858,3267421167,923806249,243981275
dimwishlist:item=2987244302&perks=1124871858,3267421167,923806249,984655331
dimwishlist:item=2987244302&perks=1124871858,3267421167,3422796781,243981275
dimwishlist:item=2987244302&perks=1124871858,3267421167,3422796781,984655331
dimwishlist:item=601574723&perks=1840239774,3142289711,923806249,243981275
dimwishlist:item=601574723&perks=1840239774,3142289711,923806249,984655331
dimwishlist:item=601574723&perks=1840239774,3142289711,3422796781,243981275
dimwishlist:item=601574723&perks=1840239774,3142289711,3422796781,984655331
dimwishlist:item=601574723&perks=1840239774,3267421167,923806249,243981275
dimwishlist:item=601574723&perks=1840239774,3267421167,923806249,984655331
dimwishlist:item=601574723&perks=1840239774,3267421167,3422796781,243981275
dimwishlist:item=601574723&perks=1840239774,3267421167,3422796781,984655331
dimwishlist:item=601574723&perks=1124871858,3142289711,923806249,243981275
dimwishlist:item=601574723&perks=1124871858,3142289711,923806249,984655331
dimwishlist:item=601574723&perks=1124871858,3142289711,3422796781,243981275
dimwishlist:item=601574723&perks=1124871858,3142289711,3422796781,984655331
dimwishlist:item=601574723&perks=1124871858,3267421167,923806249,243981275
dimwishlist:item=601574723&perks=1124871858,3267421167,923806249,984655331
dimwishlist:item=601574723&perks=1124871858,3267421167,3422796781,243981275
dimwishlist:item=601574723&perks=1124871858,3267421167,3422796781,984655331


//Alethonym
//notes:Aegis Speedrun Shopping #2 (Universal use) -> Movement ; Ammo generation
dimwishlist:item=2350354266&perks=,,,


//Anarchy
//notes:Aegis Speedrun Shopping #2 (VoG, DSC use) -> Add clear
dimwishlist:item=2376481550&perks=,,,


//Apostate
//notes:Aegis Speedrun Shopping #2 (Universal use) -> QoL ammo pickups
dimwishlist:item=846241149&perks=1840239774,106909392,3700496672,3038247973
dimwishlist:item=846241149&perks=1840239774,106909392,3700496672,64866129
dimwishlist:item=846241149&perks=1840239774,106909392,2840833776,3038247973
dimwishlist:item=846241149&perks=1840239774,106909392,2840833776,64866129
dimwishlist:item=846241149&perks=1840239774,1783397184,3700496672,3038247973
dimwishlist:item=846241149&perks=1840239774,1783397184,3700496672,64866129
dimwishlist:item=846241149&perks=1840239774,1783397184,2840833776,3038247973
dimwishlist:item=846241149&perks=1840239774,1783397184,2840833776,64866129
dimwishlist:item=846241149&perks=1124871858,106909392,3700496672,3038247973
dimwishlist:item=846241149&perks=1124871858,106909392,3700496672,64866129
dimwishlist:item=846241149&perks=1124871858,106909392,2840833776,3038247973
dimwishlist:item=846241149&perks=1124871858,106909392,2840833776,64866129
dimwishlist:item=846241149&perks=1124871858,1783397184,3700496672,3038247973
dimwishlist:item=846241149&perks=1124871858,1783397184,3700496672,64866129
dimwishlist:item=846241149&perks=1124871858,1783397184,2840833776,3038247973
dimwishlist:item=846241149&perks=1124871858,1783397184,2840833776,64866129


//Basso Ostinato
//notes:Aegis Speedrun Shopping #2 (Universal use) -> Boss damage
dimwishlist:item=2573900604&perks=1300023272,106909392,1631667848,2679249093
dimwishlist:item=2573900604&perks=1300023272,106909392,1631667848,2360754333
dimwishlist:item=2573900604&perks=1300023272,1783397184,1631667848,2679249093
dimwishlist:item=2573900604&perks=1300023272,1783397184,1631667848,2360754333
dimwishlist:item=2573900604&perks=1300023272,679225683,1631667848,2679249093
dimwishlist:item=2573900604&perks=1300023272,679225683,1631667848,2360754333
dimwishlist:item=2573900604&perks=1300023272,1807273211,1631667848,2679249093
dimwishlist:item=2573900604&perks=1300023272,1807273211,1631667848,2360754333
dimwishlist:item=2573900604&perks=2371713880,106909392,1631667848,2679249093
dimwishlist:item=2573900604&perks=2371713880,106909392,1631667848,2360754333
dimwishlist:item=2573900604&perks=2371713880,1783397184,1631667848,2679249093
dimwishlist:item=2573900604&perks=2371713880,1783397184,1631667848,2360754333
dimwishlist:item=2573900604&perks=2371713880,679225683,1631667848,2679249093
dimwishlist:item=2573900604&perks=2371713880,679225683,1631667848,2360754333
dimwishlist:item=2573900604&perks=2371713880,1807273211,1631667848,2679249093
dimwishlist:item=2573900604&perks=2371713880,1807273211,1631667848,2360754333
dimwishlist:item=2353274446&perks=1300023272,106909392,1631667848,2679249093
dimwishlist:item=2353274446&perks=1300023272,106909392,1631667848,788178929
dimwishlist:item=2353274446&perks=1300023272,106909392,1631667848,2360754333
dimwishlist:item=2353274446&perks=1300023272,106909392,1631667848,2459015849
dimwishlist:item=2353274446&perks=1300023272,106909392,402033656,2679249093
dimwishlist:item=2353274446&perks=1300023272,106909392,402033656,788178929
dimwishlist:item=2353274446&perks=1300023272,106909392,402033656,2360754333
dimwishlist:item=2353274446&perks=1300023272,106909392,402033656,2459015849
dimwishlist:item=2353274446&perks=1300023272,106909392,3523296417,2679249093
dimwishlist:item=2353274446&perks=1300023272,106909392,3523296417,788178929
dimwishlist:item=2353274446&perks=1300023272,106909392,3523296417,2360754333
dimwishlist:item=2353274446&perks=1300023272,106909392,3523296417,2459015849
dimwishlist:item=2353274446&perks=1300023272,106909392,1906147653,2679249093
dimwishlist:item=2353274446&perks=1300023272,106909392,1906147653,788178929
dimwishlist:item=2353274446&perks=1300023272,106909392,1906147653,2360754333
dimwishlist:item=2353274446&perks=1300023272,106909392,1906147653,2459015849
dimwishlist:item=2353274446&perks=1300023272,1783397184,1631667848,2679249093
dimwishlist:item=2353274446&perks=1300023272,1783397184,1631667848,788178929
dimwishlist:item=2353274446&perks=1300023272,1783397184,1631667848,2360754333
dimwishlist:item=2353274446&perks=1300023272,1783397184,1631667848,2459015849
dimwishlist:item=2353274446&perks=1300023272,1783397184,402033656,2679249093
dimwishlist:item=2353274446&perks=1300023272,1783397184,402033656,788178929
dimwishlist:item=2353274446&perks=1300023272,1783397184,402033656,2360754333
dimwishlist:item=2353274446&perks=1300023272,1783397184,402033656,2459015849
dimwishlist:item=2353274446&perks=1300023272,1783397184,3523296417,2679249093
dimwishlist:item=2353274446&perks=1300023272,1783397184,3523296417,788178929
dimwishlist:item=2353274446&perks=1300023272,1783397184,3523296417,2360754333
dimwishlist:item=2353274446&perks=1300023272,1783397184,3523296417,2459015849
dimwishlist:item=2353274446&perks=1300023272,1783397184,1906147653,2679249093
dimwishlist:item=2353274446&perks=1300023272,1783397184,1906147653,788178929
dimwishlist:item=2353274446&perks=1300023272,1783397184,1906147653,2360754333
dimwishlist:item=2353274446&perks=1300023272,1783397184,1906147653,2459015849
dimwishlist:item=2353274446&perks=1300023272,679225683,1631667848,2679249093
dimwishlist:item=2353274446&perks=1300023272,679225683,1631667848,788178929
dimwishlist:item=2353274446&perks=1300023272,679225683,1631667848,2360754333
dimwishlist:item=2353274446&perks=1300023272,679225683,1631667848,2459015849
dimwishlist:item=2353274446&perks=1300023272,679225683,402033656,2679249093
dimwishlist:item=2353274446&perks=1300023272,679225683,402033656,788178929
dimwishlist:item=2353274446&perks=1300023272,679225683,402033656,2360754333
dimwishlist:item=2353274446&perks=1300023272,679225683,402033656,2459015849
dimwishlist:item=2353274446&perks=1300023272,679225683,3523296417,2679249093
dimwishlist:item=2353274446&perks=1300023272,679225683,3523296417,788178929
dimwishlist:item=2353274446&perks=1300023272,679225683,3523296417,2360754333
dimwishlist:item=2353274446&perks=1300023272,679225683,3523296417,2459015849
dimwishlist:item=2353274446&perks=1300023272,679225683,1906147653,2679249093
dimwishlist:item=2353274446&perks=1300023272,679225683,1906147653,788178929
dimwishlist:item=2353274446&perks=1300023272,679225683,1906147653,2360754333
dimwishlist:item=2353274446&perks=1300023272,679225683,1906147653,2459015849
dimwishlist:item=2353274446&perks=1300023272,1807273211,1631667848,2679249093
dimwishlist:item=2353274446&perks=1300023272,1807273211,1631667848,788178929
dimwishlist:item=2353274446&perks=1300023272,1807273211,1631667848,2360754333
dimwishlist:item=2353274446&perks=1300023272,1807273211,1631667848,2459015849
dimwishlist:item=2353274446&perks=1300023272,1807273211,402033656,2679249093
dimwishlist:item=2353274446&perks=1300023272,1807273211,402033656,788178929
dimwishlist:item=2353274446&perks=1300023272,1807273211,402033656,2360754333
dimwishlist:item=2353274446&perks=1300023272,1807273211,402033656,2459015849
dimwishlist:item=2353274446&perks=1300023272,1807273211,3523296417,2679249093
dimwishlist:item=2353274446&perks=1300023272,1807273211,3523296417,788178929
dimwishlist:item=2353274446&perks=1300023272,1807273211,3523296417,2360754333
dimwishlist:item=2353274446&perks=1300023272,1807273211,3523296417,2459015849
dimwishlist:item=2353274446&perks=1300023272,1807273211,1906147653,2679249093
dimwishlist:item=2353274446&perks=1300023272,1807273211,1906147653,788178929
dimwishlist:item=2353274446&perks=1300023272,1807273211,1906147653,2360754333
dimwishlist:item=2353274446&perks=1300023272,1807273211,1906147653,2459015849
dimwishlist:item=2353274446&perks=2371713880,106909392,1631667848,2679249093
dimwishlist:item=2353274446&perks=2371713880,106909392,1631667848,788178929
dimwishlist:item=2353274446&perks=2371713880,106909392,1631667848,2360754333
dimwishlist:item=2353274446&perks=2371713880,106909392,1631667848,2459015849
dimwishlist:item=2353274446&perks=2371713880,106909392,402033656,2679249093
dimwishlist:item=2353274446&perks=2371713880,106909392,402033656,788178929
dimwishlist:item=2353274446&perks=2371713880,106909392,402033656,2360754333
dimwishlist:item=2353274446&perks=2371713880,106909392,402033656,2459015849
dimwishlist:item=2353274446&perks=2371713880,106909392,3523296417,2679249093
dimwishlist:item=2353274446&perks=2371713880,106909392,3523296417,788178929
dimwishlist:item=2353274446&perks=2371713880,106909392,3523296417,2360754333
dimwishlist:item=2353274446&perks=2371713880,106909392,3523296417,2459015849
dimwishlist:item=2353274446&perks=2371713880,106909392,1906147653,2679249093
dimwishlist:item=2353274446&perks=2371713880,106909392,1906147653,788178929
dimwishlist:item=2353274446&perks=2371713880,106909392,1906147653,2360754333
dimwishlist:item=2353274446&perks=2371713880,106909392,1906147653,2459015849
dimwishlist:item=2353274446&perks=2371713880,1783397184,1631667848,2679249093
dimwishlist:item=2353274446&perks=2371713880,1783397184,1631667848,788178929
dimwishlist:item=2353274446&perks=2371713880,1783397184,1631667848,2360754333
dimwishlist:item=2353274446&perks=2371713880,1783397184,1631667848,2459015849
dimwishlist:item=2353274446&perks=2371713880,1783397184,402033656,2679249093
dimwishlist:item=2353274446&perks=2371713880,1783397184,402033656,788178929
dimwishlist:item=2353274446&perks=2371713880,1783397184,402033656,2360754333
dimwishlist:item=2353274446&perks=2371713880,1783397184,402033656,2459015849
dimwishlist:item=2353274446&perks=2371713880,1783397184,3523296417,2679249093
dimwishlist:item=2353274446&perks=2371713880,1783397184,3523296417,788178929
dimwishlist:item=2353274446&perks=2371713880,1783397184,3523296417,2360754333
dimwishlist:item=2353274446&perks=2371713880,1783397184,3523296417,2459015849
dimwishlist:item=2353274446&perks=2371713880,1783397184,1906147653,2679249093
dimwishlist:item=2353274446&perks=2371713880,1783397184,1906147653,788178929
dimwishlist:item=2353274446&perks=2371713880,1783397184,1906147653,2360754333
dimwishlist:item=2353274446&perks=2371713880,1783397184,1906147653,2459015849
dimwishlist:item=2353274446&perks=2371713880,679225683,1631667848,2679249093
dimwishlist:item=2353274446&perks=2371713880,679225683,1631667848,788178929
dimwishlist:item=2353274446&perks=2371713880,679225683,1631667848,2360754333
dimwishlist:item=2353274446&perks=2371713880,679225683,1631667848,2459015849
dimwishlist:item=2353274446&perks=2371713880,679225683,402033656,2679249093
dimwishlist:item=2353274446&perks=2371713880,679225683,402033656,788178929
dimwishlist:item=2353274446&perks=2371713880,679225683,402033656,2360754333
dimwishlist:item=2353274446&perks=2371713880,679225683,402033656,2459015849
dimwishlist:item=2353274446&perks=2371713880,679225683,3523296417,2679249093
dimwishlist:item=2353274446&perks=2371713880,679225683,3523296417,788178929
dimwishlist:item=2353274446&perks=2371713880,679225683,3523296417,2360754333
dimwishlist:item=2353274446&perks=2371713880,679225683,3523296417,2459015849
dimwishlist:item=2353274446&perks=2371713880,679225683,1906147653,2679249093
dimwishlist:item=2353274446&perks=2371713880,679225683,1906147653,788178929
dimwishlist:item=2353274446&perks=2371713880,679225683,1906147653,2360754333
dimwishlist:item=2353274446&perks=2371713880,679225683,1906147653,2459015849
dimwishlist:item=2353274446&perks=2371713880,1807273211,1631667848,2679249093
dimwishlist:item=2353274446&perks=2371713880,1807273211,1631667848,788178929
dimwishlist:item=2353274446&perks=2371713880,1807273211,1631667848,2360754333
dimwishlist:item=2353274446&perks=2371713880,1807273211,1631667848,2459015849
dimwishlist:item=2353274446&perks=2371713880,1807273211,402033656,2679249093
dimwishlist:item=2353274446&perks=2371713880,1807273211,402033656,788178929
dimwishlist:item=2353274446&perks=2371713880,1807273211,402033656,2360754333
dimwishlist:item=2353274446&perks=2371713880,1807273211,402033656,2459015849
dimwishlist:item=2353274446&perks=2371713880,1807273211,3523296417,2679249093
dimwishlist:item=2353274446&perks=2371713880,1807273211,3523296417,788178929
dimwishlist:item=2353274446&perks=2371713880,1807273211,3523296417,2360754333
dimwishlist:item=2353274446&perks=2371713880,1807273211,3523296417,2459015849
dimwishlist:item=2353274446&perks=2371713880,1807273211,1906147653,2679249093
dimwishlist:item=2353274446&perks=2371713880,1807273211,1906147653,788178929
dimwishlist:item=2353274446&perks=2371713880,1807273211,1906147653,2360754333
dimwishlist:item=2353274446&perks=2371713880,1807273211,1906147653,2459015849


//Choir of One
//notes:Aegis Speedrun Shopping #2 (Universal use) -> Add clear
dimwishlist:item=3698448090&perks=1840239774,1431678320,1931951170,


//Chronophage
//notes:Aegis Speedrun Shopping #2 (Universal use) -> QoL ammo pickups
dimwishlist:item=1886840007&perks=1840239774,2749775325,3700496672,2048641572
dimwishlist:item=1886840007&perks=1840239774,2749775325,3700496672,1926441324
dimwishlist:item=1886840007&perks=1840239774,2749775325,3700496672,2109543898
dimwishlist:item=1886840007&perks=1840239774,2749775325,3700496672,2799030358
dimwishlist:item=1886840007&perks=1840239774,2749775325,2840833776,2048641572
dimwishlist:item=1886840007&perks=1840239774,2749775325,2840833776,1926441324
dimwishlist:item=1886840007&perks=1840239774,2749775325,2840833776,2109543898
dimwishlist:item=1886840007&perks=1840239774,2749775325,2840833776,2799030358
dimwishlist:item=1886840007&perks=1840239774,2073750249,3700496672,2048641572
dimwishlist:item=1886840007&perks=1840239774,2073750249,3700496672,1926441324
dimwishlist:item=1886840007&perks=1840239774,2073750249,3700496672,2109543898
dimwishlist:item=1886840007&perks=1840239774,2073750249,3700496672,2799030358
dimwishlist:item=1886840007&perks=1840239774,2073750249,2840833776,2048641572
dimwishlist:item=1886840007&perks=1840239774,2073750249,2840833776,1926441324
dimwishlist:item=1886840007&perks=1840239774,2073750249,2840833776,2109543898
dimwishlist:item=1886840007&perks=1840239774,2073750249,2840833776,2799030358
dimwishlist:item=1886840007&perks=1124871858,2749775325,3700496672,2048641572
dimwishlist:item=1886840007&perks=1124871858,2749775325,3700496672,1926441324
dimwishlist:item=1886840007&perks=1124871858,2749775325,3700496672,2109543898
dimwishlist:item=1886840007&perks=1124871858,2749775325,3700496672,2799030358
dimwishlist:item=1886840007&perks=1124871858,2749775325,2840833776,2048641572
dimwishlist:item=1886840007&perks=1124871858,2749775325,2840833776,1926441324
dimwishlist:item=1886840007&perks=1124871858,2749775325,2840833776,2109543898
dimwishlist:item=1886840007&perks=1124871858,2749775325,2840833776,2799030358
dimwishlist:item=1886840007&perks=1124871858,2073750249,3700496672,2048641572
dimwishlist:item=1886840007&perks=1124871858,2073750249,3700496672,1926441324
dimwishlist:item=1886840007&perks=1124871858,2073750249,3700496672,2109543898
dimwishlist:item=1886840007&perks=1124871858,2073750249,3700496672,2799030358
dimwishlist:item=1886840007&perks=1124871858,2073750249,2840833776,2048641572
dimwishlist:item=1886840007&perks=1124871858,2073750249,2840833776,1926441324
dimwishlist:item=1886840007&perks=1124871858,2073750249,2840833776,2109543898
dimwishlist:item=1886840007&perks=1124871858,2073750249,2840833776,2799030358


//Conspiracy Honed
//notes:Aegis Speedrun Shopping #2 (Universal use) -> Burst damage
dimwishlist:item=4062069077&perks=1840239774,807993149,1546637391,1771339417
dimwishlist:item=4062069077&perks=1840239774,807993149,1546637391,395388285
dimwishlist:item=4062069077&perks=1840239774,807993149,1546637391,3078487919
dimwishlist:item=4062069077&perks=1840239774,807993149,1546637391,3744057135
dimwishlist:item=4062069077&perks=1840239774,807993149,3418165135,1771339417
dimwishlist:item=4062069077&perks=1840239774,807993149,3418165135,395388285
dimwishlist:item=4062069077&perks=1840239774,807993149,3418165135,3078487919
dimwishlist:item=4062069077&perks=1840239774,807993149,3418165135,3744057135
dimwishlist:item=4062069077&perks=1840239774,1454612425,1546637391,1771339417
dimwishlist:item=4062069077&perks=1840239774,1454612425,1546637391,395388285
dimwishlist:item=4062069077&perks=1840239774,1454612425,1546637391,3078487919
dimwishlist:item=4062069077&perks=1840239774,1454612425,1546637391,3744057135
dimwishlist:item=4062069077&perks=1840239774,1454612425,3418165135,1771339417
dimwishlist:item=4062069077&perks=1840239774,1454612425,3418165135,395388285
dimwishlist:item=4062069077&perks=1840239774,1454612425,3418165135,3078487919
dimwishlist:item=4062069077&perks=1840239774,1454612425,3418165135,3744057135
dimwishlist:item=4062069077&perks=1124871858,807993149,1546637391,1771339417
dimwishlist:item=4062069077&perks=1124871858,807993149,1546637391,395388285
dimwishlist:item=4062069077&perks=1124871858,807993149,1546637391,3078487919
dimwishlist:item=4062069077&perks=1124871858,807993149,1546637391,3744057135
dimwishlist:item=4062069077&perks=1124871858,807993149,3418165135,1771339417
dimwishlist:item=4062069077&perks=1124871858,807993149,3418165135,395388285
dimwishlist:item=4062069077&perks=1124871858,807993149,3418165135,3078487919
dimwishlist:item=4062069077&perks=1124871858,807993149,3418165135,3744057135
dimwishlist:item=4062069077&perks=1124871858,1454612425,1546637391,1771339417
dimwishlist:item=4062069077&perks=1124871858,1454612425,1546637391,395388285
dimwishlist:item=4062069077&perks=1124871858,1454612425,1546637391,3078487919
dimwishlist:item=4062069077&perks=1124871858,1454612425,1546637391,3744057135
dimwishlist:item=4062069077&perks=1124871858,1454612425,3418165135,1771339417
dimwishlist:item=4062069077&perks=1124871858,1454612425,3418165135,395388285
dimwishlist:item=4062069077&perks=1124871858,1454612425,3418165135,3078487919
dimwishlist:item=4062069077&perks=1124871858,1454612425,3418165135,3744057135


//Cusp Sempiternal
//notes:Aegis Speedrun Shopping #2 (Universal use) -> Damage buff ; Debuff extension
dimwishlist:item=2579693381&perks=1840239774,3142289711,951095735,1134488199
dimwishlist:item=2579693381&perks=1840239774,3142289711,951095735,2904194311
dimwishlist:item=2579693381&perks=1840239774,3142289711,3878366039,1134488199
dimwishlist:item=2579693381&perks=1840239774,3142289711,3878366039,2904194311
dimwishlist:item=2579693381&perks=1840239774,3267421167,951095735,1134488199
dimwishlist:item=2579693381&perks=1840239774,3267421167,951095735,2904194311
dimwishlist:item=2579693381&perks=1840239774,3267421167,3878366039,1134488199
dimwishlist:item=2579693381&perks=1840239774,3267421167,3878366039,2904194311
dimwishlist:item=2579693381&perks=1124871858,3142289711,951095735,1134488199
dimwishlist:item=2579693381&perks=1124871858,3142289711,951095735,2904194311
dimwishlist:item=2579693381&perks=1124871858,3142289711,3878366039,1134488199
dimwishlist:item=2579693381&perks=1124871858,3142289711,3878366039,2904194311
dimwishlist:item=2579693381&perks=1124871858,3267421167,951095735,1134488199
dimwishlist:item=2579693381&perks=1124871858,3267421167,951095735,2904194311
dimwishlist:item=2579693381&perks=1124871858,3267421167,3878366039,1134488199
dimwishlist:item=2579693381&perks=1124871858,3267421167,3878366039,2904194311


//Festival Flight
//notes:Aegis Speedrun Shopping #2 (Universal use) -> Add clear
dimwishlist:item=4019651319&perks=3525010810,2822142346,923806249,243981275
dimwishlist:item=4019651319&perks=3525010810,2822142346,923806249,984655331
dimwishlist:item=4019651319&perks=3525010810,2822142346,923806249,4049631843
dimwishlist:item=4019651319&perks=3525010810,2822142346,923806249,859780267
dimwishlist:item=4019651319&perks=3525010810,2822142346,923806249,831391274
dimwishlist:item=4019651319&perks=3525010810,2822142346,923806249,102912326
dimwishlist:item=4019651319&perks=3525010810,2822142346,923806249,1089671869
dimwishlist:item=4019651319&perks=3525010810,2822142346,923806249,496047945
dimwishlist:item=4019651319&perks=3525010810,2822142346,3422796781,243981275
dimwishlist:item=4019651319&perks=3525010810,2822142346,3422796781,984655331
dimwishlist:item=4019651319&perks=3525010810,2822142346,3422796781,4049631843
dimwishlist:item=4019651319&perks=3525010810,2822142346,3422796781,859780267
dimwishlist:item=4019651319&perks=3525010810,2822142346,3422796781,831391274
dimwishlist:item=4019651319&perks=3525010810,2822142346,3422796781,102912326
dimwishlist:item=4019651319&perks=3525010810,2822142346,3422796781,1089671869
dimwishlist:item=4019651319&perks=3525010810,2822142346,3422796781,496047945
dimwishlist:item=4019651319&perks=3525010810,2822142346,3523296417,243981275
dimwishlist:item=4019651319&perks=3525010810,2822142346,3523296417,984655331
dimwishlist:item=4019651319&perks=3525010810,2822142346,3523296417,4049631843
dimwishlist:item=4019651319&perks=3525010810,2822142346,3523296417,859780267
dimwishlist:item=4019651319&perks=3525010810,2822142346,3523296417,831391274
dimwishlist:item=4019651319&perks=3525010810,2822142346,3523296417,102912326
dimwishlist:item=4019651319&perks=3525010810,2822142346,3523296417,1089671869
dimwishlist:item=4019651319&perks=3525010810,2822142346,3523296417,496047945
dimwishlist:item=4019651319&perks=3525010810,2822142346,1906147653,243981275
dimwishlist:item=4019651319&perks=3525010810,2822142346,1906147653,984655331
dimwishlist:item=4019651319&perks=3525010810,2822142346,1906147653,4049631843
dimwishlist:item=4019651319&perks=3525010810,2822142346,1906147653,859780267
dimwishlist:item=4019651319&perks=3525010810,2822142346,1906147653,831391274
dimwishlist:item=4019651319&perks=3525010810,2822142346,1906147653,102912326
dimwishlist:item=4019651319&perks=3525010810,2822142346,1906147653,1089671869
dimwishlist:item=4019651319&perks=3525010810,2822142346,1906147653,496047945
dimwishlist:item=4019651319&perks=3525010810,2822142346,3987942396,243981275
dimwishlist:item=4019651319&perks=3525010810,2822142346,3987942396,984655331
dimwishlist:item=4019651319&perks=3525010810,2822142346,3987942396,4049631843
dimwishlist:item=4019651319&perks=3525010810,2822142346,3987942396,859780267
dimwishlist:item=4019651319&perks=3525010810,2822142346,3987942396,831391274
dimwishlist:item=4019651319&perks=3525010810,2822142346,3987942396,102912326
dimwishlist:item=4019651319&perks=3525010810,2822142346,3987942396,1089671869
dimwishlist:item=4019651319&perks=3525010810,2822142346,3987942396,496047945
dimwishlist:item=4019651319&perks=3525010810,2822142346,2817499044,243981275
dimwishlist:item=4019651319&perks=3525010810,2822142346,2817499044,984655331
dimwishlist:item=4019651319&perks=3525010810,2822142346,2817499044,4049631843
dimwishlist:item=4019651319&perks=3525010810,2822142346,2817499044,859780267
dimwishlist:item=4019651319&perks=3525010810,2822142346,2817499044,831391274
dimwishlist:item=4019651319&perks=3525010810,2822142346,2817499044,102912326
dimwishlist:item=4019651319&perks=3525010810,2822142346,2817499044,1089671869
dimwishlist:item=4019651319&perks=3525010810,2822142346,2817499044,496047945
dimwishlist:item=4019651319&perks=3525010810,2108812838,923806249,243981275
dimwishlist:item=4019651319&perks=3525010810,2108812838,923806249,984655331
dimwishlist:item=4019651319&perks=3525010810,2108812838,923806249,4049631843
dimwishlist:item=4019651319&perks=3525010810,2108812838,923806249,859780267
dimwishlist:item=4019651319&perks=3525010810,2108812838,923806249,831391274
dimwishlist:item=4019651319&perks=3525010810,2108812838,923806249,102912326
dimwishlist:item=4019651319&perks=3525010810,2108812838,923806249,1089671869
dimwishlist:item=4019651319&perks=3525010810,2108812838,923806249,496047945
dimwishlist:item=4019651319&perks=3525010810,2108812838,3422796781,243981275
dimwishlist:item=4019651319&perks=3525010810,2108812838,3422796781,984655331
dimwishlist:item=4019651319&perks=3525010810,2108812838,3422796781,4049631843
dimwishlist:item=4019651319&perks=3525010810,2108812838,3422796781,859780267
dimwishlist:item=4019651319&perks=3525010810,2108812838,3422796781,831391274
dimwishlist:item=4019651319&perks=3525010810,2108812838,3422796781,102912326
dimwishlist:item=4019651319&perks=3525010810,2108812838,3422796781,1089671869
dimwishlist:item=4019651319&perks=3525010810,2108812838,3422796781,496047945
dimwishlist:item=4019651319&perks=3525010810,2108812838,3523296417,243981275
dimwishlist:item=4019651319&perks=3525010810,2108812838,3523296417,984655331
dimwishlist:item=4019651319&perks=3525010810,2108812838,3523296417,4049631843
dimwishlist:item=4019651319&perks=3525010810,2108812838,3523296417,859780267
dimwishlist:item=4019651319&perks=3525010810,2108812838,3523296417,831391274
dimwishlist:item=4019651319&perks=3525010810,2108812838,3523296417,102912326
dimwishlist:item=4019651319&perks=3525010810,2108812838,3523296417,1089671869
dimwishlist:item=4019651319&perks=3525010810,2108812838,3523296417,496047945
dimwishlist:item=4019651319&perks=3525010810,2108812838,1906147653,243981275
dimwishlist:item=4019651319&perks=3525010810,2108812838,1906147653,984655331
dimwishlist:item=4019651319&perks=3525010810,2108812838,1906147653,4049631843
dimwishlist:item=4019651319&perks=3525010810,2108812838,1906147653,859780267
dimwishlist:item=4019651319&perks=3525010810,2108812838,1906147653,831391274
dimwishlist:item=4019651319&perks=3525010810,2108812838,1906147653,102912326
dimwishlist:item=4019651319&perks=3525010810,2108812838,1906147653,1089671869
dimwishlist:item=4019651319&perks=3525010810,2108812838,1906147653,496047945
dimwishlist:item=4019651319&perks=3525010810,2108812838,3987942396,243981275
dimwishlist:item=4019651319&perks=3525010810,2108812838,3987942396,984655331
dimwishlist:item=4019651319&perks=3525010810,2108812838,3987942396,4049631843
dimwishlist:item=4019651319&perks=3525010810,2108812838,3987942396,859780267
dimwishlist:item=4019651319&perks=3525010810,2108812838,3987942396,831391274
dimwishlist:item=4019651319&perks=3525010810,2108812838,3987942396,102912326
dimwishlist:item=4019651319&perks=3525010810,2108812838,3987942396,1089671869
dimwishlist:item=4019651319&perks=3525010810,2108812838,3987942396,496047945
dimwishlist:item=4019651319&perks=3525010810,2108812838,2817499044,243981275
dimwishlist:item=4019651319&perks=3525010810,2108812838,2817499044,984655331
dimwishlist:item=4019651319&perks=3525010810,2108812838,2817499044,4049631843
dimwishlist:item=4019651319&perks=3525010810,2108812838,2817499044,859780267
dimwishlist:item=4019651319&perks=3525010810,2108812838,2817499044,831391274
dimwishlist:item=4019651319&perks=3525010810,2108812838,2817499044,102912326
dimwishlist:item=4019651319&perks=3525010810,2108812838,2817499044,1089671869
dimwishlist:item=4019651319&perks=3525010810,2108812838,2817499044,496047945
dimwishlist:item=4019651319&perks=3250572790,2822142346,923806249,243981275
dimwishlist:item=4019651319&perks=3250572790,2822142346,923806249,984655331
dimwishlist:item=4019651319&perks=3250572790,2822142346,923806249,4049631843
dimwishlist:item=4019651319&perks=3250572790,2822142346,923806249,859780267
dimwishlist:item=4019651319&perks=3250572790,2822142346,923806249,831391274
dimwishlist:item=4019651319&perks=3250572790,2822142346,923806249,102912326
dimwishlist:item=4019651319&perks=3250572790,2822142346,923806249,1089671869
dimwishlist:item=4019651319&perks=3250572790,2822142346,923806249,496047945
dimwishlist:item=4019651319&perks=3250572790,2822142346,3422796781,243981275
dimwishlist:item=4019651319&perks=3250572790,2822142346,3422796781,984655331
dimwishlist:item=4019651319&perks=3250572790,2822142346,3422796781,4049631843
dimwishlist:item=4019651319&perks=3250572790,2822142346,3422796781,859780267
dimwishlist:item=4019651319&perks=3250572790,2822142346,3422796781,831391274
dimwishlist:item=4019651319&perks=3250572790,2822142346,3422796781,102912326
dimwishlist:item=4019651319&perks=3250572790,2822142346,3422796781,1089671869
dimwishlist:item=4019651319&perks=3250572790,2822142346,3422796781,496047945
dimwishlist:item=4019651319&perks=3250572790,2822142346,3523296417,243981275
dimwishlist:item=4019651319&perks=3250572790,2822142346,3523296417,984655331
dimwishlist:item=4019651319&perks=3250572790,2822142346,3523296417,4049631843
dimwishlist:item=4019651319&perks=3250572790,2822142346,3523296417,859780267
dimwishlist:item=4019651319&perks=3250572790,2822142346,3523296417,831391274
dimwishlist:item=4019651319&perks=3250572790,2822142346,3523296417,102912326
dimwishlist:item=4019651319&perks=3250572790,2822142346,3523296417,1089671869
dimwishlist:item=4019651319&perks=3250572790,2822142346,3523296417,496047945
dimwishlist:item=4019651319&perks=3250572790,2822142346,1906147653,243981275
dimwishlist:item=4019651319&perks=3250572790,2822142346,1906147653,984655331
dimwishlist:item=4019651319&perks=3250572790,2822142346,1906147653,4049631843
dimwishlist:item=4019651319&perks=3250572790,2822142346,1906147653,859780267
dimwishlist:item=4019651319&perks=3250572790,2822142346,1906147653,831391274
dimwishlist:item=4019651319&perks=3250572790,2822142346,1906147653,102912326
dimwishlist:item=4019651319&perks=3250572790,2822142346,1906147653,1089671869
dimwishlist:item=4019651319&perks=3250572790,2822142346,1906147653,496047945
dimwishlist:item=4019651319&perks=3250572790,2822142346,3987942396,243981275
dimwishlist:item=4019651319&perks=3250572790,2822142346,3987942396,984655331
dimwishlist:item=4019651319&perks=3250572790,2822142346,3987942396,4049631843
dimwishlist:item=4019651319&perks=3250572790,2822142346,3987942396,859780267
dimwishlist:item=4019651319&perks=3250572790,2822142346,3987942396,831391274
dimwishlist:item=4019651319&perks=3250572790,2822142346,3987942396,102912326
dimwishlist:item=4019651319&perks=3250572790,2822142346,3987942396,1089671869
dimwishlist:item=4019651319&perks=3250572790,2822142346,3987942396,496047945
dimwishlist:item=4019651319&perks=3250572790,2822142346,2817499044,243981275
dimwishlist:item=4019651319&perks=3250572790,2822142346,2817499044,984655331
dimwishlist:item=4019651319&perks=3250572790,2822142346,2817499044,4049631843
dimwishlist:item=4019651319&perks=3250572790,2822142346,2817499044,859780267
dimwishlist:item=4019651319&perks=3250572790,2822142346,2817499044,831391274
dimwishlist:item=4019651319&perks=3250572790,2822142346,2817499044,102912326
dimwishlist:item=4019651319&perks=3250572790,2822142346,2817499044,1089671869
dimwishlist:item=4019651319&perks=3250572790,2822142346,2817499044,496047945
dimwishlist:item=4019651319&perks=3250572790,2108812838,923806249,243981275
dimwishlist:item=4019651319&perks=3250572790,2108812838,923806249,984655331
dimwishlist:item=4019651319&perks=3250572790,2108812838,923806249,4049631843
dimwishlist:item=4019651319&perks=3250572790,2108812838,923806249,859780267
dimwishlist:item=4019651319&perks=3250572790,2108812838,923806249,831391274
dimwishlist:item=4019651319&perks=3250572790,2108812838,923806249,102912326
dimwishlist:item=4019651319&perks=3250572790,2108812838,923806249,1089671869
dimwishlist:item=4019651319&perks=3250572790,2108812838,923806249,496047945
dimwishlist:item=4019651319&perks=3250572790,2108812838,3422796781,243981275
dimwishlist:item=4019651319&perks=3250572790,2108812838,3422796781,984655331
dimwishlist:item=4019651319&perks=3250572790,2108812838,3422796781,4049631843
dimwishlist:item=4019651319&perks=3250572790,2108812838,3422796781,859780267
dimwishlist:item=4019651319&perks=3250572790,2108812838,3422796781,831391274
dimwishlist:item=4019651319&perks=3250572790,2108812838,3422796781,102912326
dimwishlist:item=4019651319&perks=3250572790,2108812838,3422796781,1089671869
dimwishlist:item=4019651319&perks=3250572790,2108812838,3422796781,496047945
dimwishlist:item=4019651319&perks=3250572790,2108812838,3523296417,243981275
dimwishlist:item=4019651319&perks=3250572790,2108812838,3523296417,984655331
dimwishlist:item=4019651319&perks=3250572790,2108812838,3523296417,4049631843
dimwishlist:item=4019651319&perks=3250572790,2108812838,3523296417,859780267
dimwishlist:item=4019651319&perks=3250572790,2108812838,3523296417,831391274
dimwishlist:item=4019651319&perks=3250572790,2108812838,3523296417,102912326
dimwishlist:item=4019651319&perks=3250572790,2108812838,3523296417,1089671869
dimwishlist:item=4019651319&perks=3250572790,2108812838,3523296417,496047945
dimwishlist:item=4019651319&perks=3250572790,2108812838,1906147653,243981275
dimwishlist:item=4019651319&perks=3250572790,2108812838,1906147653,984655331
dimwishlist:item=4019651319&perks=3250572790,2108812838,1906147653,4049631843
dimwishlist:item=4019651319&perks=3250572790,2108812838,1906147653,859780267
dimwishlist:item=4019651319&perks=3250572790,2108812838,1906147653,831391274
dimwishlist:item=4019651319&perks=3250572790,2108812838,1906147653,102912326
dimwishlist:item=4019651319&perks=3250572790,2108812838,1906147653,1089671869
dimwishlist:item=4019651319&perks=3250572790,2108812838,1906147653,496047945
dimwishlist:item=4019651319&perks=3250572790,2108812838,3987942396,243981275
dimwishlist:item=4019651319&perks=3250572790,2108812838,3987942396,984655331
dimwishlist:item=4019651319&perks=3250572790,2108812838,3987942396,4049631843
dimwishlist:item=4019651319&perks=3250572790,2108812838,3987942396,859780267
dimwishlist:item=4019651319&perks=3250572790,2108812838,3987942396,831391274
dimwishlist:item=4019651319&perks=3250572790,2108812838,3987942396,102912326
dimwishlist:item=4019651319&perks=3250572790,2108812838,3987942396,1089671869
dimwishlist:item=4019651319&perks=3250572790,2108812838,3987942396,496047945
dimwishlist:item=4019651319&perks=3250572790,2108812838,2817499044,243981275
dimwishlist:item=4019651319&perks=3250572790,2108812838,2817499044,984655331
dimwishlist:item=4019651319&perks=3250572790,2108812838,2817499044,4049631843
dimwishlist:item=4019651319&perks=3250572790,2108812838,2817499044,859780267
dimwishlist:item=4019651319&perks=3250572790,2108812838,2817499044,831391274
dimwishlist:item=4019651319&perks=3250572790,2108812838,2817499044,102912326
dimwishlist:item=4019651319&perks=3250572790,2108812838,2817499044,1089671869
dimwishlist:item=4019651319&perks=3250572790,2108812838,2817499044,496047945
dimwishlist:item=3977654524&perks=3525010810,2822142346,923806249,243981275
dimwishlist:item=3977654524&perks=3525010810,2822142346,923806249,984655331
dimwishlist:item=3977654524&perks=3525010810,2822142346,923806249,4049631843
dimwishlist:item=3977654524&perks=3525010810,2822142346,923806249,859780267
dimwishlist:item=3977654524&perks=3525010810,2822142346,923806249,831391274
dimwishlist:item=3977654524&perks=3525010810,2822142346,923806249,102912326
dimwishlist:item=3977654524&perks=3525010810,2822142346,923806249,1089671869
dimwishlist:item=3977654524&perks=3525010810,2822142346,923806249,496047945
dimwishlist:item=3977654524&perks=3525010810,2822142346,3422796781,243981275
dimwishlist:item=3977654524&perks=3525010810,2822142346,3422796781,984655331
dimwishlist:item=3977654524&perks=3525010810,2822142346,3422796781,4049631843
dimwishlist:item=3977654524&perks=3525010810,2822142346,3422796781,859780267
dimwishlist:item=3977654524&perks=3525010810,2822142346,3422796781,831391274
dimwishlist:item=3977654524&perks=3525010810,2822142346,3422796781,102912326
dimwishlist:item=3977654524&perks=3525010810,2822142346,3422796781,1089671869
dimwishlist:item=3977654524&perks=3525010810,2822142346,3422796781,496047945
dimwishlist:item=3977654524&perks=3525010810,2822142346,3523296417,243981275
dimwishlist:item=3977654524&perks=3525010810,2822142346,3523296417,984655331
dimwishlist:item=3977654524&perks=3525010810,2822142346,3523296417,4049631843
dimwishlist:item=3977654524&perks=3525010810,2822142346,3523296417,859780267
dimwishlist:item=3977654524&perks=3525010810,2822142346,3523296417,831391274
dimwishlist:item=3977654524&perks=3525010810,2822142346,3523296417,102912326
dimwishlist:item=3977654524&perks=3525010810,2822142346,3523296417,1089671869
dimwishlist:item=3977654524&perks=3525010810,2822142346,3523296417,496047945
dimwishlist:item=3977654524&perks=3525010810,2822142346,1906147653,243981275
dimwishlist:item=3977654524&perks=3525010810,2822142346,1906147653,984655331
dimwishlist:item=3977654524&perks=3525010810,2822142346,1906147653,4049631843
dimwishlist:item=3977654524&perks=3525010810,2822142346,1906147653,859780267
dimwishlist:item=3977654524&perks=3525010810,2822142346,1906147653,831391274
dimwishlist:item=3977654524&perks=3525010810,2822142346,1906147653,102912326
dimwishlist:item=3977654524&perks=3525010810,2822142346,1906147653,1089671869
dimwishlist:item=3977654524&perks=3525010810,2822142346,1906147653,496047945
dimwishlist:item=3977654524&perks=3525010810,2822142346,3987942396,243981275
dimwishlist:item=3977654524&perks=3525010810,2822142346,3987942396,984655331
dimwishlist:item=3977654524&perks=3525010810,2822142346,3987942396,4049631843
dimwishlist:item=3977654524&perks=3525010810,2822142346,3987942396,859780267
dimwishlist:item=3977654524&perks=3525010810,2822142346,3987942396,831391274
dimwishlist:item=3977654524&perks=3525010810,2822142346,3987942396,102912326
dimwishlist:item=3977654524&perks=3525010810,2822142346,3987942396,1089671869
dimwishlist:item=3977654524&perks=3525010810,2822142346,3987942396,496047945
dimwishlist:item=3977654524&perks=3525010810,2822142346,2817499044,243981275
dimwishlist:item=3977654524&perks=3525010810,2822142346,2817499044,984655331
dimwishlist:item=3977654524&perks=3525010810,2822142346,2817499044,4049631843
dimwishlist:item=3977654524&perks=3525010810,2822142346,2817499044,859780267
dimwishlist:item=3977654524&perks=3525010810,2822142346,2817499044,831391274
dimwishlist:item=3977654524&perks=3525010810,2822142346,2817499044,102912326
dimwishlist:item=3977654524&perks=3525010810,2822142346,2817499044,1089671869
dimwishlist:item=3977654524&perks=3525010810,2822142346,2817499044,496047945
dimwishlist:item=3977654524&perks=3525010810,2108812838,923806249,243981275
dimwishlist:item=3977654524&perks=3525010810,2108812838,923806249,984655331
dimwishlist:item=3977654524&perks=3525010810,2108812838,923806249,4049631843
dimwishlist:item=3977654524&perks=3525010810,2108812838,923806249,859780267
dimwishlist:item=3977654524&perks=3525010810,2108812838,923806249,831391274
dimwishlist:item=3977654524&perks=3525010810,2108812838,923806249,102912326
dimwishlist:item=3977654524&perks=3525010810,2108812838,923806249,1089671869
dimwishlist:item=3977654524&perks=3525010810,2108812838,923806249,496047945
dimwishlist:item=3977654524&perks=3525010810,2108812838,3422796781,243981275
dimwishlist:item=3977654524&perks=3525010810,2108812838,3422796781,984655331
dimwishlist:item=3977654524&perks=3525010810,2108812838,3422796781,4049631843
dimwishlist:item=3977654524&perks=3525010810,2108812838,3422796781,859780267
dimwishlist:item=3977654524&perks=3525010810,2108812838,3422796781,831391274
dimwishlist:item=3977654524&perks=3525010810,2108812838,3422796781,102912326
dimwishlist:item=3977654524&perks=3525010810,2108812838,3422796781,1089671869
dimwishlist:item=3977654524&perks=3525010810,2108812838,3422796781,496047945
dimwishlist:item=3977654524&perks=3525010810,2108812838,3523296417,243981275
dimwishlist:item=3977654524&perks=3525010810,2108812838,3523296417,984655331
dimwishlist:item=3977654524&perks=3525010810,2108812838,3523296417,4049631843
dimwishlist:item=3977654524&perks=3525010810,2108812838,3523296417,859780267
dimwishlist:item=3977654524&perks=3525010810,2108812838,3523296417,831391274
dimwishlist:item=3977654524&perks=3525010810,2108812838,3523296417,102912326
dimwishlist:item=3977654524&perks=3525010810,2108812838,3523296417,1089671869
dimwishlist:item=3977654524&perks=3525010810,2108812838,3523296417,496047945
dimwishlist:item=3977654524&perks=3525010810,2108812838,1906147653,243981275
dimwishlist:item=3977654524&perks=3525010810,2108812838,1906147653,984655331
dimwishlist:item=3977654524&perks=3525010810,2108812838,1906147653,4049631843
dimwishlist:item=3977654524&perks=3525010810,2108812838,1906147653,859780267
dimwishlist:item=3977654524&perks=3525010810,2108812838,1906147653,831391274
dimwishlist:item=3977654524&perks=3525010810,2108812838,1906147653,102912326
dimwishlist:item=3977654524&perks=3525010810,2108812838,1906147653,1089671869
dimwishlist:item=3977654524&perks=3525010810,2108812838,1906147653,496047945
dimwishlist:item=3977654524&perks=3525010810,2108812838,3987942396,243981275
dimwishlist:item=3977654524&perks=3525010810,2108812838,3987942396,984655331
dimwishlist:item=3977654524&perks=3525010810,2108812838,3987942396,4049631843
dimwishlist:item=3977654524&perks=3525010810,2108812838,3987942396,859780267
dimwishlist:item=3977654524&perks=3525010810,2108812838,3987942396,831391274
dimwishlist:item=3977654524&perks=3525010810,2108812838,3987942396,102912326
dimwishlist:item=3977654524&perks=3525010810,2108812838,3987942396,1089671869
dimwishlist:item=3977654524&perks=3525010810,2108812838,3987942396,496047945
dimwishlist:item=3977654524&perks=3525010810,2108812838,2817499044,243981275
dimwishlist:item=3977654524&perks=3525010810,2108812838,2817499044,984655331
dimwishlist:item=3977654524&perks=3525010810,2108812838,2817499044,4049631843
dimwishlist:item=3977654524&perks=3525010810,2108812838,2817499044,859780267
dimwishlist:item=3977654524&perks=3525010810,2108812838,2817499044,831391274
dimwishlist:item=3977654524&perks=3525010810,2108812838,2817499044,102912326
dimwishlist:item=3977654524&perks=3525010810,2108812838,2817499044,1089671869
dimwishlist:item=3977654524&perks=3525010810,2108812838,2817499044,496047945
dimwishlist:item=3977654524&perks=3250572790,2822142346,923806249,243981275
dimwishlist:item=3977654524&perks=3250572790,2822142346,923806249,984655331
dimwishlist:item=3977654524&perks=3250572790,2822142346,923806249,4049631843
dimwishlist:item=3977654524&perks=3250572790,2822142346,923806249,859780267
dimwishlist:item=3977654524&perks=3250572790,2822142346,923806249,831391274
dimwishlist:item=3977654524&perks=3250572790,2822142346,923806249,102912326
dimwishlist:item=3977654524&perks=3250572790,2822142346,923806249,1089671869
dimwishlist:item=3977654524&perks=3250572790,2822142346,923806249,496047945
dimwishlist:item=3977654524&perks=3250572790,2822142346,3422796781,243981275
dimwishlist:item=3977654524&perks=3250572790,2822142346,3422796781,984655331
dimwishlist:item=3977654524&perks=3250572790,2822142346,3422796781,4049631843
dimwishlist:item=3977654524&perks=3250572790,2822142346,3422796781,859780267
dimwishlist:item=3977654524&perks=3250572790,2822142346,3422796781,831391274
dimwishlist:item=3977654524&perks=3250572790,2822142346,3422796781,102912326
dimwishlist:item=3977654524&perks=3250572790,2822142346,3422796781,1089671869
dimwishlist:item=3977654524&perks=3250572790,2822142346,3422796781,496047945
dimwishlist:item=3977654524&perks=3250572790,2822142346,3523296417,243981275
dimwishlist:item=3977654524&perks=3250572790,2822142346,3523296417,984655331
dimwishlist:item=3977654524&perks=3250572790,2822142346,3523296417,4049631843
dimwishlist:item=3977654524&perks=3250572790,2822142346,3523296417,859780267
dimwishlist:item=3977654524&perks=3250572790,2822142346,3523296417,831391274
dimwishlist:item=3977654524&perks=3250572790,2822142346,3523296417,102912326
dimwishlist:item=3977654524&perks=3250572790,2822142346,3523296417,1089671869
dimwishlist:item=3977654524&perks=3250572790,2822142346,3523296417,496047945
dimwishlist:item=3977654524&perks=3250572790,2822142346,1906147653,243981275
dimwishlist:item=3977654524&perks=3250572790,2822142346,1906147653,984655331
dimwishlist:item=3977654524&perks=3250572790,2822142346,1906147653,4049631843
dimwishlist:item=3977654524&perks=3250572790,2822142346,1906147653,859780267
dimwishlist:item=3977654524&perks=3250572790,2822142346,1906147653,831391274
dimwishlist:item=3977654524&perks=3250572790,2822142346,1906147653,102912326
dimwishlist:item=3977654524&perks=3250572790,2822142346,1906147653,1089671869
dimwishlist:item=3977654524&perks=3250572790,2822142346,1906147653,496047945
dimwishlist:item=3977654524&perks=3250572790,2822142346,3987942396,243981275
dimwishlist:item=3977654524&perks=3250572790,2822142346,3987942396,984655331
dimwishlist:item=3977654524&perks=3250572790,2822142346,3987942396,4049631843
dimwishlist:item=3977654524&perks=3250572790,2822142346,3987942396,859780267
dimwishlist:item=3977654524&perks=3250572790,2822142346,3987942396,831391274
dimwishlist:item=3977654524&perks=3250572790,2822142346,3987942396,102912326
dimwishlist:item=3977654524&perks=3250572790,2822142346,3987942396,1089671869
dimwishlist:item=3977654524&perks=3250572790,2822142346,3987942396,496047945
dimwishlist:item=3977654524&perks=3250572790,2822142346,2817499044,243981275
dimwishlist:item=3977654524&perks=3250572790,2822142346,2817499044,984655331
dimwishlist:item=3977654524&perks=3250572790,2822142346,2817499044,4049631843
dimwishlist:item=3977654524&perks=3250572790,2822142346,2817499044,859780267
dimwishlist:item=3977654524&perks=3250572790,2822142346,2817499044,831391274
dimwishlist:item=3977654524&perks=3250572790,2822142346,2817499044,102912326
dimwishlist:item=3977654524&perks=3250572790,2822142346,2817499044,1089671869
dimwishlist:item=3977654524&perks=3250572790,2822142346,2817499044,496047945
dimwishlist:item=3977654524&perks=3250572790,2108812838,923806249,243981275
dimwishlist:item=3977654524&perks=3250572790,2108812838,923806249,984655331
dimwishlist:item=3977654524&perks=3250572790,2108812838,923806249,4049631843
dimwishlist:item=3977654524&perks=3250572790,2108812838,923806249,859780267
dimwishlist:item=3977654524&perks=3250572790,2108812838,923806249,831391274
dimwishlist:item=3977654524&perks=3250572790,2108812838,923806249,102912326
dimwishlist:item=3977654524&perks=3250572790,2108812838,923806249,1089671869
dimwishlist:item=3977654524&perks=3250572790,2108812838,923806249,496047945
dimwishlist:item=3977654524&perks=3250572790,2108812838,3422796781,243981275
dimwishlist:item=3977654524&perks=3250572790,2108812838,3422796781,984655331
dimwishlist:item=3977654524&perks=3250572790,2108812838,3422796781,4049631843
dimwishlist:item=3977654524&perks=3250572790,2108812838,3422796781,859780267
dimwishlist:item=3977654524&perks=3250572790,2108812838,3422796781,831391274
dimwishlist:item=3977654524&perks=3250572790,2108812838,3422796781,102912326
dimwishlist:item=3977654524&perks=3250572790,2108812838,3422796781,1089671869
dimwishlist:item=3977654524&perks=3250572790,2108812838,3422796781,496047945
dimwishlist:item=3977654524&perks=3250572790,2108812838,3523296417,243981275
dimwishlist:item=3977654524&perks=3250572790,2108812838,3523296417,984655331
dimwishlist:item=3977654524&perks=3250572790,2108812838,3523296417,4049631843
dimwishlist:item=3977654524&perks=3250572790,2108812838,3523296417,859780267
dimwishlist:item=3977654524&perks=3250572790,2108812838,3523296417,831391274
dimwishlist:item=3977654524&perks=3250572790,2108812838,3523296417,102912326
dimwishlist:item=3977654524&perks=3250572790,2108812838,3523296417,1089671869
dimwishlist:item=3977654524&perks=3250572790,2108812838,3523296417,496047945
dimwishlist:item=3977654524&perks=3250572790,2108812838,1906147653,243981275
dimwishlist:item=3977654524&perks=3250572790,2108812838,1906147653,984655331
dimwishlist:item=3977654524&perks=3250572790,2108812838,1906147653,4049631843
dimwishlist:item=3977654524&perks=3250572790,2108812838,1906147653,859780267
dimwishlist:item=3977654524&perks=3250572790,2108812838,1906147653,831391274
dimwishlist:item=3977654524&perks=3250572790,2108812838,1906147653,102912326
dimwishlist:item=3977654524&perks=3250572790,2108812838,1906147653,1089671869
dimwishlist:item=3977654524&perks=3250572790,2108812838,1906147653,496047945
dimwishlist:item=3977654524&perks=3250572790,2108812838,3987942396,243981275
dimwishlist:item=3977654524&perks=3250572790,2108812838,3987942396,984655331
dimwishlist:item=3977654524&perks=3250572790,2108812838,3987942396,4049631843
dimwishlist:item=3977654524&perks=3250572790,2108812838,3987942396,859780267
dimwishlist:item=3977654524&perks=3250572790,2108812838,3987942396,831391274
dimwishlist:item=3977654524&perks=3250572790,2108812838,3987942396,102912326
dimwishlist:item=3977654524&perks=3250572790,2108812838,3987942396,1089671869
dimwishlist:item=3977654524&perks=3250572790,2108812838,3987942396,496047945
dimwishlist:item=3977654524&perks=3250572790,2108812838,2817499044,243981275
dimwishlist:item=3977654524&perks=3250572790,2108812838,2817499044,984655331
dimwishlist:item=3977654524&perks=3250572790,2108812838,2817499044,4049631843
dimwishlist:item=3977654524&perks=3250572790,2108812838,2817499044,859780267
dimwishlist:item=3977654524&perks=3250572790,2108812838,2817499044,831391274
dimwishlist:item=3977654524&perks=3250572790,2108812838,2817499044,102912326
dimwishlist:item=3977654524&perks=3250572790,2108812838,2817499044,1089671869
dimwishlist:item=3977654524&perks=3250572790,2108812838,2817499044,496047945


//Found Verdict
//notes:Aegis Speedrun Shopping #2 (Universal use) -> Burst damage
dimwishlist:item=694500607&perks=1300023272,791862061,3764420437,2360754333
dimwishlist:item=694500607&perks=1300023272,791862061,3764420437,2459015849
dimwishlist:item=694500607&perks=1300023272,791862061,3764420437,2679249093
dimwishlist:item=694500607&perks=1300023272,791862061,3764420437,788178929
dimwishlist:item=694500607&perks=1300023272,791862061,3764420437,1089671869
dimwishlist:item=694500607&perks=1300023272,791862061,3764420437,496047945
dimwishlist:item=694500607&perks=1300023272,791862061,3764420437,654512643
dimwishlist:item=694500607&perks=1300023272,791862061,3764420437,4065965131
dimwishlist:item=694500607&perks=1300023272,791862061,3192447905,2360754333
dimwishlist:item=694500607&perks=1300023272,791862061,3192447905,2459015849
dimwishlist:item=694500607&perks=1300023272,791862061,3192447905,2679249093
dimwishlist:item=694500607&perks=1300023272,791862061,3192447905,788178929
dimwishlist:item=694500607&perks=1300023272,791862061,3192447905,1089671869
dimwishlist:item=694500607&perks=1300023272,791862061,3192447905,496047945
dimwishlist:item=694500607&perks=1300023272,791862061,3192447905,654512643
dimwishlist:item=694500607&perks=1300023272,791862061,3192447905,4065965131
dimwishlist:item=694500607&perks=1300023272,791862061,3978468247,2360754333
dimwishlist:item=694500607&perks=1300023272,791862061,3978468247,2459015849
dimwishlist:item=694500607&perks=1300023272,791862061,3978468247,2679249093
dimwishlist:item=694500607&perks=1300023272,791862061,3978468247,788178929
dimwishlist:item=694500607&perks=1300023272,791862061,3978468247,1089671869
dimwishlist:item=694500607&perks=1300023272,791862061,3978468247,496047945
dimwishlist:item=694500607&perks=1300023272,791862061,3978468247,654512643
dimwishlist:item=694500607&perks=1300023272,791862061,3978468247,4065965131
dimwishlist:item=694500607&perks=1300023272,791862061,906981559,2360754333
dimwishlist:item=694500607&perks=1300023272,791862061,906981559,2459015849
dimwishlist:item=694500607&perks=1300023272,791862061,906981559,2679249093
dimwishlist:item=694500607&perks=1300023272,791862061,906981559,788178929
dimwishlist:item=694500607&perks=1300023272,791862061,906981559,1089671869
dimwishlist:item=694500607&perks=1300023272,791862061,906981559,496047945
dimwishlist:item=694500607&perks=1300023272,791862061,906981559,654512643
dimwishlist:item=694500607&perks=1300023272,791862061,906981559,4065965131
dimwishlist:item=694500607&perks=1300023272,1488599449,3764420437,2360754333
dimwishlist:item=694500607&perks=1300023272,1488599449,3764420437,2459015849
dimwishlist:item=694500607&perks=1300023272,1488599449,3764420437,2679249093
dimwishlist:item=694500607&perks=1300023272,1488599449,3764420437,788178929
dimwishlist:item=694500607&perks=1300023272,1488599449,3764420437,1089671869
dimwishlist:item=694500607&perks=1300023272,1488599449,3764420437,496047945
dimwishlist:item=694500607&perks=1300023272,1488599449,3764420437,654512643
dimwishlist:item=694500607&perks=1300023272,1488599449,3764420437,4065965131
dimwishlist:item=694500607&perks=1300023272,1488599449,3192447905,2360754333
dimwishlist:item=694500607&perks=1300023272,1488599449,3192447905,2459015849
dimwishlist:item=694500607&perks=1300023272,1488599449,3192447905,2679249093
dimwishlist:item=694500607&perks=1300023272,1488599449,3192447905,788178929
dimwishlist:item=694500607&perks=1300023272,1488599449,3192447905,1089671869
dimwishlist:item=694500607&perks=1300023272,1488599449,3192447905,496047945
dimwishlist:item=694500607&perks=1300023272,1488599449,3192447905,654512643
dimwishlist:item=694500607&perks=1300023272,1488599449,3192447905,4065965131
dimwishlist:item=694500607&perks=1300023272,1488599449,3978468247,2360754333
dimwishlist:item=694500607&perks=1300023272,1488599449,3978468247,2459015849
dimwishlist:item=694500607&perks=1300023272,1488599449,3978468247,2679249093
dimwishlist:item=694500607&perks=1300023272,1488599449,3978468247,788178929
dimwishlist:item=694500607&perks=1300023272,1488599449,3978468247,1089671869
dimwishlist:item=694500607&perks=1300023272,1488599449,3978468247,496047945
dimwishlist:item=694500607&perks=1300023272,1488599449,3978468247,654512643
dimwishlist:item=694500607&perks=1300023272,1488599449,3978468247,4065965131
dimwishlist:item=694500607&perks=1300023272,1488599449,906981559,2360754333
dimwishlist:item=694500607&perks=1300023272,1488599449,906981559,2459015849
dimwishlist:item=694500607&perks=1300023272,1488599449,906981559,2679249093
dimwishlist:item=694500607&perks=1300023272,1488599449,906981559,788178929
dimwishlist:item=694500607&perks=1300023272,1488599449,906981559,1089671869
dimwishlist:item=694500607&perks=1300023272,1488599449,906981559,496047945
dimwishlist:item=694500607&perks=1300023272,1488599449,906981559,654512643
dimwishlist:item=694500607&perks=1300023272,1488599449,906981559,4065965131
dimwishlist:item=694500607&perks=2371713880,791862061,3764420437,2360754333
dimwishlist:item=694500607&perks=2371713880,791862061,3764420437,2459015849
dimwishlist:item=694500607&perks=2371713880,791862061,3764420437,2679249093
dimwishlist:item=694500607&perks=2371713880,791862061,3764420437,788178929
dimwishlist:item=694500607&perks=2371713880,791862061,3764420437,1089671869
dimwishlist:item=694500607&perks=2371713880,791862061,3764420437,496047945
dimwishlist:item=694500607&perks=2371713880,791862061,3764420437,654512643
dimwishlist:item=694500607&perks=2371713880,791862061,3764420437,4065965131
dimwishlist:item=694500607&perks=2371713880,791862061,3192447905,2360754333
dimwishlist:item=694500607&perks=2371713880,791862061,3192447905,2459015849
dimwishlist:item=694500607&perks=2371713880,791862061,3192447905,2679249093
dimwishlist:item=694500607&perks=2371713880,791862061,3192447905,788178929
dimwishlist:item=694500607&perks=2371713880,791862061,3192447905,1089671869
dimwishlist:item=694500607&perks=2371713880,791862061,3192447905,496047945
dimwishlist:item=694500607&perks=2371713880,791862061,3192447905,654512643
dimwishlist:item=694500607&perks=2371713880,791862061,3192447905,4065965131
dimwishlist:item=694500607&perks=2371713880,791862061,3978468247,2360754333
dimwishlist:item=694500607&perks=2371713880,791862061,3978468247,2459015849
dimwishlist:item=694500607&perks=2371713880,791862061,3978468247,2679249093
dimwishlist:item=694500607&perks=2371713880,791862061,3978468247,788178929
dimwishlist:item=694500607&perks=2371713880,791862061,3978468247,1089671869
dimwishlist:item=694500607&perks=2371713880,791862061,3978468247,496047945
dimwishlist:item=694500607&perks=2371713880,791862061,3978468247,654512643
dimwishlist:item=694500607&perks=2371713880,791862061,3978468247,4065965131
dimwishlist:item=694500607&perks=2371713880,791862061,906981559,2360754333
dimwishlist:item=694500607&perks=2371713880,791862061,906981559,2459015849
dimwishlist:item=694500607&perks=2371713880,791862061,906981559,2679249093
dimwishlist:item=694500607&perks=2371713880,791862061,906981559,788178929
dimwishlist:item=694500607&perks=2371713880,791862061,906981559,1089671869
dimwishlist:item=694500607&perks=2371713880,791862061,906981559,496047945
dimwishlist:item=694500607&perks=2371713880,791862061,906981559,654512643
dimwishlist:item=694500607&perks=2371713880,791862061,906981559,4065965131
dimwishlist:item=694500607&perks=2371713880,1488599449,3764420437,2360754333
dimwishlist:item=694500607&perks=2371713880,1488599449,3764420437,2459015849
dimwishlist:item=694500607&perks=2371713880,1488599449,3764420437,2679249093
dimwishlist:item=694500607&perks=2371713880,1488599449,3764420437,788178929
dimwishlist:item=694500607&perks=2371713880,1488599449,3764420437,1089671869
dimwishlist:item=694500607&perks=2371713880,1488599449,3764420437,496047945
dimwishlist:item=694500607&perks=2371713880,1488599449,3764420437,654512643
dimwishlist:item=694500607&perks=2371713880,1488599449,3764420437,4065965131
dimwishlist:item=694500607&perks=2371713880,1488599449,3192447905,2360754333
dimwishlist:item=694500607&perks=2371713880,1488599449,3192447905,2459015849
dimwishlist:item=694500607&perks=2371713880,1488599449,3192447905,2679249093
dimwishlist:item=694500607&perks=2371713880,1488599449,3192447905,788178929
dimwishlist:item=694500607&perks=2371713880,1488599449,3192447905,1089671869
dimwishlist:item=694500607&perks=2371713880,1488599449,3192447905,496047945
dimwishlist:item=694500607&perks=2371713880,1488599449,3192447905,654512643
dimwishlist:item=694500607&perks=2371713880,1488599449,3192447905,4065965131
dimwishlist:item=694500607&perks=2371713880,1488599449,3978468247,2360754333
dimwishlist:item=694500607&perks=2371713880,1488599449,3978468247,2459015849
dimwishlist:item=694500607&perks=2371713880,1488599449,3978468247,2679249093
dimwishlist:item=694500607&perks=2371713880,1488599449,3978468247,788178929
dimwishlist:item=694500607&perks=2371713880,1488599449,3978468247,1089671869
dimwishlist:item=694500607&perks=2371713880,1488599449,3978468247,496047945
dimwishlist:item=694500607&perks=2371713880,1488599449,3978468247,654512643
dimwishlist:item=694500607&perks=2371713880,1488599449,3978468247,4065965131
dimwishlist:item=694500607&perks=2371713880,1488599449,906981559,2360754333
dimwishlist:item=694500607&perks=2371713880,1488599449,906981559,2459015849
dimwishlist:item=694500607&perks=2371713880,1488599449,906981559,2679249093
dimwishlist:item=694500607&perks=2371713880,1488599449,906981559,788178929
dimwishlist:item=694500607&perks=2371713880,1488599449,906981559,1089671869
dimwishlist:item=694500607&perks=2371713880,1488599449,906981559,496047945
dimwishlist:item=694500607&perks=2371713880,1488599449,906981559,654512643
dimwishlist:item=694500607&perks=2371713880,1488599449,906981559,4065965131
dimwishlist:item=851296754&perks=1300023272,791862061,3764420437,2360754333
dimwishlist:item=851296754&perks=1300023272,791862061,3764420437,2459015849
dimwishlist:item=851296754&perks=1300023272,791862061,3764420437,2679249093
dimwishlist:item=851296754&perks=1300023272,791862061,3764420437,788178929
dimwishlist:item=851296754&perks=1300023272,791862061,3764420437,1089671869
dimwishlist:item=851296754&perks=1300023272,791862061,3764420437,496047945
dimwishlist:item=851296754&perks=1300023272,791862061,3764420437,654512643
dimwishlist:item=851296754&perks=1300023272,791862061,3764420437,4065965131
dimwishlist:item=851296754&perks=1300023272,791862061,3192447905,2360754333
dimwishlist:item=851296754&perks=1300023272,791862061,3192447905,2459015849
dimwishlist:item=851296754&perks=1300023272,791862061,3192447905,2679249093
dimwishlist:item=851296754&perks=1300023272,791862061,3192447905,788178929
dimwishlist:item=851296754&perks=1300023272,791862061,3192447905,1089671869
dimwishlist:item=851296754&perks=1300023272,791862061,3192447905,496047945
dimwishlist:item=851296754&perks=1300023272,791862061,3192447905,654512643
dimwishlist:item=851296754&perks=1300023272,791862061,3192447905,4065965131
dimwishlist:item=851296754&perks=1300023272,791862061,3978468247,2360754333
dimwishlist:item=851296754&perks=1300023272,791862061,3978468247,2459015849
dimwishlist:item=851296754&perks=1300023272,791862061,3978468247,2679249093
dimwishlist:item=851296754&perks=1300023272,791862061,3978468247,788178929
dimwishlist:item=851296754&perks=1300023272,791862061,3978468247,1089671869
dimwishlist:item=851296754&perks=1300023272,791862061,3978468247,496047945
dimwishlist:item=851296754&perks=1300023272,791862061,3978468247,654512643
dimwishlist:item=851296754&perks=1300023272,791862061,3978468247,4065965131
dimwishlist:item=851296754&perks=1300023272,791862061,906981559,2360754333
dimwishlist:item=851296754&perks=1300023272,791862061,906981559,2459015849
dimwishlist:item=851296754&perks=1300023272,791862061,906981559,2679249093
dimwishlist:item=851296754&perks=1300023272,791862061,906981559,788178929
dimwishlist:item=851296754&perks=1300023272,791862061,906981559,1089671869
dimwishlist:item=851296754&perks=1300023272,791862061,906981559,496047945
dimwishlist:item=851296754&perks=1300023272,791862061,906981559,654512643
dimwishlist:item=851296754&perks=1300023272,791862061,906981559,4065965131
dimwishlist:item=851296754&perks=1300023272,1488599449,3764420437,2360754333
dimwishlist:item=851296754&perks=1300023272,1488599449,3764420437,2459015849
dimwishlist:item=851296754&perks=1300023272,1488599449,3764420437,2679249093
dimwishlist:item=851296754&perks=1300023272,1488599449,3764420437,788178929
dimwishlist:item=851296754&perks=1300023272,1488599449,3764420437,1089671869
dimwishlist:item=851296754&perks=1300023272,1488599449,3764420437,496047945
dimwishlist:item=851296754&perks=1300023272,1488599449,3764420437,654512643
dimwishlist:item=851296754&perks=1300023272,1488599449,3764420437,4065965131
dimwishlist:item=851296754&perks=1300023272,1488599449,3192447905,2360754333
dimwishlist:item=851296754&perks=1300023272,1488599449,3192447905,2459015849
dimwishlist:item=851296754&perks=1300023272,1488599449,3192447905,2679249093
dimwishlist:item=851296754&perks=1300023272,1488599449,3192447905,788178929
dimwishlist:item=851296754&perks=1300023272,1488599449,3192447905,1089671869
dimwishlist:item=851296754&perks=1300023272,1488599449,3192447905,496047945
dimwishlist:item=851296754&perks=1300023272,1488599449,3192447905,654512643
dimwishlist:item=851296754&perks=1300023272,1488599449,3192447905,4065965131
dimwishlist:item=851296754&perks=1300023272,1488599449,3978468247,2360754333
dimwishlist:item=851296754&perks=1300023272,1488599449,3978468247,2459015849
dimwishlist:item=851296754&perks=1300023272,1488599449,3978468247,2679249093
dimwishlist:item=851296754&perks=1300023272,1488599449,3978468247,788178929
dimwishlist:item=851296754&perks=1300023272,1488599449,3978468247,1089671869
dimwishlist:item=851296754&perks=1300023272,1488599449,3978468247,496047945
dimwishlist:item=851296754&perks=1300023272,1488599449,3978468247,654512643
dimwishlist:item=851296754&perks=1300023272,1488599449,3978468247,4065965131
dimwishlist:item=851296754&perks=1300023272,1488599449,906981559,2360754333
dimwishlist:item=851296754&perks=1300023272,1488599449,906981559,2459015849
dimwishlist:item=851296754&perks=1300023272,1488599449,906981559,2679249093
dimwishlist:item=851296754&perks=1300023272,1488599449,906981559,788178929
dimwishlist:item=851296754&perks=1300023272,1488599449,906981559,1089671869
dimwishlist:item=851296754&perks=1300023272,1488599449,906981559,496047945
dimwishlist:item=851296754&perks=1300023272,1488599449,906981559,654512643
dimwishlist:item=851296754&perks=1300023272,1488599449,906981559,4065965131
dimwishlist:item=851296754&perks=2371713880,791862061,3764420437,2360754333
dimwishlist:item=851296754&perks=2371713880,791862061,3764420437,2459015849
dimwishlist:item=851296754&perks=2371713880,791862061,3764420437,2679249093
dimwishlist:item=851296754&perks=2371713880,791862061,3764420437,788178929
dimwishlist:item=851296754&perks=2371713880,791862061,3764420437,1089671869
dimwishlist:item=851296754&perks=2371713880,791862061,3764420437,496047945
dimwishlist:item=851296754&perks=2371713880,791862061,3764420437,654512643
dimwishlist:item=851296754&perks=2371713880,791862061,3764420437,4065965131
dimwishlist:item=851296754&perks=2371713880,791862061,3192447905,2360754333
dimwishlist:item=851296754&perks=2371713880,791862061,3192447905,2459015849
dimwishlist:item=851296754&perks=2371713880,791862061,3192447905,2679249093
dimwishlist:item=851296754&perks=2371713880,791862061,3192447905,788178929
dimwishlist:item=851296754&perks=2371713880,791862061,3192447905,1089671869
dimwishlist:item=851296754&perks=2371713880,791862061,3192447905,496047945
dimwishlist:item=851296754&perks=2371713880,791862061,3192447905,654512643
dimwishlist:item=851296754&perks=2371713880,791862061,3192447905,4065965131
dimwishlist:item=851296754&perks=2371713880,791862061,3978468247,2360754333
dimwishlist:item=851296754&perks=2371713880,791862061,3978468247,2459015849
dimwishlist:item=851296754&perks=2371713880,791862061,3978468247,2679249093
dimwishlist:item=851296754&perks=2371713880,791862061,3978468247,788178929
dimwishlist:item=851296754&perks=2371713880,791862061,3978468247,1089671869
dimwishlist:item=851296754&perks=2371713880,791862061,3978468247,496047945
dimwishlist:item=851296754&perks=2371713880,791862061,3978468247,654512643
dimwishlist:item=851296754&perks=2371713880,791862061,3978468247,4065965131
dimwishlist:item=851296754&perks=2371713880,791862061,906981559,2360754333
dimwishlist:item=851296754&perks=2371713880,791862061,906981559,2459015849
dimwishlist:item=851296754&perks=2371713880,791862061,906981559,2679249093
dimwishlist:item=851296754&perks=2371713880,791862061,906981559,788178929
dimwishlist:item=851296754&perks=2371713880,791862061,906981559,1089671869
dimwishlist:item=851296754&perks=2371713880,791862061,906981559,496047945
dimwishlist:item=851296754&perks=2371713880,791862061,906981559,654512643
dimwishlist:item=851296754&perks=2371713880,791862061,906981559,4065965131
dimwishlist:item=851296754&perks=2371713880,1488599449,3764420437,2360754333
dimwishlist:item=851296754&perks=2371713880,1488599449,3764420437,2459015849
dimwishlist:item=851296754&perks=2371713880,1488599449,3764420437,2679249093
dimwishlist:item=851296754&perks=2371713880,1488599449,3764420437,788178929
dimwishlist:item=851296754&perks=2371713880,1488599449,3764420437,1089671869
dimwishlist:item=851296754&perks=2371713880,1488599449,3764420437,496047945
dimwishlist:item=851296754&perks=2371713880,1488599449,3764420437,654512643
dimwishlist:item=851296754&perks=2371713880,1488599449,3764420437,4065965131
dimwishlist:item=851296754&perks=2371713880,1488599449,3192447905,2360754333
dimwishlist:item=851296754&perks=2371713880,1488599449,3192447905,2459015849
dimwishlist:item=851296754&perks=2371713880,1488599449,3192447905,2679249093
dimwishlist:item=851296754&perks=2371713880,1488599449,3192447905,788178929
dimwishlist:item=851296754&perks=2371713880,1488599449,3192447905,1089671869
dimwishlist:item=851296754&perks=2371713880,1488599449,3192447905,496047945
dimwishlist:item=851296754&perks=2371713880,1488599449,3192447905,654512643
dimwishlist:item=851296754&perks=2371713880,1488599449,3192447905,4065965131
dimwishlist:item=851296754&perks=2371713880,1488599449,3978468247,2360754333
dimwishlist:item=851296754&perks=2371713880,1488599449,3978468247,2459015849
dimwishlist:item=851296754&perks=2371713880,1488599449,3978468247,2679249093
dimwishlist:item=851296754&perks=2371713880,1488599449,3978468247,788178929
dimwishlist:item=851296754&perks=2371713880,1488599449,3978468247,1089671869
dimwishlist:item=851296754&perks=2371713880,1488599449,3978468247,496047945
dimwishlist:item=851296754&perks=2371713880,1488599449,3978468247,654512643
dimwishlist:item=851296754&perks=2371713880,1488599449,3978468247,4065965131
dimwishlist:item=851296754&perks=2371713880,1488599449,906981559,2360754333
dimwishlist:item=851296754&perks=2371713880,1488599449,906981559,2459015849
dimwishlist:item=851296754&perks=2371713880,1488599449,906981559,2679249093
dimwishlist:item=851296754&perks=2371713880,1488599449,906981559,788178929
dimwishlist:item=851296754&perks=2371713880,1488599449,906981559,1089671869
dimwishlist:item=851296754&perks=2371713880,1488599449,906981559,496047945
dimwishlist:item=851296754&perks=2371713880,1488599449,906981559,654512643
dimwishlist:item=851296754&perks=2371713880,1488599449,906981559,4065965131


//Heirloom
//notes:Aegis Speedrun Shopping #2 (Universal use) -> Burst damage
dimwishlist:item=1685137410&perks=,,,


//Izanagi's Burden
//notes:Aegis Speedrun Shopping #2 (Universal use) -> Burst damage
dimwishlist:item=3211806999&perks=,,,


//Keraunios
//notes:Aegis Speedrun Shopping #2 (Universal use) -> QoL ammo pickups
dimwishlist:item=2386208942&perks=1840239774,2749775325,3700496672,2396489472
dimwishlist:item=2386208942&perks=1840239774,2749775325,3700496672,598607952
dimwishlist:item=2386208942&perks=1840239774,2749775325,3700496672,4198902903
dimwishlist:item=2386208942&perks=1840239774,2749775325,3700496672,222783511
dimwishlist:item=2386208942&perks=1840239774,2749775325,2840833776,2396489472
dimwishlist:item=2386208942&perks=1840239774,2749775325,2840833776,598607952
dimwishlist:item=2386208942&perks=1840239774,2749775325,2840833776,4198902903
dimwishlist:item=2386208942&perks=1840239774,2749775325,2840833776,222783511
dimwishlist:item=2386208942&perks=1840239774,2073750249,3700496672,2396489472
dimwishlist:item=2386208942&perks=1840239774,2073750249,3700496672,598607952
dimwishlist:item=2386208942&perks=1840239774,2073750249,3700496672,4198902903
dimwishlist:item=2386208942&perks=1840239774,2073750249,3700496672,222783511
dimwishlist:item=2386208942&perks=1840239774,2073750249,2840833776,2396489472
dimwishlist:item=2386208942&perks=1840239774,2073750249,2840833776,598607952
dimwishlist:item=2386208942&perks=1840239774,2073750249,2840833776,4198902903
dimwishlist:item=2386208942&perks=1840239774,2073750249,2840833776,222783511
dimwishlist:item=2386208942&perks=1124871858,2749775325,3700496672,2396489472
dimwishlist:item=2386208942&perks=1124871858,2749775325,3700496672,598607952
dimwishlist:item=2386208942&perks=1124871858,2749775325,3700496672,4198902903
dimwishlist:item=2386208942&perks=1124871858,2749775325,3700496672,222783511
dimwishlist:item=2386208942&perks=1124871858,2749775325,2840833776,2396489472
dimwishlist:item=2386208942&perks=1124871858,2749775325,2840833776,598607952
dimwishlist:item=2386208942&perks=1124871858,2749775325,2840833776,4198902903
dimwishlist:item=2386208942&perks=1124871858,2749775325,2840833776,222783511
dimwishlist:item=2386208942&perks=1124871858,2073750249,3700496672,2396489472
dimwishlist:item=2386208942&perks=1124871858,2073750249,3700496672,598607952
dimwishlist:item=2386208942&perks=1124871858,2073750249,3700496672,4198902903
dimwishlist:item=2386208942&perks=1124871858,2073750249,3700496672,222783511
dimwishlist:item=2386208942&perks=1124871858,2073750249,2840833776,2396489472
dimwishlist:item=2386208942&perks=1124871858,2073750249,2840833776,598607952
dimwishlist:item=2386208942&perks=1124871858,2073750249,2840833776,4198902903
dimwishlist:item=2386208942&perks=1124871858,2073750249,2840833776,222783511
dimwishlist:item=981450701&perks=1840239774,2749775325,3700496672,2396489472
dimwishlist:item=981450701&perks=1840239774,2749775325,3700496672,598607952
dimwishlist:item=981450701&perks=1840239774,2749775325,3700496672,4198902903
dimwishlist:item=981450701&perks=1840239774,2749775325,3700496672,222783511
dimwishlist:item=981450701&perks=1840239774,2749775325,2840833776,2396489472
dimwishlist:item=981450701&perks=1840239774,2749775325,2840833776,598607952
dimwishlist:item=981450701&perks=1840239774,2749775325,2840833776,4198902903
dimwishlist:item=981450701&perks=1840239774,2749775325,2840833776,222783511
dimwishlist:item=981450701&perks=1840239774,2073750249,3700496672,2396489472
dimwishlist:item=981450701&perks=1840239774,2073750249,3700496672,598607952
dimwishlist:item=981450701&perks=1840239774,2073750249,3700496672,4198902903
dimwishlist:item=981450701&perks=1840239774,2073750249,3700496672,222783511
dimwishlist:item=981450701&perks=1840239774,2073750249,2840833776,2396489472
dimwishlist:item=981450701&perks=1840239774,2073750249,2840833776,598607952
dimwishlist:item=981450701&perks=1840239774,2073750249,2840833776,4198902903
dimwishlist:item=981450701&perks=1840239774,2073750249,2840833776,222783511
dimwishlist:item=981450701&perks=1124871858,2749775325,3700496672,2396489472
dimwishlist:item=981450701&perks=1124871858,2749775325,3700496672,598607952
dimwishlist:item=981450701&perks=1124871858,2749775325,3700496672,4198902903
dimwishlist:item=981450701&perks=1124871858,2749775325,3700496672,222783511
dimwishlist:item=981450701&perks=1124871858,2749775325,2840833776,2396489472
dimwishlist:item=981450701&perks=1124871858,2749775325,2840833776,598607952
dimwishlist:item=981450701&perks=1124871858,2749775325,2840833776,4198902903
dimwishlist:item=981450701&perks=1124871858,2749775325,2840833776,222783511
dimwishlist:item=981450701&perks=1124871858,2073750249,3700496672,2396489472
dimwishlist:item=981450701&perks=1124871858,2073750249,3700496672,598607952
dimwishlist:item=981450701&perks=1124871858,2073750249,3700496672,4198902903
dimwishlist:item=981450701&perks=1124871858,2073750249,3700496672,222783511
dimwishlist:item=981450701&perks=1124871858,2073750249,2840833776,2396489472
dimwishlist:item=981450701&perks=1124871858,2073750249,2840833776,598607952
dimwishlist:item=981450701&perks=1124871858,2073750249,2840833776,4198902903
dimwishlist:item=981450701&perks=1124871858,2073750249,2840833776,222783511


//Lost Signal
//notes:Aegis Speedrun Shopping #2 (Universal use) -> Add clear
dimwishlist:item=1197771438&perks=3525010810,2822142346,3300816228,4049631843
dimwishlist:item=1197771438&perks=3525010810,2822142346,3300816228,859780267
dimwishlist:item=1197771438&perks=3525010810,2822142346,3300816228,2319119708
dimwishlist:item=1197771438&perks=3525010810,2822142346,3300816228,2140591236
dimwishlist:item=1197771438&perks=3525010810,2822142346,3300816228,3592538738
dimwishlist:item=1197771438&perks=3525010810,2822142346,3300816228,2675361166
dimwishlist:item=1197771438&perks=3525010810,2822142346,3300816228,3523296417
dimwishlist:item=1197771438&perks=3525010810,2822142346,3300816228,1906147653
dimwishlist:item=1197771438&perks=3525010810,2822142346,3528046508,4049631843
dimwishlist:item=1197771438&perks=3525010810,2822142346,3528046508,859780267
dimwishlist:item=1197771438&perks=3525010810,2822142346,3528046508,2319119708
dimwishlist:item=1197771438&perks=3525010810,2822142346,3528046508,2140591236
dimwishlist:item=1197771438&perks=3525010810,2822142346,3528046508,3592538738
dimwishlist:item=1197771438&perks=3525010810,2822142346,3528046508,2675361166
dimwishlist:item=1197771438&perks=3525010810,2822142346,3528046508,3523296417
dimwishlist:item=1197771438&perks=3525010810,2822142346,3528046508,1906147653
dimwishlist:item=1197771438&perks=3525010810,2822142346,880644845,4049631843
dimwishlist:item=1197771438&perks=3525010810,2822142346,880644845,859780267
dimwishlist:item=1197771438&perks=3525010810,2822142346,880644845,2319119708
dimwishlist:item=1197771438&perks=3525010810,2822142346,880644845,2140591236
dimwishlist:item=1197771438&perks=3525010810,2822142346,880644845,3592538738
dimwishlist:item=1197771438&perks=3525010810,2822142346,880644845,2675361166
dimwishlist:item=1197771438&perks=3525010810,2822142346,880644845,3523296417
dimwishlist:item=1197771438&perks=3525010810,2822142346,880644845,1906147653
dimwishlist:item=1197771438&perks=3525010810,2822142346,3120212825,4049631843
dimwishlist:item=1197771438&perks=3525010810,2822142346,3120212825,859780267
dimwishlist:item=1197771438&perks=3525010810,2822142346,3120212825,2319119708
dimwishlist:item=1197771438&perks=3525010810,2822142346,3120212825,2140591236
dimwishlist:item=1197771438&perks=3525010810,2822142346,3120212825,3592538738
dimwishlist:item=1197771438&perks=3525010810,2822142346,3120212825,2675361166
dimwishlist:item=1197771438&perks=3525010810,2822142346,3120212825,3523296417
dimwishlist:item=1197771438&perks=3525010810,2822142346,3120212825,1906147653
dimwishlist:item=1197771438&perks=3525010810,2108812838,3300816228,4049631843
dimwishlist:item=1197771438&perks=3525010810,2108812838,3300816228,859780267
dimwishlist:item=1197771438&perks=3525010810,2108812838,3300816228,2319119708
dimwishlist:item=1197771438&perks=3525010810,2108812838,3300816228,2140591236
dimwishlist:item=1197771438&perks=3525010810,2108812838,3300816228,3592538738
dimwishlist:item=1197771438&perks=3525010810,2108812838,3300816228,2675361166
dimwishlist:item=1197771438&perks=3525010810,2108812838,3300816228,3523296417
dimwishlist:item=1197771438&perks=3525010810,2108812838,3300816228,1906147653
dimwishlist:item=1197771438&perks=3525010810,2108812838,3528046508,4049631843
dimwishlist:item=1197771438&perks=3525010810,2108812838,3528046508,859780267
dimwishlist:item=1197771438&perks=3525010810,2108812838,3528046508,2319119708
dimwishlist:item=1197771438&perks=3525010810,2108812838,3528046508,2140591236
dimwishlist:item=1197771438&perks=3525010810,2108812838,3528046508,3592538738
dimwishlist:item=1197771438&perks=3525010810,2108812838,3528046508,2675361166
dimwishlist:item=1197771438&perks=3525010810,2108812838,3528046508,3523296417
dimwishlist:item=1197771438&perks=3525010810,2108812838,3528046508,1906147653
dimwishlist:item=1197771438&perks=3525010810,2108812838,880644845,4049631843
dimwishlist:item=1197771438&perks=3525010810,2108812838,880644845,859780267
dimwishlist:item=1197771438&perks=3525010810,2108812838,880644845,2319119708
dimwishlist:item=1197771438&perks=3525010810,2108812838,880644845,2140591236
dimwishlist:item=1197771438&perks=3525010810,2108812838,880644845,3592538738
dimwishlist:item=1197771438&perks=3525010810,2108812838,880644845,2675361166
dimwishlist:item=1197771438&perks=3525010810,2108812838,880644845,3523296417
dimwishlist:item=1197771438&perks=3525010810,2108812838,880644845,1906147653
dimwishlist:item=1197771438&perks=3525010810,2108812838,3120212825,4049631843
dimwishlist:item=1197771438&perks=3525010810,2108812838,3120212825,859780267
dimwishlist:item=1197771438&perks=3525010810,2108812838,3120212825,2319119708
dimwishlist:item=1197771438&perks=3525010810,2108812838,3120212825,2140591236
dimwishlist:item=1197771438&perks=3525010810,2108812838,3120212825,3592538738
dimwishlist:item=1197771438&perks=3525010810,2108812838,3120212825,2675361166
dimwishlist:item=1197771438&perks=3525010810,2108812838,3120212825,3523296417
dimwishlist:item=1197771438&perks=3525010810,2108812838,3120212825,1906147653
dimwishlist:item=1197771438&perks=3250572790,2822142346,3300816228,4049631843
dimwishlist:item=1197771438&perks=3250572790,2822142346,3300816228,859780267
dimwishlist:item=1197771438&perks=3250572790,2822142346,3300816228,2319119708
dimwishlist:item=1197771438&perks=3250572790,2822142346,3300816228,2140591236
dimwishlist:item=1197771438&perks=3250572790,2822142346,3300816228,3592538738
dimwishlist:item=1197771438&perks=3250572790,2822142346,3300816228,2675361166
dimwishlist:item=1197771438&perks=3250572790,2822142346,3300816228,3523296417
dimwishlist:item=1197771438&perks=3250572790,2822142346,3300816228,1906147653
dimwishlist:item=1197771438&perks=3250572790,2822142346,3528046508,4049631843
dimwishlist:item=1197771438&perks=3250572790,2822142346,3528046508,859780267
dimwishlist:item=1197771438&perks=3250572790,2822142346,3528046508,2319119708
dimwishlist:item=1197771438&perks=3250572790,2822142346,3528046508,2140591236
dimwishlist:item=1197771438&perks=3250572790,2822142346,3528046508,3592538738
dimwishlist:item=1197771438&perks=3250572790,2822142346,3528046508,2675361166
dimwishlist:item=1197771438&perks=3250572790,2822142346,3528046508,3523296417
dimwishlist:item=1197771438&perks=3250572790,2822142346,3528046508,1906147653
dimwishlist:item=1197771438&perks=3250572790,2822142346,880644845,4049631843
dimwishlist:item=1197771438&perks=3250572790,2822142346,880644845,859780267
dimwishlist:item=1197771438&perks=3250572790,2822142346,880644845,2319119708
dimwishlist:item=1197771438&perks=3250572790,2822142346,880644845,2140591236
dimwishlist:item=1197771438&perks=3250572790,2822142346,880644845,3592538738
dimwishlist:item=1197771438&perks=3250572790,2822142346,880644845,2675361166
dimwishlist:item=1197771438&perks=3250572790,2822142346,880644845,3523296417
dimwishlist:item=1197771438&perks=3250572790,2822142346,880644845,1906147653
dimwishlist:item=1197771438&perks=3250572790,2822142346,3120212825,4049631843
dimwishlist:item=1197771438&perks=3250572790,2822142346,3120212825,859780267
dimwishlist:item=1197771438&perks=3250572790,2822142346,3120212825,2319119708
dimwishlist:item=1197771438&perks=3250572790,2822142346,3120212825,2140591236
dimwishlist:item=1197771438&perks=3250572790,2822142346,3120212825,3592538738
dimwishlist:item=1197771438&perks=3250572790,2822142346,3120212825,2675361166
dimwishlist:item=1197771438&perks=3250572790,2822142346,3120212825,3523296417
dimwishlist:item=1197771438&perks=3250572790,2822142346,3120212825,1906147653
dimwishlist:item=1197771438&perks=3250572790,2108812838,3300816228,4049631843
dimwishlist:item=1197771438&perks=3250572790,2108812838,3300816228,859780267
dimwishlist:item=1197771438&perks=3250572790,2108812838,3300816228,2319119708
dimwishlist:item=1197771438&perks=3250572790,2108812838,3300816228,2140591236
dimwishlist:item=1197771438&perks=3250572790,2108812838,3300816228,3592538738
dimwishlist:item=1197771438&perks=3250572790,2108812838,3300816228,2675361166
dimwishlist:item=1197771438&perks=3250572790,2108812838,3300816228,3523296417
dimwishlist:item=1197771438&perks=3250572790,2108812838,3300816228,1906147653
dimwishlist:item=1197771438&perks=3250572790,2108812838,3528046508,4049631843
dimwishlist:item=1197771438&perks=3250572790,2108812838,3528046508,859780267
dimwishlist:item=1197771438&perks=3250572790,2108812838,3528046508,2319119708
dimwishlist:item=1197771438&perks=3250572790,2108812838,3528046508,2140591236
dimwishlist:item=1197771438&perks=3250572790,2108812838,3528046508,3592538738
dimwishlist:item=1197771438&perks=3250572790,2108812838,3528046508,2675361166
dimwishlist:item=1197771438&perks=3250572790,2108812838,3528046508,3523296417
dimwishlist:item=1197771438&perks=3250572790,2108812838,3528046508,1906147653
dimwishlist:item=1197771438&perks=3250572790,2108812838,880644845,4049631843
dimwishlist:item=1197771438&perks=3250572790,2108812838,880644845,859780267
dimwishlist:item=1197771438&perks=3250572790,2108812838,880644845,2319119708
dimwishlist:item=1197771438&perks=3250572790,2108812838,880644845,2140591236
dimwishlist:item=1197771438&perks=3250572790,2108812838,880644845,3592538738
dimwishlist:item=1197771438&perks=3250572790,2108812838,880644845,2675361166
dimwishlist:item=1197771438&perks=3250572790,2108812838,880644845,3523296417
dimwishlist:item=1197771438&perks=3250572790,2108812838,880644845,1906147653
dimwishlist:item=1197771438&perks=3250572790,2108812838,3120212825,4049631843
dimwishlist:item=1197771438&perks=3250572790,2108812838,3120212825,859780267
dimwishlist:item=1197771438&perks=3250572790,2108812838,3120212825,2319119708
dimwishlist:item=1197771438&perks=3250572790,2108812838,3120212825,2140591236
dimwishlist:item=1197771438&perks=3250572790,2108812838,3120212825,3592538738
dimwishlist:item=1197771438&perks=3250572790,2108812838,3120212825,2675361166
dimwishlist:item=1197771438&perks=3250572790,2108812838,3120212825,3523296417
dimwishlist:item=1197771438&perks=3250572790,2108812838,3120212825,1906147653


//Mint Retrograde
//notes:Aegis Speedrun Shopping #2 (Universal use) -> Add clear
dimwishlist:item=42435996&perks=3525010810,2822142346,3418782618,3081867624
dimwishlist:item=42435996&perks=3525010810,2822142346,3418782618,2963273944
dimwishlist:item=42435996&perks=3525010810,2822142346,3418782618,2396489472
dimwishlist:item=42435996&perks=3525010810,2822142346,3418782618,598607952
dimwishlist:item=42435996&perks=3525010810,2822142346,3418782618,923806249
dimwishlist:item=42435996&perks=3525010810,2822142346,3418782618,3422796781
dimwishlist:item=42435996&perks=3525010810,2822142346,1563455254,3081867624
dimwishlist:item=42435996&perks=3525010810,2822142346,1563455254,2963273944
dimwishlist:item=42435996&perks=3525010810,2822142346,1563455254,2396489472
dimwishlist:item=42435996&perks=3525010810,2822142346,1563455254,598607952
dimwishlist:item=42435996&perks=3525010810,2822142346,1563455254,923806249
dimwishlist:item=42435996&perks=3525010810,2822142346,1563455254,3422796781
dimwishlist:item=42435996&perks=3525010810,2822142346,831391274,3081867624
dimwishlist:item=42435996&perks=3525010810,2822142346,831391274,2963273944
dimwishlist:item=42435996&perks=3525010810,2822142346,831391274,2396489472
dimwishlist:item=42435996&perks=3525010810,2822142346,831391274,598607952
dimwishlist:item=42435996&perks=3525010810,2822142346,831391274,923806249
dimwishlist:item=42435996&perks=3525010810,2822142346,831391274,3422796781
dimwishlist:item=42435996&perks=3525010810,2822142346,102912326,3081867624
dimwishlist:item=42435996&perks=3525010810,2822142346,102912326,2963273944
dimwishlist:item=42435996&perks=3525010810,2822142346,102912326,2396489472
dimwishlist:item=42435996&perks=3525010810,2822142346,102912326,598607952
dimwishlist:item=42435996&perks=3525010810,2822142346,102912326,923806249
dimwishlist:item=42435996&perks=3525010810,2822142346,102912326,3422796781
dimwishlist:item=42435996&perks=3525010810,2822142346,2859149211,3081867624
dimwishlist:item=42435996&perks=3525010810,2822142346,2859149211,2963273944
dimwishlist:item=42435996&perks=3525010810,2822142346,2859149211,2396489472
dimwishlist:item=42435996&perks=3525010810,2822142346,2859149211,598607952
dimwishlist:item=42435996&perks=3525010810,2822142346,2859149211,923806249
dimwishlist:item=42435996&perks=3525010810,2822142346,2859149211,3422796781
dimwishlist:item=42435996&perks=3525010810,2822142346,1135494563,3081867624
dimwishlist:item=42435996&perks=3525010810,2822142346,1135494563,2963273944
dimwishlist:item=42435996&perks=3525010810,2822142346,1135494563,2396489472
dimwishlist:item=42435996&perks=3525010810,2822142346,1135494563,598607952
dimwishlist:item=42435996&perks=3525010810,2822142346,1135494563,923806249
dimwishlist:item=42435996&perks=3525010810,2822142346,1135494563,3422796781
dimwishlist:item=42435996&perks=3525010810,2108812838,3418782618,3081867624
dimwishlist:item=42435996&perks=3525010810,2108812838,3418782618,2963273944
dimwishlist:item=42435996&perks=3525010810,2108812838,3418782618,2396489472
dimwishlist:item=42435996&perks=3525010810,2108812838,3418782618,598607952
dimwishlist:item=42435996&perks=3525010810,2108812838,3418782618,923806249
dimwishlist:item=42435996&perks=3525010810,2108812838,3418782618,3422796781
dimwishlist:item=42435996&perks=3525010810,2108812838,1563455254,3081867624
dimwishlist:item=42435996&perks=3525010810,2108812838,1563455254,2963273944
dimwishlist:item=42435996&perks=3525010810,2108812838,1563455254,2396489472
dimwishlist:item=42435996&perks=3525010810,2108812838,1563455254,598607952
dimwishlist:item=42435996&perks=3525010810,2108812838,1563455254,923806249
dimwishlist:item=42435996&perks=3525010810,2108812838,1563455254,3422796781
dimwishlist:item=42435996&perks=3525010810,2108812838,831391274,3081867624
dimwishlist:item=42435996&perks=3525010810,2108812838,831391274,2963273944
dimwishlist:item=42435996&perks=3525010810,2108812838,831391274,2396489472
dimwishlist:item=42435996&perks=3525010810,2108812838,831391274,598607952
dimwishlist:item=42435996&perks=3525010810,2108812838,831391274,923806249
dimwishlist:item=42435996&perks=3525010810,2108812838,831391274,3422796781
dimwishlist:item=42435996&perks=3525010810,2108812838,102912326,3081867624
dimwishlist:item=42435996&perks=3525010810,2108812838,102912326,2963273944
dimwishlist:item=42435996&perks=3525010810,2108812838,102912326,2396489472
dimwishlist:item=42435996&perks=3525010810,2108812838,102912326,598607952
dimwishlist:item=42435996&perks=3525010810,2108812838,102912326,923806249
dimwishlist:item=42435996&perks=3525010810,2108812838,102912326,3422796781
dimwishlist:item=42435996&perks=3525010810,2108812838,2859149211,3081867624
dimwishlist:item=42435996&perks=3525010810,2108812838,2859149211,2963273944
dimwishlist:item=42435996&perks=3525010810,2108812838,2859149211,2396489472
dimwishlist:item=42435996&perks=3525010810,2108812838,2859149211,598607952
dimwishlist:item=42435996&perks=3525010810,2108812838,2859149211,923806249
dimwishlist:item=42435996&perks=3525010810,2108812838,2859149211,3422796781
dimwishlist:item=42435996&perks=3525010810,2108812838,1135494563,3081867624
dimwishlist:item=42435996&perks=3525010810,2108812838,1135494563,2963273944
dimwishlist:item=42435996&perks=3525010810,2108812838,1135494563,2396489472
dimwishlist:item=42435996&perks=3525010810,2108812838,1135494563,598607952
dimwishlist:item=42435996&perks=3525010810,2108812838,1135494563,923806249
dimwishlist:item=42435996&perks=3525010810,2108812838,1135494563,3422796781
dimwishlist:item=42435996&perks=3525010810,1380253176,3418782618,3081867624
dimwishlist:item=42435996&perks=3525010810,1380253176,3418782618,2963273944
dimwishlist:item=42435996&perks=3525010810,1380253176,3418782618,2396489472
dimwishlist:item=42435996&perks=3525010810,1380253176,3418782618,598607952
dimwishlist:item=42435996&perks=3525010810,1380253176,3418782618,923806249
dimwishlist:item=42435996&perks=3525010810,1380253176,3418782618,3422796781
dimwishlist:item=42435996&perks=3525010810,1380253176,1563455254,3081867624
dimwishlist:item=42435996&perks=3525010810,1380253176,1563455254,2963273944
dimwishlist:item=42435996&perks=3525010810,1380253176,1563455254,2396489472
dimwishlist:item=42435996&perks=3525010810,1380253176,1563455254,598607952
dimwishlist:item=42435996&perks=3525010810,1380253176,1563455254,923806249
dimwishlist:item=42435996&perks=3525010810,1380253176,1563455254,3422796781
dimwishlist:item=42435996&perks=3525010810,1380253176,831391274,3081867624
dimwishlist:item=42435996&perks=3525010810,1380253176,831391274,2963273944
dimwishlist:item=42435996&perks=3525010810,1380253176,831391274,2396489472
dimwishlist:item=42435996&perks=3525010810,1380253176,831391274,598607952
dimwishlist:item=42435996&perks=3525010810,1380253176,831391274,923806249
dimwishlist:item=42435996&perks=3525010810,1380253176,831391274,3422796781
dimwishlist:item=42435996&perks=3525010810,1380253176,102912326,3081867624
dimwishlist:item=42435996&perks=3525010810,1380253176,102912326,2963273944
dimwishlist:item=42435996&perks=3525010810,1380253176,102912326,2396489472
dimwishlist:item=42435996&perks=3525010810,1380253176,102912326,598607952
dimwishlist:item=42435996&perks=3525010810,1380253176,102912326,923806249
dimwishlist:item=42435996&perks=3525010810,1380253176,102912326,3422796781
dimwishlist:item=42435996&perks=3525010810,1380253176,2859149211,3081867624
dimwishlist:item=42435996&perks=3525010810,1380253176,2859149211,2963273944
dimwishlist:item=42435996&perks=3525010810,1380253176,2859149211,2396489472
dimwishlist:item=42435996&perks=3525010810,1380253176,2859149211,598607952
dimwishlist:item=42435996&perks=3525010810,1380253176,2859149211,923806249
dimwishlist:item=42435996&perks=3525010810,1380253176,2859149211,3422796781
dimwishlist:item=42435996&perks=3525010810,1380253176,1135494563,3081867624
dimwishlist:item=42435996&perks=3525010810,1380253176,1135494563,2963273944
dimwishlist:item=42435996&perks=3525010810,1380253176,1135494563,2396489472
dimwishlist:item=42435996&perks=3525010810,1380253176,1135494563,598607952
dimwishlist:item=42435996&perks=3525010810,1380253176,1135494563,923806249
dimwishlist:item=42435996&perks=3525010810,1380253176,1135494563,3422796781
dimwishlist:item=42435996&perks=3525010810,3781548872,3418782618,3081867624
dimwishlist:item=42435996&perks=3525010810,3781548872,3418782618,2963273944
dimwishlist:item=42435996&perks=3525010810,3781548872,3418782618,2396489472
dimwishlist:item=42435996&perks=3525010810,3781548872,3418782618,598607952
dimwishlist:item=42435996&perks=3525010810,3781548872,3418782618,923806249
dimwishlist:item=42435996&perks=3525010810,3781548872,3418782618,3422796781
dimwishlist:item=42435996&perks=3525010810,3781548872,1563455254,3081867624
dimwishlist:item=42435996&perks=3525010810,3781548872,1563455254,2963273944
dimwishlist:item=42435996&perks=3525010810,3781548872,1563455254,2396489472
dimwishlist:item=42435996&perks=3525010810,3781548872,1563455254,598607952
dimwishlist:item=42435996&perks=3525010810,3781548872,1563455254,923806249
dimwishlist:item=42435996&perks=3525010810,3781548872,1563455254,3422796781
dimwishlist:item=42435996&perks=3525010810,3781548872,831391274,3081867624
dimwishlist:item=42435996&perks=3525010810,3781548872,831391274,2963273944
dimwishlist:item=42435996&perks=3525010810,3781548872,831391274,2396489472
dimwishlist:item=42435996&perks=3525010810,3781548872,831391274,598607952
dimwishlist:item=42435996&perks=3525010810,3781548872,831391274,923806249
dimwishlist:item=42435996&perks=3525010810,3781548872,831391274,3422796781
dimwishlist:item=42435996&perks=3525010810,3781548872,102912326,3081867624
dimwishlist:item=42435996&perks=3525010810,3781548872,102912326,2963273944
dimwishlist:item=42435996&perks=3525010810,3781548872,102912326,2396489472
dimwishlist:item=42435996&perks=3525010810,3781548872,102912326,598607952
dimwishlist:item=42435996&perks=3525010810,3781548872,102912326,923806249
dimwishlist:item=42435996&perks=3525010810,3781548872,102912326,3422796781
dimwishlist:item=42435996&perks=3525010810,3781548872,2859149211,3081867624
dimwishlist:item=42435996&perks=3525010810,3781548872,2859149211,2963273944
dimwishlist:item=42435996&perks=3525010810,3781548872,2859149211,2396489472
dimwishlist:item=42435996&perks=3525010810,3781548872,2859149211,598607952
dimwishlist:item=42435996&perks=3525010810,3781548872,2859149211,923806249
dimwishlist:item=42435996&perks=3525010810,3781548872,2859149211,3422796781
dimwishlist:item=42435996&perks=3525010810,3781548872,1135494563,3081867624
dimwishlist:item=42435996&perks=3525010810,3781548872,1135494563,2963273944
dimwishlist:item=42435996&perks=3525010810,3781548872,1135494563,2396489472
dimwishlist:item=42435996&perks=3525010810,3781548872,1135494563,598607952
dimwishlist:item=42435996&perks=3525010810,3781548872,1135494563,923806249
dimwishlist:item=42435996&perks=3525010810,3781548872,1135494563,3422796781
dimwishlist:item=42435996&perks=3250572790,2822142346,3418782618,3081867624
dimwishlist:item=42435996&perks=3250572790,2822142346,3418782618,2963273944
dimwishlist:item=42435996&perks=3250572790,2822142346,3418782618,2396489472
dimwishlist:item=42435996&perks=3250572790,2822142346,3418782618,598607952
dimwishlist:item=42435996&perks=3250572790,2822142346,3418782618,923806249
dimwishlist:item=42435996&perks=3250572790,2822142346,3418782618,3422796781
dimwishlist:item=42435996&perks=3250572790,2822142346,1563455254,3081867624
dimwishlist:item=42435996&perks=3250572790,2822142346,1563455254,2963273944
dimwishlist:item=42435996&perks=3250572790,2822142346,1563455254,2396489472
dimwishlist:item=42435996&perks=3250572790,2822142346,1563455254,598607952
dimwishlist:item=42435996&perks=3250572790,2822142346,1563455254,923806249
dimwishlist:item=42435996&perks=3250572790,2822142346,1563455254,3422796781
dimwishlist:item=42435996&perks=3250572790,2822142346,831391274,3081867624
dimwishlist:item=42435996&perks=3250572790,2822142346,831391274,2963273944
dimwishlist:item=42435996&perks=3250572790,2822142346,831391274,2396489472
dimwishlist:item=42435996&perks=3250572790,2822142346,831391274,598607952
dimwishlist:item=42435996&perks=3250572790,2822142346,831391274,923806249
dimwishlist:item=42435996&perks=3250572790,2822142346,831391274,3422796781
dimwishlist:item=42435996&perks=3250572790,2822142346,102912326,3081867624
dimwishlist:item=42435996&perks=3250572790,2822142346,102912326,2963273944
dimwishlist:item=42435996&perks=3250572790,2822142346,102912326,2396489472
dimwishlist:item=42435996&perks=3250572790,2822142346,102912326,598607952
dimwishlist:item=42435996&perks=3250572790,2822142346,102912326,923806249
dimwishlist:item=42435996&perks=3250572790,2822142346,102912326,3422796781
dimwishlist:item=42435996&perks=3250572790,2822142346,2859149211,3081867624
dimwishlist:item=42435996&perks=3250572790,2822142346,2859149211,2963273944
dimwishlist:item=42435996&perks=3250572790,2822142346,2859149211,2396489472
dimwishlist:item=42435996&perks=3250572790,2822142346,2859149211,598607952
dimwishlist:item=42435996&perks=3250572790,2822142346,2859149211,923806249
dimwishlist:item=42435996&perks=3250572790,2822142346,2859149211,3422796781
dimwishlist:item=42435996&perks=3250572790,2822142346,1135494563,3081867624
dimwishlist:item=42435996&perks=3250572790,2822142346,1135494563,2963273944
dimwishlist:item=42435996&perks=3250572790,2822142346,1135494563,2396489472
dimwishlist:item=42435996&perks=3250572790,2822142346,1135494563,598607952
dimwishlist:item=42435996&perks=3250572790,2822142346,1135494563,923806249
dimwishlist:item=42435996&perks=3250572790,2822142346,1135494563,3422796781
dimwishlist:item=42435996&perks=3250572790,2108812838,3418782618,3081867624
dimwishlist:item=42435996&perks=3250572790,2108812838,3418782618,2963273944
dimwishlist:item=42435996&perks=3250572790,2108812838,3418782618,2396489472
dimwishlist:item=42435996&perks=3250572790,2108812838,3418782618,598607952
dimwishlist:item=42435996&perks=3250572790,2108812838,3418782618,923806249
dimwishlist:item=42435996&perks=3250572790,2108812838,3418782618,3422796781
dimwishlist:item=42435996&perks=3250572790,2108812838,1563455254,3081867624
dimwishlist:item=42435996&perks=3250572790,2108812838,1563455254,2963273944
dimwishlist:item=42435996&perks=3250572790,2108812838,1563455254,2396489472
dimwishlist:item=42435996&perks=3250572790,2108812838,1563455254,598607952
dimwishlist:item=42435996&perks=3250572790,2108812838,1563455254,923806249
dimwishlist:item=42435996&perks=3250572790,2108812838,1563455254,3422796781
dimwishlist:item=42435996&perks=3250572790,2108812838,831391274,3081867624
dimwishlist:item=42435996&perks=3250572790,2108812838,831391274,2963273944
dimwishlist:item=42435996&perks=3250572790,2108812838,831391274,2396489472
dimwishlist:item=42435996&perks=3250572790,2108812838,831391274,598607952
dimwishlist:item=42435996&perks=3250572790,2108812838,831391274,923806249
dimwishlist:item=42435996&perks=3250572790,2108812838,831391274,3422796781
dimwishlist:item=42435996&perks=3250572790,2108812838,102912326,3081867624
dimwishlist:item=42435996&perks=3250572790,2108812838,102912326,2963273944
dimwishlist:item=42435996&perks=3250572790,2108812838,102912326,2396489472
dimwishlist:item=42435996&perks=3250572790,2108812838,102912326,598607952
dimwishlist:item=42435996&perks=3250572790,2108812838,102912326,923806249
dimwishlist:item=42435996&perks=3250572790,2108812838,102912326,3422796781
dimwishlist:item=42435996&perks=3250572790,2108812838,2859149211,3081867624
dimwishlist:item=42435996&perks=3250572790,2108812838,2859149211,2963273944
dimwishlist:item=42435996&perks=3250572790,2108812838,2859149211,2396489472
dimwishlist:item=42435996&perks=3250572790,2108812838,2859149211,598607952
dimwishlist:item=42435996&perks=3250572790,2108812838,2859149211,923806249
dimwishlist:item=42435996&perks=3250572790,2108812838,2859149211,3422796781
dimwishlist:item=42435996&perks=3250572790,2108812838,1135494563,3081867624
dimwishlist:item=42435996&perks=3250572790,2108812838,1135494563,2963273944
dimwishlist:item=42435996&perks=3250572790,2108812838,1135494563,2396489472
dimwishlist:item=42435996&perks=3250572790,2108812838,1135494563,598607952
dimwishlist:item=42435996&perks=3250572790,2108812838,1135494563,923806249
dimwishlist:item=42435996&perks=3250572790,2108812838,1135494563,3422796781
dimwishlist:item=42435996&perks=3250572790,1380253176,3418782618,3081867624
dimwishlist:item=42435996&perks=3250572790,1380253176,3418782618,2963273944
dimwishlist:item=42435996&perks=3250572790,1380253176,3418782618,2396489472
dimwishlist:item=42435996&perks=3250572790,1380253176,3418782618,598607952
dimwishlist:item=42435996&perks=3250572790,1380253176,3418782618,923806249
dimwishlist:item=42435996&perks=3250572790,1380253176,3418782618,3422796781
dimwishlist:item=42435996&perks=3250572790,1380253176,1563455254,3081867624
dimwishlist:item=42435996&perks=3250572790,1380253176,1563455254,2963273944
dimwishlist:item=42435996&perks=3250572790,1380253176,1563455254,2396489472
dimwishlist:item=42435996&perks=3250572790,1380253176,1563455254,598607952
dimwishlist:item=42435996&perks=3250572790,1380253176,1563455254,923806249
dimwishlist:item=42435996&perks=3250572790,1380253176,1563455254,3422796781
dimwishlist:item=42435996&perks=3250572790,1380253176,831391274,3081867624
dimwishlist:item=42435996&perks=3250572790,1380253176,831391274,2963273944
dimwishlist:item=42435996&perks=3250572790,1380253176,831391274,2396489472
dimwishlist:item=42435996&perks=3250572790,1380253176,831391274,598607952
dimwishlist:item=42435996&perks=3250572790,1380253176,831391274,923806249
dimwishlist:item=42435996&perks=3250572790,1380253176,831391274,3422796781
dimwishlist:item=42435996&perks=3250572790,1380253176,102912326,3081867624
dimwishlist:item=42435996&perks=3250572790,1380253176,102912326,2963273944
dimwishlist:item=42435996&perks=3250572790,1380253176,102912326,2396489472
dimwishlist:item=42435996&perks=3250572790,1380253176,102912326,598607952
dimwishlist:item=42435996&perks=3250572790,1380253176,102912326,923806249
dimwishlist:item=42435996&perks=3250572790,1380253176,102912326,3422796781
dimwishlist:item=42435996&perks=3250572790,1380253176,2859149211,3081867624
dimwishlist:item=42435996&perks=3250572790,1380253176,2859149211,2963273944
dimwishlist:item=42435996&perks=3250572790,1380253176,2859149211,2396489472
dimwishlist:item=42435996&perks=3250572790,1380253176,2859149211,598607952
dimwishlist:item=42435996&perks=3250572790,1380253176,2859149211,923806249
dimwishlist:item=42435996&perks=3250572790,1380253176,2859149211,3422796781
dimwishlist:item=42435996&perks=3250572790,1380253176,1135494563,3081867624
dimwishlist:item=42435996&perks=3250572790,1380253176,1135494563,2963273944
dimwishlist:item=42435996&perks=3250572790,1380253176,1135494563,2396489472
dimwishlist:item=42435996&perks=3250572790,1380253176,1135494563,598607952
dimwishlist:item=42435996&perks=3250572790,1380253176,1135494563,923806249
dimwishlist:item=42435996&perks=3250572790,1380253176,1135494563,3422796781
dimwishlist:item=42435996&perks=3250572790,3781548872,3418782618,3081867624
dimwishlist:item=42435996&perks=3250572790,3781548872,3418782618,2963273944
dimwishlist:item=42435996&perks=3250572790,3781548872,3418782618,2396489472
dimwishlist:item=42435996&perks=3250572790,3781548872,3418782618,598607952
dimwishlist:item=42435996&perks=3250572790,3781548872,3418782618,923806249
dimwishlist:item=42435996&perks=3250572790,3781548872,3418782618,3422796781
dimwishlist:item=42435996&perks=3250572790,3781548872,1563455254,3081867624
dimwishlist:item=42435996&perks=3250572790,3781548872,1563455254,2963273944
dimwishlist:item=42435996&perks=3250572790,3781548872,1563455254,2396489472
dimwishlist:item=42435996&perks=3250572790,3781548872,1563455254,598607952
dimwishlist:item=42435996&perks=3250572790,3781548872,1563455254,923806249
dimwishlist:item=42435996&perks=3250572790,3781548872,1563455254,3422796781
dimwishlist:item=42435996&perks=3250572790,3781548872,831391274,3081867624
dimwishlist:item=42435996&perks=3250572790,3781548872,831391274,2963273944
dimwishlist:item=42435996&perks=3250572790,3781548872,831391274,2396489472
dimwishlist:item=42435996&perks=3250572790,3781548872,831391274,598607952
dimwishlist:item=42435996&perks=3250572790,3781548872,831391274,923806249
dimwishlist:item=42435996&perks=3250572790,3781548872,831391274,3422796781
dimwishlist:item=42435996&perks=3250572790,3781548872,102912326,3081867624
dimwishlist:item=42435996&perks=3250572790,3781548872,102912326,2963273944
dimwishlist:item=42435996&perks=3250572790,3781548872,102912326,2396489472
dimwishlist:item=42435996&perks=3250572790,3781548872,102912326,598607952
dimwishlist:item=42435996&perks=3250572790,3781548872,102912326,923806249
dimwishlist:item=42435996&perks=3250572790,3781548872,102912326,3422796781
dimwishlist:item=42435996&perks=3250572790,3781548872,2859149211,3081867624
dimwishlist:item=42435996&perks=3250572790,3781548872,2859149211,2963273944
dimwishlist:item=42435996&perks=3250572790,3781548872,2859149211,2396489472
dimwishlist:item=42435996&perks=3250572790,3781548872,2859149211,598607952
dimwishlist:item=42435996&perks=3250572790,3781548872,2859149211,923806249
dimwishlist:item=42435996&perks=3250572790,3781548872,2859149211,3422796781
dimwishlist:item=42435996&perks=3250572790,3781548872,1135494563,3081867624
dimwishlist:item=42435996&perks=3250572790,3781548872,1135494563,2963273944
dimwishlist:item=42435996&perks=3250572790,3781548872,1135494563,2396489472
dimwishlist:item=42435996&perks=3250572790,3781548872,1135494563,598607952
dimwishlist:item=42435996&perks=3250572790,3781548872,1135494563,923806249
dimwishlist:item=42435996&perks=3250572790,3781548872,1135494563,3422796781
dimwishlist:item=3285784871&perks=3525010810,2822142346,3418782618,3081867624
dimwishlist:item=3285784871&perks=3525010810,2822142346,3418782618,2963273944
dimwishlist:item=3285784871&perks=3525010810,2822142346,3418782618,4104185692
dimwishlist:item=3285784871&perks=3525010810,2822142346,3418782618,3007133316
dimwishlist:item=3285784871&perks=3525010810,2822142346,3418782618,2396489472
dimwishlist:item=3285784871&perks=3525010810,2822142346,3418782618,598607952
dimwishlist:item=3285784871&perks=3525010810,2822142346,1563455254,3081867624
dimwishlist:item=3285784871&perks=3525010810,2822142346,1563455254,2963273944
dimwishlist:item=3285784871&perks=3525010810,2822142346,1563455254,4104185692
dimwishlist:item=3285784871&perks=3525010810,2822142346,1563455254,3007133316
dimwishlist:item=3285784871&perks=3525010810,2822142346,1563455254,2396489472
dimwishlist:item=3285784871&perks=3525010810,2822142346,1563455254,598607952
dimwishlist:item=3285784871&perks=3525010810,2822142346,831391274,3081867624
dimwishlist:item=3285784871&perks=3525010810,2822142346,831391274,2963273944
dimwishlist:item=3285784871&perks=3525010810,2822142346,831391274,4104185692
dimwishlist:item=3285784871&perks=3525010810,2822142346,831391274,3007133316
dimwishlist:item=3285784871&perks=3525010810,2822142346,831391274,2396489472
dimwishlist:item=3285784871&perks=3525010810,2822142346,831391274,598607952
dimwishlist:item=3285784871&perks=3525010810,2822142346,102912326,3081867624
dimwishlist:item=3285784871&perks=3525010810,2822142346,102912326,2963273944
dimwishlist:item=3285784871&perks=3525010810,2822142346,102912326,4104185692
dimwishlist:item=3285784871&perks=3525010810,2822142346,102912326,3007133316
dimwishlist:item=3285784871&perks=3525010810,2822142346,102912326,2396489472
dimwishlist:item=3285784871&perks=3525010810,2822142346,102912326,598607952
dimwishlist:item=3285784871&perks=3525010810,2822142346,2859149211,3081867624
dimwishlist:item=3285784871&perks=3525010810,2822142346,2859149211,2963273944
dimwishlist:item=3285784871&perks=3525010810,2822142346,2859149211,4104185692
dimwishlist:item=3285784871&perks=3525010810,2822142346,2859149211,3007133316
dimwishlist:item=3285784871&perks=3525010810,2822142346,2859149211,2396489472
dimwishlist:item=3285784871&perks=3525010810,2822142346,2859149211,598607952
dimwishlist:item=3285784871&perks=3525010810,2822142346,1135494563,3081867624
dimwishlist:item=3285784871&perks=3525010810,2822142346,1135494563,2963273944
dimwishlist:item=3285784871&perks=3525010810,2822142346,1135494563,4104185692
dimwishlist:item=3285784871&perks=3525010810,2822142346,1135494563,3007133316
dimwishlist:item=3285784871&perks=3525010810,2822142346,1135494563,2396489472
dimwishlist:item=3285784871&perks=3525010810,2822142346,1135494563,598607952
dimwishlist:item=3285784871&perks=3525010810,2108812838,3418782618,3081867624
dimwishlist:item=3285784871&perks=3525010810,2108812838,3418782618,2963273944
dimwishlist:item=3285784871&perks=3525010810,2108812838,3418782618,4104185692
dimwishlist:item=3285784871&perks=3525010810,2108812838,3418782618,3007133316
dimwishlist:item=3285784871&perks=3525010810,2108812838,3418782618,2396489472
dimwishlist:item=3285784871&perks=3525010810,2108812838,3418782618,598607952
dimwishlist:item=3285784871&perks=3525010810,2108812838,1563455254,3081867624
dimwishlist:item=3285784871&perks=3525010810,2108812838,1563455254,2963273944
dimwishlist:item=3285784871&perks=3525010810,2108812838,1563455254,4104185692
dimwishlist:item=3285784871&perks=3525010810,2108812838,1563455254,3007133316
dimwishlist:item=3285784871&perks=3525010810,2108812838,1563455254,2396489472
dimwishlist:item=3285784871&perks=3525010810,2108812838,1563455254,598607952
dimwishlist:item=3285784871&perks=3525010810,2108812838,831391274,3081867624
dimwishlist:item=3285784871&perks=3525010810,2108812838,831391274,2963273944
dimwishlist:item=3285784871&perks=3525010810,2108812838,831391274,4104185692
dimwishlist:item=3285784871&perks=3525010810,2108812838,831391274,3007133316
dimwishlist:item=3285784871&perks=3525010810,2108812838,831391274,2396489472
dimwishlist:item=3285784871&perks=3525010810,2108812838,831391274,598607952
dimwishlist:item=3285784871&perks=3525010810,2108812838,102912326,3081867624
dimwishlist:item=3285784871&perks=3525010810,2108812838,102912326,2963273944
dimwishlist:item=3285784871&perks=3525010810,2108812838,102912326,4104185692
dimwishlist:item=3285784871&perks=3525010810,2108812838,102912326,3007133316
dimwishlist:item=3285784871&perks=3525010810,2108812838,102912326,2396489472
dimwishlist:item=3285784871&perks=3525010810,2108812838,102912326,598607952
dimwishlist:item=3285784871&perks=3525010810,2108812838,2859149211,3081867624
dimwishlist:item=3285784871&perks=3525010810,2108812838,2859149211,2963273944
dimwishlist:item=3285784871&perks=3525010810,2108812838,2859149211,4104185692
dimwishlist:item=3285784871&perks=3525010810,2108812838,2859149211,3007133316
dimwishlist:item=3285784871&perks=3525010810,2108812838,2859149211,2396489472
dimwishlist:item=3285784871&perks=3525010810,2108812838,2859149211,598607952
dimwishlist:item=3285784871&perks=3525010810,2108812838,1135494563,3081867624
dimwishlist:item=3285784871&perks=3525010810,2108812838,1135494563,2963273944
dimwishlist:item=3285784871&perks=3525010810,2108812838,1135494563,4104185692
dimwishlist:item=3285784871&perks=3525010810,2108812838,1135494563,3007133316
dimwishlist:item=3285784871&perks=3525010810,2108812838,1135494563,2396489472
dimwishlist:item=3285784871&perks=3525010810,2108812838,1135494563,598607952
dimwishlist:item=3285784871&perks=3525010810,1380253176,3418782618,3081867624
dimwishlist:item=3285784871&perks=3525010810,1380253176,3418782618,2963273944
dimwishlist:item=3285784871&perks=3525010810,1380253176,3418782618,4104185692
dimwishlist:item=3285784871&perks=3525010810,1380253176,3418782618,3007133316
dimwishlist:item=3285784871&perks=3525010810,1380253176,3418782618,2396489472
dimwishlist:item=3285784871&perks=3525010810,1380253176,3418782618,598607952
dimwishlist:item=3285784871&perks=3525010810,1380253176,1563455254,3081867624
dimwishlist:item=3285784871&perks=3525010810,1380253176,1563455254,2963273944
dimwishlist:item=3285784871&perks=3525010810,1380253176,1563455254,4104185692
dimwishlist:item=3285784871&perks=3525010810,1380253176,1563455254,3007133316
dimwishlist:item=3285784871&perks=3525010810,1380253176,1563455254,2396489472
dimwishlist:item=3285784871&perks=3525010810,1380253176,1563455254,598607952
dimwishlist:item=3285784871&perks=3525010810,1380253176,831391274,3081867624
dimwishlist:item=3285784871&perks=3525010810,1380253176,831391274,2963273944
dimwishlist:item=3285784871&perks=3525010810,1380253176,831391274,4104185692
dimwishlist:item=3285784871&perks=3525010810,1380253176,831391274,3007133316
dimwishlist:item=3285784871&perks=3525010810,1380253176,831391274,2396489472
dimwishlist:item=3285784871&perks=3525010810,1380253176,831391274,598607952
dimwishlist:item=3285784871&perks=3525010810,1380253176,102912326,3081867624
dimwishlist:item=3285784871&perks=3525010810,1380253176,102912326,2963273944
dimwishlist:item=3285784871&perks=3525010810,1380253176,102912326,4104185692
dimwishlist:item=3285784871&perks=3525010810,1380253176,102912326,3007133316
dimwishlist:item=3285784871&perks=3525010810,1380253176,102912326,2396489472
dimwishlist:item=3285784871&perks=3525010810,1380253176,102912326,598607952
dimwishlist:item=3285784871&perks=3525010810,1380253176,2859149211,3081867624
dimwishlist:item=3285784871&perks=3525010810,1380253176,2859149211,2963273944
dimwishlist:item=3285784871&perks=3525010810,1380253176,2859149211,4104185692
dimwishlist:item=3285784871&perks=3525010810,1380253176,2859149211,3007133316
dimwishlist:item=3285784871&perks=3525010810,1380253176,2859149211,2396489472
dimwishlist:item=3285784871&perks=3525010810,1380253176,2859149211,598607952
dimwishlist:item=3285784871&perks=3525010810,1380253176,1135494563,3081867624
dimwishlist:item=3285784871&perks=3525010810,1380253176,1135494563,2963273944
dimwishlist:item=3285784871&perks=3525010810,1380253176,1135494563,4104185692
dimwishlist:item=3285784871&perks=3525010810,1380253176,1135494563,3007133316
dimwishlist:item=3285784871&perks=3525010810,1380253176,1135494563,2396489472
dimwishlist:item=3285784871&perks=3525010810,1380253176,1135494563,598607952
dimwishlist:item=3285784871&perks=3525010810,3781548872,3418782618,3081867624
dimwishlist:item=3285784871&perks=3525010810,3781548872,3418782618,2963273944
dimwishlist:item=3285784871&perks=3525010810,3781548872,3418782618,4104185692
dimwishlist:item=3285784871&perks=3525010810,3781548872,3418782618,3007133316
dimwishlist:item=3285784871&perks=3525010810,3781548872,3418782618,2396489472
dimwishlist:item=3285784871&perks=3525010810,3781548872,3418782618,598607952
dimwishlist:item=3285784871&perks=3525010810,3781548872,1563455254,3081867624
dimwishlist:item=3285784871&perks=3525010810,3781548872,1563455254,2963273944
dimwishlist:item=3285784871&perks=3525010810,3781548872,1563455254,4104185692
dimwishlist:item=3285784871&perks=3525010810,3781548872,1563455254,3007133316
dimwishlist:item=3285784871&perks=3525010810,3781548872,1563455254,2396489472
dimwishlist:item=3285784871&perks=3525010810,3781548872,1563455254,598607952
dimwishlist:item=3285784871&perks=3525010810,3781548872,831391274,3081867624
dimwishlist:item=3285784871&perks=3525010810,3781548872,831391274,2963273944
dimwishlist:item=3285784871&perks=3525010810,3781548872,831391274,4104185692
dimwishlist:item=3285784871&perks=3525010810,3781548872,831391274,3007133316
dimwishlist:item=3285784871&perks=3525010810,3781548872,831391274,2396489472
dimwishlist:item=3285784871&perks=3525010810,3781548872,831391274,598607952
dimwishlist:item=3285784871&perks=3525010810,3781548872,102912326,3081867624
dimwishlist:item=3285784871&perks=3525010810,3781548872,102912326,2963273944
dimwishlist:item=3285784871&perks=3525010810,3781548872,102912326,4104185692
dimwishlist:item=3285784871&perks=3525010810,3781548872,102912326,3007133316
dimwishlist:item=3285784871&perks=3525010810,3781548872,102912326,2396489472
dimwishlist:item=3285784871&perks=3525010810,3781548872,102912326,598607952
dimwishlist:item=3285784871&perks=3525010810,3781548872,2859149211,3081867624
dimwishlist:item=3285784871&perks=3525010810,3781548872,2859149211,2963273944
dimwishlist:item=3285784871&perks=3525010810,3781548872,2859149211,4104185692
dimwishlist:item=3285784871&perks=3525010810,3781548872,2859149211,3007133316
dimwishlist:item=3285784871&perks=3525010810,3781548872,2859149211,2396489472
dimwishlist:item=3285784871&perks=3525010810,3781548872,2859149211,598607952
dimwishlist:item=3285784871&perks=3525010810,3781548872,1135494563,3081867624
dimwishlist:item=3285784871&perks=3525010810,3781548872,1135494563,2963273944
dimwishlist:item=3285784871&perks=3525010810,3781548872,1135494563,4104185692
dimwishlist:item=3285784871&perks=3525010810,3781548872,1135494563,3007133316
dimwishlist:item=3285784871&perks=3525010810,3781548872,1135494563,2396489472
dimwishlist:item=3285784871&perks=3525010810,3781548872,1135494563,598607952
dimwishlist:item=3285784871&perks=3250572790,2822142346,3418782618,3081867624
dimwishlist:item=3285784871&perks=3250572790,2822142346,3418782618,2963273944
dimwishlist:item=3285784871&perks=3250572790,2822142346,3418782618,4104185692
dimwishlist:item=3285784871&perks=3250572790,2822142346,3418782618,3007133316
dimwishlist:item=3285784871&perks=3250572790,2822142346,3418782618,2396489472
dimwishlist:item=3285784871&perks=3250572790,2822142346,3418782618,598607952
dimwishlist:item=3285784871&perks=3250572790,2822142346,1563455254,3081867624
dimwishlist:item=3285784871&perks=3250572790,2822142346,1563455254,2963273944
dimwishlist:item=3285784871&perks=3250572790,2822142346,1563455254,4104185692
dimwishlist:item=3285784871&perks=3250572790,2822142346,1563455254,3007133316
dimwishlist:item=3285784871&perks=3250572790,2822142346,1563455254,2396489472
dimwishlist:item=3285784871&perks=3250572790,2822142346,1563455254,598607952
dimwishlist:item=3285784871&perks=3250572790,2822142346,831391274,3081867624
dimwishlist:item=3285784871&perks=3250572790,2822142346,831391274,2963273944
dimwishlist:item=3285784871&perks=3250572790,2822142346,831391274,4104185692
dimwishlist:item=3285784871&perks=3250572790,2822142346,831391274,3007133316
dimwishlist:item=3285784871&perks=3250572790,2822142346,831391274,2396489472
dimwishlist:item=3285784871&perks=3250572790,2822142346,831391274,598607952
dimwishlist:item=3285784871&perks=3250572790,2822142346,102912326,3081867624
dimwishlist:item=3285784871&perks=3250572790,2822142346,102912326,2963273944
dimwishlist:item=3285784871&perks=3250572790,2822142346,102912326,4104185692
dimwishlist:item=3285784871&perks=3250572790,2822142346,102912326,3007133316
dimwishlist:item=3285784871&perks=3250572790,2822142346,102912326,2396489472
dimwishlist:item=3285784871&perks=3250572790,2822142346,102912326,598607952
dimwishlist:item=3285784871&perks=3250572790,2822142346,2859149211,3081867624
dimwishlist:item=3285784871&perks=3250572790,2822142346,2859149211,2963273944
dimwishlist:item=3285784871&perks=3250572790,2822142346,2859149211,4104185692
dimwishlist:item=3285784871&perks=3250572790,2822142346,2859149211,3007133316
dimwishlist:item=3285784871&perks=3250572790,2822142346,2859149211,2396489472
dimwishlist:item=3285784871&perks=3250572790,2822142346,2859149211,598607952
dimwishlist:item=3285784871&perks=3250572790,2822142346,1135494563,3081867624
dimwishlist:item=3285784871&perks=3250572790,2822142346,1135494563,2963273944
dimwishlist:item=3285784871&perks=3250572790,2822142346,1135494563,4104185692
dimwishlist:item=3285784871&perks=3250572790,2822142346,1135494563,3007133316
dimwishlist:item=3285784871&perks=3250572790,2822142346,1135494563,2396489472
dimwishlist:item=3285784871&perks=3250572790,2822142346,1135494563,598607952
dimwishlist:item=3285784871&perks=3250572790,2108812838,3418782618,3081867624
dimwishlist:item=3285784871&perks=3250572790,2108812838,3418782618,2963273944
dimwishlist:item=3285784871&perks=3250572790,2108812838,3418782618,4104185692
dimwishlist:item=3285784871&perks=3250572790,2108812838,3418782618,3007133316
dimwishlist:item=3285784871&perks=3250572790,2108812838,3418782618,2396489472
dimwishlist:item=3285784871&perks=3250572790,2108812838,3418782618,598607952
dimwishlist:item=3285784871&perks=3250572790,2108812838,1563455254,3081867624
dimwishlist:item=3285784871&perks=3250572790,2108812838,1563455254,2963273944
dimwishlist:item=3285784871&perks=3250572790,2108812838,1563455254,4104185692
dimwishlist:item=3285784871&perks=3250572790,2108812838,1563455254,3007133316
dimwishlist:item=3285784871&perks=3250572790,2108812838,1563455254,2396489472
dimwishlist:item=3285784871&perks=3250572790,2108812838,1563455254,598607952
dimwishlist:item=3285784871&perks=3250572790,2108812838,831391274,3081867624
dimwishlist:item=3285784871&perks=3250572790,2108812838,831391274,2963273944
dimwishlist:item=3285784871&perks=3250572790,2108812838,831391274,4104185692
dimwishlist:item=3285784871&perks=3250572790,2108812838,831391274,3007133316
dimwishlist:item=3285784871&perks=3250572790,2108812838,831391274,2396489472
dimwishlist:item=3285784871&perks=3250572790,2108812838,831391274,598607952
dimwishlist:item=3285784871&perks=3250572790,2108812838,102912326,3081867624
dimwishlist:item=3285784871&perks=3250572790,2108812838,102912326,2963273944
dimwishlist:item=3285784871&perks=3250572790,2108812838,102912326,4104185692
dimwishlist:item=3285784871&perks=3250572790,2108812838,102912326,3007133316
dimwishlist:item=3285784871&perks=3250572790,2108812838,102912326,2396489472
dimwishlist:item=3285784871&perks=3250572790,2108812838,102912326,598607952
dimwishlist:item=3285784871&perks=3250572790,2108812838,2859149211,3081867624
dimwishlist:item=3285784871&perks=3250572790,2108812838,2859149211,2963273944
dimwishlist:item=3285784871&perks=3250572790,2108812838,2859149211,4104185692
dimwishlist:item=3285784871&perks=3250572790,2108812838,2859149211,3007133316
dimwishlist:item=3285784871&perks=3250572790,2108812838,2859149211,2396489472
dimwishlist:item=3285784871&perks=3250572790,2108812838,2859149211,598607952
dimwishlist:item=3285784871&perks=3250572790,2108812838,1135494563,3081867624
dimwishlist:item=3285784871&perks=3250572790,2108812838,1135494563,2963273944
dimwishlist:item=3285784871&perks=3250572790,2108812838,1135494563,4104185692
dimwishlist:item=3285784871&perks=3250572790,2108812838,1135494563,3007133316
dimwishlist:item=3285784871&perks=3250572790,2108812838,1135494563,2396489472
dimwishlist:item=3285784871&perks=3250572790,2108812838,1135494563,598607952
dimwishlist:item=3285784871&perks=3250572790,1380253176,3418782618,3081867624
dimwishlist:item=3285784871&perks=3250572790,1380253176,3418782618,2963273944
dimwishlist:item=3285784871&perks=3250572790,1380253176,3418782618,4104185692
dimwishlist:item=3285784871&perks=3250572790,1380253176,3418782618,3007133316
dimwishlist:item=3285784871&perks=3250572790,1380253176,3418782618,2396489472
dimwishlist:item=3285784871&perks=3250572790,1380253176,3418782618,598607952
dimwishlist:item=3285784871&perks=3250572790,1380253176,1563455254,3081867624
dimwishlist:item=3285784871&perks=3250572790,1380253176,1563455254,2963273944
dimwishlist:item=3285784871&perks=3250572790,1380253176,1563455254,4104185692
dimwishlist:item=3285784871&perks=3250572790,1380253176,1563455254,3007133316
dimwishlist:item=3285784871&perks=3250572790,1380253176,1563455254,2396489472
dimwishlist:item=3285784871&perks=3250572790,1380253176,1563455254,598607952
dimwishlist:item=3285784871&perks=3250572790,1380253176,831391274,3081867624
dimwishlist:item=3285784871&perks=3250572790,1380253176,831391274,2963273944
dimwishlist:item=3285784871&perks=3250572790,1380253176,831391274,4104185692
dimwishlist:item=3285784871&perks=3250572790,1380253176,831391274,3007133316
dimwishlist:item=3285784871&perks=3250572790,1380253176,831391274,2396489472
dimwishlist:item=3285784871&perks=3250572790,1380253176,831391274,598607952
dimwishlist:item=3285784871&perks=3250572790,1380253176,102912326,3081867624
dimwishlist:item=3285784871&perks=3250572790,1380253176,102912326,2963273944
dimwishlist:item=3285784871&perks=3250572790,1380253176,102912326,4104185692
dimwishlist:item=3285784871&perks=3250572790,1380253176,102912326,3007133316
dimwishlist:item=3285784871&perks=3250572790,1380253176,102912326,2396489472
dimwishlist:item=3285784871&perks=3250572790,1380253176,102912326,598607952
dimwishlist:item=3285784871&perks=3250572790,1380253176,2859149211,3081867624
dimwishlist:item=3285784871&perks=3250572790,1380253176,2859149211,2963273944
dimwishlist:item=3285784871&perks=3250572790,1380253176,2859149211,4104185692
dimwishlist:item=3285784871&perks=3250572790,1380253176,2859149211,3007133316
dimwishlist:item=3285784871&perks=3250572790,1380253176,2859149211,2396489472
dimwishlist:item=3285784871&perks=3250572790,1380253176,2859149211,598607952
dimwishlist:item=3285784871&perks=3250572790,1380253176,1135494563,3081867624
dimwishlist:item=3285784871&perks=3250572790,1380253176,1135494563,2963273944
dimwishlist:item=3285784871&perks=3250572790,1380253176,1135494563,4104185692
dimwishlist:item=3285784871&perks=3250572790,1380253176,1135494563,3007133316
dimwishlist:item=3285784871&perks=3250572790,1380253176,1135494563,2396489472
dimwishlist:item=3285784871&perks=3250572790,1380253176,1135494563,598607952
dimwishlist:item=3285784871&perks=3250572790,3781548872,3418782618,3081867624
dimwishlist:item=3285784871&perks=3250572790,3781548872,3418782618,2963273944
dimwishlist:item=3285784871&perks=3250572790,3781548872,3418782618,4104185692
dimwishlist:item=3285784871&perks=3250572790,3781548872,3418782618,3007133316
dimwishlist:item=3285784871&perks=3250572790,3781548872,3418782618,2396489472
dimwishlist:item=3285784871&perks=3250572790,3781548872,3418782618,598607952
dimwishlist:item=3285784871&perks=3250572790,3781548872,1563455254,3081867624
dimwishlist:item=3285784871&perks=3250572790,3781548872,1563455254,2963273944
dimwishlist:item=3285784871&perks=3250572790,3781548872,1563455254,4104185692
dimwishlist:item=3285784871&perks=3250572790,3781548872,1563455254,3007133316
dimwishlist:item=3285784871&perks=3250572790,3781548872,1563455254,2396489472
dimwishlist:item=3285784871&perks=3250572790,3781548872,1563455254,598607952
dimwishlist:item=3285784871&perks=3250572790,3781548872,831391274,3081867624
dimwishlist:item=3285784871&perks=3250572790,3781548872,831391274,2963273944
dimwishlist:item=3285784871&perks=3250572790,3781548872,831391274,4104185692
dimwishlist:item=3285784871&perks=3250572790,3781548872,831391274,3007133316
dimwishlist:item=3285784871&perks=3250572790,3781548872,831391274,2396489472
dimwishlist:item=3285784871&perks=3250572790,3781548872,831391274,598607952
dimwishlist:item=3285784871&perks=3250572790,3781548872,102912326,3081867624
dimwishlist:item=3285784871&perks=3250572790,3781548872,102912326,2963273944
dimwishlist:item=3285784871&perks=3250572790,3781548872,102912326,4104185692
dimwishlist:item=3285784871&perks=3250572790,3781548872,102912326,3007133316
dimwishlist:item=3285784871&perks=3250572790,3781548872,102912326,2396489472
dimwishlist:item=3285784871&perks=3250572790,3781548872,102912326,598607952
dimwishlist:item=3285784871&perks=3250572790,3781548872,2859149211,3081867624
dimwishlist:item=3285784871&perks=3250572790,3781548872,2859149211,2963273944
dimwishlist:item=3285784871&perks=3250572790,3781548872,2859149211,4104185692
dimwishlist:item=3285784871&perks=3250572790,3781548872,2859149211,3007133316
dimwishlist:item=3285784871&perks=3250572790,3781548872,2859149211,2396489472
dimwishlist:item=3285784871&perks=3250572790,3781548872,2859149211,598607952
dimwishlist:item=3285784871&perks=3250572790,3781548872,1135494563,3081867624
dimwishlist:item=3285784871&perks=3250572790,3781548872,1135494563,2963273944
dimwishlist:item=3285784871&perks=3250572790,3781548872,1135494563,4104185692
dimwishlist:item=3285784871&perks=3250572790,3781548872,1135494563,3007133316
dimwishlist:item=3285784871&perks=3250572790,3781548872,1135494563,2396489472
dimwishlist:item=3285784871&perks=3250572790,3781548872,1135494563,598607952
dimwishlist:item=1715391576&perks=3525010810,2822142346,3418782618,3081867624
dimwishlist:item=1715391576&perks=3525010810,2822142346,3418782618,2963273944
dimwishlist:item=1715391576&perks=3525010810,2822142346,3418782618,4104185692
dimwishlist:item=1715391576&perks=3525010810,2822142346,3418782618,3007133316
dimwishlist:item=1715391576&perks=3525010810,2822142346,3418782618,2396489472
dimwishlist:item=1715391576&perks=3525010810,2822142346,3418782618,598607952
dimwishlist:item=1715391576&perks=3525010810,2822142346,1563455254,3081867624
dimwishlist:item=1715391576&perks=3525010810,2822142346,1563455254,2963273944
dimwishlist:item=1715391576&perks=3525010810,2822142346,1563455254,4104185692
dimwishlist:item=1715391576&perks=3525010810,2822142346,1563455254,3007133316
dimwishlist:item=1715391576&perks=3525010810,2822142346,1563455254,2396489472
dimwishlist:item=1715391576&perks=3525010810,2822142346,1563455254,598607952
dimwishlist:item=1715391576&perks=3525010810,2822142346,831391274,3081867624
dimwishlist:item=1715391576&perks=3525010810,2822142346,831391274,2963273944
dimwishlist:item=1715391576&perks=3525010810,2822142346,831391274,4104185692
dimwishlist:item=1715391576&perks=3525010810,2822142346,831391274,3007133316
dimwishlist:item=1715391576&perks=3525010810,2822142346,831391274,2396489472
dimwishlist:item=1715391576&perks=3525010810,2822142346,831391274,598607952
dimwishlist:item=1715391576&perks=3525010810,2822142346,102912326,3081867624
dimwishlist:item=1715391576&perks=3525010810,2822142346,102912326,2963273944
dimwishlist:item=1715391576&perks=3525010810,2822142346,102912326,4104185692
dimwishlist:item=1715391576&perks=3525010810,2822142346,102912326,3007133316
dimwishlist:item=1715391576&perks=3525010810,2822142346,102912326,2396489472
dimwishlist:item=1715391576&perks=3525010810,2822142346,102912326,598607952
dimwishlist:item=1715391576&perks=3525010810,2822142346,2859149211,3081867624
dimwishlist:item=1715391576&perks=3525010810,2822142346,2859149211,2963273944
dimwishlist:item=1715391576&perks=3525010810,2822142346,2859149211,4104185692
dimwishlist:item=1715391576&perks=3525010810,2822142346,2859149211,3007133316
dimwishlist:item=1715391576&perks=3525010810,2822142346,2859149211,2396489472
dimwishlist:item=1715391576&perks=3525010810,2822142346,2859149211,598607952
dimwishlist:item=1715391576&perks=3525010810,2822142346,1135494563,3081867624
dimwishlist:item=1715391576&perks=3525010810,2822142346,1135494563,2963273944
dimwishlist:item=1715391576&perks=3525010810,2822142346,1135494563,4104185692
dimwishlist:item=1715391576&perks=3525010810,2822142346,1135494563,3007133316
dimwishlist:item=1715391576&perks=3525010810,2822142346,1135494563,2396489472
dimwishlist:item=1715391576&perks=3525010810,2822142346,1135494563,598607952
dimwishlist:item=1715391576&perks=3525010810,2108812838,3418782618,3081867624
dimwishlist:item=1715391576&perks=3525010810,2108812838,3418782618,2963273944
dimwishlist:item=1715391576&perks=3525010810,2108812838,3418782618,4104185692
dimwishlist:item=1715391576&perks=3525010810,2108812838,3418782618,3007133316
dimwishlist:item=1715391576&perks=3525010810,2108812838,3418782618,2396489472
dimwishlist:item=1715391576&perks=3525010810,2108812838,3418782618,598607952
dimwishlist:item=1715391576&perks=3525010810,2108812838,1563455254,3081867624
dimwishlist:item=1715391576&perks=3525010810,2108812838,1563455254,2963273944
dimwishlist:item=1715391576&perks=3525010810,2108812838,1563455254,4104185692
dimwishlist:item=1715391576&perks=3525010810,2108812838,1563455254,3007133316
dimwishlist:item=1715391576&perks=3525010810,2108812838,1563455254,2396489472
dimwishlist:item=1715391576&perks=3525010810,2108812838,1563455254,598607952
dimwishlist:item=1715391576&perks=3525010810,2108812838,831391274,3081867624
dimwishlist:item=1715391576&perks=3525010810,2108812838,831391274,2963273944
dimwishlist:item=1715391576&perks=3525010810,2108812838,831391274,4104185692
dimwishlist:item=1715391576&perks=3525010810,2108812838,831391274,3007133316
dimwishlist:item=1715391576&perks=3525010810,2108812838,831391274,2396489472
dimwishlist:item=1715391576&perks=3525010810,2108812838,831391274,598607952
dimwishlist:item=1715391576&perks=3525010810,2108812838,102912326,3081867624
dimwishlist:item=1715391576&perks=3525010810,2108812838,102912326,2963273944
dimwishlist:item=1715391576&perks=3525010810,2108812838,102912326,4104185692
dimwishlist:item=1715391576&perks=3525010810,2108812838,102912326,3007133316
dimwishlist:item=1715391576&perks=3525010810,2108812838,102912326,2396489472
dimwishlist:item=1715391576&perks=3525010810,2108812838,102912326,598607952
dimwishlist:item=1715391576&perks=3525010810,2108812838,2859149211,3081867624
dimwishlist:item=1715391576&perks=3525010810,2108812838,2859149211,2963273944
dimwishlist:item=1715391576&perks=3525010810,2108812838,2859149211,4104185692
dimwishlist:item=1715391576&perks=3525010810,2108812838,2859149211,3007133316
dimwishlist:item=1715391576&perks=3525010810,2108812838,2859149211,2396489472
dimwishlist:item=1715391576&perks=3525010810,2108812838,2859149211,598607952
dimwishlist:item=1715391576&perks=3525010810,2108812838,1135494563,3081867624
dimwishlist:item=1715391576&perks=3525010810,2108812838,1135494563,2963273944
dimwishlist:item=1715391576&perks=3525010810,2108812838,1135494563,4104185692
dimwishlist:item=1715391576&perks=3525010810,2108812838,1135494563,3007133316
dimwishlist:item=1715391576&perks=3525010810,2108812838,1135494563,2396489472
dimwishlist:item=1715391576&perks=3525010810,2108812838,1135494563,598607952
dimwishlist:item=1715391576&perks=3525010810,1380253176,3418782618,3081867624
dimwishlist:item=1715391576&perks=3525010810,1380253176,3418782618,2963273944
dimwishlist:item=1715391576&perks=3525010810,1380253176,3418782618,4104185692
dimwishlist:item=1715391576&perks=3525010810,1380253176,3418782618,3007133316
dimwishlist:item=1715391576&perks=3525010810,1380253176,3418782618,2396489472
dimwishlist:item=1715391576&perks=3525010810,1380253176,3418782618,598607952
dimwishlist:item=1715391576&perks=3525010810,1380253176,1563455254,3081867624
dimwishlist:item=1715391576&perks=3525010810,1380253176,1563455254,2963273944
dimwishlist:item=1715391576&perks=3525010810,1380253176,1563455254,4104185692
dimwishlist:item=1715391576&perks=3525010810,1380253176,1563455254,3007133316
dimwishlist:item=1715391576&perks=3525010810,1380253176,1563455254,2396489472
dimwishlist:item=1715391576&perks=3525010810,1380253176,1563455254,598607952
dimwishlist:item=1715391576&perks=3525010810,1380253176,831391274,3081867624
dimwishlist:item=1715391576&perks=3525010810,1380253176,831391274,2963273944
dimwishlist:item=1715391576&perks=3525010810,1380253176,831391274,4104185692
dimwishlist:item=1715391576&perks=3525010810,1380253176,831391274,3007133316
dimwishlist:item=1715391576&perks=3525010810,1380253176,831391274,2396489472
dimwishlist:item=1715391576&perks=3525010810,1380253176,831391274,598607952
dimwishlist:item=1715391576&perks=3525010810,1380253176,102912326,3081867624
dimwishlist:item=1715391576&perks=3525010810,1380253176,102912326,2963273944
dimwishlist:item=1715391576&perks=3525010810,1380253176,102912326,4104185692
dimwishlist:item=1715391576&perks=3525010810,1380253176,102912326,3007133316
dimwishlist:item=1715391576&perks=3525010810,1380253176,102912326,2396489472
dimwishlist:item=1715391576&perks=3525010810,1380253176,102912326,598607952
dimwishlist:item=1715391576&perks=3525010810,1380253176,2859149211,3081867624
dimwishlist:item=1715391576&perks=3525010810,1380253176,2859149211,2963273944
dimwishlist:item=1715391576&perks=3525010810,1380253176,2859149211,4104185692
dimwishlist:item=1715391576&perks=3525010810,1380253176,2859149211,3007133316
dimwishlist:item=1715391576&perks=3525010810,1380253176,2859149211,2396489472
dimwishlist:item=1715391576&perks=3525010810,1380253176,2859149211,598607952
dimwishlist:item=1715391576&perks=3525010810,1380253176,1135494563,3081867624
dimwishlist:item=1715391576&perks=3525010810,1380253176,1135494563,2963273944
dimwishlist:item=1715391576&perks=3525010810,1380253176,1135494563,4104185692
dimwishlist:item=1715391576&perks=3525010810,1380253176,1135494563,3007133316
dimwishlist:item=1715391576&perks=3525010810,1380253176,1135494563,2396489472
dimwishlist:item=1715391576&perks=3525010810,1380253176,1135494563,598607952
dimwishlist:item=1715391576&perks=3525010810,3781548872,3418782618,3081867624
dimwishlist:item=1715391576&perks=3525010810,3781548872,3418782618,2963273944
dimwishlist:item=1715391576&perks=3525010810,3781548872,3418782618,4104185692
dimwishlist:item=1715391576&perks=3525010810,3781548872,3418782618,3007133316
dimwishlist:item=1715391576&perks=3525010810,3781548872,3418782618,2396489472
dimwishlist:item=1715391576&perks=3525010810,3781548872,3418782618,598607952
dimwishlist:item=1715391576&perks=3525010810,3781548872,1563455254,3081867624
dimwishlist:item=1715391576&perks=3525010810,3781548872,1563455254,2963273944
dimwishlist:item=1715391576&perks=3525010810,3781548872,1563455254,4104185692
dimwishlist:item=1715391576&perks=3525010810,3781548872,1563455254,3007133316
dimwishlist:item=1715391576&perks=3525010810,3781548872,1563455254,2396489472
dimwishlist:item=1715391576&perks=3525010810,3781548872,1563455254,598607952
dimwishlist:item=1715391576&perks=3525010810,3781548872,831391274,3081867624
dimwishlist:item=1715391576&perks=3525010810,3781548872,831391274,2963273944
dimwishlist:item=1715391576&perks=3525010810,3781548872,831391274,4104185692
dimwishlist:item=1715391576&perks=3525010810,3781548872,831391274,3007133316
dimwishlist:item=1715391576&perks=3525010810,3781548872,831391274,2396489472
dimwishlist:item=1715391576&perks=3525010810,3781548872,831391274,598607952
dimwishlist:item=1715391576&perks=3525010810,3781548872,102912326,3081867624
dimwishlist:item=1715391576&perks=3525010810,3781548872,102912326,2963273944
dimwishlist:item=1715391576&perks=3525010810,3781548872,102912326,4104185692
dimwishlist:item=1715391576&perks=3525010810,3781548872,102912326,3007133316
dimwishlist:item=1715391576&perks=3525010810,3781548872,102912326,2396489472
dimwishlist:item=1715391576&perks=3525010810,3781548872,102912326,598607952
dimwishlist:item=1715391576&perks=3525010810,3781548872,2859149211,3081867624
dimwishlist:item=1715391576&perks=3525010810,3781548872,2859149211,2963273944
dimwishlist:item=1715391576&perks=3525010810,3781548872,2859149211,4104185692
dimwishlist:item=1715391576&perks=3525010810,3781548872,2859149211,3007133316
dimwishlist:item=1715391576&perks=3525010810,3781548872,2859149211,2396489472
dimwishlist:item=1715391576&perks=3525010810,3781548872,2859149211,598607952
dimwishlist:item=1715391576&perks=3525010810,3781548872,1135494563,3081867624
dimwishlist:item=1715391576&perks=3525010810,3781548872,1135494563,2963273944
dimwishlist:item=1715391576&perks=3525010810,3781548872,1135494563,4104185692
dimwishlist:item=1715391576&perks=3525010810,3781548872,1135494563,3007133316
dimwishlist:item=1715391576&perks=3525010810,3781548872,1135494563,2396489472
dimwishlist:item=1715391576&perks=3525010810,3781548872,1135494563,598607952
dimwishlist:item=1715391576&perks=3250572790,2822142346,3418782618,3081867624
dimwishlist:item=1715391576&perks=3250572790,2822142346,3418782618,2963273944
dimwishlist:item=1715391576&perks=3250572790,2822142346,3418782618,4104185692
dimwishlist:item=1715391576&perks=3250572790,2822142346,3418782618,3007133316
dimwishlist:item=1715391576&perks=3250572790,2822142346,3418782618,2396489472
dimwishlist:item=1715391576&perks=3250572790,2822142346,3418782618,598607952
dimwishlist:item=1715391576&perks=3250572790,2822142346,1563455254,3081867624
dimwishlist:item=1715391576&perks=3250572790,2822142346,1563455254,2963273944
dimwishlist:item=1715391576&perks=3250572790,2822142346,1563455254,4104185692
dimwishlist:item=1715391576&perks=3250572790,2822142346,1563455254,3007133316
dimwishlist:item=1715391576&perks=3250572790,2822142346,1563455254,2396489472
dimwishlist:item=1715391576&perks=3250572790,2822142346,1563455254,598607952
dimwishlist:item=1715391576&perks=3250572790,2822142346,831391274,3081867624
dimwishlist:item=1715391576&perks=3250572790,2822142346,831391274,2963273944
dimwishlist:item=1715391576&perks=3250572790,2822142346,831391274,4104185692
dimwishlist:item=1715391576&perks=3250572790,2822142346,831391274,3007133316
dimwishlist:item=1715391576&perks=3250572790,2822142346,831391274,2396489472
dimwishlist:item=1715391576&perks=3250572790,2822142346,831391274,598607952
dimwishlist:item=1715391576&perks=3250572790,2822142346,102912326,3081867624
dimwishlist:item=1715391576&perks=3250572790,2822142346,102912326,2963273944
dimwishlist:item=1715391576&perks=3250572790,2822142346,102912326,4104185692
dimwishlist:item=1715391576&perks=3250572790,2822142346,102912326,3007133316
dimwishlist:item=1715391576&perks=3250572790,2822142346,102912326,2396489472
dimwishlist:item=1715391576&perks=3250572790,2822142346,102912326,598607952
dimwishlist:item=1715391576&perks=3250572790,2822142346,2859149211,3081867624
dimwishlist:item=1715391576&perks=3250572790,2822142346,2859149211,2963273944
dimwishlist:item=1715391576&perks=3250572790,2822142346,2859149211,4104185692
dimwishlist:item=1715391576&perks=3250572790,2822142346,2859149211,3007133316
dimwishlist:item=1715391576&perks=3250572790,2822142346,2859149211,2396489472
dimwishlist:item=1715391576&perks=3250572790,2822142346,2859149211,598607952
dimwishlist:item=1715391576&perks=3250572790,2822142346,1135494563,3081867624
dimwishlist:item=1715391576&perks=3250572790,2822142346,1135494563,2963273944
dimwishlist:item=1715391576&perks=3250572790,2822142346,1135494563,4104185692
dimwishlist:item=1715391576&perks=3250572790,2822142346,1135494563,3007133316
dimwishlist:item=1715391576&perks=3250572790,2822142346,1135494563,2396489472
dimwishlist:item=1715391576&perks=3250572790,2822142346,1135494563,598607952
dimwishlist:item=1715391576&perks=3250572790,2108812838,3418782618,3081867624
dimwishlist:item=1715391576&perks=3250572790,2108812838,3418782618,2963273944
dimwishlist:item=1715391576&perks=3250572790,2108812838,3418782618,4104185692
dimwishlist:item=1715391576&perks=3250572790,2108812838,3418782618,3007133316
dimwishlist:item=1715391576&perks=3250572790,2108812838,3418782618,2396489472
dimwishlist:item=1715391576&perks=3250572790,2108812838,3418782618,598607952
dimwishlist:item=1715391576&perks=3250572790,2108812838,1563455254,3081867624
dimwishlist:item=1715391576&perks=3250572790,2108812838,1563455254,2963273944
dimwishlist:item=1715391576&perks=3250572790,2108812838,1563455254,4104185692
dimwishlist:item=1715391576&perks=3250572790,2108812838,1563455254,3007133316
dimwishlist:item=1715391576&perks=3250572790,2108812838,1563455254,2396489472
dimwishlist:item=1715391576&perks=3250572790,2108812838,1563455254,598607952
dimwishlist:item=1715391576&perks=3250572790,2108812838,831391274,3081867624
dimwishlist:item=1715391576&perks=3250572790,2108812838,831391274,2963273944
dimwishlist:item=1715391576&perks=3250572790,2108812838,831391274,4104185692
dimwishlist:item=1715391576&perks=3250572790,2108812838,831391274,3007133316
dimwishlist:item=1715391576&perks=3250572790,2108812838,831391274,2396489472
dimwishlist:item=1715391576&perks=3250572790,2108812838,831391274,598607952
dimwishlist:item=1715391576&perks=3250572790,2108812838,102912326,3081867624
dimwishlist:item=1715391576&perks=3250572790,2108812838,102912326,2963273944
dimwishlist:item=1715391576&perks=3250572790,2108812838,102912326,4104185692
dimwishlist:item=1715391576&perks=3250572790,2108812838,102912326,3007133316
dimwishlist:item=1715391576&perks=3250572790,2108812838,102912326,2396489472
dimwishlist:item=1715391576&perks=3250572790,2108812838,102912326,598607952
dimwishlist:item=1715391576&perks=3250572790,2108812838,2859149211,3081867624
dimwishlist:item=1715391576&perks=3250572790,2108812838,2859149211,2963273944
dimwishlist:item=1715391576&perks=3250572790,2108812838,2859149211,4104185692
dimwishlist:item=1715391576&perks=3250572790,2108812838,2859149211,3007133316
dimwishlist:item=1715391576&perks=3250572790,2108812838,2859149211,2396489472
dimwishlist:item=1715391576&perks=3250572790,2108812838,2859149211,598607952
dimwishlist:item=1715391576&perks=3250572790,2108812838,1135494563,3081867624
dimwishlist:item=1715391576&perks=3250572790,2108812838,1135494563,2963273944
dimwishlist:item=1715391576&perks=3250572790,2108812838,1135494563,4104185692
dimwishlist:item=1715391576&perks=3250572790,2108812838,1135494563,3007133316
dimwishlist:item=1715391576&perks=3250572790,2108812838,1135494563,2396489472
dimwishlist:item=1715391576&perks=3250572790,2108812838,1135494563,598607952
dimwishlist:item=1715391576&perks=3250572790,1380253176,3418782618,3081867624
dimwishlist:item=1715391576&perks=3250572790,1380253176,3418782618,2963273944
dimwishlist:item=1715391576&perks=3250572790,1380253176,3418782618,4104185692
dimwishlist:item=1715391576&perks=3250572790,1380253176,3418782618,3007133316
dimwishlist:item=1715391576&perks=3250572790,1380253176,3418782618,2396489472
dimwishlist:item=1715391576&perks=3250572790,1380253176,3418782618,598607952
dimwishlist:item=1715391576&perks=3250572790,1380253176,1563455254,3081867624
dimwishlist:item=1715391576&perks=3250572790,1380253176,1563455254,2963273944
dimwishlist:item=1715391576&perks=3250572790,1380253176,1563455254,4104185692
dimwishlist:item=1715391576&perks=3250572790,1380253176,1563455254,3007133316
dimwishlist:item=1715391576&perks=3250572790,1380253176,1563455254,2396489472
dimwishlist:item=1715391576&perks=3250572790,1380253176,1563455254,598607952
dimwishlist:item=1715391576&perks=3250572790,1380253176,831391274,3081867624
dimwishlist:item=1715391576&perks=3250572790,1380253176,831391274,2963273944
dimwishlist:item=1715391576&perks=3250572790,1380253176,831391274,4104185692
dimwishlist:item=1715391576&perks=3250572790,1380253176,831391274,3007133316
dimwishlist:item=1715391576&perks=3250572790,1380253176,831391274,2396489472
dimwishlist:item=1715391576&perks=3250572790,1380253176,831391274,598607952
dimwishlist:item=1715391576&perks=3250572790,1380253176,102912326,3081867624
dimwishlist:item=1715391576&perks=3250572790,1380253176,102912326,2963273944
dimwishlist:item=1715391576&perks=3250572790,1380253176,102912326,4104185692
dimwishlist:item=1715391576&perks=3250572790,1380253176,102912326,3007133316
dimwishlist:item=1715391576&perks=3250572790,1380253176,102912326,2396489472
dimwishlist:item=1715391576&perks=3250572790,1380253176,102912326,598607952
dimwishlist:item=1715391576&perks=3250572790,1380253176,2859149211,3081867624
dimwishlist:item=1715391576&perks=3250572790,1380253176,2859149211,2963273944
dimwishlist:item=1715391576&perks=3250572790,1380253176,2859149211,4104185692
dimwishlist:item=1715391576&perks=3250572790,1380253176,2859149211,3007133316
dimwishlist:item=1715391576&perks=3250572790,1380253176,2859149211,2396489472
dimwishlist:item=1715391576&perks=3250572790,1380253176,2859149211,598607952
dimwishlist:item=1715391576&perks=3250572790,1380253176,1135494563,3081867624
dimwishlist:item=1715391576&perks=3250572790,1380253176,1135494563,2963273944
dimwishlist:item=1715391576&perks=3250572790,1380253176,1135494563,4104185692
dimwishlist:item=1715391576&perks=3250572790,1380253176,1135494563,3007133316
dimwishlist:item=1715391576&perks=3250572790,1380253176,1135494563,2396489472
dimwishlist:item=1715391576&perks=3250572790,1380253176,1135494563,598607952
dimwishlist:item=1715391576&perks=3250572790,3781548872,3418782618,3081867624
dimwishlist:item=1715391576&perks=3250572790,3781548872,3418782618,2963273944
dimwishlist:item=1715391576&perks=3250572790,3781548872,3418782618,4104185692
dimwishlist:item=1715391576&perks=3250572790,3781548872,3418782618,3007133316
dimwishlist:item=1715391576&perks=3250572790,3781548872,3418782618,2396489472
dimwishlist:item=1715391576&perks=3250572790,3781548872,3418782618,598607952
dimwishlist:item=1715391576&perks=3250572790,3781548872,1563455254,3081867624
dimwishlist:item=1715391576&perks=3250572790,3781548872,1563455254,2963273944
dimwishlist:item=1715391576&perks=3250572790,3781548872,1563455254,4104185692
dimwishlist:item=1715391576&perks=3250572790,3781548872,1563455254,3007133316
dimwishlist:item=1715391576&perks=3250572790,3781548872,1563455254,2396489472
dimwishlist:item=1715391576&perks=3250572790,3781548872,1563455254,598607952
dimwishlist:item=1715391576&perks=3250572790,3781548872,831391274,3081867624
dimwishlist:item=1715391576&perks=3250572790,3781548872,831391274,2963273944
dimwishlist:item=1715391576&perks=3250572790,3781548872,831391274,4104185692
dimwishlist:item=1715391576&perks=3250572790,3781548872,831391274,3007133316
dimwishlist:item=1715391576&perks=3250572790,3781548872,831391274,2396489472
dimwishlist:item=1715391576&perks=3250572790,3781548872,831391274,598607952
dimwishlist:item=1715391576&perks=3250572790,3781548872,102912326,3081867624
dimwishlist:item=1715391576&perks=3250572790,3781548872,102912326,2963273944
dimwishlist:item=1715391576&perks=3250572790,3781548872,102912326,4104185692
dimwishlist:item=1715391576&perks=3250572790,3781548872,102912326,3007133316
dimwishlist:item=1715391576&perks=3250572790,3781548872,102912326,2396489472
dimwishlist:item=1715391576&perks=3250572790,3781548872,102912326,598607952
dimwishlist:item=1715391576&perks=3250572790,3781548872,2859149211,3081867624
dimwishlist:item=1715391576&perks=3250572790,3781548872,2859149211,2963273944
dimwishlist:item=1715391576&perks=3250572790,3781548872,2859149211,4104185692
dimwishlist:item=1715391576&perks=3250572790,3781548872,2859149211,3007133316
dimwishlist:item=1715391576&perks=3250572790,3781548872,2859149211,2396489472
dimwishlist:item=1715391576&perks=3250572790,3781548872,2859149211,598607952
dimwishlist:item=1715391576&perks=3250572790,3781548872,1135494563,3081867624
dimwishlist:item=1715391576&perks=3250572790,3781548872,1135494563,2963273944
dimwishlist:item=1715391576&perks=3250572790,3781548872,1135494563,4104185692
dimwishlist:item=1715391576&perks=3250572790,3781548872,1135494563,3007133316
dimwishlist:item=1715391576&perks=3250572790,3781548872,1135494563,2396489472
dimwishlist:item=1715391576&perks=3250572790,3781548872,1135494563,598607952


//Motif-41
//notes:Aegis Speedrun Shopping #2 (Universal use) -> Add clear
dimwishlist:item=1685533876&perks=3525010810,2822142346,3300816228,4293542123
dimwishlist:item=1685533876&perks=3525010810,2822142346,3300816228,2675184851
dimwishlist:item=1685533876&perks=3525010810,2822142346,3300816228,3081867624
dimwishlist:item=1685533876&perks=3525010810,2822142346,3300816228,2963273944
dimwishlist:item=1685533876&perks=3525010810,2822142346,3300816228,243981275
dimwishlist:item=1685533876&perks=3525010810,2822142346,3300816228,984655331
dimwishlist:item=1685533876&perks=3525010810,2822142346,3528046508,4293542123
dimwishlist:item=1685533876&perks=3525010810,2822142346,3528046508,2675184851
dimwishlist:item=1685533876&perks=3525010810,2822142346,3528046508,3081867624
dimwishlist:item=1685533876&perks=3525010810,2822142346,3528046508,2963273944
dimwishlist:item=1685533876&perks=3525010810,2822142346,3528046508,243981275
dimwishlist:item=1685533876&perks=3525010810,2822142346,3528046508,984655331
dimwishlist:item=1685533876&perks=3525010810,2822142346,3592538738,4293542123
dimwishlist:item=1685533876&perks=3525010810,2822142346,3592538738,2675184851
dimwishlist:item=1685533876&perks=3525010810,2822142346,3592538738,3081867624
dimwishlist:item=1685533876&perks=3525010810,2822142346,3592538738,2963273944
dimwishlist:item=1685533876&perks=3525010810,2822142346,3592538738,243981275
dimwishlist:item=1685533876&perks=3525010810,2822142346,3592538738,984655331
dimwishlist:item=1685533876&perks=3525010810,2822142346,2675361166,4293542123
dimwishlist:item=1685533876&perks=3525010810,2822142346,2675361166,2675184851
dimwishlist:item=1685533876&perks=3525010810,2822142346,2675361166,3081867624
dimwishlist:item=1685533876&perks=3525010810,2822142346,2675361166,2963273944
dimwishlist:item=1685533876&perks=3525010810,2822142346,2675361166,243981275
dimwishlist:item=1685533876&perks=3525010810,2822142346,2675361166,984655331
dimwishlist:item=1685533876&perks=3525010810,2822142346,951095735,4293542123
dimwishlist:item=1685533876&perks=3525010810,2822142346,951095735,2675184851
dimwishlist:item=1685533876&perks=3525010810,2822142346,951095735,3081867624
dimwishlist:item=1685533876&perks=3525010810,2822142346,951095735,2963273944
dimwishlist:item=1685533876&perks=3525010810,2822142346,951095735,243981275
dimwishlist:item=1685533876&perks=3525010810,2822142346,951095735,984655331
dimwishlist:item=1685533876&perks=3525010810,2822142346,3878366039,4293542123
dimwishlist:item=1685533876&perks=3525010810,2822142346,3878366039,2675184851
dimwishlist:item=1685533876&perks=3525010810,2822142346,3878366039,3081867624
dimwishlist:item=1685533876&perks=3525010810,2822142346,3878366039,2963273944
dimwishlist:item=1685533876&perks=3525010810,2822142346,3878366039,243981275
dimwishlist:item=1685533876&perks=3525010810,2822142346,3878366039,984655331
dimwishlist:item=1685533876&perks=3525010810,2108812838,3300816228,4293542123
dimwishlist:item=1685533876&perks=3525010810,2108812838,3300816228,2675184851
dimwishlist:item=1685533876&perks=3525010810,2108812838,3300816228,3081867624
dimwishlist:item=1685533876&perks=3525010810,2108812838,3300816228,2963273944
dimwishlist:item=1685533876&perks=3525010810,2108812838,3300816228,243981275
dimwishlist:item=1685533876&perks=3525010810,2108812838,3300816228,984655331
dimwishlist:item=1685533876&perks=3525010810,2108812838,3528046508,4293542123
dimwishlist:item=1685533876&perks=3525010810,2108812838,3528046508,2675184851
dimwishlist:item=1685533876&perks=3525010810,2108812838,3528046508,3081867624
dimwishlist:item=1685533876&perks=3525010810,2108812838,3528046508,2963273944
dimwishlist:item=1685533876&perks=3525010810,2108812838,3528046508,243981275
dimwishlist:item=1685533876&perks=3525010810,2108812838,3528046508,984655331
dimwishlist:item=1685533876&perks=3525010810,2108812838,3592538738,4293542123
dimwishlist:item=1685533876&perks=3525010810,2108812838,3592538738,2675184851
dimwishlist:item=1685533876&perks=3525010810,2108812838,3592538738,3081867624
dimwishlist:item=1685533876&perks=3525010810,2108812838,3592538738,2963273944
dimwishlist:item=1685533876&perks=3525010810,2108812838,3592538738,243981275
dimwishlist:item=1685533876&perks=3525010810,2108812838,3592538738,984655331
dimwishlist:item=1685533876&perks=3525010810,2108812838,2675361166,4293542123
dimwishlist:item=1685533876&perks=3525010810,2108812838,2675361166,2675184851
dimwishlist:item=1685533876&perks=3525010810,2108812838,2675361166,3081867624
dimwishlist:item=1685533876&perks=3525010810,2108812838,2675361166,2963273944
dimwishlist:item=1685533876&perks=3525010810,2108812838,2675361166,243981275
dimwishlist:item=1685533876&perks=3525010810,2108812838,2675361166,984655331
dimwishlist:item=1685533876&perks=3525010810,2108812838,951095735,4293542123
dimwishlist:item=1685533876&perks=3525010810,2108812838,951095735,2675184851
dimwishlist:item=1685533876&perks=3525010810,2108812838,951095735,3081867624
dimwishlist:item=1685533876&perks=3525010810,2108812838,951095735,2963273944
dimwishlist:item=1685533876&perks=3525010810,2108812838,951095735,243981275
dimwishlist:item=1685533876&perks=3525010810,2108812838,951095735,984655331
dimwishlist:item=1685533876&perks=3525010810,2108812838,3878366039,4293542123
dimwishlist:item=1685533876&perks=3525010810,2108812838,3878366039,2675184851
dimwishlist:item=1685533876&perks=3525010810,2108812838,3878366039,3081867624
dimwishlist:item=1685533876&perks=3525010810,2108812838,3878366039,2963273944
dimwishlist:item=1685533876&perks=3525010810,2108812838,3878366039,243981275
dimwishlist:item=1685533876&perks=3525010810,2108812838,3878366039,984655331
dimwishlist:item=1685533876&perks=3250572790,2822142346,3300816228,4293542123
dimwishlist:item=1685533876&perks=3250572790,2822142346,3300816228,2675184851
dimwishlist:item=1685533876&perks=3250572790,2822142346,3300816228,3081867624
dimwishlist:item=1685533876&perks=3250572790,2822142346,3300816228,2963273944
dimwishlist:item=1685533876&perks=3250572790,2822142346,3300816228,243981275
dimwishlist:item=1685533876&perks=3250572790,2822142346,3300816228,984655331
dimwishlist:item=1685533876&perks=3250572790,2822142346,3528046508,4293542123
dimwishlist:item=1685533876&perks=3250572790,2822142346,3528046508,2675184851
dimwishlist:item=1685533876&perks=3250572790,2822142346,3528046508,3081867624
dimwishlist:item=1685533876&perks=3250572790,2822142346,3528046508,2963273944
dimwishlist:item=1685533876&perks=3250572790,2822142346,3528046508,243981275
dimwishlist:item=1685533876&perks=3250572790,2822142346,3528046508,984655331
dimwishlist:item=1685533876&perks=3250572790,2822142346,3592538738,4293542123
dimwishlist:item=1685533876&perks=3250572790,2822142346,3592538738,2675184851
dimwishlist:item=1685533876&perks=3250572790,2822142346,3592538738,3081867624
dimwishlist:item=1685533876&perks=3250572790,2822142346,3592538738,2963273944
dimwishlist:item=1685533876&perks=3250572790,2822142346,3592538738,243981275
dimwishlist:item=1685533876&perks=3250572790,2822142346,3592538738,984655331
dimwishlist:item=1685533876&perks=3250572790,2822142346,2675361166,4293542123
dimwishlist:item=1685533876&perks=3250572790,2822142346,2675361166,2675184851
dimwishlist:item=1685533876&perks=3250572790,2822142346,2675361166,3081867624
dimwishlist:item=1685533876&perks=3250572790,2822142346,2675361166,2963273944
dimwishlist:item=1685533876&perks=3250572790,2822142346,2675361166,243981275
dimwishlist:item=1685533876&perks=3250572790,2822142346,2675361166,984655331
dimwishlist:item=1685533876&perks=3250572790,2822142346,951095735,4293542123
dimwishlist:item=1685533876&perks=3250572790,2822142346,951095735,2675184851
dimwishlist:item=1685533876&perks=3250572790,2822142346,951095735,3081867624
dimwishlist:item=1685533876&perks=3250572790,2822142346,951095735,2963273944
dimwishlist:item=1685533876&perks=3250572790,2822142346,951095735,243981275
dimwishlist:item=1685533876&perks=3250572790,2822142346,951095735,984655331
dimwishlist:item=1685533876&perks=3250572790,2822142346,3878366039,4293542123
dimwishlist:item=1685533876&perks=3250572790,2822142346,3878366039,2675184851
dimwishlist:item=1685533876&perks=3250572790,2822142346,3878366039,3081867624
dimwishlist:item=1685533876&perks=3250572790,2822142346,3878366039,2963273944
dimwishlist:item=1685533876&perks=3250572790,2822142346,3878366039,243981275
dimwishlist:item=1685533876&perks=3250572790,2822142346,3878366039,984655331
dimwishlist:item=1685533876&perks=3250572790,2108812838,3300816228,4293542123
dimwishlist:item=1685533876&perks=3250572790,2108812838,3300816228,2675184851
dimwishlist:item=1685533876&perks=3250572790,2108812838,3300816228,3081867624
dimwishlist:item=1685533876&perks=3250572790,2108812838,3300816228,2963273944
dimwishlist:item=1685533876&perks=3250572790,2108812838,3300816228,243981275
dimwishlist:item=1685533876&perks=3250572790,2108812838,3300816228,984655331
dimwishlist:item=1685533876&perks=3250572790,2108812838,3528046508,4293542123
dimwishlist:item=1685533876&perks=3250572790,2108812838,3528046508,2675184851
dimwishlist:item=1685533876&perks=3250572790,2108812838,3528046508,3081867624
dimwishlist:item=1685533876&perks=3250572790,2108812838,3528046508,2963273944
dimwishlist:item=1685533876&perks=3250572790,2108812838,3528046508,243981275
dimwishlist:item=1685533876&perks=3250572790,2108812838,3528046508,984655331
dimwishlist:item=1685533876&perks=3250572790,2108812838,3592538738,4293542123
dimwishlist:item=1685533876&perks=3250572790,2108812838,3592538738,2675184851
dimwishlist:item=1685533876&perks=3250572790,2108812838,3592538738,3081867624
dimwishlist:item=1685533876&perks=3250572790,2108812838,3592538738,2963273944
dimwishlist:item=1685533876&perks=3250572790,2108812838,3592538738,243981275
dimwishlist:item=1685533876&perks=3250572790,2108812838,3592538738,984655331
dimwishlist:item=1685533876&perks=3250572790,2108812838,2675361166,4293542123
dimwishlist:item=1685533876&perks=3250572790,2108812838,2675361166,2675184851
dimwishlist:item=1685533876&perks=3250572790,2108812838,2675361166,3081867624
dimwishlist:item=1685533876&perks=3250572790,2108812838,2675361166,2963273944
dimwishlist:item=1685533876&perks=3250572790,2108812838,2675361166,243981275
dimwishlist:item=1685533876&perks=3250572790,2108812838,2675361166,984655331
dimwishlist:item=1685533876&perks=3250572790,2108812838,951095735,4293542123
dimwishlist:item=1685533876&perks=3250572790,2108812838,951095735,2675184851
dimwishlist:item=1685533876&perks=3250572790,2108812838,951095735,3081867624
dimwishlist:item=1685533876&perks=3250572790,2108812838,951095735,2963273944
dimwishlist:item=1685533876&perks=3250572790,2108812838,951095735,243981275
dimwishlist:item=1685533876&perks=3250572790,2108812838,951095735,984655331
dimwishlist:item=1685533876&perks=3250572790,2108812838,3878366039,4293542123
dimwishlist:item=1685533876&perks=3250572790,2108812838,3878366039,2675184851
dimwishlist:item=1685533876&perks=3250572790,2108812838,3878366039,3081867624
dimwishlist:item=1685533876&perks=3250572790,2108812838,3878366039,2963273944
dimwishlist:item=1685533876&perks=3250572790,2108812838,3878366039,243981275
dimwishlist:item=1685533876&perks=3250572790,2108812838,3878366039,984655331


//No Hesitation
//notes:Aegis Speedrun Shopping #2 (Universal use) -> Damage buff ; Super generation
dimwishlist:item=1801007332&perks=1840239774,3142289711,2980589453,243981275
dimwishlist:item=1801007332&perks=1840239774,3142289711,2980589453,984655331
dimwishlist:item=1801007332&perks=1840239774,3142289711,2980589453,3640170453
dimwishlist:item=1801007332&perks=1840239774,3142289711,2980589453,1817983009
dimwishlist:item=1801007332&perks=1840239774,3142289711,2980589453,4293542123
dimwishlist:item=1801007332&perks=1840239774,3142289711,2980589453,2675184851
dimwishlist:item=1801007332&perks=1840239774,3142289711,4063561849,243981275
dimwishlist:item=1801007332&perks=1840239774,3142289711,4063561849,984655331
dimwishlist:item=1801007332&perks=1840239774,3142289711,4063561849,3640170453
dimwishlist:item=1801007332&perks=1840239774,3142289711,4063561849,1817983009
dimwishlist:item=1801007332&perks=1840239774,3142289711,4063561849,4293542123
dimwishlist:item=1801007332&perks=1840239774,3142289711,4063561849,2675184851
dimwishlist:item=1801007332&perks=1840239774,3142289711,2890807135,243981275
dimwishlist:item=1801007332&perks=1840239774,3142289711,2890807135,984655331
dimwishlist:item=1801007332&perks=1840239774,3142289711,2890807135,3640170453
dimwishlist:item=1801007332&perks=1840239774,3142289711,2890807135,1817983009
dimwishlist:item=1801007332&perks=1840239774,3142289711,2890807135,4293542123
dimwishlist:item=1801007332&perks=1840239774,3142289711,2890807135,2675184851
dimwishlist:item=1801007332&perks=1840239774,3142289711,3581929919,243981275
dimwishlist:item=1801007332&perks=1840239774,3142289711,3581929919,984655331
dimwishlist:item=1801007332&perks=1840239774,3142289711,3581929919,3640170453
dimwishlist:item=1801007332&perks=1840239774,3142289711,3581929919,1817983009
dimwishlist:item=1801007332&perks=1840239774,3142289711,3581929919,4293542123
dimwishlist:item=1801007332&perks=1840239774,3142289711,3581929919,2675184851
dimwishlist:item=1801007332&perks=1840239774,3267421167,2980589453,243981275
dimwishlist:item=1801007332&perks=1840239774,3267421167,2980589453,984655331
dimwishlist:item=1801007332&perks=1840239774,3267421167,2980589453,3640170453
dimwishlist:item=1801007332&perks=1840239774,3267421167,2980589453,1817983009
dimwishlist:item=1801007332&perks=1840239774,3267421167,2980589453,4293542123
dimwishlist:item=1801007332&perks=1840239774,3267421167,2980589453,2675184851
dimwishlist:item=1801007332&perks=1840239774,3267421167,4063561849,243981275
dimwishlist:item=1801007332&perks=1840239774,3267421167,4063561849,984655331
dimwishlist:item=1801007332&perks=1840239774,3267421167,4063561849,3640170453
dimwishlist:item=1801007332&perks=1840239774,3267421167,4063561849,1817983009
dimwishlist:item=1801007332&perks=1840239774,3267421167,4063561849,4293542123
dimwishlist:item=1801007332&perks=1840239774,3267421167,4063561849,2675184851
dimwishlist:item=1801007332&perks=1840239774,3267421167,2890807135,243981275
dimwishlist:item=1801007332&perks=1840239774,3267421167,2890807135,984655331
dimwishlist:item=1801007332&perks=1840239774,3267421167,2890807135,3640170453
dimwishlist:item=1801007332&perks=1840239774,3267421167,2890807135,1817983009
dimwishlist:item=1801007332&perks=1840239774,3267421167,2890807135,4293542123
dimwishlist:item=1801007332&perks=1840239774,3267421167,2890807135,2675184851
dimwishlist:item=1801007332&perks=1840239774,3267421167,3581929919,243981275
dimwishlist:item=1801007332&perks=1840239774,3267421167,3581929919,984655331
dimwishlist:item=1801007332&perks=1840239774,3267421167,3581929919,3640170453
dimwishlist:item=1801007332&perks=1840239774,3267421167,3581929919,1817983009
dimwishlist:item=1801007332&perks=1840239774,3267421167,3581929919,4293542123
dimwishlist:item=1801007332&perks=1840239774,3267421167,3581929919,2675184851
dimwishlist:item=1801007332&perks=1124871858,3142289711,2980589453,243981275
dimwishlist:item=1801007332&perks=1124871858,3142289711,2980589453,984655331
dimwishlist:item=1801007332&perks=1124871858,3142289711,2980589453,3640170453
dimwishlist:item=1801007332&perks=1124871858,3142289711,2980589453,1817983009
dimwishlist:item=1801007332&perks=1124871858,3142289711,2980589453,4293542123
dimwishlist:item=1801007332&perks=1124871858,3142289711,2980589453,2675184851
dimwishlist:item=1801007332&perks=1124871858,3142289711,4063561849,243981275
dimwishlist:item=1801007332&perks=1124871858,3142289711,4063561849,984655331
dimwishlist:item=1801007332&perks=1124871858,3142289711,4063561849,3640170453
dimwishlist:item=1801007332&perks=1124871858,3142289711,4063561849,1817983009
dimwishlist:item=1801007332&perks=1124871858,3142289711,4063561849,4293542123
dimwishlist:item=1801007332&perks=1124871858,3142289711,4063561849,2675184851
dimwishlist:item=1801007332&perks=1124871858,3142289711,2890807135,243981275
dimwishlist:item=1801007332&perks=1124871858,3142289711,2890807135,984655331
dimwishlist:item=1801007332&perks=1124871858,3142289711,2890807135,3640170453
dimwishlist:item=1801007332&perks=1124871858,3142289711,2890807135,1817983009
dimwishlist:item=1801007332&perks=1124871858,3142289711,2890807135,4293542123
dimwishlist:item=1801007332&perks=1124871858,3142289711,2890807135,2675184851
dimwishlist:item=1801007332&perks=1124871858,3142289711,3581929919,243981275
dimwishlist:item=1801007332&perks=1124871858,3142289711,3581929919,984655331
dimwishlist:item=1801007332&perks=1124871858,3142289711,3581929919,3640170453
dimwishlist:item=1801007332&perks=1124871858,3142289711,3581929919,1817983009
dimwishlist:item=1801007332&perks=1124871858,3142289711,3581929919,4293542123
dimwishlist:item=1801007332&perks=1124871858,3142289711,3581929919,2675184851
dimwishlist:item=1801007332&perks=1124871858,3267421167,2980589453,243981275
dimwishlist:item=1801007332&perks=1124871858,3267421167,2980589453,984655331
dimwishlist:item=1801007332&perks=1124871858,3267421167,2980589453,3640170453
dimwishlist:item=1801007332&perks=1124871858,3267421167,2980589453,1817983009
dimwishlist:item=1801007332&perks=1124871858,3267421167,2980589453,4293542123
dimwishlist:item=1801007332&perks=1124871858,3267421167,2980589453,2675184851
dimwishlist:item=1801007332&perks=1124871858,3267421167,4063561849,243981275
dimwishlist:item=1801007332&perks=1124871858,3267421167,4063561849,984655331
dimwishlist:item=1801007332&perks=1124871858,3267421167,4063561849,3640170453
dimwishlist:item=1801007332&perks=1124871858,3267421167,4063561849,1817983009
dimwishlist:item=1801007332&perks=1124871858,3267421167,4063561849,4293542123
dimwishlist:item=1801007332&perks=1124871858,3267421167,4063561849,2675184851
dimwishlist:item=1801007332&perks=1124871858,3267421167,2890807135,243981275
dimwishlist:item=1801007332&perks=1124871858,3267421167,2890807135,984655331
dimwishlist:item=1801007332&perks=1124871858,3267421167,2890807135,3640170453
dimwishlist:item=1801007332&perks=1124871858,3267421167,2890807135,1817983009
dimwishlist:item=1801007332&perks=1124871858,3267421167,2890807135,4293542123
dimwishlist:item=1801007332&perks=1124871858,3267421167,2890807135,2675184851
dimwishlist:item=1801007332&perks=1124871858,3267421167,3581929919,243981275
dimwishlist:item=1801007332&perks=1124871858,3267421167,3581929919,984655331
dimwishlist:item=1801007332&perks=1124871858,3267421167,3581929919,3640170453
dimwishlist:item=1801007332&perks=1124871858,3267421167,3581929919,1817983009
dimwishlist:item=1801007332&perks=1124871858,3267421167,3581929919,4293542123
dimwishlist:item=1801007332&perks=1124871858,3267421167,3581929919,2675184851


//Ouster Engine
//notes:Aegis Speedrun Shopping #2 (Universal use) -> Add clear
dimwishlist:item=2223968549&perks=3525010810,2822142346,3300816228,2396489472
dimwishlist:item=2223968549&perks=3525010810,2822142346,3300816228,598607952
dimwishlist:item=2223968549&perks=3525010810,2822142346,3300816228,3640170453
dimwishlist:item=2223968549&perks=3525010810,2822142346,3300816228,1817983009
dimwishlist:item=2223968549&perks=3525010810,2822142346,3300816228,2922950962
dimwishlist:item=2223968549&perks=3525010810,2822142346,3300816228,2078520142
dimwishlist:item=2223968549&perks=3525010810,2822142346,3300816228,3764420437
dimwishlist:item=2223968549&perks=3525010810,2822142346,3300816228,3192447905
dimwishlist:item=2223968549&perks=3525010810,2822142346,3528046508,2396489472
dimwishlist:item=2223968549&perks=3525010810,2822142346,3528046508,598607952
dimwishlist:item=2223968549&perks=3525010810,2822142346,3528046508,3640170453
dimwishlist:item=2223968549&perks=3525010810,2822142346,3528046508,1817983009
dimwishlist:item=2223968549&perks=3525010810,2822142346,3528046508,2922950962
dimwishlist:item=2223968549&perks=3525010810,2822142346,3528046508,2078520142
dimwishlist:item=2223968549&perks=3525010810,2822142346,3528046508,3764420437
dimwishlist:item=2223968549&perks=3525010810,2822142346,3528046508,3192447905
dimwishlist:item=2223968549&perks=3525010810,2822142346,1421772400,2396489472
dimwishlist:item=2223968549&perks=3525010810,2822142346,1421772400,598607952
dimwishlist:item=2223968549&perks=3525010810,2822142346,1421772400,3640170453
dimwishlist:item=2223968549&perks=3525010810,2822142346,1421772400,1817983009
dimwishlist:item=2223968549&perks=3525010810,2822142346,1421772400,2922950962
dimwishlist:item=2223968549&perks=3525010810,2822142346,1421772400,2078520142
dimwishlist:item=2223968549&perks=3525010810,2822142346,1421772400,3764420437
dimwishlist:item=2223968549&perks=3525010810,2822142346,1421772400,3192447905
dimwishlist:item=2223968549&perks=3525010810,2822142346,3291427296,2396489472
dimwishlist:item=2223968549&perks=3525010810,2822142346,3291427296,598607952
dimwishlist:item=2223968549&perks=3525010810,2822142346,3291427296,3640170453
dimwishlist:item=2223968549&perks=3525010810,2822142346,3291427296,1817983009
dimwishlist:item=2223968549&perks=3525010810,2822142346,3291427296,2922950962
dimwishlist:item=2223968549&perks=3525010810,2822142346,3291427296,2078520142
dimwishlist:item=2223968549&perks=3525010810,2822142346,3291427296,3764420437
dimwishlist:item=2223968549&perks=3525010810,2822142346,3291427296,3192447905
dimwishlist:item=2223968549&perks=3525010810,2822142346,1955165503,2396489472
dimwishlist:item=2223968549&perks=3525010810,2822142346,1955165503,598607952
dimwishlist:item=2223968549&perks=3525010810,2822142346,1955165503,3640170453
dimwishlist:item=2223968549&perks=3525010810,2822142346,1955165503,1817983009
dimwishlist:item=2223968549&perks=3525010810,2822142346,1955165503,2922950962
dimwishlist:item=2223968549&perks=3525010810,2822142346,1955165503,2078520142
dimwishlist:item=2223968549&perks=3525010810,2822142346,1955165503,3764420437
dimwishlist:item=2223968549&perks=3525010810,2822142346,1955165503,3192447905
dimwishlist:item=2223968549&perks=3525010810,2822142346,2617553311,2396489472
dimwishlist:item=2223968549&perks=3525010810,2822142346,2617553311,598607952
dimwishlist:item=2223968549&perks=3525010810,2822142346,2617553311,3640170453
dimwishlist:item=2223968549&perks=3525010810,2822142346,2617553311,1817983009
dimwishlist:item=2223968549&perks=3525010810,2822142346,2617553311,2922950962
dimwishlist:item=2223968549&perks=3525010810,2822142346,2617553311,2078520142
dimwishlist:item=2223968549&perks=3525010810,2822142346,2617553311,3764420437
dimwishlist:item=2223968549&perks=3525010810,2822142346,2617553311,3192447905
dimwishlist:item=2223968549&perks=3525010810,2108812838,3300816228,2396489472
dimwishlist:item=2223968549&perks=3525010810,2108812838,3300816228,598607952
dimwishlist:item=2223968549&perks=3525010810,2108812838,3300816228,3640170453
dimwishlist:item=2223968549&perks=3525010810,2108812838,3300816228,1817983009
dimwishlist:item=2223968549&perks=3525010810,2108812838,3300816228,2922950962
dimwishlist:item=2223968549&perks=3525010810,2108812838,3300816228,2078520142
dimwishlist:item=2223968549&perks=3525010810,2108812838,3300816228,3764420437
dimwishlist:item=2223968549&perks=3525010810,2108812838,3300816228,3192447905
dimwishlist:item=2223968549&perks=3525010810,2108812838,3528046508,2396489472
dimwishlist:item=2223968549&perks=3525010810,2108812838,3528046508,598607952
dimwishlist:item=2223968549&perks=3525010810,2108812838,3528046508,3640170453
dimwishlist:item=2223968549&perks=3525010810,2108812838,3528046508,1817983009
dimwishlist:item=2223968549&perks=3525010810,2108812838,3528046508,2922950962
dimwishlist:item=2223968549&perks=3525010810,2108812838,3528046508,2078520142
dimwishlist:item=2223968549&perks=3525010810,2108812838,3528046508,3764420437
dimwishlist:item=2223968549&perks=3525010810,2108812838,3528046508,3192447905
dimwishlist:item=2223968549&perks=3525010810,2108812838,1421772400,2396489472
dimwishlist:item=2223968549&perks=3525010810,2108812838,1421772400,598607952
dimwishlist:item=2223968549&perks=3525010810,2108812838,1421772400,3640170453
dimwishlist:item=2223968549&perks=3525010810,2108812838,1421772400,1817983009
dimwishlist:item=2223968549&perks=3525010810,2108812838,1421772400,2922950962
dimwishlist:item=2223968549&perks=3525010810,2108812838,1421772400,2078520142
dimwishlist:item=2223968549&perks=3525010810,2108812838,1421772400,3764420437
dimwishlist:item=2223968549&perks=3525010810,2108812838,1421772400,3192447905
dimwishlist:item=2223968549&perks=3525010810,2108812838,3291427296,2396489472
dimwishlist:item=2223968549&perks=3525010810,2108812838,3291427296,598607952
dimwishlist:item=2223968549&perks=3525010810,2108812838,3291427296,3640170453
dimwishlist:item=2223968549&perks=3525010810,2108812838,3291427296,1817983009
dimwishlist:item=2223968549&perks=3525010810,2108812838,3291427296,2922950962
dimwishlist:item=2223968549&perks=3525010810,2108812838,3291427296,2078520142
dimwishlist:item=2223968549&perks=3525010810,2108812838,3291427296,3764420437
dimwishlist:item=2223968549&perks=3525010810,2108812838,3291427296,3192447905
dimwishlist:item=2223968549&perks=3525010810,2108812838,1955165503,2396489472
dimwishlist:item=2223968549&perks=3525010810,2108812838,1955165503,598607952
dimwishlist:item=2223968549&perks=3525010810,2108812838,1955165503,3640170453
dimwishlist:item=2223968549&perks=3525010810,2108812838,1955165503,1817983009
dimwishlist:item=2223968549&perks=3525010810,2108812838,1955165503,2922950962
dimwishlist:item=2223968549&perks=3525010810,2108812838,1955165503,2078520142
dimwishlist:item=2223968549&perks=3525010810,2108812838,1955165503,3764420437
dimwishlist:item=2223968549&perks=3525010810,2108812838,1955165503,3192447905
dimwishlist:item=2223968549&perks=3525010810,2108812838,2617553311,2396489472
dimwishlist:item=2223968549&perks=3525010810,2108812838,2617553311,598607952
dimwishlist:item=2223968549&perks=3525010810,2108812838,2617553311,3640170453
dimwishlist:item=2223968549&perks=3525010810,2108812838,2617553311,1817983009
dimwishlist:item=2223968549&perks=3525010810,2108812838,2617553311,2922950962
dimwishlist:item=2223968549&perks=3525010810,2108812838,2617553311,2078520142
dimwishlist:item=2223968549&perks=3525010810,2108812838,2617553311,3764420437
dimwishlist:item=2223968549&perks=3525010810,2108812838,2617553311,3192447905
dimwishlist:item=2223968549&perks=3250572790,2822142346,3300816228,2396489472
dimwishlist:item=2223968549&perks=3250572790,2822142346,3300816228,598607952
dimwishlist:item=2223968549&perks=3250572790,2822142346,3300816228,3640170453
dimwishlist:item=2223968549&perks=3250572790,2822142346,3300816228,1817983009
dimwishlist:item=2223968549&perks=3250572790,2822142346,3300816228,2922950962
dimwishlist:item=2223968549&perks=3250572790,2822142346,3300816228,2078520142
dimwishlist:item=2223968549&perks=3250572790,2822142346,3300816228,3764420437
dimwishlist:item=2223968549&perks=3250572790,2822142346,3300816228,3192447905
dimwishlist:item=2223968549&perks=3250572790,2822142346,3528046508,2396489472
dimwishlist:item=2223968549&perks=3250572790,2822142346,3528046508,598607952
dimwishlist:item=2223968549&perks=3250572790,2822142346,3528046508,3640170453
dimwishlist:item=2223968549&perks=3250572790,2822142346,3528046508,1817983009
dimwishlist:item=2223968549&perks=3250572790,2822142346,3528046508,2922950962
dimwishlist:item=2223968549&perks=3250572790,2822142346,3528046508,2078520142
dimwishlist:item=2223968549&perks=3250572790,2822142346,3528046508,3764420437
dimwishlist:item=2223968549&perks=3250572790,2822142346,3528046508,3192447905
dimwishlist:item=2223968549&perks=3250572790,2822142346,1421772400,2396489472
dimwishlist:item=2223968549&perks=3250572790,2822142346,1421772400,598607952
dimwishlist:item=2223968549&perks=3250572790,2822142346,1421772400,3640170453
dimwishlist:item=2223968549&perks=3250572790,2822142346,1421772400,1817983009
dimwishlist:item=2223968549&perks=3250572790,2822142346,1421772400,2922950962
dimwishlist:item=2223968549&perks=3250572790,2822142346,1421772400,2078520142
dimwishlist:item=2223968549&perks=3250572790,2822142346,1421772400,3764420437
dimwishlist:item=2223968549&perks=3250572790,2822142346,1421772400,3192447905
dimwishlist:item=2223968549&perks=3250572790,2822142346,3291427296,2396489472
dimwishlist:item=2223968549&perks=3250572790,2822142346,3291427296,598607952
dimwishlist:item=2223968549&perks=3250572790,2822142346,3291427296,3640170453
dimwishlist:item=2223968549&perks=3250572790,2822142346,3291427296,1817983009
dimwishlist:item=2223968549&perks=3250572790,2822142346,3291427296,2922950962
dimwishlist:item=2223968549&perks=3250572790,2822142346,3291427296,2078520142
dimwishlist:item=2223968549&perks=3250572790,2822142346,3291427296,3764420437
dimwishlist:item=2223968549&perks=3250572790,2822142346,3291427296,3192447905
dimwishlist:item=2223968549&perks=3250572790,2822142346,1955165503,2396489472
dimwishlist:item=2223968549&perks=3250572790,2822142346,1955165503,598607952
dimwishlist:item=2223968549&perks=3250572790,2822142346,1955165503,3640170453
dimwishlist:item=2223968549&perks=3250572790,2822142346,1955165503,1817983009
dimwishlist:item=2223968549&perks=3250572790,2822142346,1955165503,2922950962
dimwishlist:item=2223968549&perks=3250572790,2822142346,1955165503,2078520142
dimwishlist:item=2223968549&perks=3250572790,2822142346,1955165503,3764420437
dimwishlist:item=2223968549&perks=3250572790,2822142346,1955165503,3192447905
dimwishlist:item=2223968549&perks=3250572790,2822142346,2617553311,2396489472
dimwishlist:item=2223968549&perks=3250572790,2822142346,2617553311,598607952
dimwishlist:item=2223968549&perks=3250572790,2822142346,2617553311,3640170453
dimwishlist:item=2223968549&perks=3250572790,2822142346,2617553311,1817983009
dimwishlist:item=2223968549&perks=3250572790,2822142346,2617553311,2922950962
dimwishlist:item=2223968549&perks=3250572790,2822142346,2617553311,2078520142
dimwishlist:item=2223968549&perks=3250572790,2822142346,2617553311,3764420437
dimwishlist:item=2223968549&perks=3250572790,2822142346,2617553311,3192447905
dimwishlist:item=2223968549&perks=3250572790,2108812838,3300816228,2396489472
dimwishlist:item=2223968549&perks=3250572790,2108812838,3300816228,598607952
dimwishlist:item=2223968549&perks=3250572790,2108812838,3300816228,3640170453
dimwishlist:item=2223968549&perks=3250572790,2108812838,3300816228,1817983009
dimwishlist:item=2223968549&perks=3250572790,2108812838,3300816228,2922950962
dimwishlist:item=2223968549&perks=3250572790,2108812838,3300816228,2078520142
dimwishlist:item=2223968549&perks=3250572790,2108812838,3300816228,3764420437
dimwishlist:item=2223968549&perks=3250572790,2108812838,3300816228,3192447905
dimwishlist:item=2223968549&perks=3250572790,2108812838,3528046508,2396489472
dimwishlist:item=2223968549&perks=3250572790,2108812838,3528046508,598607952
dimwishlist:item=2223968549&perks=3250572790,2108812838,3528046508,3640170453
dimwishlist:item=2223968549&perks=3250572790,2108812838,3528046508,1817983009
dimwishlist:item=2223968549&perks=3250572790,2108812838,3528046508,2922950962
dimwishlist:item=2223968549&perks=3250572790,2108812838,3528046508,2078520142
dimwishlist:item=2223968549&perks=3250572790,2108812838,3528046508,3764420437
dimwishlist:item=2223968549&perks=3250572790,2108812838,3528046508,3192447905
dimwishlist:item=2223968549&perks=3250572790,2108812838,1421772400,2396489472
dimwishlist:item=2223968549&perks=3250572790,2108812838,1421772400,598607952
dimwishlist:item=2223968549&perks=3250572790,2108812838,1421772400,3640170453
dimwishlist:item=2223968549&perks=3250572790,2108812838,1421772400,1817983009
dimwishlist:item=2223968549&perks=3250572790,2108812838,1421772400,2922950962
dimwishlist:item=2223968549&perks=3250572790,2108812838,1421772400,2078520142
dimwishlist:item=2223968549&perks=3250572790,2108812838,1421772400,3764420437
dimwishlist:item=2223968549&perks=3250572790,2108812838,1421772400,3192447905
dimwishlist:item=2223968549&perks=3250572790,2108812838,3291427296,2396489472
dimwishlist:item=2223968549&perks=3250572790,2108812838,3291427296,598607952
dimwishlist:item=2223968549&perks=3250572790,2108812838,3291427296,3640170453
dimwishlist:item=2223968549&perks=3250572790,2108812838,3291427296,1817983009
dimwishlist:item=2223968549&perks=3250572790,2108812838,3291427296,2922950962
dimwishlist:item=2223968549&perks=3250572790,2108812838,3291427296,2078520142
dimwishlist:item=2223968549&perks=3250572790,2108812838,3291427296,3764420437
dimwishlist:item=2223968549&perks=3250572790,2108812838,3291427296,3192447905
dimwishlist:item=2223968549&perks=3250572790,2108812838,1955165503,2396489472
dimwishlist:item=2223968549&perks=3250572790,2108812838,1955165503,598607952
dimwishlist:item=2223968549&perks=3250572790,2108812838,1955165503,3640170453
dimwishlist:item=2223968549&perks=3250572790,2108812838,1955165503,1817983009
dimwishlist:item=2223968549&perks=3250572790,2108812838,1955165503,2922950962
dimwishlist:item=2223968549&perks=3250572790,2108812838,1955165503,2078520142
dimwishlist:item=2223968549&perks=3250572790,2108812838,1955165503,3764420437
dimwishlist:item=2223968549&perks=3250572790,2108812838,1955165503,3192447905
dimwishlist:item=2223968549&perks=3250572790,2108812838,2617553311,2396489472
dimwishlist:item=2223968549&perks=3250572790,2108812838,2617553311,598607952
dimwishlist:item=2223968549&perks=3250572790,2108812838,2617553311,3640170453
dimwishlist:item=2223968549&perks=3250572790,2108812838,2617553311,1817983009
dimwishlist:item=2223968549&perks=3250572790,2108812838,2617553311,2922950962
dimwishlist:item=2223968549&perks=3250572790,2108812838,2617553311,2078520142
dimwishlist:item=2223968549&perks=3250572790,2108812838,2617553311,3764420437
dimwishlist:item=2223968549&perks=3250572790,2108812838,2617553311,3192447905
dimwishlist:item=3718184802&perks=3525010810,2822142346,3300816228,2396489472
dimwishlist:item=3718184802&perks=3525010810,2822142346,3300816228,598607952
dimwishlist:item=3718184802&perks=3525010810,2822142346,3300816228,3640170453
dimwishlist:item=3718184802&perks=3525010810,2822142346,3300816228,1817983009
dimwishlist:item=3718184802&perks=3525010810,2822142346,3300816228,2922950962
dimwishlist:item=3718184802&perks=3525010810,2822142346,3300816228,2078520142
dimwishlist:item=3718184802&perks=3525010810,2822142346,3300816228,3764420437
dimwishlist:item=3718184802&perks=3525010810,2822142346,3300816228,3192447905
dimwishlist:item=3718184802&perks=3525010810,2822142346,3528046508,2396489472
dimwishlist:item=3718184802&perks=3525010810,2822142346,3528046508,598607952
dimwishlist:item=3718184802&perks=3525010810,2822142346,3528046508,3640170453
dimwishlist:item=3718184802&perks=3525010810,2822142346,3528046508,1817983009
dimwishlist:item=3718184802&perks=3525010810,2822142346,3528046508,2922950962
dimwishlist:item=3718184802&perks=3525010810,2822142346,3528046508,2078520142
dimwishlist:item=3718184802&perks=3525010810,2822142346,3528046508,3764420437
dimwishlist:item=3718184802&perks=3525010810,2822142346,3528046508,3192447905
dimwishlist:item=3718184802&perks=3525010810,2822142346,1421772400,2396489472
dimwishlist:item=3718184802&perks=3525010810,2822142346,1421772400,598607952
dimwishlist:item=3718184802&perks=3525010810,2822142346,1421772400,3640170453
dimwishlist:item=3718184802&perks=3525010810,2822142346,1421772400,1817983009
dimwishlist:item=3718184802&perks=3525010810,2822142346,1421772400,2922950962
dimwishlist:item=3718184802&perks=3525010810,2822142346,1421772400,2078520142
dimwishlist:item=3718184802&perks=3525010810,2822142346,1421772400,3764420437
dimwishlist:item=3718184802&perks=3525010810,2822142346,1421772400,3192447905
dimwishlist:item=3718184802&perks=3525010810,2822142346,3291427296,2396489472
dimwishlist:item=3718184802&perks=3525010810,2822142346,3291427296,598607952
dimwishlist:item=3718184802&perks=3525010810,2822142346,3291427296,3640170453
dimwishlist:item=3718184802&perks=3525010810,2822142346,3291427296,1817983009
dimwishlist:item=3718184802&perks=3525010810,2822142346,3291427296,2922950962
dimwishlist:item=3718184802&perks=3525010810,2822142346,3291427296,2078520142
dimwishlist:item=3718184802&perks=3525010810,2822142346,3291427296,3764420437
dimwishlist:item=3718184802&perks=3525010810,2822142346,3291427296,3192447905
dimwishlist:item=3718184802&perks=3525010810,2822142346,1955165503,2396489472
dimwishlist:item=3718184802&perks=3525010810,2822142346,1955165503,598607952
dimwishlist:item=3718184802&perks=3525010810,2822142346,1955165503,3640170453
dimwishlist:item=3718184802&perks=3525010810,2822142346,1955165503,1817983009
dimwishlist:item=3718184802&perks=3525010810,2822142346,1955165503,2922950962
dimwishlist:item=3718184802&perks=3525010810,2822142346,1955165503,2078520142
dimwishlist:item=3718184802&perks=3525010810,2822142346,1955165503,3764420437
dimwishlist:item=3718184802&perks=3525010810,2822142346,1955165503,3192447905
dimwishlist:item=3718184802&perks=3525010810,2822142346,2617553311,2396489472
dimwishlist:item=3718184802&perks=3525010810,2822142346,2617553311,598607952
dimwishlist:item=3718184802&perks=3525010810,2822142346,2617553311,3640170453
dimwishlist:item=3718184802&perks=3525010810,2822142346,2617553311,1817983009
dimwishlist:item=3718184802&perks=3525010810,2822142346,2617553311,2922950962
dimwishlist:item=3718184802&perks=3525010810,2822142346,2617553311,2078520142
dimwishlist:item=3718184802&perks=3525010810,2822142346,2617553311,3764420437
dimwishlist:item=3718184802&perks=3525010810,2822142346,2617553311,3192447905
dimwishlist:item=3718184802&perks=3525010810,2108812838,3300816228,2396489472
dimwishlist:item=3718184802&perks=3525010810,2108812838,3300816228,598607952
dimwishlist:item=3718184802&perks=3525010810,2108812838,3300816228,3640170453
dimwishlist:item=3718184802&perks=3525010810,2108812838,3300816228,1817983009
dimwishlist:item=3718184802&perks=3525010810,2108812838,3300816228,2922950962
dimwishlist:item=3718184802&perks=3525010810,2108812838,3300816228,2078520142
dimwishlist:item=3718184802&perks=3525010810,2108812838,3300816228,3764420437
dimwishlist:item=3718184802&perks=3525010810,2108812838,3300816228,3192447905
dimwishlist:item=3718184802&perks=3525010810,2108812838,3528046508,2396489472
dimwishlist:item=3718184802&perks=3525010810,2108812838,3528046508,598607952
dimwishlist:item=3718184802&perks=3525010810,2108812838,3528046508,3640170453
dimwishlist:item=3718184802&perks=3525010810,2108812838,3528046508,1817983009
dimwishlist:item=3718184802&perks=3525010810,2108812838,3528046508,2922950962
dimwishlist:item=3718184802&perks=3525010810,2108812838,3528046508,2078520142
dimwishlist:item=3718184802&perks=3525010810,2108812838,3528046508,3764420437
dimwishlist:item=3718184802&perks=3525010810,2108812838,3528046508,3192447905
dimwishlist:item=3718184802&perks=3525010810,2108812838,1421772400,2396489472
dimwishlist:item=3718184802&perks=3525010810,2108812838,1421772400,598607952
dimwishlist:item=3718184802&perks=3525010810,2108812838,1421772400,3640170453
dimwishlist:item=3718184802&perks=3525010810,2108812838,1421772400,1817983009
dimwishlist:item=3718184802&perks=3525010810,2108812838,1421772400,2922950962
dimwishlist:item=3718184802&perks=3525010810,2108812838,1421772400,2078520142
dimwishlist:item=3718184802&perks=3525010810,2108812838,1421772400,3764420437
dimwishlist:item=3718184802&perks=3525010810,2108812838,1421772400,3192447905
dimwishlist:item=3718184802&perks=3525010810,2108812838,3291427296,2396489472
dimwishlist:item=3718184802&perks=3525010810,2108812838,3291427296,598607952
dimwishlist:item=3718184802&perks=3525010810,2108812838,3291427296,3640170453
dimwishlist:item=3718184802&perks=3525010810,2108812838,3291427296,1817983009
dimwishlist:item=3718184802&perks=3525010810,2108812838,3291427296,2922950962
dimwishlist:item=3718184802&perks=3525010810,2108812838,3291427296,2078520142
dimwishlist:item=3718184802&perks=3525010810,2108812838,3291427296,3764420437
dimwishlist:item=3718184802&perks=3525010810,2108812838,3291427296,3192447905
dimwishlist:item=3718184802&perks=3525010810,2108812838,1955165503,2396489472
dimwishlist:item=3718184802&perks=3525010810,2108812838,1955165503,598607952
dimwishlist:item=3718184802&perks=3525010810,2108812838,1955165503,3640170453
dimwishlist:item=3718184802&perks=3525010810,2108812838,1955165503,1817983009
dimwishlist:item=3718184802&perks=3525010810,2108812838,1955165503,2922950962
dimwishlist:item=3718184802&perks=3525010810,2108812838,1955165503,2078520142
dimwishlist:item=3718184802&perks=3525010810,2108812838,1955165503,3764420437
dimwishlist:item=3718184802&perks=3525010810,2108812838,1955165503,3192447905
dimwishlist:item=3718184802&perks=3525010810,2108812838,2617553311,2396489472
dimwishlist:item=3718184802&perks=3525010810,2108812838,2617553311,598607952
dimwishlist:item=3718184802&perks=3525010810,2108812838,2617553311,3640170453
dimwishlist:item=3718184802&perks=3525010810,2108812838,2617553311,1817983009
dimwishlist:item=3718184802&perks=3525010810,2108812838,2617553311,2922950962
dimwishlist:item=3718184802&perks=3525010810,2108812838,2617553311,2078520142
dimwishlist:item=3718184802&perks=3525010810,2108812838,2617553311,3764420437
dimwishlist:item=3718184802&perks=3525010810,2108812838,2617553311,3192447905
dimwishlist:item=3718184802&perks=3250572790,2822142346,3300816228,2396489472
dimwishlist:item=3718184802&perks=3250572790,2822142346,3300816228,598607952
dimwishlist:item=3718184802&perks=3250572790,2822142346,3300816228,3640170453
dimwishlist:item=3718184802&perks=3250572790,2822142346,3300816228,1817983009
dimwishlist:item=3718184802&perks=3250572790,2822142346,3300816228,2922950962
dimwishlist:item=3718184802&perks=3250572790,2822142346,3300816228,2078520142
dimwishlist:item=3718184802&perks=3250572790,2822142346,3300816228,3764420437
dimwishlist:item=3718184802&perks=3250572790,2822142346,3300816228,3192447905
dimwishlist:item=3718184802&perks=3250572790,2822142346,3528046508,2396489472
dimwishlist:item=3718184802&perks=3250572790,2822142346,3528046508,598607952
dimwishlist:item=3718184802&perks=3250572790,2822142346,3528046508,3640170453
dimwishlist:item=3718184802&perks=3250572790,2822142346,3528046508,1817983009
dimwishlist:item=3718184802&perks=3250572790,2822142346,3528046508,2922950962
dimwishlist:item=3718184802&perks=3250572790,2822142346,3528046508,2078520142
dimwishlist:item=3718184802&perks=3250572790,2822142346,3528046508,3764420437
dimwishlist:item=3718184802&perks=3250572790,2822142346,3528046508,3192447905
dimwishlist:item=3718184802&perks=3250572790,2822142346,1421772400,2396489472
dimwishlist:item=3718184802&perks=3250572790,2822142346,1421772400,598607952
dimwishlist:item=3718184802&perks=3250572790,2822142346,1421772400,3640170453
dimwishlist:item=3718184802&perks=3250572790,2822142346,1421772400,1817983009
dimwishlist:item=3718184802&perks=3250572790,2822142346,1421772400,2922950962
dimwishlist:item=3718184802&perks=3250572790,2822142346,1421772400,2078520142
dimwishlist:item=3718184802&perks=3250572790,2822142346,1421772400,3764420437
dimwishlist:item=3718184802&perks=3250572790,2822142346,1421772400,3192447905
dimwishlist:item=3718184802&perks=3250572790,2822142346,3291427296,2396489472
dimwishlist:item=3718184802&perks=3250572790,2822142346,3291427296,598607952
dimwishlist:item=3718184802&perks=3250572790,2822142346,3291427296,3640170453
dimwishlist:item=3718184802&perks=3250572790,2822142346,3291427296,1817983009
dimwishlist:item=3718184802&perks=3250572790,2822142346,3291427296,2922950962
dimwishlist:item=3718184802&perks=3250572790,2822142346,3291427296,2078520142
dimwishlist:item=3718184802&perks=3250572790,2822142346,3291427296,3764420437
dimwishlist:item=3718184802&perks=3250572790,2822142346,3291427296,3192447905
dimwishlist:item=3718184802&perks=3250572790,2822142346,1955165503,2396489472
dimwishlist:item=3718184802&perks=3250572790,2822142346,1955165503,598607952
dimwishlist:item=3718184802&perks=3250572790,2822142346,1955165503,3640170453
dimwishlist:item=3718184802&perks=3250572790,2822142346,1955165503,1817983009
dimwishlist:item=3718184802&perks=3250572790,2822142346,1955165503,2922950962
dimwishlist:item=3718184802&perks=3250572790,2822142346,1955165503,2078520142
dimwishlist:item=3718184802&perks=3250572790,2822142346,1955165503,3764420437
dimwishlist:item=3718184802&perks=3250572790,2822142346,1955165503,3192447905
dimwishlist:item=3718184802&perks=3250572790,2822142346,2617553311,2396489472
dimwishlist:item=3718184802&perks=3250572790,2822142346,2617553311,598607952
dimwishlist:item=3718184802&perks=3250572790,2822142346,2617553311,3640170453
dimwishlist:item=3718184802&perks=3250572790,2822142346,2617553311,1817983009
dimwishlist:item=3718184802&perks=3250572790,2822142346,2617553311,2922950962
dimwishlist:item=3718184802&perks=3250572790,2822142346,2617553311,2078520142
dimwishlist:item=3718184802&perks=3250572790,2822142346,2617553311,3764420437
dimwishlist:item=3718184802&perks=3250572790,2822142346,2617553311,3192447905
dimwishlist:item=3718184802&perks=3250572790,2108812838,3300816228,2396489472
dimwishlist:item=3718184802&perks=3250572790,2108812838,3300816228,598607952
dimwishlist:item=3718184802&perks=3250572790,2108812838,3300816228,3640170453
dimwishlist:item=3718184802&perks=3250572790,2108812838,3300816228,1817983009
dimwishlist:item=3718184802&perks=3250572790,2108812838,3300816228,2922950962
dimwishlist:item=3718184802&perks=3250572790,2108812838,3300816228,2078520142
dimwishlist:item=3718184802&perks=3250572790,2108812838,3300816228,3764420437
dimwishlist:item=3718184802&perks=3250572790,2108812838,3300816228,3192447905
dimwishlist:item=3718184802&perks=3250572790,2108812838,3528046508,2396489472
dimwishlist:item=3718184802&perks=3250572790,2108812838,3528046508,598607952
dimwishlist:item=3718184802&perks=3250572790,2108812838,3528046508,3640170453
dimwishlist:item=3718184802&perks=3250572790,2108812838,3528046508,1817983009
dimwishlist:item=3718184802&perks=3250572790,2108812838,3528046508,2922950962
dimwishlist:item=3718184802&perks=3250572790,2108812838,3528046508,2078520142
dimwishlist:item=3718184802&perks=3250572790,2108812838,3528046508,3764420437
dimwishlist:item=3718184802&perks=3250572790,2108812838,3528046508,3192447905
dimwishlist:item=3718184802&perks=3250572790,2108812838,1421772400,2396489472
dimwishlist:item=3718184802&perks=3250572790,2108812838,1421772400,598607952
dimwishlist:item=3718184802&perks=3250572790,2108812838,1421772400,3640170453
dimwishlist:item=3718184802&perks=3250572790,2108812838,1421772400,1817983009
dimwishlist:item=3718184802&perks=3250572790,2108812838,1421772400,2922950962
dimwishlist:item=3718184802&perks=3250572790,2108812838,1421772400,2078520142
dimwishlist:item=3718184802&perks=3250572790,2108812838,1421772400,3764420437
dimwishlist:item=3718184802&perks=3250572790,2108812838,1421772400,3192447905
dimwishlist:item=3718184802&perks=3250572790,2108812838,3291427296,2396489472
dimwishlist:item=3718184802&perks=3250572790,2108812838,3291427296,598607952
dimwishlist:item=3718184802&perks=3250572790,2108812838,3291427296,3640170453
dimwishlist:item=3718184802&perks=3250572790,2108812838,3291427296,1817983009
dimwishlist:item=3718184802&perks=3250572790,2108812838,3291427296,2922950962
dimwishlist:item=3718184802&perks=3250572790,2108812838,3291427296,2078520142
dimwishlist:item=3718184802&perks=3250572790,2108812838,3291427296,3764420437
dimwishlist:item=3718184802&perks=3250572790,2108812838,3291427296,3192447905
dimwishlist:item=3718184802&perks=3250572790,2108812838,1955165503,2396489472
dimwishlist:item=3718184802&perks=3250572790,2108812838,1955165503,598607952
dimwishlist:item=3718184802&perks=3250572790,2108812838,1955165503,3640170453
dimwishlist:item=3718184802&perks=3250572790,2108812838,1955165503,1817983009
dimwishlist:item=3718184802&perks=3250572790,2108812838,1955165503,2922950962
dimwishlist:item=3718184802&perks=3250572790,2108812838,1955165503,2078520142
dimwishlist:item=3718184802&perks=3250572790,2108812838,1955165503,3764420437
dimwishlist:item=3718184802&perks=3250572790,2108812838,1955165503,3192447905
dimwishlist:item=3718184802&perks=3250572790,2108812838,2617553311,2396489472
dimwishlist:item=3718184802&perks=3250572790,2108812838,2617553311,598607952
dimwishlist:item=3718184802&perks=3250572790,2108812838,2617553311,3640170453
dimwishlist:item=3718184802&perks=3250572790,2108812838,2617553311,1817983009
dimwishlist:item=3718184802&perks=3250572790,2108812838,2617553311,2922950962
dimwishlist:item=3718184802&perks=3250572790,2108812838,2617553311,2078520142
dimwishlist:item=3718184802&perks=3250572790,2108812838,2617553311,3764420437
dimwishlist:item=3718184802&perks=3250572790,2108812838,2617553311,3192447905


//Path of Least Resistance
//notes:Aegis Speedrun Shopping #2 (Universal use) -> QoL ammo pickups
dimwishlist:item=2827764482&perks=1840239774,2749775325,3700496672,2173046394
dimwishlist:item=2827764482&perks=1840239774,2749775325,3700496672,1720528630
dimwishlist:item=2827764482&perks=1840239774,2749775325,2840833776,2173046394
dimwishlist:item=2827764482&perks=1840239774,2749775325,2840833776,1720528630
dimwishlist:item=2827764482&perks=1840239774,2073750249,3700496672,2173046394
dimwishlist:item=2827764482&perks=1840239774,2073750249,3700496672,1720528630
dimwishlist:item=2827764482&perks=1840239774,2073750249,2840833776,2173046394
dimwishlist:item=2827764482&perks=1840239774,2073750249,2840833776,1720528630
dimwishlist:item=2827764482&perks=1124871858,2749775325,3700496672,2173046394
dimwishlist:item=2827764482&perks=1124871858,2749775325,3700496672,1720528630
dimwishlist:item=2827764482&perks=1124871858,2749775325,2840833776,2173046394
dimwishlist:item=2827764482&perks=1124871858,2749775325,2840833776,1720528630
dimwishlist:item=2827764482&perks=1124871858,2073750249,3700496672,2173046394
dimwishlist:item=2827764482&perks=1124871858,2073750249,3700496672,1720528630
dimwishlist:item=2827764482&perks=1124871858,2073750249,2840833776,2173046394
dimwishlist:item=2827764482&perks=1124871858,2073750249,2840833776,1720528630


//Perfect Paradox
//notes:Aegis Speedrun Shopping #2 (Universal use) -> Boss damage
dimwishlist:item=3393519051&perks=1300023272,106909392,4071163871,2679249093
dimwishlist:item=3393519051&perks=1300023272,106909392,4071163871,2360754333
dimwishlist:item=3393519051&perks=1300023272,1783397184,4071163871,2679249093
dimwishlist:item=3393519051&perks=1300023272,1783397184,4071163871,2360754333
dimwishlist:item=3393519051&perks=1300023272,679225683,4071163871,2679249093
dimwishlist:item=3393519051&perks=1300023272,679225683,4071163871,2360754333
dimwishlist:item=3393519051&perks=1300023272,1807273211,4071163871,2679249093
dimwishlist:item=3393519051&perks=1300023272,1807273211,4071163871,2360754333
dimwishlist:item=3393519051&perks=2371713880,106909392,4071163871,2679249093
dimwishlist:item=3393519051&perks=2371713880,106909392,4071163871,2360754333
dimwishlist:item=3393519051&perks=2371713880,1783397184,4071163871,2679249093
dimwishlist:item=3393519051&perks=2371713880,1783397184,4071163871,2360754333
dimwishlist:item=3393519051&perks=2371713880,679225683,4071163871,2679249093
dimwishlist:item=3393519051&perks=2371713880,679225683,4071163871,2360754333
dimwishlist:item=3393519051&perks=2371713880,1807273211,4071163871,2679249093
dimwishlist:item=3393519051&perks=2371713880,1807273211,4071163871,2360754333
dimwishlist:item=1298672084&perks=1300023272,106909392,4071163871,2679249093
dimwishlist:item=1298672084&perks=1300023272,106909392,4071163871,788178929
dimwishlist:item=1298672084&perks=1300023272,106909392,4071163871,2360754333
dimwishlist:item=1298672084&perks=1300023272,106909392,4071163871,2459015849
dimwishlist:item=1298672084&perks=1300023272,106909392,494941759,2679249093
dimwishlist:item=1298672084&perks=1300023272,106909392,494941759,788178929
dimwishlist:item=1298672084&perks=1300023272,106909392,494941759,2360754333
dimwishlist:item=1298672084&perks=1300023272,106909392,494941759,2459015849
dimwishlist:item=1298672084&perks=1300023272,106909392,1126264488,2679249093
dimwishlist:item=1298672084&perks=1300023272,106909392,1126264488,788178929
dimwishlist:item=1298672084&perks=1300023272,106909392,1126264488,2360754333
dimwishlist:item=1298672084&perks=1300023272,106909392,1126264488,2459015849
dimwishlist:item=1298672084&perks=1300023272,106909392,2476672792,2679249093
dimwishlist:item=1298672084&perks=1300023272,106909392,2476672792,788178929
dimwishlist:item=1298672084&perks=1300023272,106909392,2476672792,2360754333
dimwishlist:item=1298672084&perks=1300023272,106909392,2476672792,2459015849
dimwishlist:item=1298672084&perks=1300023272,106909392,691659142,2679249093
dimwishlist:item=1298672084&perks=1300023272,106909392,691659142,788178929
dimwishlist:item=1298672084&perks=1300023272,106909392,691659142,2360754333
dimwishlist:item=1298672084&perks=1300023272,106909392,691659142,2459015849
dimwishlist:item=1298672084&perks=1300023272,106909392,536173722,2679249093
dimwishlist:item=1298672084&perks=1300023272,106909392,536173722,788178929
dimwishlist:item=1298672084&perks=1300023272,106909392,536173722,2360754333
dimwishlist:item=1298672084&perks=1300023272,106909392,536173722,2459015849
dimwishlist:item=1298672084&perks=1300023272,1783397184,4071163871,2679249093
dimwishlist:item=1298672084&perks=1300023272,1783397184,4071163871,788178929
dimwishlist:item=1298672084&perks=1300023272,1783397184,4071163871,2360754333
dimwishlist:item=1298672084&perks=1300023272,1783397184,4071163871,2459015849
dimwishlist:item=1298672084&perks=1300023272,1783397184,494941759,2679249093
dimwishlist:item=1298672084&perks=1300023272,1783397184,494941759,788178929
dimwishlist:item=1298672084&perks=1300023272,1783397184,494941759,2360754333
dimwishlist:item=1298672084&perks=1300023272,1783397184,494941759,2459015849
dimwishlist:item=1298672084&perks=1300023272,1783397184,1126264488,2679249093
dimwishlist:item=1298672084&perks=1300023272,1783397184,1126264488,788178929
dimwishlist:item=1298672084&perks=1300023272,1783397184,1126264488,2360754333
dimwishlist:item=1298672084&perks=1300023272,1783397184,1126264488,2459015849
dimwishlist:item=1298672084&perks=1300023272,1783397184,2476672792,2679249093
dimwishlist:item=1298672084&perks=1300023272,1783397184,2476672792,788178929
dimwishlist:item=1298672084&perks=1300023272,1783397184,2476672792,2360754333
dimwishlist:item=1298672084&perks=1300023272,1783397184,2476672792,2459015849
dimwishlist:item=1298672084&perks=1300023272,1783397184,691659142,2679249093
dimwishlist:item=1298672084&perks=1300023272,1783397184,691659142,788178929
dimwishlist:item=1298672084&perks=1300023272,1783397184,691659142,2360754333
dimwishlist:item=1298672084&perks=1300023272,1783397184,691659142,2459015849
dimwishlist:item=1298672084&perks=1300023272,1783397184,536173722,2679249093
dimwishlist:item=1298672084&perks=1300023272,1783397184,536173722,788178929
dimwishlist:item=1298672084&perks=1300023272,1783397184,536173722,2360754333
dimwishlist:item=1298672084&perks=1300023272,1783397184,536173722,2459015849
dimwishlist:item=1298672084&perks=1300023272,679225683,4071163871,2679249093
dimwishlist:item=1298672084&perks=1300023272,679225683,4071163871,788178929
dimwishlist:item=1298672084&perks=1300023272,679225683,4071163871,2360754333
dimwishlist:item=1298672084&perks=1300023272,679225683,4071163871,2459015849
dimwishlist:item=1298672084&perks=1300023272,679225683,494941759,2679249093
dimwishlist:item=1298672084&perks=1300023272,679225683,494941759,788178929
dimwishlist:item=1298672084&perks=1300023272,679225683,494941759,2360754333
dimwishlist:item=1298672084&perks=1300023272,679225683,494941759,2459015849
dimwishlist:item=1298672084&perks=1300023272,679225683,1126264488,2679249093
dimwishlist:item=1298672084&perks=1300023272,679225683,1126264488,788178929
dimwishlist:item=1298672084&perks=1300023272,679225683,1126264488,2360754333
dimwishlist:item=1298672084&perks=1300023272,679225683,1126264488,2459015849
dimwishlist:item=1298672084&perks=1300023272,679225683,2476672792,2679249093
dimwishlist:item=1298672084&perks=1300023272,679225683,2476672792,788178929
dimwishlist:item=1298672084&perks=1300023272,679225683,2476672792,2360754333
dimwishlist:item=1298672084&perks=1300023272,679225683,2476672792,2459015849
dimwishlist:item=1298672084&perks=1300023272,679225683,691659142,2679249093
dimwishlist:item=1298672084&perks=1300023272,679225683,691659142,788178929
dimwishlist:item=1298672084&perks=1300023272,679225683,691659142,2360754333
dimwishlist:item=1298672084&perks=1300023272,679225683,691659142,2459015849
dimwishlist:item=1298672084&perks=1300023272,679225683,536173722,2679249093
dimwishlist:item=1298672084&perks=1300023272,679225683,536173722,788178929
dimwishlist:item=1298672084&perks=1300023272,679225683,536173722,2360754333
dimwishlist:item=1298672084&perks=1300023272,679225683,536173722,2459015849
dimwishlist:item=1298672084&perks=1300023272,1807273211,4071163871,2679249093
dimwishlist:item=1298672084&perks=1300023272,1807273211,4071163871,788178929
dimwishlist:item=1298672084&perks=1300023272,1807273211,4071163871,2360754333
dimwishlist:item=1298672084&perks=1300023272,1807273211,4071163871,2459015849
dimwishlist:item=1298672084&perks=1300023272,1807273211,494941759,2679249093
dimwishlist:item=1298672084&perks=1300023272,1807273211,494941759,788178929
dimwishlist:item=1298672084&perks=1300023272,1807273211,494941759,2360754333
dimwishlist:item=1298672084&perks=1300023272,1807273211,494941759,2459015849
dimwishlist:item=1298672084&perks=1300023272,1807273211,1126264488,2679249093
dimwishlist:item=1298672084&perks=1300023272,1807273211,1126264488,788178929
dimwishlist:item=1298672084&perks=1300023272,1807273211,1126264488,2360754333
dimwishlist:item=1298672084&perks=1300023272,1807273211,1126264488,2459015849
dimwishlist:item=1298672084&perks=1300023272,1807273211,2476672792,2679249093
dimwishlist:item=1298672084&perks=1300023272,1807273211,2476672792,788178929
dimwishlist:item=1298672084&perks=1300023272,1807273211,2476672792,2360754333
dimwishlist:item=1298672084&perks=1300023272,1807273211,2476672792,2459015849
dimwishlist:item=1298672084&perks=1300023272,1807273211,691659142,2679249093
dimwishlist:item=1298672084&perks=1300023272,1807273211,691659142,788178929
dimwishlist:item=1298672084&perks=1300023272,1807273211,691659142,2360754333
dimwishlist:item=1298672084&perks=1300023272,1807273211,691659142,2459015849
dimwishlist:item=1298672084&perks=1300023272,1807273211,536173722,2679249093
dimwishlist:item=1298672084&perks=1300023272,1807273211,536173722,788178929
dimwishlist:item=1298672084&perks=1300023272,1807273211,536173722,2360754333
dimwishlist:item=1298672084&perks=1300023272,1807273211,536173722,2459015849
dimwishlist:item=1298672084&perks=2371713880,106909392,4071163871,2679249093
dimwishlist:item=1298672084&perks=2371713880,106909392,4071163871,788178929
dimwishlist:item=1298672084&perks=2371713880,106909392,4071163871,2360754333
dimwishlist:item=1298672084&perks=2371713880,106909392,4071163871,2459015849
dimwishlist:item=1298672084&perks=2371713880,106909392,494941759,2679249093
dimwishlist:item=1298672084&perks=2371713880,106909392,494941759,788178929
dimwishlist:item=1298672084&perks=2371713880,106909392,494941759,2360754333
dimwishlist:item=1298672084&perks=2371713880,106909392,494941759,2459015849
dimwishlist:item=1298672084&perks=2371713880,106909392,1126264488,2679249093
dimwishlist:item=1298672084&perks=2371713880,106909392,1126264488,788178929
dimwishlist:item=1298672084&perks=2371713880,106909392,1126264488,2360754333
dimwishlist:item=1298672084&perks=2371713880,106909392,1126264488,2459015849
dimwishlist:item=1298672084&perks=2371713880,106909392,2476672792,2679249093
dimwishlist:item=1298672084&perks=2371713880,106909392,2476672792,788178929
dimwishlist:item=1298672084&perks=2371713880,106909392,2476672792,2360754333
dimwishlist:item=1298672084&perks=2371713880,106909392,2476672792,2459015849
dimwishlist:item=1298672084&perks=2371713880,106909392,691659142,2679249093
dimwishlist:item=1298672084&perks=2371713880,106909392,691659142,788178929
dimwishlist:item=1298672084&perks=2371713880,106909392,691659142,2360754333
dimwishlist:item=1298672084&perks=2371713880,106909392,691659142,2459015849
dimwishlist:item=1298672084&perks=2371713880,106909392,536173722,2679249093
dimwishlist:item=1298672084&perks=2371713880,106909392,536173722,788178929
dimwishlist:item=1298672084&perks=2371713880,106909392,536173722,2360754333
dimwishlist:item=1298672084&perks=2371713880,106909392,536173722,2459015849
dimwishlist:item=1298672084&perks=2371713880,1783397184,4071163871,2679249093
dimwishlist:item=1298672084&perks=2371713880,1783397184,4071163871,788178929
dimwishlist:item=1298672084&perks=2371713880,1783397184,4071163871,2360754333
dimwishlist:item=1298672084&perks=2371713880,1783397184,4071163871,2459015849
dimwishlist:item=1298672084&perks=2371713880,1783397184,494941759,2679249093
dimwishlist:item=1298672084&perks=2371713880,1783397184,494941759,788178929
dimwishlist:item=1298672084&perks=2371713880,1783397184,494941759,2360754333
dimwishlist:item=1298672084&perks=2371713880,1783397184,494941759,2459015849
dimwishlist:item=1298672084&perks=2371713880,1783397184,1126264488,2679249093
dimwishlist:item=1298672084&perks=2371713880,1783397184,1126264488,788178929
dimwishlist:item=1298672084&perks=2371713880,1783397184,1126264488,2360754333
dimwishlist:item=1298672084&perks=2371713880,1783397184,1126264488,2459015849
dimwishlist:item=1298672084&perks=2371713880,1783397184,2476672792,2679249093
dimwishlist:item=1298672084&perks=2371713880,1783397184,2476672792,788178929
dimwishlist:item=1298672084&perks=2371713880,1783397184,2476672792,2360754333
dimwishlist:item=1298672084&perks=2371713880,1783397184,2476672792,2459015849
dimwishlist:item=1298672084&perks=2371713880,1783397184,691659142,2679249093
dimwishlist:item=1298672084&perks=2371713880,1783397184,691659142,788178929
dimwishlist:item=1298672084&perks=2371713880,1783397184,691659142,2360754333
dimwishlist:item=1298672084&perks=2371713880,1783397184,691659142,2459015849
dimwishlist:item=1298672084&perks=2371713880,1783397184,536173722,2679249093
dimwishlist:item=1298672084&perks=2371713880,1783397184,536173722,788178929
dimwishlist:item=1298672084&perks=2371713880,1783397184,536173722,2360754333
dimwishlist:item=1298672084&perks=2371713880,1783397184,536173722,2459015849
dimwishlist:item=1298672084&perks=2371713880,679225683,4071163871,2679249093
dimwishlist:item=1298672084&perks=2371713880,679225683,4071163871,788178929
dimwishlist:item=1298672084&perks=2371713880,679225683,4071163871,2360754333
dimwishlist:item=1298672084&perks=2371713880,679225683,4071163871,2459015849
dimwishlist:item=1298672084&perks=2371713880,679225683,494941759,2679249093
dimwishlist:item=1298672084&perks=2371713880,679225683,494941759,788178929
dimwishlist:item=1298672084&perks=2371713880,679225683,494941759,2360754333
dimwishlist:item=1298672084&perks=2371713880,679225683,494941759,2459015849
dimwishlist:item=1298672084&perks=2371713880,679225683,1126264488,2679249093
dimwishlist:item=1298672084&perks=2371713880,679225683,1126264488,788178929
dimwishlist:item=1298672084&perks=2371713880,679225683,1126264488,2360754333
dimwishlist:item=1298672084&perks=2371713880,679225683,1126264488,2459015849
dimwishlist:item=1298672084&perks=2371713880,679225683,2476672792,2679249093
dimwishlist:item=1298672084&perks=2371713880,679225683,2476672792,788178929
dimwishlist:item=1298672084&perks=2371713880,679225683,2476672792,2360754333
dimwishlist:item=1298672084&perks=2371713880,679225683,2476672792,2459015849
dimwishlist:item=1298672084&perks=2371713880,679225683,691659142,2679249093
dimwishlist:item=1298672084&perks=2371713880,679225683,691659142,788178929
dimwishlist:item=1298672084&perks=2371713880,679225683,691659142,2360754333
dimwishlist:item=1298672084&perks=2371713880,679225683,691659142,2459015849
dimwishlist:item=1298672084&perks=2371713880,679225683,536173722,2679249093
dimwishlist:item=1298672084&perks=2371713880,679225683,536173722,788178929
dimwishlist:item=1298672084&perks=2371713880,679225683,536173722,2360754333
dimwishlist:item=1298672084&perks=2371713880,679225683,536173722,2459015849
dimwishlist:item=1298672084&perks=2371713880,1807273211,4071163871,2679249093
dimwishlist:item=1298672084&perks=2371713880,1807273211,4071163871,788178929
dimwishlist:item=1298672084&perks=2371713880,1807273211,4071163871,2360754333
dimwishlist:item=1298672084&perks=2371713880,1807273211,4071163871,2459015849
dimwishlist:item=1298672084&perks=2371713880,1807273211,494941759,2679249093
dimwishlist:item=1298672084&perks=2371713880,1807273211,494941759,788178929
dimwishlist:item=1298672084&perks=2371713880,1807273211,494941759,2360754333
dimwishlist:item=1298672084&perks=2371713880,1807273211,494941759,2459015849
dimwishlist:item=1298672084&perks=2371713880,1807273211,1126264488,2679249093
dimwishlist:item=1298672084&perks=2371713880,1807273211,1126264488,788178929
dimwishlist:item=1298672084&perks=2371713880,1807273211,1126264488,2360754333
dimwishlist:item=1298672084&perks=2371713880,1807273211,1126264488,2459015849
dimwishlist:item=1298672084&perks=2371713880,1807273211,2476672792,2679249093
dimwishlist:item=1298672084&perks=2371713880,1807273211,2476672792,788178929
dimwishlist:item=1298672084&perks=2371713880,1807273211,2476672792,2360754333
dimwishlist:item=1298672084&perks=2371713880,1807273211,2476672792,2459015849
dimwishlist:item=1298672084&perks=2371713880,1807273211,691659142,2679249093
dimwishlist:item=1298672084&perks=2371713880,1807273211,691659142,788178929
dimwishlist:item=1298672084&perks=2371713880,1807273211,691659142,2360754333
dimwishlist:item=1298672084&perks=2371713880,1807273211,691659142,2459015849
dimwishlist:item=1298672084&perks=2371713880,1807273211,536173722,2679249093
dimwishlist:item=1298672084&perks=2371713880,1807273211,536173722,788178929
dimwishlist:item=1298672084&perks=2371713880,1807273211,536173722,2360754333
dimwishlist:item=1298672084&perks=2371713880,1807273211,536173722,2459015849
dimwishlist:item=4108648762&perks=1300023272,106909392,4071163871,2679249093
dimwishlist:item=4108648762&perks=1300023272,106909392,4071163871,788178929
dimwishlist:item=4108648762&perks=1300023272,106909392,4071163871,2360754333
dimwishlist:item=4108648762&perks=1300023272,106909392,4071163871,2459015849
dimwishlist:item=4108648762&perks=1300023272,106909392,494941759,2679249093
dimwishlist:item=4108648762&perks=1300023272,106909392,494941759,788178929
dimwishlist:item=4108648762&perks=1300023272,106909392,494941759,2360754333
dimwishlist:item=4108648762&perks=1300023272,106909392,494941759,2459015849
dimwishlist:item=4108648762&perks=1300023272,106909392,1126264488,2679249093
dimwishlist:item=4108648762&perks=1300023272,106909392,1126264488,788178929
dimwishlist:item=4108648762&perks=1300023272,106909392,1126264488,2360754333
dimwishlist:item=4108648762&perks=1300023272,106909392,1126264488,2459015849
dimwishlist:item=4108648762&perks=1300023272,106909392,2476672792,2679249093
dimwishlist:item=4108648762&perks=1300023272,106909392,2476672792,788178929
dimwishlist:item=4108648762&perks=1300023272,106909392,2476672792,2360754333
dimwishlist:item=4108648762&perks=1300023272,106909392,2476672792,2459015849
dimwishlist:item=4108648762&perks=1300023272,106909392,691659142,2679249093
dimwishlist:item=4108648762&perks=1300023272,106909392,691659142,788178929
dimwishlist:item=4108648762&perks=1300023272,106909392,691659142,2360754333
dimwishlist:item=4108648762&perks=1300023272,106909392,691659142,2459015849
dimwishlist:item=4108648762&perks=1300023272,106909392,536173722,2679249093
dimwishlist:item=4108648762&perks=1300023272,106909392,536173722,788178929
dimwishlist:item=4108648762&perks=1300023272,106909392,536173722,2360754333
dimwishlist:item=4108648762&perks=1300023272,106909392,536173722,2459015849
dimwishlist:item=4108648762&perks=1300023272,1783397184,4071163871,2679249093
dimwishlist:item=4108648762&perks=1300023272,1783397184,4071163871,788178929
dimwishlist:item=4108648762&perks=1300023272,1783397184,4071163871,2360754333
dimwishlist:item=4108648762&perks=1300023272,1783397184,4071163871,2459015849
dimwishlist:item=4108648762&perks=1300023272,1783397184,494941759,2679249093
dimwishlist:item=4108648762&perks=1300023272,1783397184,494941759,788178929
dimwishlist:item=4108648762&perks=1300023272,1783397184,494941759,2360754333
dimwishlist:item=4108648762&perks=1300023272,1783397184,494941759,2459015849
dimwishlist:item=4108648762&perks=1300023272,1783397184,1126264488,2679249093
dimwishlist:item=4108648762&perks=1300023272,1783397184,1126264488,788178929
dimwishlist:item=4108648762&perks=1300023272,1783397184,1126264488,2360754333
dimwishlist:item=4108648762&perks=1300023272,1783397184,1126264488,2459015849
dimwishlist:item=4108648762&perks=1300023272,1783397184,2476672792,2679249093
dimwishlist:item=4108648762&perks=1300023272,1783397184,2476672792,788178929
dimwishlist:item=4108648762&perks=1300023272,1783397184,2476672792,2360754333
dimwishlist:item=4108648762&perks=1300023272,1783397184,2476672792,2459015849
dimwishlist:item=4108648762&perks=1300023272,1783397184,691659142,2679249093
dimwishlist:item=4108648762&perks=1300023272,1783397184,691659142,788178929
dimwishlist:item=4108648762&perks=1300023272,1783397184,691659142,2360754333
dimwishlist:item=4108648762&perks=1300023272,1783397184,691659142,2459015849
dimwishlist:item=4108648762&perks=1300023272,1783397184,536173722,2679249093
dimwishlist:item=4108648762&perks=1300023272,1783397184,536173722,788178929
dimwishlist:item=4108648762&perks=1300023272,1783397184,536173722,2360754333
dimwishlist:item=4108648762&perks=1300023272,1783397184,536173722,2459015849
dimwishlist:item=4108648762&perks=1300023272,679225683,4071163871,2679249093
dimwishlist:item=4108648762&perks=1300023272,679225683,4071163871,788178929
dimwishlist:item=4108648762&perks=1300023272,679225683,4071163871,2360754333
dimwishlist:item=4108648762&perks=1300023272,679225683,4071163871,2459015849
dimwishlist:item=4108648762&perks=1300023272,679225683,494941759,2679249093
dimwishlist:item=4108648762&perks=1300023272,679225683,494941759,788178929
dimwishlist:item=4108648762&perks=1300023272,679225683,494941759,2360754333
dimwishlist:item=4108648762&perks=1300023272,679225683,494941759,2459015849
dimwishlist:item=4108648762&perks=1300023272,679225683,1126264488,2679249093
dimwishlist:item=4108648762&perks=1300023272,679225683,1126264488,788178929
dimwishlist:item=4108648762&perks=1300023272,679225683,1126264488,2360754333
dimwishlist:item=4108648762&perks=1300023272,679225683,1126264488,2459015849
dimwishlist:item=4108648762&perks=1300023272,679225683,2476672792,2679249093
dimwishlist:item=4108648762&perks=1300023272,679225683,2476672792,788178929
dimwishlist:item=4108648762&perks=1300023272,679225683,2476672792,2360754333
dimwishlist:item=4108648762&perks=1300023272,679225683,2476672792,2459015849
dimwishlist:item=4108648762&perks=1300023272,679225683,691659142,2679249093
dimwishlist:item=4108648762&perks=1300023272,679225683,691659142,788178929
dimwishlist:item=4108648762&perks=1300023272,679225683,691659142,2360754333
dimwishlist:item=4108648762&perks=1300023272,679225683,691659142,2459015849
dimwishlist:item=4108648762&perks=1300023272,679225683,536173722,2679249093
dimwishlist:item=4108648762&perks=1300023272,679225683,536173722,788178929
dimwishlist:item=4108648762&perks=1300023272,679225683,536173722,2360754333
dimwishlist:item=4108648762&perks=1300023272,679225683,536173722,2459015849
dimwishlist:item=4108648762&perks=1300023272,1807273211,4071163871,2679249093
dimwishlist:item=4108648762&perks=1300023272,1807273211,4071163871,788178929
dimwishlist:item=4108648762&perks=1300023272,1807273211,4071163871,2360754333
dimwishlist:item=4108648762&perks=1300023272,1807273211,4071163871,2459015849
dimwishlist:item=4108648762&perks=1300023272,1807273211,494941759,2679249093
dimwishlist:item=4108648762&perks=1300023272,1807273211,494941759,788178929
dimwishlist:item=4108648762&perks=1300023272,1807273211,494941759,2360754333
dimwishlist:item=4108648762&perks=1300023272,1807273211,494941759,2459015849
dimwishlist:item=4108648762&perks=1300023272,1807273211,1126264488,2679249093
dimwishlist:item=4108648762&perks=1300023272,1807273211,1126264488,788178929
dimwishlist:item=4108648762&perks=1300023272,1807273211,1126264488,2360754333
dimwishlist:item=4108648762&perks=1300023272,1807273211,1126264488,2459015849
dimwishlist:item=4108648762&perks=1300023272,1807273211,2476672792,2679249093
dimwishlist:item=4108648762&perks=1300023272,1807273211,2476672792,788178929
dimwishlist:item=4108648762&perks=1300023272,1807273211,2476672792,2360754333
dimwishlist:item=4108648762&perks=1300023272,1807273211,2476672792,2459015849
dimwishlist:item=4108648762&perks=1300023272,1807273211,691659142,2679249093
dimwishlist:item=4108648762&perks=1300023272,1807273211,691659142,788178929
dimwishlist:item=4108648762&perks=1300023272,1807273211,691659142,2360754333
dimwishlist:item=4108648762&perks=1300023272,1807273211,691659142,2459015849
dimwishlist:item=4108648762&perks=1300023272,1807273211,536173722,2679249093
dimwishlist:item=4108648762&perks=1300023272,1807273211,536173722,788178929
dimwishlist:item=4108648762&perks=1300023272,1807273211,536173722,2360754333
dimwishlist:item=4108648762&perks=1300023272,1807273211,536173722,2459015849
dimwishlist:item=4108648762&perks=2371713880,106909392,4071163871,2679249093
dimwishlist:item=4108648762&perks=2371713880,106909392,4071163871,788178929
dimwishlist:item=4108648762&perks=2371713880,106909392,4071163871,2360754333
dimwishlist:item=4108648762&perks=2371713880,106909392,4071163871,2459015849
dimwishlist:item=4108648762&perks=2371713880,106909392,494941759,2679249093
dimwishlist:item=4108648762&perks=2371713880,106909392,494941759,788178929
dimwishlist:item=4108648762&perks=2371713880,106909392,494941759,2360754333
dimwishlist:item=4108648762&perks=2371713880,106909392,494941759,2459015849
dimwishlist:item=4108648762&perks=2371713880,106909392,1126264488,2679249093
dimwishlist:item=4108648762&perks=2371713880,106909392,1126264488,788178929
dimwishlist:item=4108648762&perks=2371713880,106909392,1126264488,2360754333
dimwishlist:item=4108648762&perks=2371713880,106909392,1126264488,2459015849
dimwishlist:item=4108648762&perks=2371713880,106909392,2476672792,2679249093
dimwishlist:item=4108648762&perks=2371713880,106909392,2476672792,788178929
dimwishlist:item=4108648762&perks=2371713880,106909392,2476672792,2360754333
dimwishlist:item=4108648762&perks=2371713880,106909392,2476672792,2459015849
dimwishlist:item=4108648762&perks=2371713880,106909392,691659142,2679249093
dimwishlist:item=4108648762&perks=2371713880,106909392,691659142,788178929
dimwishlist:item=4108648762&perks=2371713880,106909392,691659142,2360754333
dimwishlist:item=4108648762&perks=2371713880,106909392,691659142,2459015849
dimwishlist:item=4108648762&perks=2371713880,106909392,536173722,2679249093
dimwishlist:item=4108648762&perks=2371713880,106909392,536173722,788178929
dimwishlist:item=4108648762&perks=2371713880,106909392,536173722,2360754333
dimwishlist:item=4108648762&perks=2371713880,106909392,536173722,2459015849
dimwishlist:item=4108648762&perks=2371713880,1783397184,4071163871,2679249093
dimwishlist:item=4108648762&perks=2371713880,1783397184,4071163871,788178929
dimwishlist:item=4108648762&perks=2371713880,1783397184,4071163871,2360754333
dimwishlist:item=4108648762&perks=2371713880,1783397184,4071163871,2459015849
dimwishlist:item=4108648762&perks=2371713880,1783397184,494941759,2679249093
dimwishlist:item=4108648762&perks=2371713880,1783397184,494941759,788178929
dimwishlist:item=4108648762&perks=2371713880,1783397184,494941759,2360754333
dimwishlist:item=4108648762&perks=2371713880,1783397184,494941759,2459015849
dimwishlist:item=4108648762&perks=2371713880,1783397184,1126264488,2679249093
dimwishlist:item=4108648762&perks=2371713880,1783397184,1126264488,788178929
dimwishlist:item=4108648762&perks=2371713880,1783397184,1126264488,2360754333
dimwishlist:item=4108648762&perks=2371713880,1783397184,1126264488,2459015849
dimwishlist:item=4108648762&perks=2371713880,1783397184,2476672792,2679249093
dimwishlist:item=4108648762&perks=2371713880,1783397184,2476672792,788178929
dimwishlist:item=4108648762&perks=2371713880,1783397184,2476672792,2360754333
dimwishlist:item=4108648762&perks=2371713880,1783397184,2476672792,2459015849
dimwishlist:item=4108648762&perks=2371713880,1783397184,691659142,2679249093
dimwishlist:item=4108648762&perks=2371713880,1783397184,691659142,788178929
dimwishlist:item=4108648762&perks=2371713880,1783397184,691659142,2360754333
dimwishlist:item=4108648762&perks=2371713880,1783397184,691659142,2459015849
dimwishlist:item=4108648762&perks=2371713880,1783397184,536173722,2679249093
dimwishlist:item=4108648762&perks=2371713880,1783397184,536173722,788178929
dimwishlist:item=4108648762&perks=2371713880,1783397184,536173722,2360754333
dimwishlist:item=4108648762&perks=2371713880,1783397184,536173722,2459015849
dimwishlist:item=4108648762&perks=2371713880,679225683,4071163871,2679249093
dimwishlist:item=4108648762&perks=2371713880,679225683,4071163871,788178929
dimwishlist:item=4108648762&perks=2371713880,679225683,4071163871,2360754333
dimwishlist:item=4108648762&perks=2371713880,679225683,4071163871,2459015849
dimwishlist:item=4108648762&perks=2371713880,679225683,494941759,2679249093
dimwishlist:item=4108648762&perks=2371713880,679225683,494941759,788178929
dimwishlist:item=4108648762&perks=2371713880,679225683,494941759,2360754333
dimwishlist:item=4108648762&perks=2371713880,679225683,494941759,2459015849
dimwishlist:item=4108648762&perks=2371713880,679225683,1126264488,2679249093
dimwishlist:item=4108648762&perks=2371713880,679225683,1126264488,788178929
dimwishlist:item=4108648762&perks=2371713880,679225683,1126264488,2360754333
dimwishlist:item=4108648762&perks=2371713880,679225683,1126264488,2459015849
dimwishlist:item=4108648762&perks=2371713880,679225683,2476672792,2679249093
dimwishlist:item=4108648762&perks=2371713880,679225683,2476672792,788178929
dimwishlist:item=4108648762&perks=2371713880,679225683,2476672792,2360754333
dimwishlist:item=4108648762&perks=2371713880,679225683,2476672792,2459015849
dimwishlist:item=4108648762&perks=2371713880,679225683,691659142,2679249093
dimwishlist:item=4108648762&perks=2371713880,679225683,691659142,788178929
dimwishlist:item=4108648762&perks=2371713880,679225683,691659142,2360754333
dimwishlist:item=4108648762&perks=2371713880,679225683,691659142,2459015849
dimwishlist:item=4108648762&perks=2371713880,679225683,536173722,2679249093
dimwishlist:item=4108648762&perks=2371713880,679225683,536173722,788178929
dimwishlist:item=4108648762&perks=2371713880,679225683,536173722,2360754333
dimwishlist:item=4108648762&perks=2371713880,679225683,536173722,2459015849
dimwishlist:item=4108648762&perks=2371713880,1807273211,4071163871,2679249093
dimwishlist:item=4108648762&perks=2371713880,1807273211,4071163871,788178929
dimwishlist:item=4108648762&perks=2371713880,1807273211,4071163871,2360754333
dimwishlist:item=4108648762&perks=2371713880,1807273211,4071163871,2459015849
dimwishlist:item=4108648762&perks=2371713880,1807273211,494941759,2679249093
dimwishlist:item=4108648762&perks=2371713880,1807273211,494941759,788178929
dimwishlist:item=4108648762&perks=2371713880,1807273211,494941759,2360754333
dimwishlist:item=4108648762&perks=2371713880,1807273211,494941759,2459015849
dimwishlist:item=4108648762&perks=2371713880,1807273211,1126264488,2679249093
dimwishlist:item=4108648762&perks=2371713880,1807273211,1126264488,788178929
dimwishlist:item=4108648762&perks=2371713880,1807273211,1126264488,2360754333
dimwishlist:item=4108648762&perks=2371713880,1807273211,1126264488,2459015849
dimwishlist:item=4108648762&perks=2371713880,1807273211,2476672792,2679249093
dimwishlist:item=4108648762&perks=2371713880,1807273211,2476672792,788178929
dimwishlist:item=4108648762&perks=2371713880,1807273211,2476672792,2360754333
dimwishlist:item=4108648762&perks=2371713880,1807273211,2476672792,2459015849
dimwishlist:item=4108648762&perks=2371713880,1807273211,691659142,2679249093
dimwishlist:item=4108648762&perks=2371713880,1807273211,691659142,788178929
dimwishlist:item=4108648762&perks=2371713880,1807273211,691659142,2360754333
dimwishlist:item=4108648762&perks=2371713880,1807273211,691659142,2459015849
dimwishlist:item=4108648762&perks=2371713880,1807273211,536173722,2679249093
dimwishlist:item=4108648762&perks=2371713880,1807273211,536173722,788178929
dimwishlist:item=4108648762&perks=2371713880,1807273211,536173722,2360754333
dimwishlist:item=4108648762&perks=2371713880,1807273211,536173722,2459015849


//Psi Aeterna IV
//notes:Aegis Speedrun Shopping #2 (Universal use) -> Add clear
dimwishlist:item=3556730800&perks=3525010810,2822142346,2859149211,4049631843
dimwishlist:item=3556730800&perks=3525010810,2822142346,2859149211,859780267
dimwishlist:item=3556730800&perks=3525010810,2822142346,2859149211,11612903
dimwishlist:item=3556730800&perks=3525010810,2822142346,2859149211,2422968039
dimwishlist:item=3556730800&perks=3525010810,2822142346,2859149211,3218042543
dimwishlist:item=3556730800&perks=3525010810,2822142346,2859149211,2633604463
dimwishlist:item=3556730800&perks=3525010810,2822142346,1135494563,4049631843
dimwishlist:item=3556730800&perks=3525010810,2822142346,1135494563,859780267
dimwishlist:item=3556730800&perks=3525010810,2822142346,1135494563,11612903
dimwishlist:item=3556730800&perks=3525010810,2822142346,1135494563,2422968039
dimwishlist:item=3556730800&perks=3525010810,2822142346,1135494563,3218042543
dimwishlist:item=3556730800&perks=3525010810,2822142346,1135494563,2633604463
dimwishlist:item=3556730800&perks=3525010810,2822142346,1017229899,4049631843
dimwishlist:item=3556730800&perks=3525010810,2822142346,1017229899,859780267
dimwishlist:item=3556730800&perks=3525010810,2822142346,1017229899,11612903
dimwishlist:item=3556730800&perks=3525010810,2822142346,1017229899,2422968039
dimwishlist:item=3556730800&perks=3525010810,2822142346,1017229899,3218042543
dimwishlist:item=3556730800&perks=3525010810,2822142346,1017229899,2633604463
dimwishlist:item=3556730800&perks=3525010810,2822142346,3696140595,4049631843
dimwishlist:item=3556730800&perks=3525010810,2822142346,3696140595,859780267
dimwishlist:item=3556730800&perks=3525010810,2822142346,3696140595,11612903
dimwishlist:item=3556730800&perks=3525010810,2822142346,3696140595,2422968039
dimwishlist:item=3556730800&perks=3525010810,2822142346,3696140595,3218042543
dimwishlist:item=3556730800&perks=3525010810,2822142346,3696140595,2633604463
dimwishlist:item=3556730800&perks=3525010810,2822142346,1115162408,4049631843
dimwishlist:item=3556730800&perks=3525010810,2822142346,1115162408,859780267
dimwishlist:item=3556730800&perks=3525010810,2822142346,1115162408,11612903
dimwishlist:item=3556730800&perks=3525010810,2822142346,1115162408,2422968039
dimwishlist:item=3556730800&perks=3525010810,2822142346,1115162408,3218042543
dimwishlist:item=3556730800&perks=3525010810,2822142346,1115162408,2633604463
dimwishlist:item=3556730800&perks=3525010810,2822142346,511499160,4049631843
dimwishlist:item=3556730800&perks=3525010810,2822142346,511499160,859780267
dimwishlist:item=3556730800&perks=3525010810,2822142346,511499160,11612903
dimwishlist:item=3556730800&perks=3525010810,2822142346,511499160,2422968039
dimwishlist:item=3556730800&perks=3525010810,2822142346,511499160,3218042543
dimwishlist:item=3556730800&perks=3525010810,2822142346,511499160,2633604463
dimwishlist:item=3556730800&perks=3525010810,2108812838,2859149211,4049631843
dimwishlist:item=3556730800&perks=3525010810,2108812838,2859149211,859780267
dimwishlist:item=3556730800&perks=3525010810,2108812838,2859149211,11612903
dimwishlist:item=3556730800&perks=3525010810,2108812838,2859149211,2422968039
dimwishlist:item=3556730800&perks=3525010810,2108812838,2859149211,3218042543
dimwishlist:item=3556730800&perks=3525010810,2108812838,2859149211,2633604463
dimwishlist:item=3556730800&perks=3525010810,2108812838,1135494563,4049631843
dimwishlist:item=3556730800&perks=3525010810,2108812838,1135494563,859780267
dimwishlist:item=3556730800&perks=3525010810,2108812838,1135494563,11612903
dimwishlist:item=3556730800&perks=3525010810,2108812838,1135494563,2422968039
dimwishlist:item=3556730800&perks=3525010810,2108812838,1135494563,3218042543
dimwishlist:item=3556730800&perks=3525010810,2108812838,1135494563,2633604463
dimwishlist:item=3556730800&perks=3525010810,2108812838,1017229899,4049631843
dimwishlist:item=3556730800&perks=3525010810,2108812838,1017229899,859780267
dimwishlist:item=3556730800&perks=3525010810,2108812838,1017229899,11612903
dimwishlist:item=3556730800&perks=3525010810,2108812838,1017229899,2422968039
dimwishlist:item=3556730800&perks=3525010810,2108812838,1017229899,3218042543
dimwishlist:item=3556730800&perks=3525010810,2108812838,1017229899,2633604463
dimwishlist:item=3556730800&perks=3525010810,2108812838,3696140595,4049631843
dimwishlist:item=3556730800&perks=3525010810,2108812838,3696140595,859780267
dimwishlist:item=3556730800&perks=3525010810,2108812838,3696140595,11612903
dimwishlist:item=3556730800&perks=3525010810,2108812838,3696140595,2422968039
dimwishlist:item=3556730800&perks=3525010810,2108812838,3696140595,3218042543
dimwishlist:item=3556730800&perks=3525010810,2108812838,3696140595,2633604463
dimwishlist:item=3556730800&perks=3525010810,2108812838,1115162408,4049631843
dimwishlist:item=3556730800&perks=3525010810,2108812838,1115162408,859780267
dimwishlist:item=3556730800&perks=3525010810,2108812838,1115162408,11612903
dimwishlist:item=3556730800&perks=3525010810,2108812838,1115162408,2422968039
dimwishlist:item=3556730800&perks=3525010810,2108812838,1115162408,3218042543
dimwishlist:item=3556730800&perks=3525010810,2108812838,1115162408,2633604463
dimwishlist:item=3556730800&perks=3525010810,2108812838,511499160,4049631843
dimwishlist:item=3556730800&perks=3525010810,2108812838,511499160,859780267
dimwishlist:item=3556730800&perks=3525010810,2108812838,511499160,11612903
dimwishlist:item=3556730800&perks=3525010810,2108812838,511499160,2422968039
dimwishlist:item=3556730800&perks=3525010810,2108812838,511499160,3218042543
dimwishlist:item=3556730800&perks=3525010810,2108812838,511499160,2633604463
dimwishlist:item=3556730800&perks=3525010810,1380253176,2859149211,4049631843
dimwishlist:item=3556730800&perks=3525010810,1380253176,2859149211,859780267
dimwishlist:item=3556730800&perks=3525010810,1380253176,2859149211,11612903
dimwishlist:item=3556730800&perks=3525010810,1380253176,2859149211,2422968039
dimwishlist:item=3556730800&perks=3525010810,1380253176,2859149211,3218042543
dimwishlist:item=3556730800&perks=3525010810,1380253176,2859149211,2633604463
dimwishlist:item=3556730800&perks=3525010810,1380253176,1135494563,4049631843
dimwishlist:item=3556730800&perks=3525010810,1380253176,1135494563,859780267
dimwishlist:item=3556730800&perks=3525010810,1380253176,1135494563,11612903
dimwishlist:item=3556730800&perks=3525010810,1380253176,1135494563,2422968039
dimwishlist:item=3556730800&perks=3525010810,1380253176,1135494563,3218042543
dimwishlist:item=3556730800&perks=3525010810,1380253176,1135494563,2633604463
dimwishlist:item=3556730800&perks=3525010810,1380253176,1017229899,4049631843
dimwishlist:item=3556730800&perks=3525010810,1380253176,1017229899,859780267
dimwishlist:item=3556730800&perks=3525010810,1380253176,1017229899,11612903
dimwishlist:item=3556730800&perks=3525010810,1380253176,1017229899,2422968039
dimwishlist:item=3556730800&perks=3525010810,1380253176,1017229899,3218042543
dimwishlist:item=3556730800&perks=3525010810,1380253176,1017229899,2633604463
dimwishlist:item=3556730800&perks=3525010810,1380253176,3696140595,4049631843
dimwishlist:item=3556730800&perks=3525010810,1380253176,3696140595,859780267
dimwishlist:item=3556730800&perks=3525010810,1380253176,3696140595,11612903
dimwishlist:item=3556730800&perks=3525010810,1380253176,3696140595,2422968039
dimwishlist:item=3556730800&perks=3525010810,1380253176,3696140595,3218042543
dimwishlist:item=3556730800&perks=3525010810,1380253176,3696140595,2633604463
dimwishlist:item=3556730800&perks=3525010810,1380253176,1115162408,4049631843
dimwishlist:item=3556730800&perks=3525010810,1380253176,1115162408,859780267
dimwishlist:item=3556730800&perks=3525010810,1380253176,1115162408,11612903
dimwishlist:item=3556730800&perks=3525010810,1380253176,1115162408,2422968039
dimwishlist:item=3556730800&perks=3525010810,1380253176,1115162408,3218042543
dimwishlist:item=3556730800&perks=3525010810,1380253176,1115162408,2633604463
dimwishlist:item=3556730800&perks=3525010810,1380253176,511499160,4049631843
dimwishlist:item=3556730800&perks=3525010810,1380253176,511499160,859780267
dimwishlist:item=3556730800&perks=3525010810,1380253176,511499160,11612903
dimwishlist:item=3556730800&perks=3525010810,1380253176,511499160,2422968039
dimwishlist:item=3556730800&perks=3525010810,1380253176,511499160,3218042543
dimwishlist:item=3556730800&perks=3525010810,1380253176,511499160,2633604463
dimwishlist:item=3556730800&perks=3525010810,3781548872,2859149211,4049631843
dimwishlist:item=3556730800&perks=3525010810,3781548872,2859149211,859780267
dimwishlist:item=3556730800&perks=3525010810,3781548872,2859149211,11612903
dimwishlist:item=3556730800&perks=3525010810,3781548872,2859149211,2422968039
dimwishlist:item=3556730800&perks=3525010810,3781548872,2859149211,3218042543
dimwishlist:item=3556730800&perks=3525010810,3781548872,2859149211,2633604463
dimwishlist:item=3556730800&perks=3525010810,3781548872,1135494563,4049631843
dimwishlist:item=3556730800&perks=3525010810,3781548872,1135494563,859780267
dimwishlist:item=3556730800&perks=3525010810,3781548872,1135494563,11612903
dimwishlist:item=3556730800&perks=3525010810,3781548872,1135494563,2422968039
dimwishlist:item=3556730800&perks=3525010810,3781548872,1135494563,3218042543
dimwishlist:item=3556730800&perks=3525010810,3781548872,1135494563,2633604463
dimwishlist:item=3556730800&perks=3525010810,3781548872,1017229899,4049631843
dimwishlist:item=3556730800&perks=3525010810,3781548872,1017229899,859780267
dimwishlist:item=3556730800&perks=3525010810,3781548872,1017229899,11612903
dimwishlist:item=3556730800&perks=3525010810,3781548872,1017229899,2422968039
dimwishlist:item=3556730800&perks=3525010810,3781548872,1017229899,3218042543
dimwishlist:item=3556730800&perks=3525010810,3781548872,1017229899,2633604463
dimwishlist:item=3556730800&perks=3525010810,3781548872,3696140595,4049631843
dimwishlist:item=3556730800&perks=3525010810,3781548872,3696140595,859780267
dimwishlist:item=3556730800&perks=3525010810,3781548872,3696140595,11612903
dimwishlist:item=3556730800&perks=3525010810,3781548872,3696140595,2422968039
dimwishlist:item=3556730800&perks=3525010810,3781548872,3696140595,3218042543
dimwishlist:item=3556730800&perks=3525010810,3781548872,3696140595,2633604463
dimwishlist:item=3556730800&perks=3525010810,3781548872,1115162408,4049631843
dimwishlist:item=3556730800&perks=3525010810,3781548872,1115162408,859780267
dimwishlist:item=3556730800&perks=3525010810,3781548872,1115162408,11612903
dimwishlist:item=3556730800&perks=3525010810,3781548872,1115162408,2422968039
dimwishlist:item=3556730800&perks=3525010810,3781548872,1115162408,3218042543
dimwishlist:item=3556730800&perks=3525010810,3781548872,1115162408,2633604463
dimwishlist:item=3556730800&perks=3525010810,3781548872,511499160,4049631843
dimwishlist:item=3556730800&perks=3525010810,3781548872,511499160,859780267
dimwishlist:item=3556730800&perks=3525010810,3781548872,511499160,11612903
dimwishlist:item=3556730800&perks=3525010810,3781548872,511499160,2422968039
dimwishlist:item=3556730800&perks=3525010810,3781548872,511499160,3218042543
dimwishlist:item=3556730800&perks=3525010810,3781548872,511499160,2633604463
dimwishlist:item=3556730800&perks=3250572790,2822142346,2859149211,4049631843
dimwishlist:item=3556730800&perks=3250572790,2822142346,2859149211,859780267
dimwishlist:item=3556730800&perks=3250572790,2822142346,2859149211,11612903
dimwishlist:item=3556730800&perks=3250572790,2822142346,2859149211,2422968039
dimwishlist:item=3556730800&perks=3250572790,2822142346,2859149211,3218042543
dimwishlist:item=3556730800&perks=3250572790,2822142346,2859149211,2633604463
dimwishlist:item=3556730800&perks=3250572790,2822142346,1135494563,4049631843
dimwishlist:item=3556730800&perks=3250572790,2822142346,1135494563,859780267
dimwishlist:item=3556730800&perks=3250572790,2822142346,1135494563,11612903
dimwishlist:item=3556730800&perks=3250572790,2822142346,1135494563,2422968039
dimwishlist:item=3556730800&perks=3250572790,2822142346,1135494563,3218042543
dimwishlist:item=3556730800&perks=3250572790,2822142346,1135494563,2633604463
dimwishlist:item=3556730800&perks=3250572790,2822142346,1017229899,4049631843
dimwishlist:item=3556730800&perks=3250572790,2822142346,1017229899,859780267
dimwishlist:item=3556730800&perks=3250572790,2822142346,1017229899,11612903
dimwishlist:item=3556730800&perks=3250572790,2822142346,1017229899,2422968039
dimwishlist:item=3556730800&perks=3250572790,2822142346,1017229899,3218042543
dimwishlist:item=3556730800&perks=3250572790,2822142346,1017229899,2633604463
dimwishlist:item=3556730800&perks=3250572790,2822142346,3696140595,4049631843
dimwishlist:item=3556730800&perks=3250572790,2822142346,3696140595,859780267
dimwishlist:item=3556730800&perks=3250572790,2822142346,3696140595,11612903
dimwishlist:item=3556730800&perks=3250572790,2822142346,3696140595,2422968039
dimwishlist:item=3556730800&perks=3250572790,2822142346,3696140595,3218042543
dimwishlist:item=3556730800&perks=3250572790,2822142346,3696140595,2633604463
dimwishlist:item=3556730800&perks=3250572790,2822142346,1115162408,4049631843
dimwishlist:item=3556730800&perks=3250572790,2822142346,1115162408,859780267
dimwishlist:item=3556730800&perks=3250572790,2822142346,1115162408,11612903
dimwishlist:item=3556730800&perks=3250572790,2822142346,1115162408,2422968039
dimwishlist:item=3556730800&perks=3250572790,2822142346,1115162408,3218042543
dimwishlist:item=3556730800&perks=3250572790,2822142346,1115162408,2633604463
dimwishlist:item=3556730800&perks=3250572790,2822142346,511499160,4049631843
dimwishlist:item=3556730800&perks=3250572790,2822142346,511499160,859780267
dimwishlist:item=3556730800&perks=3250572790,2822142346,511499160,11612903
dimwishlist:item=3556730800&perks=3250572790,2822142346,511499160,2422968039
dimwishlist:item=3556730800&perks=3250572790,2822142346,511499160,3218042543
dimwishlist:item=3556730800&perks=3250572790,2822142346,511499160,2633604463
dimwishlist:item=3556730800&perks=3250572790,2108812838,2859149211,4049631843
dimwishlist:item=3556730800&perks=3250572790,2108812838,2859149211,859780267
dimwishlist:item=3556730800&perks=3250572790,2108812838,2859149211,11612903
dimwishlist:item=3556730800&perks=3250572790,2108812838,2859149211,2422968039
dimwishlist:item=3556730800&perks=3250572790,2108812838,2859149211,3218042543
dimwishlist:item=3556730800&perks=3250572790,2108812838,2859149211,2633604463
dimwishlist:item=3556730800&perks=3250572790,2108812838,1135494563,4049631843
dimwishlist:item=3556730800&perks=3250572790,2108812838,1135494563,859780267
dimwishlist:item=3556730800&perks=3250572790,2108812838,1135494563,11612903
dimwishlist:item=3556730800&perks=3250572790,2108812838,1135494563,2422968039
dimwishlist:item=3556730800&perks=3250572790,2108812838,1135494563,3218042543
dimwishlist:item=3556730800&perks=3250572790,2108812838,1135494563,2633604463
dimwishlist:item=3556730800&perks=3250572790,2108812838,1017229899,4049631843
dimwishlist:item=3556730800&perks=3250572790,2108812838,1017229899,859780267
dimwishlist:item=3556730800&perks=3250572790,2108812838,1017229899,11612903
dimwishlist:item=3556730800&perks=3250572790,2108812838,1017229899,2422968039
dimwishlist:item=3556730800&perks=3250572790,2108812838,1017229899,3218042543
dimwishlist:item=3556730800&perks=3250572790,2108812838,1017229899,2633604463
dimwishlist:item=3556730800&perks=3250572790,2108812838,3696140595,4049631843
dimwishlist:item=3556730800&perks=3250572790,2108812838,3696140595,859780267
dimwishlist:item=3556730800&perks=3250572790,2108812838,3696140595,11612903
dimwishlist:item=3556730800&perks=3250572790,2108812838,3696140595,2422968039
dimwishlist:item=3556730800&perks=3250572790,2108812838,3696140595,3218042543
dimwishlist:item=3556730800&perks=3250572790,2108812838,3696140595,2633604463
dimwishlist:item=3556730800&perks=3250572790,2108812838,1115162408,4049631843
dimwishlist:item=3556730800&perks=3250572790,2108812838,1115162408,859780267
dimwishlist:item=3556730800&perks=3250572790,2108812838,1115162408,11612903
dimwishlist:item=3556730800&perks=3250572790,2108812838,1115162408,2422968039
dimwishlist:item=3556730800&perks=3250572790,2108812838,1115162408,3218042543
dimwishlist:item=3556730800&perks=3250572790,2108812838,1115162408,2633604463
dimwishlist:item=3556730800&perks=3250572790,2108812838,511499160,4049631843
dimwishlist:item=3556730800&perks=3250572790,2108812838,511499160,859780267
dimwishlist:item=3556730800&perks=3250572790,2108812838,511499160,11612903
dimwishlist:item=3556730800&perks=3250572790,2108812838,511499160,2422968039
dimwishlist:item=3556730800&perks=3250572790,2108812838,511499160,3218042543
dimwishlist:item=3556730800&perks=3250572790,2108812838,511499160,2633604463
dimwishlist:item=3556730800&perks=3250572790,1380253176,2859149211,4049631843
dimwishlist:item=3556730800&perks=3250572790,1380253176,2859149211,859780267
dimwishlist:item=3556730800&perks=3250572790,1380253176,2859149211,11612903
dimwishlist:item=3556730800&perks=3250572790,1380253176,2859149211,2422968039
dimwishlist:item=3556730800&perks=3250572790,1380253176,2859149211,3218042543
dimwishlist:item=3556730800&perks=3250572790,1380253176,2859149211,2633604463
dimwishlist:item=3556730800&perks=3250572790,1380253176,1135494563,4049631843
dimwishlist:item=3556730800&perks=3250572790,1380253176,1135494563,859780267
dimwishlist:item=3556730800&perks=3250572790,1380253176,1135494563,11612903
dimwishlist:item=3556730800&perks=3250572790,1380253176,1135494563,2422968039
dimwishlist:item=3556730800&perks=3250572790,1380253176,1135494563,3218042543
dimwishlist:item=3556730800&perks=3250572790,1380253176,1135494563,2633604463
dimwishlist:item=3556730800&perks=3250572790,1380253176,1017229899,4049631843
dimwishlist:item=3556730800&perks=3250572790,1380253176,1017229899,859780267
dimwishlist:item=3556730800&perks=3250572790,1380253176,1017229899,11612903
dimwishlist:item=3556730800&perks=3250572790,1380253176,1017229899,2422968039
dimwishlist:item=3556730800&perks=3250572790,1380253176,1017229899,3218042543
dimwishlist:item=3556730800&perks=3250572790,1380253176,1017229899,2633604463
dimwishlist:item=3556730800&perks=3250572790,1380253176,3696140595,4049631843
dimwishlist:item=3556730800&perks=3250572790,1380253176,3696140595,859780267
dimwishlist:item=3556730800&perks=3250572790,1380253176,3696140595,11612903
dimwishlist:item=3556730800&perks=3250572790,1380253176,3696140595,2422968039
dimwishlist:item=3556730800&perks=3250572790,1380253176,3696140595,3218042543
dimwishlist:item=3556730800&perks=3250572790,1380253176,3696140595,2633604463
dimwishlist:item=3556730800&perks=3250572790,1380253176,1115162408,4049631843
dimwishlist:item=3556730800&perks=3250572790,1380253176,1115162408,859780267
dimwishlist:item=3556730800&perks=3250572790,1380253176,1115162408,11612903
dimwishlist:item=3556730800&perks=3250572790,1380253176,1115162408,2422968039
dimwishlist:item=3556730800&perks=3250572790,1380253176,1115162408,3218042543
dimwishlist:item=3556730800&perks=3250572790,1380253176,1115162408,2633604463
dimwishlist:item=3556730800&perks=3250572790,1380253176,511499160,4049631843
dimwishlist:item=3556730800&perks=3250572790,1380253176,511499160,859780267
dimwishlist:item=3556730800&perks=3250572790,1380253176,511499160,11612903
dimwishlist:item=3556730800&perks=3250572790,1380253176,511499160,2422968039
dimwishlist:item=3556730800&perks=3250572790,1380253176,511499160,3218042543
dimwishlist:item=3556730800&perks=3250572790,1380253176,511499160,2633604463
dimwishlist:item=3556730800&perks=3250572790,3781548872,2859149211,4049631843
dimwishlist:item=3556730800&perks=3250572790,3781548872,2859149211,859780267
dimwishlist:item=3556730800&perks=3250572790,3781548872,2859149211,11612903
dimwishlist:item=3556730800&perks=3250572790,3781548872,2859149211,2422968039
dimwishlist:item=3556730800&perks=3250572790,3781548872,2859149211,3218042543
dimwishlist:item=3556730800&perks=3250572790,3781548872,2859149211,2633604463
dimwishlist:item=3556730800&perks=3250572790,3781548872,1135494563,4049631843
dimwishlist:item=3556730800&perks=3250572790,3781548872,1135494563,859780267
dimwishlist:item=3556730800&perks=3250572790,3781548872,1135494563,11612903
dimwishlist:item=3556730800&perks=3250572790,3781548872,1135494563,2422968039
dimwishlist:item=3556730800&perks=3250572790,3781548872,1135494563,3218042543
dimwishlist:item=3556730800&perks=3250572790,3781548872,1135494563,2633604463
dimwishlist:item=3556730800&perks=3250572790,3781548872,1017229899,4049631843
dimwishlist:item=3556730800&perks=3250572790,3781548872,1017229899,859780267
dimwishlist:item=3556730800&perks=3250572790,3781548872,1017229899,11612903
dimwishlist:item=3556730800&perks=3250572790,3781548872,1017229899,2422968039
dimwishlist:item=3556730800&perks=3250572790,3781548872,1017229899,3218042543
dimwishlist:item=3556730800&perks=3250572790,3781548872,1017229899,2633604463
dimwishlist:item=3556730800&perks=3250572790,3781548872,3696140595,4049631843
dimwishlist:item=3556730800&perks=3250572790,3781548872,3696140595,859780267
dimwishlist:item=3556730800&perks=3250572790,3781548872,3696140595,11612903
dimwishlist:item=3556730800&perks=3250572790,3781548872,3696140595,2422968039
dimwishlist:item=3556730800&perks=3250572790,3781548872,3696140595,3218042543
dimwishlist:item=3556730800&perks=3250572790,3781548872,3696140595,2633604463
dimwishlist:item=3556730800&perks=3250572790,3781548872,1115162408,4049631843
dimwishlist:item=3556730800&perks=3250572790,3781548872,1115162408,859780267
dimwishlist:item=3556730800&perks=3250572790,3781548872,1115162408,11612903
dimwishlist:item=3556730800&perks=3250572790,3781548872,1115162408,2422968039
dimwishlist:item=3556730800&perks=3250572790,3781548872,1115162408,3218042543
dimwishlist:item=3556730800&perks=3250572790,3781548872,1115162408,2633604463
dimwishlist:item=3556730800&perks=3250572790,3781548872,511499160,4049631843
dimwishlist:item=3556730800&perks=3250572790,3781548872,511499160,859780267
dimwishlist:item=3556730800&perks=3250572790,3781548872,511499160,11612903
dimwishlist:item=3556730800&perks=3250572790,3781548872,511499160,2422968039
dimwishlist:item=3556730800&perks=3250572790,3781548872,511499160,3218042543
dimwishlist:item=3556730800&perks=3250572790,3781548872,511499160,2633604463
dimwishlist:item=135971347&perks=3525010810,2822142346,2859149211,4049631843
dimwishlist:item=135971347&perks=3525010810,2822142346,2859149211,859780267
dimwishlist:item=135971347&perks=3525010810,2822142346,2859149211,11612903
dimwishlist:item=135971347&perks=3525010810,2822142346,2859149211,2422968039
dimwishlist:item=135971347&perks=3525010810,2822142346,2859149211,3218042543
dimwishlist:item=135971347&perks=3525010810,2822142346,2859149211,2633604463
dimwishlist:item=135971347&perks=3525010810,2822142346,1135494563,4049631843
dimwishlist:item=135971347&perks=3525010810,2822142346,1135494563,859780267
dimwishlist:item=135971347&perks=3525010810,2822142346,1135494563,11612903
dimwishlist:item=135971347&perks=3525010810,2822142346,1135494563,2422968039
dimwishlist:item=135971347&perks=3525010810,2822142346,1135494563,3218042543
dimwishlist:item=135971347&perks=3525010810,2822142346,1135494563,2633604463
dimwishlist:item=135971347&perks=3525010810,2822142346,1017229899,4049631843
dimwishlist:item=135971347&perks=3525010810,2822142346,1017229899,859780267
dimwishlist:item=135971347&perks=3525010810,2822142346,1017229899,11612903
dimwishlist:item=135971347&perks=3525010810,2822142346,1017229899,2422968039
dimwishlist:item=135971347&perks=3525010810,2822142346,1017229899,3218042543
dimwishlist:item=135971347&perks=3525010810,2822142346,1017229899,2633604463
dimwishlist:item=135971347&perks=3525010810,2822142346,3696140595,4049631843
dimwishlist:item=135971347&perks=3525010810,2822142346,3696140595,859780267
dimwishlist:item=135971347&perks=3525010810,2822142346,3696140595,11612903
dimwishlist:item=135971347&perks=3525010810,2822142346,3696140595,2422968039
dimwishlist:item=135971347&perks=3525010810,2822142346,3696140595,3218042543
dimwishlist:item=135971347&perks=3525010810,2822142346,3696140595,2633604463
dimwishlist:item=135971347&perks=3525010810,2822142346,1115162408,4049631843
dimwishlist:item=135971347&perks=3525010810,2822142346,1115162408,859780267
dimwishlist:item=135971347&perks=3525010810,2822142346,1115162408,11612903
dimwishlist:item=135971347&perks=3525010810,2822142346,1115162408,2422968039
dimwishlist:item=135971347&perks=3525010810,2822142346,1115162408,3218042543
dimwishlist:item=135971347&perks=3525010810,2822142346,1115162408,2633604463
dimwishlist:item=135971347&perks=3525010810,2822142346,511499160,4049631843
dimwishlist:item=135971347&perks=3525010810,2822142346,511499160,859780267
dimwishlist:item=135971347&perks=3525010810,2822142346,511499160,11612903
dimwishlist:item=135971347&perks=3525010810,2822142346,511499160,2422968039
dimwishlist:item=135971347&perks=3525010810,2822142346,511499160,3218042543
dimwishlist:item=135971347&perks=3525010810,2822142346,511499160,2633604463
dimwishlist:item=135971347&perks=3525010810,2108812838,2859149211,4049631843
dimwishlist:item=135971347&perks=3525010810,2108812838,2859149211,859780267
dimwishlist:item=135971347&perks=3525010810,2108812838,2859149211,11612903
dimwishlist:item=135971347&perks=3525010810,2108812838,2859149211,2422968039
dimwishlist:item=135971347&perks=3525010810,2108812838,2859149211,3218042543
dimwishlist:item=135971347&perks=3525010810,2108812838,2859149211,2633604463
dimwishlist:item=135971347&perks=3525010810,2108812838,1135494563,4049631843
dimwishlist:item=135971347&perks=3525010810,2108812838,1135494563,859780267
dimwishlist:item=135971347&perks=3525010810,2108812838,1135494563,11612903
dimwishlist:item=135971347&perks=3525010810,2108812838,1135494563,2422968039
dimwishlist:item=135971347&perks=3525010810,2108812838,1135494563,3218042543
dimwishlist:item=135971347&perks=3525010810,2108812838,1135494563,2633604463
dimwishlist:item=135971347&perks=3525010810,2108812838,1017229899,4049631843
dimwishlist:item=135971347&perks=3525010810,2108812838,1017229899,859780267
dimwishlist:item=135971347&perks=3525010810,2108812838,1017229899,11612903
dimwishlist:item=135971347&perks=3525010810,2108812838,1017229899,2422968039
dimwishlist:item=135971347&perks=3525010810,2108812838,1017229899,3218042543
dimwishlist:item=135971347&perks=3525010810,2108812838,1017229899,2633604463
dimwishlist:item=135971347&perks=3525010810,2108812838,3696140595,4049631843
dimwishlist:item=135971347&perks=3525010810,2108812838,3696140595,859780267
dimwishlist:item=135971347&perks=3525010810,2108812838,3696140595,11612903
dimwishlist:item=135971347&perks=3525010810,2108812838,3696140595,2422968039
dimwishlist:item=135971347&perks=3525010810,2108812838,3696140595,3218042543
dimwishlist:item=135971347&perks=3525010810,2108812838,3696140595,2633604463
dimwishlist:item=135971347&perks=3525010810,2108812838,1115162408,4049631843
dimwishlist:item=135971347&perks=3525010810,2108812838,1115162408,859780267
dimwishlist:item=135971347&perks=3525010810,2108812838,1115162408,11612903
dimwishlist:item=135971347&perks=3525010810,2108812838,1115162408,2422968039
dimwishlist:item=135971347&perks=3525010810,2108812838,1115162408,3218042543
dimwishlist:item=135971347&perks=3525010810,2108812838,1115162408,2633604463
dimwishlist:item=135971347&perks=3525010810,2108812838,511499160,4049631843
dimwishlist:item=135971347&perks=3525010810,2108812838,511499160,859780267
dimwishlist:item=135971347&perks=3525010810,2108812838,511499160,11612903
dimwishlist:item=135971347&perks=3525010810,2108812838,511499160,2422968039
dimwishlist:item=135971347&perks=3525010810,2108812838,511499160,3218042543
dimwishlist:item=135971347&perks=3525010810,2108812838,511499160,2633604463
dimwishlist:item=135971347&perks=3525010810,1380253176,2859149211,4049631843
dimwishlist:item=135971347&perks=3525010810,1380253176,2859149211,859780267
dimwishlist:item=135971347&perks=3525010810,1380253176,2859149211,11612903
dimwishlist:item=135971347&perks=3525010810,1380253176,2859149211,2422968039
dimwishlist:item=135971347&perks=3525010810,1380253176,2859149211,3218042543
dimwishlist:item=135971347&perks=3525010810,1380253176,2859149211,2633604463
dimwishlist:item=135971347&perks=3525010810,1380253176,1135494563,4049631843
dimwishlist:item=135971347&perks=3525010810,1380253176,1135494563,859780267
dimwishlist:item=135971347&perks=3525010810,1380253176,1135494563,11612903
dimwishlist:item=135971347&perks=3525010810,1380253176,1135494563,2422968039
dimwishlist:item=135971347&perks=3525010810,1380253176,1135494563,3218042543
dimwishlist:item=135971347&perks=3525010810,1380253176,1135494563,2633604463
dimwishlist:item=135971347&perks=3525010810,1380253176,1017229899,4049631843
dimwishlist:item=135971347&perks=3525010810,1380253176,1017229899,859780267
dimwishlist:item=135971347&perks=3525010810,1380253176,1017229899,11612903
dimwishlist:item=135971347&perks=3525010810,1380253176,1017229899,2422968039
dimwishlist:item=135971347&perks=3525010810,1380253176,1017229899,3218042543
dimwishlist:item=135971347&perks=3525010810,1380253176,1017229899,2633604463
dimwishlist:item=135971347&perks=3525010810,1380253176,3696140595,4049631843
dimwishlist:item=135971347&perks=3525010810,1380253176,3696140595,859780267
dimwishlist:item=135971347&perks=3525010810,1380253176,3696140595,11612903
dimwishlist:item=135971347&perks=3525010810,1380253176,3696140595,2422968039
dimwishlist:item=135971347&perks=3525010810,1380253176,3696140595,3218042543
dimwishlist:item=135971347&perks=3525010810,1380253176,3696140595,2633604463
dimwishlist:item=135971347&perks=3525010810,1380253176,1115162408,4049631843
dimwishlist:item=135971347&perks=3525010810,1380253176,1115162408,859780267
dimwishlist:item=135971347&perks=3525010810,1380253176,1115162408,11612903
dimwishlist:item=135971347&perks=3525010810,1380253176,1115162408,2422968039
dimwishlist:item=135971347&perks=3525010810,1380253176,1115162408,3218042543
dimwishlist:item=135971347&perks=3525010810,1380253176,1115162408,2633604463
dimwishlist:item=135971347&perks=3525010810,1380253176,511499160,4049631843
dimwishlist:item=135971347&perks=3525010810,1380253176,511499160,859780267
dimwishlist:item=135971347&perks=3525010810,1380253176,511499160,11612903
dimwishlist:item=135971347&perks=3525010810,1380253176,511499160,2422968039
dimwishlist:item=135971347&perks=3525010810,1380253176,511499160,3218042543
dimwishlist:item=135971347&perks=3525010810,1380253176,511499160,2633604463
dimwishlist:item=135971347&perks=3525010810,3781548872,2859149211,4049631843
dimwishlist:item=135971347&perks=3525010810,3781548872,2859149211,859780267
dimwishlist:item=135971347&perks=3525010810,3781548872,2859149211,11612903
dimwishlist:item=135971347&perks=3525010810,3781548872,2859149211,2422968039
dimwishlist:item=135971347&perks=3525010810,3781548872,2859149211,3218042543
dimwishlist:item=135971347&perks=3525010810,3781548872,2859149211,2633604463
dimwishlist:item=135971347&perks=3525010810,3781548872,1135494563,4049631843
dimwishlist:item=135971347&perks=3525010810,3781548872,1135494563,859780267
dimwishlist:item=135971347&perks=3525010810,3781548872,1135494563,11612903
dimwishlist:item=135971347&perks=3525010810,3781548872,1135494563,2422968039
dimwishlist:item=135971347&perks=3525010810,3781548872,1135494563,3218042543
dimwishlist:item=135971347&perks=3525010810,3781548872,1135494563,2633604463
dimwishlist:item=135971347&perks=3525010810,3781548872,1017229899,4049631843
dimwishlist:item=135971347&perks=3525010810,3781548872,1017229899,859780267
dimwishlist:item=135971347&perks=3525010810,3781548872,1017229899,11612903
dimwishlist:item=135971347&perks=3525010810,3781548872,1017229899,2422968039
dimwishlist:item=135971347&perks=3525010810,3781548872,1017229899,3218042543
dimwishlist:item=135971347&perks=3525010810,3781548872,1017229899,2633604463
dimwishlist:item=135971347&perks=3525010810,3781548872,3696140595,4049631843
dimwishlist:item=135971347&perks=3525010810,3781548872,3696140595,859780267
dimwishlist:item=135971347&perks=3525010810,3781548872,3696140595,11612903
dimwishlist:item=135971347&perks=3525010810,3781548872,3696140595,2422968039
dimwishlist:item=135971347&perks=3525010810,3781548872,3696140595,3218042543
dimwishlist:item=135971347&perks=3525010810,3781548872,3696140595,2633604463
dimwishlist:item=135971347&perks=3525010810,3781548872,1115162408,4049631843
dimwishlist:item=135971347&perks=3525010810,3781548872,1115162408,859780267
dimwishlist:item=135971347&perks=3525010810,3781548872,1115162408,11612903
dimwishlist:item=135971347&perks=3525010810,3781548872,1115162408,2422968039
dimwishlist:item=135971347&perks=3525010810,3781548872,1115162408,3218042543
dimwishlist:item=135971347&perks=3525010810,3781548872,1115162408,2633604463
dimwishlist:item=135971347&perks=3525010810,3781548872,511499160,4049631843
dimwishlist:item=135971347&perks=3525010810,3781548872,511499160,859780267
dimwishlist:item=135971347&perks=3525010810,3781548872,511499160,11612903
dimwishlist:item=135971347&perks=3525010810,3781548872,511499160,2422968039
dimwishlist:item=135971347&perks=3525010810,3781548872,511499160,3218042543
dimwishlist:item=135971347&perks=3525010810,3781548872,511499160,2633604463
dimwishlist:item=135971347&perks=3250572790,2822142346,2859149211,4049631843
dimwishlist:item=135971347&perks=3250572790,2822142346,2859149211,859780267
dimwishlist:item=135971347&perks=3250572790,2822142346,2859149211,11612903
dimwishlist:item=135971347&perks=3250572790,2822142346,2859149211,2422968039
dimwishlist:item=135971347&perks=3250572790,2822142346,2859149211,3218042543
dimwishlist:item=135971347&perks=3250572790,2822142346,2859149211,2633604463
dimwishlist:item=135971347&perks=3250572790,2822142346,1135494563,4049631843
dimwishlist:item=135971347&perks=3250572790,2822142346,1135494563,859780267
dimwishlist:item=135971347&perks=3250572790,2822142346,1135494563,11612903
dimwishlist:item=135971347&perks=3250572790,2822142346,1135494563,2422968039
dimwishlist:item=135971347&perks=3250572790,2822142346,1135494563,3218042543
dimwishlist:item=135971347&perks=3250572790,2822142346,1135494563,2633604463
dimwishlist:item=135971347&perks=3250572790,2822142346,1017229899,4049631843
dimwishlist:item=135971347&perks=3250572790,2822142346,1017229899,859780267
dimwishlist:item=135971347&perks=3250572790,2822142346,1017229899,11612903
dimwishlist:item=135971347&perks=3250572790,2822142346,1017229899,2422968039
dimwishlist:item=135971347&perks=3250572790,2822142346,1017229899,3218042543
dimwishlist:item=135971347&perks=3250572790,2822142346,1017229899,2633604463
dimwishlist:item=135971347&perks=3250572790,2822142346,3696140595,4049631843
dimwishlist:item=135971347&perks=3250572790,2822142346,3696140595,859780267
dimwishlist:item=135971347&perks=3250572790,2822142346,3696140595,11612903
dimwishlist:item=135971347&perks=3250572790,2822142346,3696140595,2422968039
dimwishlist:item=135971347&perks=3250572790,2822142346,3696140595,3218042543
dimwishlist:item=135971347&perks=3250572790,2822142346,3696140595,2633604463
dimwishlist:item=135971347&perks=3250572790,2822142346,1115162408,4049631843
dimwishlist:item=135971347&perks=3250572790,2822142346,1115162408,859780267
dimwishlist:item=135971347&perks=3250572790,2822142346,1115162408,11612903
dimwishlist:item=135971347&perks=3250572790,2822142346,1115162408,2422968039
dimwishlist:item=135971347&perks=3250572790,2822142346,1115162408,3218042543
dimwishlist:item=135971347&perks=3250572790,2822142346,1115162408,2633604463
dimwishlist:item=135971347&perks=3250572790,2822142346,511499160,4049631843
dimwishlist:item=135971347&perks=3250572790,2822142346,511499160,859780267
dimwishlist:item=135971347&perks=3250572790,2822142346,511499160,11612903
dimwishlist:item=135971347&perks=3250572790,2822142346,511499160,2422968039
dimwishlist:item=135971347&perks=3250572790,2822142346,511499160,3218042543
dimwishlist:item=135971347&perks=3250572790,2822142346,511499160,2633604463
dimwishlist:item=135971347&perks=3250572790,2108812838,2859149211,4049631843
dimwishlist:item=135971347&perks=3250572790,2108812838,2859149211,859780267
dimwishlist:item=135971347&perks=3250572790,2108812838,2859149211,11612903
dimwishlist:item=135971347&perks=3250572790,2108812838,2859149211,2422968039
dimwishlist:item=135971347&perks=3250572790,2108812838,2859149211,3218042543
dimwishlist:item=135971347&perks=3250572790,2108812838,2859149211,2633604463
dimwishlist:item=135971347&perks=3250572790,2108812838,1135494563,4049631843
dimwishlist:item=135971347&perks=3250572790,2108812838,1135494563,859780267
dimwishlist:item=135971347&perks=3250572790,2108812838,1135494563,11612903
dimwishlist:item=135971347&perks=3250572790,2108812838,1135494563,2422968039
dimwishlist:item=135971347&perks=3250572790,2108812838,1135494563,3218042543
dimwishlist:item=135971347&perks=3250572790,2108812838,1135494563,2633604463
dimwishlist:item=135971347&perks=3250572790,2108812838,1017229899,4049631843
dimwishlist:item=135971347&perks=3250572790,2108812838,1017229899,859780267
dimwishlist:item=135971347&perks=3250572790,2108812838,1017229899,11612903
dimwishlist:item=135971347&perks=3250572790,2108812838,1017229899,2422968039
dimwishlist:item=135971347&perks=3250572790,2108812838,1017229899,3218042543
dimwishlist:item=135971347&perks=3250572790,2108812838,1017229899,2633604463
dimwishlist:item=135971347&perks=3250572790,2108812838,3696140595,4049631843
dimwishlist:item=135971347&perks=3250572790,2108812838,3696140595,859780267
dimwishlist:item=135971347&perks=3250572790,2108812838,3696140595,11612903
dimwishlist:item=135971347&perks=3250572790,2108812838,3696140595,2422968039
dimwishlist:item=135971347&perks=3250572790,2108812838,3696140595,3218042543
dimwishlist:item=135971347&perks=3250572790,2108812838,3696140595,2633604463
dimwishlist:item=135971347&perks=3250572790,2108812838,1115162408,4049631843
dimwishlist:item=135971347&perks=3250572790,2108812838,1115162408,859780267
dimwishlist:item=135971347&perks=3250572790,2108812838,1115162408,11612903
dimwishlist:item=135971347&perks=3250572790,2108812838,1115162408,2422968039
dimwishlist:item=135971347&perks=3250572790,2108812838,1115162408,3218042543
dimwishlist:item=135971347&perks=3250572790,2108812838,1115162408,2633604463
dimwishlist:item=135971347&perks=3250572790,2108812838,511499160,4049631843
dimwishlist:item=135971347&perks=3250572790,2108812838,511499160,859780267
dimwishlist:item=135971347&perks=3250572790,2108812838,511499160,11612903
dimwishlist:item=135971347&perks=3250572790,2108812838,511499160,2422968039
dimwishlist:item=135971347&perks=3250572790,2108812838,511499160,3218042543
dimwishlist:item=135971347&perks=3250572790,2108812838,511499160,2633604463
dimwishlist:item=135971347&perks=3250572790,1380253176,2859149211,4049631843
dimwishlist:item=135971347&perks=3250572790,1380253176,2859149211,859780267
dimwishlist:item=135971347&perks=3250572790,1380253176,2859149211,11612903
dimwishlist:item=135971347&perks=3250572790,1380253176,2859149211,2422968039
dimwishlist:item=135971347&perks=3250572790,1380253176,2859149211,3218042543
dimwishlist:item=135971347&perks=3250572790,1380253176,2859149211,2633604463
dimwishlist:item=135971347&perks=3250572790,1380253176,1135494563,4049631843
dimwishlist:item=135971347&perks=3250572790,1380253176,1135494563,859780267
dimwishlist:item=135971347&perks=3250572790,1380253176,1135494563,11612903
dimwishlist:item=135971347&perks=3250572790,1380253176,1135494563,2422968039
dimwishlist:item=135971347&perks=3250572790,1380253176,1135494563,3218042543
dimwishlist:item=135971347&perks=3250572790,1380253176,1135494563,2633604463
dimwishlist:item=135971347&perks=3250572790,1380253176,1017229899,4049631843
dimwishlist:item=135971347&perks=3250572790,1380253176,1017229899,859780267
dimwishlist:item=135971347&perks=3250572790,1380253176,1017229899,11612903
dimwishlist:item=135971347&perks=3250572790,1380253176,1017229899,2422968039
dimwishlist:item=135971347&perks=3250572790,1380253176,1017229899,3218042543
dimwishlist:item=135971347&perks=3250572790,1380253176,1017229899,2633604463
dimwishlist:item=135971347&perks=3250572790,1380253176,3696140595,4049631843
dimwishlist:item=135971347&perks=3250572790,1380253176,3696140595,859780267
dimwishlist:item=135971347&perks=3250572790,1380253176,3696140595,11612903
dimwishlist:item=135971347&perks=3250572790,1380253176,3696140595,2422968039
dimwishlist:item=135971347&perks=3250572790,1380253176,3696140595,3218042543
dimwishlist:item=135971347&perks=3250572790,1380253176,3696140595,2633604463
dimwishlist:item=135971347&perks=3250572790,1380253176,1115162408,4049631843
dimwishlist:item=135971347&perks=3250572790,1380253176,1115162408,859780267
dimwishlist:item=135971347&perks=3250572790,1380253176,1115162408,11612903
dimwishlist:item=135971347&perks=3250572790,1380253176,1115162408,2422968039
dimwishlist:item=135971347&perks=3250572790,1380253176,1115162408,3218042543
dimwishlist:item=135971347&perks=3250572790,1380253176,1115162408,2633604463
dimwishlist:item=135971347&perks=3250572790,1380253176,511499160,4049631843
dimwishlist:item=135971347&perks=3250572790,1380253176,511499160,859780267
dimwishlist:item=135971347&perks=3250572790,1380253176,511499160,11612903
dimwishlist:item=135971347&perks=3250572790,1380253176,511499160,2422968039
dimwishlist:item=135971347&perks=3250572790,1380253176,511499160,3218042543
dimwishlist:item=135971347&perks=3250572790,1380253176,511499160,2633604463
dimwishlist:item=135971347&perks=3250572790,3781548872,2859149211,4049631843
dimwishlist:item=135971347&perks=3250572790,3781548872,2859149211,859780267
dimwishlist:item=135971347&perks=3250572790,3781548872,2859149211,11612903
dimwishlist:item=135971347&perks=3250572790,3781548872,2859149211,2422968039
dimwishlist:item=135971347&perks=3250572790,3781548872,2859149211,3218042543
dimwishlist:item=135971347&perks=3250572790,3781548872,2859149211,2633604463
dimwishlist:item=135971347&perks=3250572790,3781548872,1135494563,4049631843
dimwishlist:item=135971347&perks=3250572790,3781548872,1135494563,859780267
dimwishlist:item=135971347&perks=3250572790,3781548872,1135494563,11612903
dimwishlist:item=135971347&perks=3250572790,3781548872,1135494563,2422968039
dimwishlist:item=135971347&perks=3250572790,3781548872,1135494563,3218042543
dimwishlist:item=135971347&perks=3250572790,3781548872,1135494563,2633604463
dimwishlist:item=135971347&perks=3250572790,3781548872,1017229899,4049631843
dimwishlist:item=135971347&perks=3250572790,3781548872,1017229899,859780267
dimwishlist:item=135971347&perks=3250572790,3781548872,1017229899,11612903
dimwishlist:item=135971347&perks=3250572790,3781548872,1017229899,2422968039
dimwishlist:item=135971347&perks=3250572790,3781548872,1017229899,3218042543
dimwishlist:item=135971347&perks=3250572790,3781548872,1017229899,2633604463
dimwishlist:item=135971347&perks=3250572790,3781548872,3696140595,4049631843
dimwishlist:item=135971347&perks=3250572790,3781548872,3696140595,859780267
dimwishlist:item=135971347&perks=3250572790,3781548872,3696140595,11612903
dimwishlist:item=135971347&perks=3250572790,3781548872,3696140595,2422968039
dimwishlist:item=135971347&perks=3250572790,3781548872,3696140595,3218042543
dimwishlist:item=135971347&perks=3250572790,3781548872,3696140595,2633604463
dimwishlist:item=135971347&perks=3250572790,3781548872,1115162408,4049631843
dimwishlist:item=135971347&perks=3250572790,3781548872,1115162408,859780267
dimwishlist:item=135971347&perks=3250572790,3781548872,1115162408,11612903
dimwishlist:item=135971347&perks=3250572790,3781548872,1115162408,2422968039
dimwishlist:item=135971347&perks=3250572790,3781548872,1115162408,3218042543
dimwishlist:item=135971347&perks=3250572790,3781548872,1115162408,2633604463
dimwishlist:item=135971347&perks=3250572790,3781548872,511499160,4049631843
dimwishlist:item=135971347&perks=3250572790,3781548872,511499160,859780267
dimwishlist:item=135971347&perks=3250572790,3781548872,511499160,11612903
dimwishlist:item=135971347&perks=3250572790,3781548872,511499160,2422968039
dimwishlist:item=135971347&perks=3250572790,3781548872,511499160,3218042543
dimwishlist:item=135971347&perks=3250572790,3781548872,511499160,2633604463


//Psychopomp
//notes:Aegis Speedrun Shopping #2 (Universal use) -> Add clear
dimwishlist:item=1835232052&perks=3525010810,2822142346,3300816228,654512643
dimwishlist:item=1835232052&perks=3525010810,2822142346,3300816228,4065965131
dimwishlist:item=1835232052&perks=3525010810,2822142346,3300816228,243981275
dimwishlist:item=1835232052&perks=3525010810,2822142346,3300816228,984655331
dimwishlist:item=1835232052&perks=3525010810,2822142346,3300816228,31345821
dimwishlist:item=1835232052&perks=3525010810,2822142346,3300816228,639190697
dimwishlist:item=1835232052&perks=3525010810,2822142346,3300816228,2173046394
dimwishlist:item=1835232052&perks=3525010810,2822142346,3300816228,1720528630
dimwishlist:item=1835232052&perks=3525010810,2822142346,3528046508,654512643
dimwishlist:item=1835232052&perks=3525010810,2822142346,3528046508,4065965131
dimwishlist:item=1835232052&perks=3525010810,2822142346,3528046508,243981275
dimwishlist:item=1835232052&perks=3525010810,2822142346,3528046508,984655331
dimwishlist:item=1835232052&perks=3525010810,2822142346,3528046508,31345821
dimwishlist:item=1835232052&perks=3525010810,2822142346,3528046508,639190697
dimwishlist:item=1835232052&perks=3525010810,2822142346,3528046508,2173046394
dimwishlist:item=1835232052&perks=3525010810,2822142346,3528046508,1720528630
dimwishlist:item=1835232052&perks=3525010810,2822142346,3218042543,654512643
dimwishlist:item=1835232052&perks=3525010810,2822142346,3218042543,4065965131
dimwishlist:item=1835232052&perks=3525010810,2822142346,3218042543,243981275
dimwishlist:item=1835232052&perks=3525010810,2822142346,3218042543,984655331
dimwishlist:item=1835232052&perks=3525010810,2822142346,3218042543,31345821
dimwishlist:item=1835232052&perks=3525010810,2822142346,3218042543,639190697
dimwishlist:item=1835232052&perks=3525010810,2822142346,3218042543,2173046394
dimwishlist:item=1835232052&perks=3525010810,2822142346,3218042543,1720528630
dimwishlist:item=1835232052&perks=3525010810,2822142346,2633604463,654512643
dimwishlist:item=1835232052&perks=3525010810,2822142346,2633604463,4065965131
dimwishlist:item=1835232052&perks=3525010810,2822142346,2633604463,243981275
dimwishlist:item=1835232052&perks=3525010810,2822142346,2633604463,984655331
dimwishlist:item=1835232052&perks=3525010810,2822142346,2633604463,31345821
dimwishlist:item=1835232052&perks=3525010810,2822142346,2633604463,639190697
dimwishlist:item=1835232052&perks=3525010810,2822142346,2633604463,2173046394
dimwishlist:item=1835232052&perks=3525010810,2822142346,2633604463,1720528630
dimwishlist:item=1835232052&perks=3525010810,2822142346,2360347339,654512643
dimwishlist:item=1835232052&perks=3525010810,2822142346,2360347339,4065965131
dimwishlist:item=1835232052&perks=3525010810,2822142346,2360347339,243981275
dimwishlist:item=1835232052&perks=3525010810,2822142346,2360347339,984655331
dimwishlist:item=1835232052&perks=3525010810,2822142346,2360347339,31345821
dimwishlist:item=1835232052&perks=3525010810,2822142346,2360347339,639190697
dimwishlist:item=1835232052&perks=3525010810,2822142346,2360347339,2173046394
dimwishlist:item=1835232052&perks=3525010810,2822142346,2360347339,1720528630
dimwishlist:item=1835232052&perks=3525010810,2822142346,4096144819,654512643
dimwishlist:item=1835232052&perks=3525010810,2822142346,4096144819,4065965131
dimwishlist:item=1835232052&perks=3525010810,2822142346,4096144819,243981275
dimwishlist:item=1835232052&perks=3525010810,2822142346,4096144819,984655331
dimwishlist:item=1835232052&perks=3525010810,2822142346,4096144819,31345821
dimwishlist:item=1835232052&perks=3525010810,2822142346,4096144819,639190697
dimwishlist:item=1835232052&perks=3525010810,2822142346,4096144819,2173046394
dimwishlist:item=1835232052&perks=3525010810,2822142346,4096144819,1720528630
dimwishlist:item=1835232052&perks=3525010810,2822142346,3523296417,654512643
dimwishlist:item=1835232052&perks=3525010810,2822142346,3523296417,4065965131
dimwishlist:item=1835232052&perks=3525010810,2822142346,3523296417,243981275
dimwishlist:item=1835232052&perks=3525010810,2822142346,3523296417,984655331
dimwishlist:item=1835232052&perks=3525010810,2822142346,3523296417,31345821
dimwishlist:item=1835232052&perks=3525010810,2822142346,3523296417,639190697
dimwishlist:item=1835232052&perks=3525010810,2822142346,3523296417,2173046394
dimwishlist:item=1835232052&perks=3525010810,2822142346,3523296417,1720528630
dimwishlist:item=1835232052&perks=3525010810,2822142346,1906147653,654512643
dimwishlist:item=1835232052&perks=3525010810,2822142346,1906147653,4065965131
dimwishlist:item=1835232052&perks=3525010810,2822142346,1906147653,243981275
dimwishlist:item=1835232052&perks=3525010810,2822142346,1906147653,984655331
dimwishlist:item=1835232052&perks=3525010810,2822142346,1906147653,31345821
dimwishlist:item=1835232052&perks=3525010810,2822142346,1906147653,639190697
dimwishlist:item=1835232052&perks=3525010810,2822142346,1906147653,2173046394
dimwishlist:item=1835232052&perks=3525010810,2822142346,1906147653,1720528630
dimwishlist:item=1835232052&perks=3525010810,2108812838,3300816228,654512643
dimwishlist:item=1835232052&perks=3525010810,2108812838,3300816228,4065965131
dimwishlist:item=1835232052&perks=3525010810,2108812838,3300816228,243981275
dimwishlist:item=1835232052&perks=3525010810,2108812838,3300816228,984655331
dimwishlist:item=1835232052&perks=3525010810,2108812838,3300816228,31345821
dimwishlist:item=1835232052&perks=3525010810,2108812838,3300816228,639190697
dimwishlist:item=1835232052&perks=3525010810,2108812838,3300816228,2173046394
dimwishlist:item=1835232052&perks=3525010810,2108812838,3300816228,1720528630
dimwishlist:item=1835232052&perks=3525010810,2108812838,3528046508,654512643
dimwishlist:item=1835232052&perks=3525010810,2108812838,3528046508,4065965131
dimwishlist:item=1835232052&perks=3525010810,2108812838,3528046508,243981275
dimwishlist:item=1835232052&perks=3525010810,2108812838,3528046508,984655331
dimwishlist:item=1835232052&perks=3525010810,2108812838,3528046508,31345821
dimwishlist:item=1835232052&perks=3525010810,2108812838,3528046508,639190697
dimwishlist:item=1835232052&perks=3525010810,2108812838,3528046508,2173046394
dimwishlist:item=1835232052&perks=3525010810,2108812838,3528046508,1720528630
dimwishlist:item=1835232052&perks=3525010810,2108812838,3218042543,654512643
dimwishlist:item=1835232052&perks=3525010810,2108812838,3218042543,4065965131
dimwishlist:item=1835232052&perks=3525010810,2108812838,3218042543,243981275
dimwishlist:item=1835232052&perks=3525010810,2108812838,3218042543,984655331
dimwishlist:item=1835232052&perks=3525010810,2108812838,3218042543,31345821
dimwishlist:item=1835232052&perks=3525010810,2108812838,3218042543,639190697
dimwishlist:item=1835232052&perks=3525010810,2108812838,3218042543,2173046394
dimwishlist:item=1835232052&perks=3525010810,2108812838,3218042543,1720528630
dimwishlist:item=1835232052&perks=3525010810,2108812838,2633604463,654512643
dimwishlist:item=1835232052&perks=3525010810,2108812838,2633604463,4065965131
dimwishlist:item=1835232052&perks=3525010810,2108812838,2633604463,243981275
dimwishlist:item=1835232052&perks=3525010810,2108812838,2633604463,984655331
dimwishlist:item=1835232052&perks=3525010810,2108812838,2633604463,31345821
dimwishlist:item=1835232052&perks=3525010810,2108812838,2633604463,639190697
dimwishlist:item=1835232052&perks=3525010810,2108812838,2633604463,2173046394
dimwishlist:item=1835232052&perks=3525010810,2108812838,2633604463,1720528630
dimwishlist:item=1835232052&perks=3525010810,2108812838,2360347339,654512643
dimwishlist:item=1835232052&perks=3525010810,2108812838,2360347339,4065965131
dimwishlist:item=1835232052&perks=3525010810,2108812838,2360347339,243981275
dimwishlist:item=1835232052&perks=3525010810,2108812838,2360347339,984655331
dimwishlist:item=1835232052&perks=3525010810,2108812838,2360347339,31345821
dimwishlist:item=1835232052&perks=3525010810,2108812838,2360347339,639190697
dimwishlist:item=1835232052&perks=3525010810,2108812838,2360347339,2173046394
dimwishlist:item=1835232052&perks=3525010810,2108812838,2360347339,1720528630
dimwishlist:item=1835232052&perks=3525010810,2108812838,4096144819,654512643
dimwishlist:item=1835232052&perks=3525010810,2108812838,4096144819,4065965131
dimwishlist:item=1835232052&perks=3525010810,2108812838,4096144819,243981275
dimwishlist:item=1835232052&perks=3525010810,2108812838,4096144819,984655331
dimwishlist:item=1835232052&perks=3525010810,2108812838,4096144819,31345821
dimwishlist:item=1835232052&perks=3525010810,2108812838,4096144819,639190697
dimwishlist:item=1835232052&perks=3525010810,2108812838,4096144819,2173046394
dimwishlist:item=1835232052&perks=3525010810,2108812838,4096144819,1720528630
dimwishlist:item=1835232052&perks=3525010810,2108812838,3523296417,654512643
dimwishlist:item=1835232052&perks=3525010810,2108812838,3523296417,4065965131
dimwishlist:item=1835232052&perks=3525010810,2108812838,3523296417,243981275
dimwishlist:item=1835232052&perks=3525010810,2108812838,3523296417,984655331
dimwishlist:item=1835232052&perks=3525010810,2108812838,3523296417,31345821
dimwishlist:item=1835232052&perks=3525010810,2108812838,3523296417,639190697
dimwishlist:item=1835232052&perks=3525010810,2108812838,3523296417,2173046394
dimwishlist:item=1835232052&perks=3525010810,2108812838,3523296417,1720528630
dimwishlist:item=1835232052&perks=3525010810,2108812838,1906147653,654512643
dimwishlist:item=1835232052&perks=3525010810,2108812838,1906147653,4065965131
dimwishlist:item=1835232052&perks=3525010810,2108812838,1906147653,243981275
dimwishlist:item=1835232052&perks=3525010810,2108812838,1906147653,984655331
dimwishlist:item=1835232052&perks=3525010810,2108812838,1906147653,31345821
dimwishlist:item=1835232052&perks=3525010810,2108812838,1906147653,639190697
dimwishlist:item=1835232052&perks=3525010810,2108812838,1906147653,2173046394
dimwishlist:item=1835232052&perks=3525010810,2108812838,1906147653,1720528630
dimwishlist:item=1835232052&perks=3250572790,2822142346,3300816228,654512643
dimwishlist:item=1835232052&perks=3250572790,2822142346,3300816228,4065965131
dimwishlist:item=1835232052&perks=3250572790,2822142346,3300816228,243981275
dimwishlist:item=1835232052&perks=3250572790,2822142346,3300816228,984655331
dimwishlist:item=1835232052&perks=3250572790,2822142346,3300816228,31345821
dimwishlist:item=1835232052&perks=3250572790,2822142346,3300816228,639190697
dimwishlist:item=1835232052&perks=3250572790,2822142346,3300816228,2173046394
dimwishlist:item=1835232052&perks=3250572790,2822142346,3300816228,1720528630
dimwishlist:item=1835232052&perks=3250572790,2822142346,3528046508,654512643
dimwishlist:item=1835232052&perks=3250572790,2822142346,3528046508,4065965131
dimwishlist:item=1835232052&perks=3250572790,2822142346,3528046508,243981275
dimwishlist:item=1835232052&perks=3250572790,2822142346,3528046508,984655331
dimwishlist:item=1835232052&perks=3250572790,2822142346,3528046508,31345821
dimwishlist:item=1835232052&perks=3250572790,2822142346,3528046508,639190697
dimwishlist:item=1835232052&perks=3250572790,2822142346,3528046508,2173046394
dimwishlist:item=1835232052&perks=3250572790,2822142346,3528046508,1720528630
dimwishlist:item=1835232052&perks=3250572790,2822142346,3218042543,654512643
dimwishlist:item=1835232052&perks=3250572790,2822142346,3218042543,4065965131
dimwishlist:item=1835232052&perks=3250572790,2822142346,3218042543,243981275
dimwishlist:item=1835232052&perks=3250572790,2822142346,3218042543,984655331
dimwishlist:item=1835232052&perks=3250572790,2822142346,3218042543,31345821
dimwishlist:item=1835232052&perks=3250572790,2822142346,3218042543,639190697
dimwishlist:item=1835232052&perks=3250572790,2822142346,3218042543,2173046394
dimwishlist:item=1835232052&perks=3250572790,2822142346,3218042543,1720528630
dimwishlist:item=1835232052&perks=3250572790,2822142346,2633604463,654512643
dimwishlist:item=1835232052&perks=3250572790,2822142346,2633604463,4065965131
dimwishlist:item=1835232052&perks=3250572790,2822142346,2633604463,243981275
dimwishlist:item=1835232052&perks=3250572790,2822142346,2633604463,984655331
dimwishlist:item=1835232052&perks=3250572790,2822142346,2633604463,31345821
dimwishlist:item=1835232052&perks=3250572790,2822142346,2633604463,639190697
dimwishlist:item=1835232052&perks=3250572790,2822142346,2633604463,2173046394
dimwishlist:item=1835232052&perks=3250572790,2822142346,2633604463,1720528630
dimwishlist:item=1835232052&perks=3250572790,2822142346,2360347339,654512643
dimwishlist:item=1835232052&perks=3250572790,2822142346,2360347339,4065965131
dimwishlist:item=1835232052&perks=3250572790,2822142346,2360347339,243981275
dimwishlist:item=1835232052&perks=3250572790,2822142346,2360347339,984655331
dimwishlist:item=1835232052&perks=3250572790,2822142346,2360347339,31345821
dimwishlist:item=1835232052&perks=3250572790,2822142346,2360347339,639190697
dimwishlist:item=1835232052&perks=3250572790,2822142346,2360347339,2173046394
dimwishlist:item=1835232052&perks=3250572790,2822142346,2360347339,1720528630
dimwishlist:item=1835232052&perks=3250572790,2822142346,4096144819,654512643
dimwishlist:item=1835232052&perks=3250572790,2822142346,4096144819,4065965131
dimwishlist:item=1835232052&perks=3250572790,2822142346,4096144819,243981275
dimwishlist:item=1835232052&perks=3250572790,2822142346,4096144819,984655331
dimwishlist:item=1835232052&perks=3250572790,2822142346,4096144819,31345821
dimwishlist:item=1835232052&perks=3250572790,2822142346,4096144819,639190697
dimwishlist:item=1835232052&perks=3250572790,2822142346,4096144819,2173046394
dimwishlist:item=1835232052&perks=3250572790,2822142346,4096144819,1720528630
dimwishlist:item=1835232052&perks=3250572790,2822142346,3523296417,654512643
dimwishlist:item=1835232052&perks=3250572790,2822142346,3523296417,4065965131
dimwishlist:item=1835232052&perks=3250572790,2822142346,3523296417,243981275
dimwishlist:item=1835232052&perks=3250572790,2822142346,3523296417,984655331
dimwishlist:item=1835232052&perks=3250572790,2822142346,3523296417,31345821
dimwishlist:item=1835232052&perks=3250572790,2822142346,3523296417,639190697
dimwishlist:item=1835232052&perks=3250572790,2822142346,3523296417,2173046394
dimwishlist:item=1835232052&perks=3250572790,2822142346,3523296417,1720528630
dimwishlist:item=1835232052&perks=3250572790,2822142346,1906147653,654512643
dimwishlist:item=1835232052&perks=3250572790,2822142346,1906147653,4065965131
dimwishlist:item=1835232052&perks=3250572790,2822142346,1906147653,243981275
dimwishlist:item=1835232052&perks=3250572790,2822142346,1906147653,984655331
dimwishlist:item=1835232052&perks=3250572790,2822142346,1906147653,31345821
dimwishlist:item=1835232052&perks=3250572790,2822142346,1906147653,639190697
dimwishlist:item=1835232052&perks=3250572790,2822142346,1906147653,2173046394
dimwishlist:item=1835232052&perks=3250572790,2822142346,1906147653,1720528630
dimwishlist:item=1835232052&perks=3250572790,2108812838,3300816228,654512643
dimwishlist:item=1835232052&perks=3250572790,2108812838,3300816228,4065965131
dimwishlist:item=1835232052&perks=3250572790,2108812838,3300816228,243981275
dimwishlist:item=1835232052&perks=3250572790,2108812838,3300816228,984655331
dimwishlist:item=1835232052&perks=3250572790,2108812838,3300816228,31345821
dimwishlist:item=1835232052&perks=3250572790,2108812838,3300816228,639190697
dimwishlist:item=1835232052&perks=3250572790,2108812838,3300816228,2173046394
dimwishlist:item=1835232052&perks=3250572790,2108812838,3300816228,1720528630
dimwishlist:item=1835232052&perks=3250572790,2108812838,3528046508,654512643
dimwishlist:item=1835232052&perks=3250572790,2108812838,3528046508,4065965131
dimwishlist:item=1835232052&perks=3250572790,2108812838,3528046508,243981275
dimwishlist:item=1835232052&perks=3250572790,2108812838,3528046508,984655331
dimwishlist:item=1835232052&perks=3250572790,2108812838,3528046508,31345821
dimwishlist:item=1835232052&perks=3250572790,2108812838,3528046508,639190697
dimwishlist:item=1835232052&perks=3250572790,2108812838,3528046508,2173046394
dimwishlist:item=1835232052&perks=3250572790,2108812838,3528046508,1720528630
dimwishlist:item=1835232052&perks=3250572790,2108812838,3218042543,654512643
dimwishlist:item=1835232052&perks=3250572790,2108812838,3218042543,4065965131
dimwishlist:item=1835232052&perks=3250572790,2108812838,3218042543,243981275
dimwishlist:item=1835232052&perks=3250572790,2108812838,3218042543,984655331
dimwishlist:item=1835232052&perks=3250572790,2108812838,3218042543,31345821
dimwishlist:item=1835232052&perks=3250572790,2108812838,3218042543,639190697
dimwishlist:item=1835232052&perks=3250572790,2108812838,3218042543,2173046394
dimwishlist:item=1835232052&perks=3250572790,2108812838,3218042543,1720528630
dimwishlist:item=1835232052&perks=3250572790,2108812838,2633604463,654512643
dimwishlist:item=1835232052&perks=3250572790,2108812838,2633604463,4065965131
dimwishlist:item=1835232052&perks=3250572790,2108812838,2633604463,243981275
dimwishlist:item=1835232052&perks=3250572790,2108812838,2633604463,984655331
dimwishlist:item=1835232052&perks=3250572790,2108812838,2633604463,31345821
dimwishlist:item=1835232052&perks=3250572790,2108812838,2633604463,639190697
dimwishlist:item=1835232052&perks=3250572790,2108812838,2633604463,2173046394
dimwishlist:item=1835232052&perks=3250572790,2108812838,2633604463,1720528630
dimwishlist:item=1835232052&perks=3250572790,2108812838,2360347339,654512643
dimwishlist:item=1835232052&perks=3250572790,2108812838,2360347339,4065965131
dimwishlist:item=1835232052&perks=3250572790,2108812838,2360347339,243981275
dimwishlist:item=1835232052&perks=3250572790,2108812838,2360347339,984655331
dimwishlist:item=1835232052&perks=3250572790,2108812838,2360347339,31345821
dimwishlist:item=1835232052&perks=3250572790,2108812838,2360347339,639190697
dimwishlist:item=1835232052&perks=3250572790,2108812838,2360347339,2173046394
dimwishlist:item=1835232052&perks=3250572790,2108812838,2360347339,1720528630
dimwishlist:item=1835232052&perks=3250572790,2108812838,4096144819,654512643
dimwishlist:item=1835232052&perks=3250572790,2108812838,4096144819,4065965131
dimwishlist:item=1835232052&perks=3250572790,2108812838,4096144819,243981275
dimwishlist:item=1835232052&perks=3250572790,2108812838,4096144819,984655331
dimwishlist:item=1835232052&perks=3250572790,2108812838,4096144819,31345821
dimwishlist:item=1835232052&perks=3250572790,2108812838,4096144819,639190697
dimwishlist:item=1835232052&perks=3250572790,2108812838,4096144819,2173046394
dimwishlist:item=1835232052&perks=3250572790,2108812838,4096144819,1720528630
dimwishlist:item=1835232052&perks=3250572790,2108812838,3523296417,654512643
dimwishlist:item=1835232052&perks=3250572790,2108812838,3523296417,4065965131
dimwishlist:item=1835232052&perks=3250572790,2108812838,3523296417,243981275
dimwishlist:item=1835232052&perks=3250572790,2108812838,3523296417,984655331
dimwishlist:item=1835232052&perks=3250572790,2108812838,3523296417,31345821
dimwishlist:item=1835232052&perks=3250572790,2108812838,3523296417,639190697
dimwishlist:item=1835232052&perks=3250572790,2108812838,3523296417,2173046394
dimwishlist:item=1835232052&perks=3250572790,2108812838,3523296417,1720528630
dimwishlist:item=1835232052&perks=3250572790,2108812838,1906147653,654512643
dimwishlist:item=1835232052&perks=3250572790,2108812838,1906147653,4065965131
dimwishlist:item=1835232052&perks=3250572790,2108812838,1906147653,243981275
dimwishlist:item=1835232052&perks=3250572790,2108812838,1906147653,984655331
dimwishlist:item=1835232052&perks=3250572790,2108812838,1906147653,31345821
dimwishlist:item=1835232052&perks=3250572790,2108812838,1906147653,639190697
dimwishlist:item=1835232052&perks=3250572790,2108812838,1906147653,2173046394
dimwishlist:item=1835232052&perks=3250572790,2108812838,1906147653,1720528630


//Retraced Path
//notes:Aegis Speedrun Shopping #2 (Universal use) -> QoL ammo pickups
dimwishlist:item=548958835&perks=1840239774,2749775325,3700496672,3523296417
dimwishlist:item=548958835&perks=1840239774,2749775325,3700496672,1906147653
dimwishlist:item=548958835&perks=1840239774,2749775325,3700496672,1683379515
dimwishlist:item=548958835&perks=1840239774,2749775325,3700496672,2216471363
dimwishlist:item=548958835&perks=1840239774,2749775325,3700496672,4293542123
dimwishlist:item=548958835&perks=1840239774,2749775325,3700496672,2675184851
dimwishlist:item=548958835&perks=1840239774,2749775325,2840833776,3523296417
dimwishlist:item=548958835&perks=1840239774,2749775325,2840833776,1906147653
dimwishlist:item=548958835&perks=1840239774,2749775325,2840833776,1683379515
dimwishlist:item=548958835&perks=1840239774,2749775325,2840833776,2216471363
dimwishlist:item=548958835&perks=1840239774,2749775325,2840833776,4293542123
dimwishlist:item=548958835&perks=1840239774,2749775325,2840833776,2675184851
dimwishlist:item=548958835&perks=1840239774,2749775325,1048183818,3523296417
dimwishlist:item=548958835&perks=1840239774,2749775325,1048183818,1906147653
dimwishlist:item=548958835&perks=1840239774,2749775325,1048183818,1683379515
dimwishlist:item=548958835&perks=1840239774,2749775325,1048183818,2216471363
dimwishlist:item=548958835&perks=1840239774,2749775325,1048183818,4293542123
dimwishlist:item=548958835&perks=1840239774,2749775325,1048183818,2675184851
dimwishlist:item=548958835&perks=1840239774,2749775325,3431277734,3523296417
dimwishlist:item=548958835&perks=1840239774,2749775325,3431277734,1906147653
dimwishlist:item=548958835&perks=1840239774,2749775325,3431277734,1683379515
dimwishlist:item=548958835&perks=1840239774,2749775325,3431277734,2216471363
dimwishlist:item=548958835&perks=1840239774,2749775325,3431277734,4293542123
dimwishlist:item=548958835&perks=1840239774,2749775325,3431277734,2675184851
dimwishlist:item=548958835&perks=1840239774,2073750249,3700496672,3523296417
dimwishlist:item=548958835&perks=1840239774,2073750249,3700496672,1906147653
dimwishlist:item=548958835&perks=1840239774,2073750249,3700496672,1683379515
dimwishlist:item=548958835&perks=1840239774,2073750249,3700496672,2216471363
dimwishlist:item=548958835&perks=1840239774,2073750249,3700496672,4293542123
dimwishlist:item=548958835&perks=1840239774,2073750249,3700496672,2675184851
dimwishlist:item=548958835&perks=1840239774,2073750249,2840833776,3523296417
dimwishlist:item=548958835&perks=1840239774,2073750249,2840833776,1906147653
dimwishlist:item=548958835&perks=1840239774,2073750249,2840833776,1683379515
dimwishlist:item=548958835&perks=1840239774,2073750249,2840833776,2216471363
dimwishlist:item=548958835&perks=1840239774,2073750249,2840833776,4293542123
dimwishlist:item=548958835&perks=1840239774,2073750249,2840833776,2675184851
dimwishlist:item=548958835&perks=1840239774,2073750249,1048183818,3523296417
dimwishlist:item=548958835&perks=1840239774,2073750249,1048183818,1906147653
dimwishlist:item=548958835&perks=1840239774,2073750249,1048183818,1683379515
dimwishlist:item=548958835&perks=1840239774,2073750249,1048183818,2216471363
dimwishlist:item=548958835&perks=1840239774,2073750249,1048183818,4293542123
dimwishlist:item=548958835&perks=1840239774,2073750249,1048183818,2675184851
dimwishlist:item=548958835&perks=1840239774,2073750249,3431277734,3523296417
dimwishlist:item=548958835&perks=1840239774,2073750249,3431277734,1906147653
dimwishlist:item=548958835&perks=1840239774,2073750249,3431277734,1683379515
dimwishlist:item=548958835&perks=1840239774,2073750249,3431277734,2216471363
dimwishlist:item=548958835&perks=1840239774,2073750249,3431277734,4293542123
dimwishlist:item=548958835&perks=1840239774,2073750249,3431277734,2675184851
dimwishlist:item=548958835&perks=1124871858,2749775325,3700496672,3523296417
dimwishlist:item=548958835&perks=1124871858,2749775325,3700496672,1906147653
dimwishlist:item=548958835&perks=1124871858,2749775325,3700496672,1683379515
dimwishlist:item=548958835&perks=1124871858,2749775325,3700496672,2216471363
dimwishlist:item=548958835&perks=1124871858,2749775325,3700496672,4293542123
dimwishlist:item=548958835&perks=1124871858,2749775325,3700496672,2675184851
dimwishlist:item=548958835&perks=1124871858,2749775325,2840833776,3523296417
dimwishlist:item=548958835&perks=1124871858,2749775325,2840833776,1906147653
dimwishlist:item=548958835&perks=1124871858,2749775325,2840833776,1683379515
dimwishlist:item=548958835&perks=1124871858,2749775325,2840833776,2216471363
dimwishlist:item=548958835&perks=1124871858,2749775325,2840833776,4293542123
dimwishlist:item=548958835&perks=1124871858,2749775325,2840833776,2675184851
dimwishlist:item=548958835&perks=1124871858,2749775325,1048183818,3523296417
dimwishlist:item=548958835&perks=1124871858,2749775325,1048183818,1906147653
dimwishlist:item=548958835&perks=1124871858,2749775325,1048183818,1683379515
dimwishlist:item=548958835&perks=1124871858,2749775325,1048183818,2216471363
dimwishlist:item=548958835&perks=1124871858,2749775325,1048183818,4293542123
dimwishlist:item=548958835&perks=1124871858,2749775325,1048183818,2675184851
dimwishlist:item=548958835&perks=1124871858,2749775325,3431277734,3523296417
dimwishlist:item=548958835&perks=1124871858,2749775325,3431277734,1906147653
dimwishlist:item=548958835&perks=1124871858,2749775325,3431277734,1683379515
dimwishlist:item=548958835&perks=1124871858,2749775325,3431277734,2216471363
dimwishlist:item=548958835&perks=1124871858,2749775325,3431277734,4293542123
dimwishlist:item=548958835&perks=1124871858,2749775325,3431277734,2675184851
dimwishlist:item=548958835&perks=1124871858,2073750249,3700496672,3523296417
dimwishlist:item=548958835&perks=1124871858,2073750249,3700496672,1906147653
dimwishlist:item=548958835&perks=1124871858,2073750249,3700496672,1683379515
dimwishlist:item=548958835&perks=1124871858,2073750249,3700496672,2216471363
dimwishlist:item=548958835&perks=1124871858,2073750249,3700496672,4293542123
dimwishlist:item=548958835&perks=1124871858,2073750249,3700496672,2675184851
dimwishlist:item=548958835&perks=1124871858,2073750249,2840833776,3523296417
dimwishlist:item=548958835&perks=1124871858,2073750249,2840833776,1906147653
dimwishlist:item=548958835&perks=1124871858,2073750249,2840833776,1683379515
dimwishlist:item=548958835&perks=1124871858,2073750249,2840833776,2216471363
dimwishlist:item=548958835&perks=1124871858,2073750249,2840833776,4293542123
dimwishlist:item=548958835&perks=1124871858,2073750249,2840833776,2675184851
dimwishlist:item=548958835&perks=1124871858,2073750249,1048183818,3523296417
dimwishlist:item=548958835&perks=1124871858,2073750249,1048183818,1906147653
dimwishlist:item=548958835&perks=1124871858,2073750249,1048183818,1683379515
dimwishlist:item=548958835&perks=1124871858,2073750249,1048183818,2216471363
dimwishlist:item=548958835&perks=1124871858,2073750249,1048183818,4293542123
dimwishlist:item=548958835&perks=1124871858,2073750249,1048183818,2675184851
dimwishlist:item=548958835&perks=1124871858,2073750249,3431277734,3523296417
dimwishlist:item=548958835&perks=1124871858,2073750249,3431277734,1906147653
dimwishlist:item=548958835&perks=1124871858,2073750249,3431277734,1683379515
dimwishlist:item=548958835&perks=1124871858,2073750249,3431277734,2216471363
dimwishlist:item=548958835&perks=1124871858,2073750249,3431277734,4293542123
dimwishlist:item=548958835&perks=1124871858,2073750249,3431277734,2675184851


//Salvation's Grip
//notes:Aegis Speedrun Shopping #2 (Universal use) -> DSM
dimwishlist:item=370712896&perks=,,,


//Tessellation
//notes:Aegis Speedrun Shopping #2 (Universal use) -> Burst damage
dimwishlist:item=3561203890&perks=,,,


//The Deicide
//notes:Aegis Speedrun Shopping #2 (Universal use) -> Boss damage
dimwishlist:item=217140611&perks=1300023272,106909392,1556840489,2679249093
dimwishlist:item=217140611&perks=1300023272,1783397184,1556840489,2679249093
dimwishlist:item=217140611&perks=1300023272,679225683,1556840489,2679249093
dimwishlist:item=217140611&perks=1300023272,1807273211,1556840489,2679249093
dimwishlist:item=217140611&perks=2371713880,106909392,1556840489,2679249093
dimwishlist:item=217140611&perks=2371713880,1783397184,1556840489,2679249093
dimwishlist:item=217140611&perks=2371713880,679225683,1556840489,2679249093
dimwishlist:item=217140611&perks=2371713880,1807273211,1556840489,2679249093
dimwishlist:item=1517780158&perks=1300023272,106909392,4071163871,2679249093
dimwishlist:item=1517780158&perks=1300023272,106909392,4071163871,788178929
dimwishlist:item=1517780158&perks=1300023272,106909392,4071163871,2360754333
dimwishlist:item=1517780158&perks=1300023272,106909392,4071163871,2459015849
dimwishlist:item=1517780158&perks=1300023272,106909392,494941759,2679249093
dimwishlist:item=1517780158&perks=1300023272,106909392,494941759,788178929
dimwishlist:item=1517780158&perks=1300023272,106909392,494941759,2360754333
dimwishlist:item=1517780158&perks=1300023272,106909392,494941759,2459015849
dimwishlist:item=1517780158&perks=1300023272,106909392,3300816228,2679249093
dimwishlist:item=1517780158&perks=1300023272,106909392,3300816228,788178929
dimwishlist:item=1517780158&perks=1300023272,106909392,3300816228,2360754333
dimwishlist:item=1517780158&perks=1300023272,106909392,3300816228,2459015849
dimwishlist:item=1517780158&perks=1300023272,106909392,3528046508,2679249093
dimwishlist:item=1517780158&perks=1300023272,106909392,3528046508,788178929
dimwishlist:item=1517780158&perks=1300023272,106909392,3528046508,2360754333
dimwishlist:item=1517780158&perks=1300023272,106909392,3528046508,2459015849
dimwishlist:item=1517780158&perks=1300023272,106909392,1556840489,2679249093
dimwishlist:item=1517780158&perks=1300023272,106909392,1556840489,788178929
dimwishlist:item=1517780158&perks=1300023272,106909392,1556840489,2360754333
dimwishlist:item=1517780158&perks=1300023272,106909392,1556840489,2459015849
dimwishlist:item=1517780158&perks=1300023272,106909392,3442762221,2679249093
dimwishlist:item=1517780158&perks=1300023272,106909392,3442762221,788178929
dimwishlist:item=1517780158&perks=1300023272,106909392,3442762221,2360754333
dimwishlist:item=1517780158&perks=1300023272,106909392,3442762221,2459015849
dimwishlist:item=1517780158&perks=1300023272,1783397184,4071163871,2679249093
dimwishlist:item=1517780158&perks=1300023272,1783397184,4071163871,788178929
dimwishlist:item=1517780158&perks=1300023272,1783397184,4071163871,2360754333
dimwishlist:item=1517780158&perks=1300023272,1783397184,4071163871,2459015849
dimwishlist:item=1517780158&perks=1300023272,1783397184,494941759,2679249093
dimwishlist:item=1517780158&perks=1300023272,1783397184,494941759,788178929
dimwishlist:item=1517780158&perks=1300023272,1783397184,494941759,2360754333
dimwishlist:item=1517780158&perks=1300023272,1783397184,494941759,2459015849
dimwishlist:item=1517780158&perks=1300023272,1783397184,3300816228,2679249093
dimwishlist:item=1517780158&perks=1300023272,1783397184,3300816228,788178929
dimwishlist:item=1517780158&perks=1300023272,1783397184,3300816228,2360754333
dimwishlist:item=1517780158&perks=1300023272,1783397184,3300816228,2459015849
dimwishlist:item=1517780158&perks=1300023272,1783397184,3528046508,2679249093
dimwishlist:item=1517780158&perks=1300023272,1783397184,3528046508,788178929
dimwishlist:item=1517780158&perks=1300023272,1783397184,3528046508,2360754333
dimwishlist:item=1517780158&perks=1300023272,1783397184,3528046508,2459015849
dimwishlist:item=1517780158&perks=1300023272,1783397184,1556840489,2679249093
dimwishlist:item=1517780158&perks=1300023272,1783397184,1556840489,788178929
dimwishlist:item=1517780158&perks=1300023272,1783397184,1556840489,2360754333
dimwishlist:item=1517780158&perks=1300023272,1783397184,1556840489,2459015849
dimwishlist:item=1517780158&perks=1300023272,1783397184,3442762221,2679249093
dimwishlist:item=1517780158&perks=1300023272,1783397184,3442762221,788178929
dimwishlist:item=1517780158&perks=1300023272,1783397184,3442762221,2360754333
dimwishlist:item=1517780158&perks=1300023272,1783397184,3442762221,2459015849
dimwishlist:item=1517780158&perks=1300023272,679225683,4071163871,2679249093
dimwishlist:item=1517780158&perks=1300023272,679225683,4071163871,788178929
dimwishlist:item=1517780158&perks=1300023272,679225683,4071163871,2360754333
dimwishlist:item=1517780158&perks=1300023272,679225683,4071163871,2459015849
dimwishlist:item=1517780158&perks=1300023272,679225683,494941759,2679249093
dimwishlist:item=1517780158&perks=1300023272,679225683,494941759,788178929
dimwishlist:item=1517780158&perks=1300023272,679225683,494941759,2360754333
dimwishlist:item=1517780158&perks=1300023272,679225683,494941759,2459015849
dimwishlist:item=1517780158&perks=1300023272,679225683,3300816228,2679249093
dimwishlist:item=1517780158&perks=1300023272,679225683,3300816228,788178929
dimwishlist:item=1517780158&perks=1300023272,679225683,3300816228,2360754333
dimwishlist:item=1517780158&perks=1300023272,679225683,3300816228,2459015849
dimwishlist:item=1517780158&perks=1300023272,679225683,3528046508,2679249093
dimwishlist:item=1517780158&perks=1300023272,679225683,3528046508,788178929
dimwishlist:item=1517780158&perks=1300023272,679225683,3528046508,2360754333
dimwishlist:item=1517780158&perks=1300023272,679225683,3528046508,2459015849
dimwishlist:item=1517780158&perks=1300023272,679225683,1556840489,2679249093
dimwishlist:item=1517780158&perks=1300023272,679225683,1556840489,788178929
dimwishlist:item=1517780158&perks=1300023272,679225683,1556840489,2360754333
dimwishlist:item=1517780158&perks=1300023272,679225683,1556840489,2459015849
dimwishlist:item=1517780158&perks=1300023272,679225683,3442762221,2679249093
dimwishlist:item=1517780158&perks=1300023272,679225683,3442762221,788178929
dimwishlist:item=1517780158&perks=1300023272,679225683,3442762221,2360754333
dimwishlist:item=1517780158&perks=1300023272,679225683,3442762221,2459015849
dimwishlist:item=1517780158&perks=1300023272,1807273211,4071163871,2679249093
dimwishlist:item=1517780158&perks=1300023272,1807273211,4071163871,788178929
dimwishlist:item=1517780158&perks=1300023272,1807273211,4071163871,2360754333
dimwishlist:item=1517780158&perks=1300023272,1807273211,4071163871,2459015849
dimwishlist:item=1517780158&perks=1300023272,1807273211,494941759,2679249093
dimwishlist:item=1517780158&perks=1300023272,1807273211,494941759,788178929
dimwishlist:item=1517780158&perks=1300023272,1807273211,494941759,2360754333
dimwishlist:item=1517780158&perks=1300023272,1807273211,494941759,2459015849
dimwishlist:item=1517780158&perks=1300023272,1807273211,3300816228,2679249093
dimwishlist:item=1517780158&perks=1300023272,1807273211,3300816228,788178929
dimwishlist:item=1517780158&perks=1300023272,1807273211,3300816228,2360754333
dimwishlist:item=1517780158&perks=1300023272,1807273211,3300816228,2459015849
dimwishlist:item=1517780158&perks=1300023272,1807273211,3528046508,2679249093
dimwishlist:item=1517780158&perks=1300023272,1807273211,3528046508,788178929
dimwishlist:item=1517780158&perks=1300023272,1807273211,3528046508,2360754333
dimwishlist:item=1517780158&perks=1300023272,1807273211,3528046508,2459015849
dimwishlist:item=1517780158&perks=1300023272,1807273211,1556840489,2679249093
dimwishlist:item=1517780158&perks=1300023272,1807273211,1556840489,788178929
dimwishlist:item=1517780158&perks=1300023272,1807273211,1556840489,2360754333
dimwishlist:item=1517780158&perks=1300023272,1807273211,1556840489,2459015849
dimwishlist:item=1517780158&perks=1300023272,1807273211,3442762221,2679249093
dimwishlist:item=1517780158&perks=1300023272,1807273211,3442762221,788178929
dimwishlist:item=1517780158&perks=1300023272,1807273211,3442762221,2360754333
dimwishlist:item=1517780158&perks=1300023272,1807273211,3442762221,2459015849
dimwishlist:item=1517780158&perks=2371713880,106909392,4071163871,2679249093
dimwishlist:item=1517780158&perks=2371713880,106909392,4071163871,788178929
dimwishlist:item=1517780158&perks=2371713880,106909392,4071163871,2360754333
dimwishlist:item=1517780158&perks=2371713880,106909392,4071163871,2459015849
dimwishlist:item=1517780158&perks=2371713880,106909392,494941759,2679249093
dimwishlist:item=1517780158&perks=2371713880,106909392,494941759,788178929
dimwishlist:item=1517780158&perks=2371713880,106909392,494941759,2360754333
dimwishlist:item=1517780158&perks=2371713880,106909392,494941759,2459015849
dimwishlist:item=1517780158&perks=2371713880,106909392,3300816228,2679249093
dimwishlist:item=1517780158&perks=2371713880,106909392,3300816228,788178929
dimwishlist:item=1517780158&perks=2371713880,106909392,3300816228,2360754333
dimwishlist:item=1517780158&perks=2371713880,106909392,3300816228,2459015849
dimwishlist:item=1517780158&perks=2371713880,106909392,3528046508,2679249093
dimwishlist:item=1517780158&perks=2371713880,106909392,3528046508,788178929
dimwishlist:item=1517780158&perks=2371713880,106909392,3528046508,2360754333
dimwishlist:item=1517780158&perks=2371713880,106909392,3528046508,2459015849
dimwishlist:item=1517780158&perks=2371713880,106909392,1556840489,2679249093
dimwishlist:item=1517780158&perks=2371713880,106909392,1556840489,788178929
dimwishlist:item=1517780158&perks=2371713880,106909392,1556840489,2360754333
dimwishlist:item=1517780158&perks=2371713880,106909392,1556840489,2459015849
dimwishlist:item=1517780158&perks=2371713880,106909392,3442762221,2679249093
dimwishlist:item=1517780158&perks=2371713880,106909392,3442762221,788178929
dimwishlist:item=1517780158&perks=2371713880,106909392,3442762221,2360754333
dimwishlist:item=1517780158&perks=2371713880,106909392,3442762221,2459015849
dimwishlist:item=1517780158&perks=2371713880,1783397184,4071163871,2679249093
dimwishlist:item=1517780158&perks=2371713880,1783397184,4071163871,788178929
dimwishlist:item=1517780158&perks=2371713880,1783397184,4071163871,2360754333
dimwishlist:item=1517780158&perks=2371713880,1783397184,4071163871,2459015849
dimwishlist:item=1517780158&perks=2371713880,1783397184,494941759,2679249093
dimwishlist:item=1517780158&perks=2371713880,1783397184,494941759,788178929
dimwishlist:item=1517780158&perks=2371713880,1783397184,494941759,2360754333
dimwishlist:item=1517780158&perks=2371713880,1783397184,494941759,2459015849
dimwishlist:item=1517780158&perks=2371713880,1783397184,3300816228,2679249093
dimwishlist:item=1517780158&perks=2371713880,1783397184,3300816228,788178929
dimwishlist:item=1517780158&perks=2371713880,1783397184,3300816228,2360754333
dimwishlist:item=1517780158&perks=2371713880,1783397184,3300816228,2459015849
dimwishlist:item=1517780158&perks=2371713880,1783397184,3528046508,2679249093
dimwishlist:item=1517780158&perks=2371713880,1783397184,3528046508,788178929
dimwishlist:item=1517780158&perks=2371713880,1783397184,3528046508,2360754333
dimwishlist:item=1517780158&perks=2371713880,1783397184,3528046508,2459015849
dimwishlist:item=1517780158&perks=2371713880,1783397184,1556840489,2679249093
dimwishlist:item=1517780158&perks=2371713880,1783397184,1556840489,788178929
dimwishlist:item=1517780158&perks=2371713880,1783397184,1556840489,2360754333
dimwishlist:item=1517780158&perks=2371713880,1783397184,1556840489,2459015849
dimwishlist:item=1517780158&perks=2371713880,1783397184,3442762221,2679249093
dimwishlist:item=1517780158&perks=2371713880,1783397184,3442762221,788178929
dimwishlist:item=1517780158&perks=2371713880,1783397184,3442762221,2360754333
dimwishlist:item=1517780158&perks=2371713880,1783397184,3442762221,2459015849
dimwishlist:item=1517780158&perks=2371713880,679225683,4071163871,2679249093
dimwishlist:item=1517780158&perks=2371713880,679225683,4071163871,788178929
dimwishlist:item=1517780158&perks=2371713880,679225683,4071163871,2360754333
dimwishlist:item=1517780158&perks=2371713880,679225683,4071163871,2459015849
dimwishlist:item=1517780158&perks=2371713880,679225683,494941759,2679249093
dimwishlist:item=1517780158&perks=2371713880,679225683,494941759,788178929
dimwishlist:item=1517780158&perks=2371713880,679225683,494941759,2360754333
dimwishlist:item=1517780158&perks=2371713880,679225683,494941759,2459015849
dimwishlist:item=1517780158&perks=2371713880,679225683,3300816228,2679249093
dimwishlist:item=1517780158&perks=2371713880,679225683,3300816228,788178929
dimwishlist:item=1517780158&perks=2371713880,679225683,3300816228,2360754333
dimwishlist:item=1517780158&perks=2371713880,679225683,3300816228,2459015849
dimwishlist:item=1517780158&perks=2371713880,679225683,3528046508,2679249093
dimwishlist:item=1517780158&perks=2371713880,679225683,3528046508,788178929
dimwishlist:item=1517780158&perks=2371713880,679225683,3528046508,2360754333
dimwishlist:item=1517780158&perks=2371713880,679225683,3528046508,2459015849
dimwishlist:item=1517780158&perks=2371713880,679225683,1556840489,2679249093
dimwishlist:item=1517780158&perks=2371713880,679225683,1556840489,788178929
dimwishlist:item=1517780158&perks=2371713880,679225683,1556840489,2360754333
dimwishlist:item=1517780158&perks=2371713880,679225683,1556840489,2459015849
dimwishlist:item=1517780158&perks=2371713880,679225683,3442762221,2679249093
dimwishlist:item=1517780158&perks=2371713880,679225683,3442762221,788178929
dimwishlist:item=1517780158&perks=2371713880,679225683,3442762221,2360754333
dimwishlist:item=1517780158&perks=2371713880,679225683,3442762221,2459015849
dimwishlist:item=1517780158&perks=2371713880,1807273211,4071163871,2679249093
dimwishlist:item=1517780158&perks=2371713880,1807273211,4071163871,788178929
dimwishlist:item=1517780158&perks=2371713880,1807273211,4071163871,2360754333
dimwishlist:item=1517780158&perks=2371713880,1807273211,4071163871,2459015849
dimwishlist:item=1517780158&perks=2371713880,1807273211,494941759,2679249093
dimwishlist:item=1517780158&perks=2371713880,1807273211,494941759,788178929
dimwishlist:item=1517780158&perks=2371713880,1807273211,494941759,2360754333
dimwishlist:item=1517780158&perks=2371713880,1807273211,494941759,2459015849
dimwishlist:item=1517780158&perks=2371713880,1807273211,3300816228,2679249093
dimwishlist:item=1517780158&perks=2371713880,1807273211,3300816228,788178929
dimwishlist:item=1517780158&perks=2371713880,1807273211,3300816228,2360754333
dimwishlist:item=1517780158&perks=2371713880,1807273211,3300816228,2459015849
dimwishlist:item=1517780158&perks=2371713880,1807273211,3528046508,2679249093
dimwishlist:item=1517780158&perks=2371713880,1807273211,3528046508,788178929
dimwishlist:item=1517780158&perks=2371713880,1807273211,3528046508,2360754333
dimwishlist:item=1517780158&perks=2371713880,1807273211,3528046508,2459015849
dimwishlist:item=1517780158&perks=2371713880,1807273211,1556840489,2679249093
dimwishlist:item=1517780158&perks=2371713880,1807273211,1556840489,788178929
dimwishlist:item=1517780158&perks=2371713880,1807273211,1556840489,2360754333
dimwishlist:item=1517780158&perks=2371713880,1807273211,1556840489,2459015849
dimwishlist:item=1517780158&perks=2371713880,1807273211,3442762221,2679249093
dimwishlist:item=1517780158&perks=2371713880,1807273211,3442762221,788178929
dimwishlist:item=1517780158&perks=2371713880,1807273211,3442762221,2360754333
dimwishlist:item=1517780158&perks=2371713880,1807273211,3442762221,2459015849


//Theodolite
//notes:Aegis Speedrun Shopping #2 (Universal use) -> Movement
dimwishlist:item=4146673635&perks=3525010810,2822142346,1523832109,4104185692
dimwishlist:item=4146673635&perks=3525010810,2822142346,1523832109,3007133316
dimwishlist:item=4146673635&perks=3525010810,2822142346,461595545,4104185692
dimwishlist:item=4146673635&perks=3525010810,2822142346,461595545,3007133316
dimwishlist:item=4146673635&perks=3525010810,2108812838,1523832109,4104185692
dimwishlist:item=4146673635&perks=3525010810,2108812838,1523832109,3007133316
dimwishlist:item=4146673635&perks=3525010810,2108812838,461595545,4104185692
dimwishlist:item=4146673635&perks=3525010810,2108812838,461595545,3007133316
dimwishlist:item=4146673635&perks=3525010810,3301904089,1523832109,4104185692
dimwishlist:item=4146673635&perks=3525010810,3301904089,1523832109,3007133316
dimwishlist:item=4146673635&perks=3525010810,3301904089,461595545,4104185692
dimwishlist:item=4146673635&perks=3525010810,3301904089,461595545,3007133316
dimwishlist:item=4146673635&perks=3525010810,409713597,1523832109,4104185692
dimwishlist:item=4146673635&perks=3525010810,409713597,1523832109,3007133316
dimwishlist:item=4146673635&perks=3525010810,409713597,461595545,4104185692
dimwishlist:item=4146673635&perks=3525010810,409713597,461595545,3007133316
dimwishlist:item=4146673635&perks=3250572790,2822142346,1523832109,4104185692
dimwishlist:item=4146673635&perks=3250572790,2822142346,1523832109,3007133316
dimwishlist:item=4146673635&perks=3250572790,2822142346,461595545,4104185692
dimwishlist:item=4146673635&perks=3250572790,2822142346,461595545,3007133316
dimwishlist:item=4146673635&perks=3250572790,2108812838,1523832109,4104185692
dimwishlist:item=4146673635&perks=3250572790,2108812838,1523832109,3007133316
dimwishlist:item=4146673635&perks=3250572790,2108812838,461595545,4104185692
dimwishlist:item=4146673635&perks=3250572790,2108812838,461595545,3007133316
dimwishlist:item=4146673635&perks=3250572790,3301904089,1523832109,4104185692
dimwishlist:item=4146673635&perks=3250572790,3301904089,1523832109,3007133316
dimwishlist:item=4146673635&perks=3250572790,3301904089,461595545,4104185692
dimwishlist:item=4146673635&perks=3250572790,3301904089,461595545,3007133316
dimwishlist:item=4146673635&perks=3250572790,409713597,1523832109,4104185692
dimwishlist:item=4146673635&perks=3250572790,409713597,1523832109,3007133316
dimwishlist:item=4146673635&perks=3250572790,409713597,461595545,4104185692
dimwishlist:item=4146673635&perks=3250572790,409713597,461595545,3007133316


//Threat Level
//notes:Aegis Speedrun Shopping #2 (Universal use) -> Burst damage
dimwishlist:item=1523151869&perks=1300023272,106909392,3751912585,1089671869
dimwishlist:item=1523151869&perks=1300023272,106909392,3751912585,496047945
dimwishlist:item=1523151869&perks=1300023272,106909392,3751912585,3764420437
dimwishlist:item=1523151869&perks=1300023272,106909392,3751912585,3192447905
dimwishlist:item=1523151869&perks=1300023272,106909392,3751912585,1226351311
dimwishlist:item=1523151869&perks=1300023272,106909392,3751912585,3251326479
dimwishlist:item=1523151869&perks=1300023272,106909392,331667533,1089671869
dimwishlist:item=1523151869&perks=1300023272,106909392,331667533,496047945
dimwishlist:item=1523151869&perks=1300023272,106909392,331667533,3764420437
dimwishlist:item=1523151869&perks=1300023272,106909392,331667533,3192447905
dimwishlist:item=1523151869&perks=1300023272,106909392,331667533,1226351311
dimwishlist:item=1523151869&perks=1300023272,106909392,331667533,3251326479
dimwishlist:item=1523151869&perks=1300023272,106909392,2679249093,1089671869
dimwishlist:item=1523151869&perks=1300023272,106909392,2679249093,496047945
dimwishlist:item=1523151869&perks=1300023272,106909392,2679249093,3764420437
dimwishlist:item=1523151869&perks=1300023272,106909392,2679249093,3192447905
dimwishlist:item=1523151869&perks=1300023272,106909392,2679249093,1226351311
dimwishlist:item=1523151869&perks=1300023272,106909392,2679249093,3251326479
dimwishlist:item=1523151869&perks=1300023272,106909392,788178929,1089671869
dimwishlist:item=1523151869&perks=1300023272,106909392,788178929,496047945
dimwishlist:item=1523151869&perks=1300023272,106909392,788178929,3764420437
dimwishlist:item=1523151869&perks=1300023272,106909392,788178929,3192447905
dimwishlist:item=1523151869&perks=1300023272,106909392,788178929,1226351311
dimwishlist:item=1523151869&perks=1300023272,106909392,788178929,3251326479
dimwishlist:item=1523151869&perks=1300023272,106909392,1631667848,1089671869
dimwishlist:item=1523151869&perks=1300023272,106909392,1631667848,496047945
dimwishlist:item=1523151869&perks=1300023272,106909392,1631667848,3764420437
dimwishlist:item=1523151869&perks=1300023272,106909392,1631667848,3192447905
dimwishlist:item=1523151869&perks=1300023272,106909392,1631667848,1226351311
dimwishlist:item=1523151869&perks=1300023272,106909392,1631667848,3251326479
dimwishlist:item=1523151869&perks=1300023272,106909392,402033656,1089671869
dimwishlist:item=1523151869&perks=1300023272,106909392,402033656,496047945
dimwishlist:item=1523151869&perks=1300023272,106909392,402033656,3764420437
dimwishlist:item=1523151869&perks=1300023272,106909392,402033656,3192447905
dimwishlist:item=1523151869&perks=1300023272,106909392,402033656,1226351311
dimwishlist:item=1523151869&perks=1300023272,106909392,402033656,3251326479
dimwishlist:item=1523151869&perks=1300023272,1783397184,3751912585,1089671869
dimwishlist:item=1523151869&perks=1300023272,1783397184,3751912585,496047945
dimwishlist:item=1523151869&perks=1300023272,1783397184,3751912585,3764420437
dimwishlist:item=1523151869&perks=1300023272,1783397184,3751912585,3192447905
dimwishlist:item=1523151869&perks=1300023272,1783397184,3751912585,1226351311
dimwishlist:item=1523151869&perks=1300023272,1783397184,3751912585,3251326479
dimwishlist:item=1523151869&perks=1300023272,1783397184,331667533,1089671869
dimwishlist:item=1523151869&perks=1300023272,1783397184,331667533,496047945
dimwishlist:item=1523151869&perks=1300023272,1783397184,331667533,3764420437
dimwishlist:item=1523151869&perks=1300023272,1783397184,331667533,3192447905
dimwishlist:item=1523151869&perks=1300023272,1783397184,331667533,1226351311
dimwishlist:item=1523151869&perks=1300023272,1783397184,331667533,3251326479
dimwishlist:item=1523151869&perks=1300023272,1783397184,2679249093,1089671869
dimwishlist:item=1523151869&perks=1300023272,1783397184,2679249093,496047945
dimwishlist:item=1523151869&perks=1300023272,1783397184,2679249093,3764420437
dimwishlist:item=1523151869&perks=1300023272,1783397184,2679249093,3192447905
dimwishlist:item=1523151869&perks=1300023272,1783397184,2679249093,1226351311
dimwishlist:item=1523151869&perks=1300023272,1783397184,2679249093,3251326479
dimwishlist:item=1523151869&perks=1300023272,1783397184,788178929,1089671869
dimwishlist:item=1523151869&perks=1300023272,1783397184,788178929,496047945
dimwishlist:item=1523151869&perks=1300023272,1783397184,788178929,3764420437
dimwishlist:item=1523151869&perks=1300023272,1783397184,788178929,3192447905
dimwishlist:item=1523151869&perks=1300023272,1783397184,788178929,1226351311
dimwishlist:item=1523151869&perks=1300023272,1783397184,788178929,3251326479
dimwishlist:item=1523151869&perks=1300023272,1783397184,1631667848,1089671869
dimwishlist:item=1523151869&perks=1300023272,1783397184,1631667848,496047945
dimwishlist:item=1523151869&perks=1300023272,1783397184,1631667848,3764420437
dimwishlist:item=1523151869&perks=1300023272,1783397184,1631667848,3192447905
dimwishlist:item=1523151869&perks=1300023272,1783397184,1631667848,1226351311
dimwishlist:item=1523151869&perks=1300023272,1783397184,1631667848,3251326479
dimwishlist:item=1523151869&perks=1300023272,1783397184,402033656,1089671869
dimwishlist:item=1523151869&perks=1300023272,1783397184,402033656,496047945
dimwishlist:item=1523151869&perks=1300023272,1783397184,402033656,3764420437
dimwishlist:item=1523151869&perks=1300023272,1783397184,402033656,3192447905
dimwishlist:item=1523151869&perks=1300023272,1783397184,402033656,1226351311
dimwishlist:item=1523151869&perks=1300023272,1783397184,402033656,3251326479
dimwishlist:item=1523151869&perks=2371713880,106909392,3751912585,1089671869
dimwishlist:item=1523151869&perks=2371713880,106909392,3751912585,496047945
dimwishlist:item=1523151869&perks=2371713880,106909392,3751912585,3764420437
dimwishlist:item=1523151869&perks=2371713880,106909392,3751912585,3192447905
dimwishlist:item=1523151869&perks=2371713880,106909392,3751912585,1226351311
dimwishlist:item=1523151869&perks=2371713880,106909392,3751912585,3251326479
dimwishlist:item=1523151869&perks=2371713880,106909392,331667533,1089671869
dimwishlist:item=1523151869&perks=2371713880,106909392,331667533,496047945
dimwishlist:item=1523151869&perks=2371713880,106909392,331667533,3764420437
dimwishlist:item=1523151869&perks=2371713880,106909392,331667533,3192447905
dimwishlist:item=1523151869&perks=2371713880,106909392,331667533,1226351311
dimwishlist:item=1523151869&perks=2371713880,106909392,331667533,3251326479
dimwishlist:item=1523151869&perks=2371713880,106909392,2679249093,1089671869
dimwishlist:item=1523151869&perks=2371713880,106909392,2679249093,496047945
dimwishlist:item=1523151869&perks=2371713880,106909392,2679249093,3764420437
dimwishlist:item=1523151869&perks=2371713880,106909392,2679249093,3192447905
dimwishlist:item=1523151869&perks=2371713880,106909392,2679249093,1226351311
dimwishlist:item=1523151869&perks=2371713880,106909392,2679249093,3251326479
dimwishlist:item=1523151869&perks=2371713880,106909392,788178929,1089671869
dimwishlist:item=1523151869&perks=2371713880,106909392,788178929,496047945
dimwishlist:item=1523151869&perks=2371713880,106909392,788178929,3764420437
dimwishlist:item=1523151869&perks=2371713880,106909392,788178929,3192447905
dimwishlist:item=1523151869&perks=2371713880,106909392,788178929,1226351311
dimwishlist:item=1523151869&perks=2371713880,106909392,788178929,3251326479
dimwishlist:item=1523151869&perks=2371713880,106909392,1631667848,1089671869
dimwishlist:item=1523151869&perks=2371713880,106909392,1631667848,496047945
dimwishlist:item=1523151869&perks=2371713880,106909392,1631667848,3764420437
dimwishlist:item=1523151869&perks=2371713880,106909392,1631667848,3192447905
dimwishlist:item=1523151869&perks=2371713880,106909392,1631667848,1226351311
dimwishlist:item=1523151869&perks=2371713880,106909392,1631667848,3251326479
dimwishlist:item=1523151869&perks=2371713880,106909392,402033656,1089671869
dimwishlist:item=1523151869&perks=2371713880,106909392,402033656,496047945
dimwishlist:item=1523151869&perks=2371713880,106909392,402033656,3764420437
dimwishlist:item=1523151869&perks=2371713880,106909392,402033656,3192447905
dimwishlist:item=1523151869&perks=2371713880,106909392,402033656,1226351311
dimwishlist:item=1523151869&perks=2371713880,106909392,402033656,3251326479
dimwishlist:item=1523151869&perks=2371713880,1783397184,3751912585,1089671869
dimwishlist:item=1523151869&perks=2371713880,1783397184,3751912585,496047945
dimwishlist:item=1523151869&perks=2371713880,1783397184,3751912585,3764420437
dimwishlist:item=1523151869&perks=2371713880,1783397184,3751912585,3192447905
dimwishlist:item=1523151869&perks=2371713880,1783397184,3751912585,1226351311
dimwishlist:item=1523151869&perks=2371713880,1783397184,3751912585,3251326479
dimwishlist:item=1523151869&perks=2371713880,1783397184,331667533,1089671869
dimwishlist:item=1523151869&perks=2371713880,1783397184,331667533,496047945
dimwishlist:item=1523151869&perks=2371713880,1783397184,331667533,3764420437
dimwishlist:item=1523151869&perks=2371713880,1783397184,331667533,3192447905
dimwishlist:item=1523151869&perks=2371713880,1783397184,331667533,1226351311
dimwishlist:item=1523151869&perks=2371713880,1783397184,331667533,3251326479
dimwishlist:item=1523151869&perks=2371713880,1783397184,2679249093,1089671869
dimwishlist:item=1523151869&perks=2371713880,1783397184,2679249093,496047945
dimwishlist:item=1523151869&perks=2371713880,1783397184,2679249093,3764420437
dimwishlist:item=1523151869&perks=2371713880,1783397184,2679249093,3192447905
dimwishlist:item=1523151869&perks=2371713880,1783397184,2679249093,1226351311
dimwishlist:item=1523151869&perks=2371713880,1783397184,2679249093,3251326479
dimwishlist:item=1523151869&perks=2371713880,1783397184,788178929,1089671869
dimwishlist:item=1523151869&perks=2371713880,1783397184,788178929,496047945
dimwishlist:item=1523151869&perks=2371713880,1783397184,788178929,3764420437
dimwishlist:item=1523151869&perks=2371713880,1783397184,788178929,3192447905
dimwishlist:item=1523151869&perks=2371713880,1783397184,788178929,1226351311
dimwishlist:item=1523151869&perks=2371713880,1783397184,788178929,3251326479
dimwishlist:item=1523151869&perks=2371713880,1783397184,1631667848,1089671869
dimwishlist:item=1523151869&perks=2371713880,1783397184,1631667848,496047945
dimwishlist:item=1523151869&perks=2371713880,1783397184,1631667848,3764420437
dimwishlist:item=1523151869&perks=2371713880,1783397184,1631667848,3192447905
dimwishlist:item=1523151869&perks=2371713880,1783397184,1631667848,1226351311
dimwishlist:item=1523151869&perks=2371713880,1783397184,1631667848,3251326479
dimwishlist:item=1523151869&perks=2371713880,1783397184,402033656,1089671869
dimwishlist:item=1523151869&perks=2371713880,1783397184,402033656,496047945
dimwishlist:item=1523151869&perks=2371713880,1783397184,402033656,3764420437
dimwishlist:item=1523151869&perks=2371713880,1783397184,402033656,3192447905
dimwishlist:item=1523151869&perks=2371713880,1783397184,402033656,1226351311
dimwishlist:item=1523151869&perks=2371713880,1783397184,402033656,3251326479
dimwishlist:item=950894542&perks=1300023272,106909392,3751912585,1089671869
dimwishlist:item=950894542&perks=1300023272,106909392,3751912585,496047945
dimwishlist:item=950894542&perks=1300023272,106909392,3751912585,3764420437
dimwishlist:item=950894542&perks=1300023272,106909392,3751912585,3192447905
dimwishlist:item=950894542&perks=1300023272,106909392,3751912585,1226351311
dimwishlist:item=950894542&perks=1300023272,106909392,3751912585,3251326479
dimwishlist:item=950894542&perks=1300023272,106909392,331667533,1089671869
dimwishlist:item=950894542&perks=1300023272,106909392,331667533,496047945
dimwishlist:item=950894542&perks=1300023272,106909392,331667533,3764420437
dimwishlist:item=950894542&perks=1300023272,106909392,331667533,3192447905
dimwishlist:item=950894542&perks=1300023272,106909392,331667533,1226351311
dimwishlist:item=950894542&perks=1300023272,106909392,331667533,3251326479
dimwishlist:item=950894542&perks=1300023272,106909392,2679249093,1089671869
dimwishlist:item=950894542&perks=1300023272,106909392,2679249093,496047945
dimwishlist:item=950894542&perks=1300023272,106909392,2679249093,3764420437
dimwishlist:item=950894542&perks=1300023272,106909392,2679249093,3192447905
dimwishlist:item=950894542&perks=1300023272,106909392,2679249093,1226351311
dimwishlist:item=950894542&perks=1300023272,106909392,2679249093,3251326479
dimwishlist:item=950894542&perks=1300023272,106909392,788178929,1089671869
dimwishlist:item=950894542&perks=1300023272,106909392,788178929,496047945
dimwishlist:item=950894542&perks=1300023272,106909392,788178929,3764420437
dimwishlist:item=950894542&perks=1300023272,106909392,788178929,3192447905
dimwishlist:item=950894542&perks=1300023272,106909392,788178929,1226351311
dimwishlist:item=950894542&perks=1300023272,106909392,788178929,3251326479
dimwishlist:item=950894542&perks=1300023272,106909392,1631667848,1089671869
dimwishlist:item=950894542&perks=1300023272,106909392,1631667848,496047945
dimwishlist:item=950894542&perks=1300023272,106909392,1631667848,3764420437
dimwishlist:item=950894542&perks=1300023272,106909392,1631667848,3192447905
dimwishlist:item=950894542&perks=1300023272,106909392,1631667848,1226351311
dimwishlist:item=950894542&perks=1300023272,106909392,1631667848,3251326479
dimwishlist:item=950894542&perks=1300023272,106909392,402033656,1089671869
dimwishlist:item=950894542&perks=1300023272,106909392,402033656,496047945
dimwishlist:item=950894542&perks=1300023272,106909392,402033656,3764420437
dimwishlist:item=950894542&perks=1300023272,106909392,402033656,3192447905
dimwishlist:item=950894542&perks=1300023272,106909392,402033656,1226351311
dimwishlist:item=950894542&perks=1300023272,106909392,402033656,3251326479
dimwishlist:item=950894542&perks=1300023272,1783397184,3751912585,1089671869
dimwishlist:item=950894542&perks=1300023272,1783397184,3751912585,496047945
dimwishlist:item=950894542&perks=1300023272,1783397184,3751912585,3764420437
dimwishlist:item=950894542&perks=1300023272,1783397184,3751912585,3192447905
dimwishlist:item=950894542&perks=1300023272,1783397184,3751912585,1226351311
dimwishlist:item=950894542&perks=1300023272,1783397184,3751912585,3251326479
dimwishlist:item=950894542&perks=1300023272,1783397184,331667533,1089671869
dimwishlist:item=950894542&perks=1300023272,1783397184,331667533,496047945
dimwishlist:item=950894542&perks=1300023272,1783397184,331667533,3764420437
dimwishlist:item=950894542&perks=1300023272,1783397184,331667533,3192447905
dimwishlist:item=950894542&perks=1300023272,1783397184,331667533,1226351311
dimwishlist:item=950894542&perks=1300023272,1783397184,331667533,3251326479
dimwishlist:item=950894542&perks=1300023272,1783397184,2679249093,1089671869
dimwishlist:item=950894542&perks=1300023272,1783397184,2679249093,496047945
dimwishlist:item=950894542&perks=1300023272,1783397184,2679249093,3764420437
dimwishlist:item=950894542&perks=1300023272,1783397184,2679249093,3192447905
dimwishlist:item=950894542&perks=1300023272,1783397184,2679249093,1226351311
dimwishlist:item=950894542&perks=1300023272,1783397184,2679249093,3251326479
dimwishlist:item=950894542&perks=1300023272,1783397184,788178929,1089671869
dimwishlist:item=950894542&perks=1300023272,1783397184,788178929,496047945
dimwishlist:item=950894542&perks=1300023272,1783397184,788178929,3764420437
dimwishlist:item=950894542&perks=1300023272,1783397184,788178929,3192447905
dimwishlist:item=950894542&perks=1300023272,1783397184,788178929,1226351311
dimwishlist:item=950894542&perks=1300023272,1783397184,788178929,3251326479
dimwishlist:item=950894542&perks=1300023272,1783397184,1631667848,1089671869
dimwishlist:item=950894542&perks=1300023272,1783397184,1631667848,496047945
dimwishlist:item=950894542&perks=1300023272,1783397184,1631667848,3764420437
dimwishlist:item=950894542&perks=1300023272,1783397184,1631667848,3192447905
dimwishlist:item=950894542&perks=1300023272,1783397184,1631667848,1226351311
dimwishlist:item=950894542&perks=1300023272,1783397184,1631667848,3251326479
dimwishlist:item=950894542&perks=1300023272,1783397184,402033656,1089671869
dimwishlist:item=950894542&perks=1300023272,1783397184,402033656,496047945
dimwishlist:item=950894542&perks=1300023272,1783397184,402033656,3764420437
dimwishlist:item=950894542&perks=1300023272,1783397184,402033656,3192447905
dimwishlist:item=950894542&perks=1300023272,1783397184,402033656,1226351311
dimwishlist:item=950894542&perks=1300023272,1783397184,402033656,3251326479
dimwishlist:item=950894542&perks=2371713880,106909392,3751912585,1089671869
dimwishlist:item=950894542&perks=2371713880,106909392,3751912585,496047945
dimwishlist:item=950894542&perks=2371713880,106909392,3751912585,3764420437
dimwishlist:item=950894542&perks=2371713880,106909392,3751912585,3192447905
dimwishlist:item=950894542&perks=2371713880,106909392,3751912585,1226351311
dimwishlist:item=950894542&perks=2371713880,106909392,3751912585,3251326479
dimwishlist:item=950894542&perks=2371713880,106909392,331667533,1089671869
dimwishlist:item=950894542&perks=2371713880,106909392,331667533,496047945
dimwishlist:item=950894542&perks=2371713880,106909392,331667533,3764420437
dimwishlist:item=950894542&perks=2371713880,106909392,331667533,3192447905
dimwishlist:item=950894542&perks=2371713880,106909392,331667533,1226351311
dimwishlist:item=950894542&perks=2371713880,106909392,331667533,3251326479
dimwishlist:item=950894542&perks=2371713880,106909392,2679249093,1089671869
dimwishlist:item=950894542&perks=2371713880,106909392,2679249093,496047945
dimwishlist:item=950894542&perks=2371713880,106909392,2679249093,3764420437
dimwishlist:item=950894542&perks=2371713880,106909392,2679249093,3192447905
dimwishlist:item=950894542&perks=2371713880,106909392,2679249093,1226351311
dimwishlist:item=950894542&perks=2371713880,106909392,2679249093,3251326479
dimwishlist:item=950894542&perks=2371713880,106909392,788178929,1089671869
dimwishlist:item=950894542&perks=2371713880,106909392,788178929,496047945
dimwishlist:item=950894542&perks=2371713880,106909392,788178929,3764420437
dimwishlist:item=950894542&perks=2371713880,106909392,788178929,3192447905
dimwishlist:item=950894542&perks=2371713880,106909392,788178929,1226351311
dimwishlist:item=950894542&perks=2371713880,106909392,788178929,3251326479
dimwishlist:item=950894542&perks=2371713880,106909392,1631667848,1089671869
dimwishlist:item=950894542&perks=2371713880,106909392,1631667848,496047945
dimwishlist:item=950894542&perks=2371713880,106909392,1631667848,3764420437
dimwishlist:item=950894542&perks=2371713880,106909392,1631667848,3192447905
dimwishlist:item=950894542&perks=2371713880,106909392,1631667848,1226351311
dimwishlist:item=950894542&perks=2371713880,106909392,1631667848,3251326479
dimwishlist:item=950894542&perks=2371713880,106909392,402033656,1089671869
dimwishlist:item=950894542&perks=2371713880,106909392,402033656,496047945
dimwishlist:item=950894542&perks=2371713880,106909392,402033656,3764420437
dimwishlist:item=950894542&perks=2371713880,106909392,402033656,3192447905
dimwishlist:item=950894542&perks=2371713880,106909392,402033656,1226351311
dimwishlist:item=950894542&perks=2371713880,106909392,402033656,3251326479
dimwishlist:item=950894542&perks=2371713880,1783397184,3751912585,1089671869
dimwishlist:item=950894542&perks=2371713880,1783397184,3751912585,496047945
dimwishlist:item=950894542&perks=2371713880,1783397184,3751912585,3764420437
dimwishlist:item=950894542&perks=2371713880,1783397184,3751912585,3192447905
dimwishlist:item=950894542&perks=2371713880,1783397184,3751912585,1226351311
dimwishlist:item=950894542&perks=2371713880,1783397184,3751912585,3251326479
dimwishlist:item=950894542&perks=2371713880,1783397184,331667533,1089671869
dimwishlist:item=950894542&perks=2371713880,1783397184,331667533,496047945
dimwishlist:item=950894542&perks=2371713880,1783397184,331667533,3764420437
dimwishlist:item=950894542&perks=2371713880,1783397184,331667533,3192447905
dimwishlist:item=950894542&perks=2371713880,1783397184,331667533,1226351311
dimwishlist:item=950894542&perks=2371713880,1783397184,331667533,3251326479
dimwishlist:item=950894542&perks=2371713880,1783397184,2679249093,1089671869
dimwishlist:item=950894542&perks=2371713880,1783397184,2679249093,496047945
dimwishlist:item=950894542&perks=2371713880,1783397184,2679249093,3764420437
dimwishlist:item=950894542&perks=2371713880,1783397184,2679249093,3192447905
dimwishlist:item=950894542&perks=2371713880,1783397184,2679249093,1226351311
dimwishlist:item=950894542&perks=2371713880,1783397184,2679249093,3251326479
dimwishlist:item=950894542&perks=2371713880,1783397184,788178929,1089671869
dimwishlist:item=950894542&perks=2371713880,1783397184,788178929,496047945
dimwishlist:item=950894542&perks=2371713880,1783397184,788178929,3764420437
dimwishlist:item=950894542&perks=2371713880,1783397184,788178929,3192447905
dimwishlist:item=950894542&perks=2371713880,1783397184,788178929,1226351311
dimwishlist:item=950894542&perks=2371713880,1783397184,788178929,3251326479
dimwishlist:item=950894542&perks=2371713880,1783397184,1631667848,1089671869
dimwishlist:item=950894542&perks=2371713880,1783397184,1631667848,496047945
dimwishlist:item=950894542&perks=2371713880,1783397184,1631667848,3764420437
dimwishlist:item=950894542&perks=2371713880,1783397184,1631667848,3192447905
dimwishlist:item=950894542&perks=2371713880,1783397184,1631667848,1226351311
dimwishlist:item=950894542&perks=2371713880,1783397184,1631667848,3251326479
dimwishlist:item=950894542&perks=2371713880,1783397184,402033656,1089671869
dimwishlist:item=950894542&perks=2371713880,1783397184,402033656,496047945
dimwishlist:item=950894542&perks=2371713880,1783397184,402033656,3764420437
dimwishlist:item=950894542&perks=2371713880,1783397184,402033656,3192447905
dimwishlist:item=950894542&perks=2371713880,1783397184,402033656,1226351311
dimwishlist:item=950894542&perks=2371713880,1783397184,402033656,3251326479


//Unsworn
//notes:Aegis Speedrun Shopping #2 (Universal use) -> QoL ammo pickups
dimwishlist:item=1303313141&perks=1840239774,2749775325,3700496672,4198902903
dimwishlist:item=1303313141&perks=1840239774,2749775325,3700496672,222783511
dimwishlist:item=1303313141&perks=1840239774,2749775325,3700496672,831391274
dimwishlist:item=1303313141&perks=1840239774,2749775325,3700496672,102912326
dimwishlist:item=1303313141&perks=1840239774,2749775325,2840833776,4198902903
dimwishlist:item=1303313141&perks=1840239774,2749775325,2840833776,222783511
dimwishlist:item=1303313141&perks=1840239774,2749775325,2840833776,831391274
dimwishlist:item=1303313141&perks=1840239774,2749775325,2840833776,102912326
dimwishlist:item=1303313141&perks=1840239774,2073750249,3700496672,4198902903
dimwishlist:item=1303313141&perks=1840239774,2073750249,3700496672,222783511
dimwishlist:item=1303313141&perks=1840239774,2073750249,3700496672,831391274
dimwishlist:item=1303313141&perks=1840239774,2073750249,3700496672,102912326
dimwishlist:item=1303313141&perks=1840239774,2073750249,2840833776,4198902903
dimwishlist:item=1303313141&perks=1840239774,2073750249,2840833776,222783511
dimwishlist:item=1303313141&perks=1840239774,2073750249,2840833776,831391274
dimwishlist:item=1303313141&perks=1840239774,2073750249,2840833776,102912326
dimwishlist:item=1303313141&perks=1124871858,2749775325,3700496672,4198902903
dimwishlist:item=1303313141&perks=1124871858,2749775325,3700496672,222783511
dimwishlist:item=1303313141&perks=1124871858,2749775325,3700496672,831391274
dimwishlist:item=1303313141&perks=1124871858,2749775325,3700496672,102912326
dimwishlist:item=1303313141&perks=1124871858,2749775325,2840833776,4198902903
dimwishlist:item=1303313141&perks=1124871858,2749775325,2840833776,222783511
dimwishlist:item=1303313141&perks=1124871858,2749775325,2840833776,831391274
dimwishlist:item=1303313141&perks=1124871858,2749775325,2840833776,102912326
dimwishlist:item=1303313141&perks=1124871858,2073750249,3700496672,4198902903
dimwishlist:item=1303313141&perks=1124871858,2073750249,3700496672,222783511
dimwishlist:item=1303313141&perks=1124871858,2073750249,3700496672,831391274
dimwishlist:item=1303313141&perks=1124871858,2073750249,3700496672,102912326
dimwishlist:item=1303313141&perks=1124871858,2073750249,2840833776,4198902903
dimwishlist:item=1303313141&perks=1124871858,2073750249,2840833776,222783511
dimwishlist:item=1303313141&perks=1124871858,2073750249,2840833776,831391274
dimwishlist:item=1303313141&perks=1124871858,2073750249,2840833776,102912326
dimwishlist:item=3462679024&perks=1840239774,2749775325,3700496672,4198902903
dimwishlist:item=3462679024&perks=1840239774,2749775325,3700496672,222783511
dimwishlist:item=3462679024&perks=1840239774,2749775325,3700496672,3640170453
dimwishlist:item=3462679024&perks=1840239774,2749775325,3700496672,1817983009
dimwishlist:item=3462679024&perks=1840239774,2749775325,3700496672,831391274
dimwishlist:item=3462679024&perks=1840239774,2749775325,3700496672,102912326
dimwishlist:item=3462679024&perks=1840239774,2749775325,2840833776,4198902903
dimwishlist:item=3462679024&perks=1840239774,2749775325,2840833776,222783511
dimwishlist:item=3462679024&perks=1840239774,2749775325,2840833776,3640170453
dimwishlist:item=3462679024&perks=1840239774,2749775325,2840833776,1817983009
dimwishlist:item=3462679024&perks=1840239774,2749775325,2840833776,831391274
dimwishlist:item=3462679024&perks=1840239774,2749775325,2840833776,102912326
dimwishlist:item=3462679024&perks=1840239774,2073750249,3700496672,4198902903
dimwishlist:item=3462679024&perks=1840239774,2073750249,3700496672,222783511
dimwishlist:item=3462679024&perks=1840239774,2073750249,3700496672,3640170453
dimwishlist:item=3462679024&perks=1840239774,2073750249,3700496672,1817983009
dimwishlist:item=3462679024&perks=1840239774,2073750249,3700496672,831391274
dimwishlist:item=3462679024&perks=1840239774,2073750249,3700496672,102912326
dimwishlist:item=3462679024&perks=1840239774,2073750249,2840833776,4198902903
dimwishlist:item=3462679024&perks=1840239774,2073750249,2840833776,222783511
dimwishlist:item=3462679024&perks=1840239774,2073750249,2840833776,3640170453
dimwishlist:item=3462679024&perks=1840239774,2073750249,2840833776,1817983009
dimwishlist:item=3462679024&perks=1840239774,2073750249,2840833776,831391274
dimwishlist:item=3462679024&perks=1840239774,2073750249,2840833776,102912326
dimwishlist:item=3462679024&perks=1124871858,2749775325,3700496672,4198902903
dimwishlist:item=3462679024&perks=1124871858,2749775325,3700496672,222783511
dimwishlist:item=3462679024&perks=1124871858,2749775325,3700496672,3640170453
dimwishlist:item=3462679024&perks=1124871858,2749775325,3700496672,1817983009
dimwishlist:item=3462679024&perks=1124871858,2749775325,3700496672,831391274
dimwishlist:item=3462679024&perks=1124871858,2749775325,3700496672,102912326
dimwishlist:item=3462679024&perks=1124871858,2749775325,2840833776,4198902903
dimwishlist:item=3462679024&perks=1124871858,2749775325,2840833776,222783511
dimwishlist:item=3462679024&perks=1124871858,2749775325,2840833776,3640170453
dimwishlist:item=3462679024&perks=1124871858,2749775325,2840833776,1817983009
dimwishlist:item=3462679024&perks=1124871858,2749775325,2840833776,831391274
dimwishlist:item=3462679024&perks=1124871858,2749775325,2840833776,102912326
dimwishlist:item=3462679024&perks=1124871858,2073750249,3700496672,4198902903
dimwishlist:item=3462679024&perks=1124871858,2073750249,3700496672,222783511
dimwishlist:item=3462679024&perks=1124871858,2073750249,3700496672,3640170453
dimwishlist:item=3462679024&perks=1124871858,2073750249,3700496672,1817983009
dimwishlist:item=3462679024&perks=1124871858,2073750249,3700496672,831391274
dimwishlist:item=3462679024&perks=1124871858,2073750249,3700496672,102912326
dimwishlist:item=3462679024&perks=1124871858,2073750249,2840833776,4198902903
dimwishlist:item=3462679024&perks=1124871858,2073750249,2840833776,222783511
dimwishlist:item=3462679024&perks=1124871858,2073750249,2840833776,3640170453
dimwishlist:item=3462679024&perks=1124871858,2073750249,2840833776,1817983009
dimwishlist:item=3462679024&perks=1124871858,2073750249,2840833776,831391274
dimwishlist:item=3462679024&perks=1124871858,2073750249,2840833776,102912326


//Veillantif-D
//notes:Aegis Speedrun Shopping #2 (Universal use) -> Add clear
dimwishlist:item=1361871430&perks=3525010810,2822142346,1421772400,2109543898
dimwishlist:item=1361871430&perks=3525010810,2822142346,1421772400,2799030358
dimwishlist:item=1361871430&perks=3525010810,2822142346,1421772400,3215448563
dimwishlist:item=1361871430&perks=3525010810,2822142346,1421772400,3299896859
dimwishlist:item=1361871430&perks=3525010810,2822142346,1421772400,3047969693
dimwishlist:item=1361871430&perks=3525010810,2822142346,1421772400,624891305
dimwishlist:item=1361871430&perks=3525010810,2822142346,3291427296,2109543898
dimwishlist:item=1361871430&perks=3525010810,2822142346,3291427296,2799030358
dimwishlist:item=1361871430&perks=3525010810,2822142346,3291427296,3215448563
dimwishlist:item=1361871430&perks=3525010810,2822142346,3291427296,3299896859
dimwishlist:item=1361871430&perks=3525010810,2822142346,3291427296,3047969693
dimwishlist:item=1361871430&perks=3525010810,2822142346,3291427296,624891305
dimwishlist:item=1361871430&perks=3525010810,2822142346,3017780555,2109543898
dimwishlist:item=1361871430&perks=3525010810,2822142346,3017780555,2799030358
dimwishlist:item=1361871430&perks=3525010810,2822142346,3017780555,3215448563
dimwishlist:item=1361871430&perks=3525010810,2822142346,3017780555,3299896859
dimwishlist:item=1361871430&perks=3525010810,2822142346,3017780555,3047969693
dimwishlist:item=1361871430&perks=3525010810,2822142346,3017780555,624891305
dimwishlist:item=1361871430&perks=3525010810,2822142346,4223976499,2109543898
dimwishlist:item=1361871430&perks=3525010810,2822142346,4223976499,2799030358
dimwishlist:item=1361871430&perks=3525010810,2822142346,4223976499,3215448563
dimwishlist:item=1361871430&perks=3525010810,2822142346,4223976499,3299896859
dimwishlist:item=1361871430&perks=3525010810,2822142346,4223976499,3047969693
dimwishlist:item=1361871430&perks=3525010810,2822142346,4223976499,624891305
dimwishlist:item=1361871430&perks=3525010810,2822142346,2172504645,2109543898
dimwishlist:item=1361871430&perks=3525010810,2822142346,2172504645,2799030358
dimwishlist:item=1361871430&perks=3525010810,2822142346,2172504645,3215448563
dimwishlist:item=1361871430&perks=3525010810,2822142346,2172504645,3299896859
dimwishlist:item=1361871430&perks=3525010810,2822142346,2172504645,3047969693
dimwishlist:item=1361871430&perks=3525010810,2822142346,2172504645,624891305
dimwishlist:item=1361871430&perks=3525010810,2822142346,1172098417,2109543898
dimwishlist:item=1361871430&perks=3525010810,2822142346,1172098417,2799030358
dimwishlist:item=1361871430&perks=3525010810,2822142346,1172098417,3215448563
dimwishlist:item=1361871430&perks=3525010810,2822142346,1172098417,3299896859
dimwishlist:item=1361871430&perks=3525010810,2822142346,1172098417,3047969693
dimwishlist:item=1361871430&perks=3525010810,2822142346,1172098417,624891305
dimwishlist:item=1361871430&perks=3525010810,2108812838,1421772400,2109543898
dimwishlist:item=1361871430&perks=3525010810,2108812838,1421772400,2799030358
dimwishlist:item=1361871430&perks=3525010810,2108812838,1421772400,3215448563
dimwishlist:item=1361871430&perks=3525010810,2108812838,1421772400,3299896859
dimwishlist:item=1361871430&perks=3525010810,2108812838,1421772400,3047969693
dimwishlist:item=1361871430&perks=3525010810,2108812838,1421772400,624891305
dimwishlist:item=1361871430&perks=3525010810,2108812838,3291427296,2109543898
dimwishlist:item=1361871430&perks=3525010810,2108812838,3291427296,2799030358
dimwishlist:item=1361871430&perks=3525010810,2108812838,3291427296,3215448563
dimwishlist:item=1361871430&perks=3525010810,2108812838,3291427296,3299896859
dimwishlist:item=1361871430&perks=3525010810,2108812838,3291427296,3047969693
dimwishlist:item=1361871430&perks=3525010810,2108812838,3291427296,624891305
dimwishlist:item=1361871430&perks=3525010810,2108812838,3017780555,2109543898
dimwishlist:item=1361871430&perks=3525010810,2108812838,3017780555,2799030358
dimwishlist:item=1361871430&perks=3525010810,2108812838,3017780555,3215448563
dimwishlist:item=1361871430&perks=3525010810,2108812838,3017780555,3299896859
dimwishlist:item=1361871430&perks=3525010810,2108812838,3017780555,3047969693
dimwishlist:item=1361871430&perks=3525010810,2108812838,3017780555,624891305
dimwishlist:item=1361871430&perks=3525010810,2108812838,4223976499,2109543898
dimwishlist:item=1361871430&perks=3525010810,2108812838,4223976499,2799030358
dimwishlist:item=1361871430&perks=3525010810,2108812838,4223976499,3215448563
dimwishlist:item=1361871430&perks=3525010810,2108812838,4223976499,3299896859
dimwishlist:item=1361871430&perks=3525010810,2108812838,4223976499,3047969693
dimwishlist:item=1361871430&perks=3525010810,2108812838,4223976499,624891305
dimwishlist:item=1361871430&perks=3525010810,2108812838,2172504645,2109543898
dimwishlist:item=1361871430&perks=3525010810,2108812838,2172504645,2799030358
dimwishlist:item=1361871430&perks=3525010810,2108812838,2172504645,3215448563
dimwishlist:item=1361871430&perks=3525010810,2108812838,2172504645,3299896859
dimwishlist:item=1361871430&perks=3525010810,2108812838,2172504645,3047969693
dimwishlist:item=1361871430&perks=3525010810,2108812838,2172504645,624891305
dimwishlist:item=1361871430&perks=3525010810,2108812838,1172098417,2109543898
dimwishlist:item=1361871430&perks=3525010810,2108812838,1172098417,2799030358
dimwishlist:item=1361871430&perks=3525010810,2108812838,1172098417,3215448563
dimwishlist:item=1361871430&perks=3525010810,2108812838,1172098417,3299896859
dimwishlist:item=1361871430&perks=3525010810,2108812838,1172098417,3047969693
dimwishlist:item=1361871430&perks=3525010810,2108812838,1172098417,624891305
dimwishlist:item=1361871430&perks=3525010810,1380253176,1421772400,2109543898
dimwishlist:item=1361871430&perks=3525010810,1380253176,1421772400,2799030358
dimwishlist:item=1361871430&perks=3525010810,1380253176,1421772400,3215448563
dimwishlist:item=1361871430&perks=3525010810,1380253176,1421772400,3299896859
dimwishlist:item=1361871430&perks=3525010810,1380253176,1421772400,3047969693
dimwishlist:item=1361871430&perks=3525010810,1380253176,1421772400,624891305
dimwishlist:item=1361871430&perks=3525010810,1380253176,3291427296,2109543898
dimwishlist:item=1361871430&perks=3525010810,1380253176,3291427296,2799030358
dimwishlist:item=1361871430&perks=3525010810,1380253176,3291427296,3215448563
dimwishlist:item=1361871430&perks=3525010810,1380253176,3291427296,3299896859
dimwishlist:item=1361871430&perks=3525010810,1380253176,3291427296,3047969693
dimwishlist:item=1361871430&perks=3525010810,1380253176,3291427296,624891305
dimwishlist:item=1361871430&perks=3525010810,1380253176,3017780555,2109543898
dimwishlist:item=1361871430&perks=3525010810,1380253176,3017780555,2799030358
dimwishlist:item=1361871430&perks=3525010810,1380253176,3017780555,3215448563
dimwishlist:item=1361871430&perks=3525010810,1380253176,3017780555,3299896859
dimwishlist:item=1361871430&perks=3525010810,1380253176,3017780555,3047969693
dimwishlist:item=1361871430&perks=3525010810,1380253176,3017780555,624891305
dimwishlist:item=1361871430&perks=3525010810,1380253176,4223976499,2109543898
dimwishlist:item=1361871430&perks=3525010810,1380253176,4223976499,2799030358
dimwishlist:item=1361871430&perks=3525010810,1380253176,4223976499,3215448563
dimwishlist:item=1361871430&perks=3525010810,1380253176,4223976499,3299896859
dimwishlist:item=1361871430&perks=3525010810,1380253176,4223976499,3047969693
dimwishlist:item=1361871430&perks=3525010810,1380253176,4223976499,624891305
dimwishlist:item=1361871430&perks=3525010810,1380253176,2172504645,2109543898
dimwishlist:item=1361871430&perks=3525010810,1380253176,2172504645,2799030358
dimwishlist:item=1361871430&perks=3525010810,1380253176,2172504645,3215448563
dimwishlist:item=1361871430&perks=3525010810,1380253176,2172504645,3299896859
dimwishlist:item=1361871430&perks=3525010810,1380253176,2172504645,3047969693
dimwishlist:item=1361871430&perks=3525010810,1380253176,2172504645,624891305
dimwishlist:item=1361871430&perks=3525010810,1380253176,1172098417,2109543898
dimwishlist:item=1361871430&perks=3525010810,1380253176,1172098417,2799030358
dimwishlist:item=1361871430&perks=3525010810,1380253176,1172098417,3215448563
dimwishlist:item=1361871430&perks=3525010810,1380253176,1172098417,3299896859
dimwishlist:item=1361871430&perks=3525010810,1380253176,1172098417,3047969693
dimwishlist:item=1361871430&perks=3525010810,1380253176,1172098417,624891305
dimwishlist:item=1361871430&perks=3525010810,3781548872,1421772400,2109543898
dimwishlist:item=1361871430&perks=3525010810,3781548872,1421772400,2799030358
dimwishlist:item=1361871430&perks=3525010810,3781548872,1421772400,3215448563
dimwishlist:item=1361871430&perks=3525010810,3781548872,1421772400,3299896859
dimwishlist:item=1361871430&perks=3525010810,3781548872,1421772400,3047969693
dimwishlist:item=1361871430&perks=3525010810,3781548872,1421772400,624891305
dimwishlist:item=1361871430&perks=3525010810,3781548872,3291427296,2109543898
dimwishlist:item=1361871430&perks=3525010810,3781548872,3291427296,2799030358
dimwishlist:item=1361871430&perks=3525010810,3781548872,3291427296,3215448563
dimwishlist:item=1361871430&perks=3525010810,3781548872,3291427296,3299896859
dimwishlist:item=1361871430&perks=3525010810,3781548872,3291427296,3047969693
dimwishlist:item=1361871430&perks=3525010810,3781548872,3291427296,624891305
dimwishlist:item=1361871430&perks=3525010810,3781548872,3017780555,2109543898
dimwishlist:item=1361871430&perks=3525010810,3781548872,3017780555,2799030358
dimwishlist:item=1361871430&perks=3525010810,3781548872,3017780555,3215448563
dimwishlist:item=1361871430&perks=3525010810,3781548872,3017780555,3299896859
dimwishlist:item=1361871430&perks=3525010810,3781548872,3017780555,3047969693
dimwishlist:item=1361871430&perks=3525010810,3781548872,3017780555,624891305
dimwishlist:item=1361871430&perks=3525010810,3781548872,4223976499,2109543898
dimwishlist:item=1361871430&perks=3525010810,3781548872,4223976499,2799030358
dimwishlist:item=1361871430&perks=3525010810,3781548872,4223976499,3215448563
dimwishlist:item=1361871430&perks=3525010810,3781548872,4223976499,3299896859
dimwishlist:item=1361871430&perks=3525010810,3781548872,4223976499,3047969693
dimwishlist:item=1361871430&perks=3525010810,3781548872,4223976499,624891305
dimwishlist:item=1361871430&perks=3525010810,3781548872,2172504645,2109543898
dimwishlist:item=1361871430&perks=3525010810,3781548872,2172504645,2799030358
dimwishlist:item=1361871430&perks=3525010810,3781548872,2172504645,3215448563
dimwishlist:item=1361871430&perks=3525010810,3781548872,2172504645,3299896859
dimwishlist:item=1361871430&perks=3525010810,3781548872,2172504645,3047969693
dimwishlist:item=1361871430&perks=3525010810,3781548872,2172504645,624891305
dimwishlist:item=1361871430&perks=3525010810,3781548872,1172098417,2109543898
dimwishlist:item=1361871430&perks=3525010810,3781548872,1172098417,2799030358
dimwishlist:item=1361871430&perks=3525010810,3781548872,1172098417,3215448563
dimwishlist:item=1361871430&perks=3525010810,3781548872,1172098417,3299896859
dimwishlist:item=1361871430&perks=3525010810,3781548872,1172098417,3047969693
dimwishlist:item=1361871430&perks=3525010810,3781548872,1172098417,624891305
dimwishlist:item=1361871430&perks=3250572790,2822142346,1421772400,2109543898
dimwishlist:item=1361871430&perks=3250572790,2822142346,1421772400,2799030358
dimwishlist:item=1361871430&perks=3250572790,2822142346,1421772400,3215448563
dimwishlist:item=1361871430&perks=3250572790,2822142346,1421772400,3299896859
dimwishlist:item=1361871430&perks=3250572790,2822142346,1421772400,3047969693
dimwishlist:item=1361871430&perks=3250572790,2822142346,1421772400,624891305
dimwishlist:item=1361871430&perks=3250572790,2822142346,3291427296,2109543898
dimwishlist:item=1361871430&perks=3250572790,2822142346,3291427296,2799030358
dimwishlist:item=1361871430&perks=3250572790,2822142346,3291427296,3215448563
dimwishlist:item=1361871430&perks=3250572790,2822142346,3291427296,3299896859
dimwishlist:item=1361871430&perks=3250572790,2822142346,3291427296,3047969693
dimwishlist:item=1361871430&perks=3250572790,2822142346,3291427296,624891305
dimwishlist:item=1361871430&perks=3250572790,2822142346,3017780555,2109543898
dimwishlist:item=1361871430&perks=3250572790,2822142346,3017780555,2799030358
dimwishlist:item=1361871430&perks=3250572790,2822142346,3017780555,3215448563
dimwishlist:item=1361871430&perks=3250572790,2822142346,3017780555,3299896859
dimwishlist:item=1361871430&perks=3250572790,2822142346,3017780555,3047969693
dimwishlist:item=1361871430&perks=3250572790,2822142346,3017780555,624891305
dimwishlist:item=1361871430&perks=3250572790,2822142346,4223976499,2109543898
dimwishlist:item=1361871430&perks=3250572790,2822142346,4223976499,2799030358
dimwishlist:item=1361871430&perks=3250572790,2822142346,4223976499,3215448563
dimwishlist:item=1361871430&perks=3250572790,2822142346,4223976499,3299896859
dimwishlist:item=1361871430&perks=3250572790,2822142346,4223976499,3047969693
dimwishlist:item=1361871430&perks=3250572790,2822142346,4223976499,624891305
dimwishlist:item=1361871430&perks=3250572790,2822142346,2172504645,2109543898
dimwishlist:item=1361871430&perks=3250572790,2822142346,2172504645,2799030358
dimwishlist:item=1361871430&perks=3250572790,2822142346,2172504645,3215448563
dimwishlist:item=1361871430&perks=3250572790,2822142346,2172504645,3299896859
dimwishlist:item=1361871430&perks=3250572790,2822142346,2172504645,3047969693
dimwishlist:item=1361871430&perks=3250572790,2822142346,2172504645,624891305
dimwishlist:item=1361871430&perks=3250572790,2822142346,1172098417,2109543898
dimwishlist:item=1361871430&perks=3250572790,2822142346,1172098417,2799030358
dimwishlist:item=1361871430&perks=3250572790,2822142346,1172098417,3215448563
dimwishlist:item=1361871430&perks=3250572790,2822142346,1172098417,3299896859
dimwishlist:item=1361871430&perks=3250572790,2822142346,1172098417,3047969693
dimwishlist:item=1361871430&perks=3250572790,2822142346,1172098417,624891305
dimwishlist:item=1361871430&perks=3250572790,2108812838,1421772400,2109543898
dimwishlist:item=1361871430&perks=3250572790,2108812838,1421772400,2799030358
dimwishlist:item=1361871430&perks=3250572790,2108812838,1421772400,3215448563
dimwishlist:item=1361871430&perks=3250572790,2108812838,1421772400,3299896859
dimwishlist:item=1361871430&perks=3250572790,2108812838,1421772400,3047969693
dimwishlist:item=1361871430&perks=3250572790,2108812838,1421772400,624891305
dimwishlist:item=1361871430&perks=3250572790,2108812838,3291427296,2109543898
dimwishlist:item=1361871430&perks=3250572790,2108812838,3291427296,2799030358
dimwishlist:item=1361871430&perks=3250572790,2108812838,3291427296,3215448563
dimwishlist:item=1361871430&perks=3250572790,2108812838,3291427296,3299896859
dimwishlist:item=1361871430&perks=3250572790,2108812838,3291427296,3047969693
dimwishlist:item=1361871430&perks=3250572790,2108812838,3291427296,624891305
dimwishlist:item=1361871430&perks=3250572790,2108812838,3017780555,2109543898
dimwishlist:item=1361871430&perks=3250572790,2108812838,3017780555,2799030358
dimwishlist:item=1361871430&perks=3250572790,2108812838,3017780555,3215448563
dimwishlist:item=1361871430&perks=3250572790,2108812838,3017780555,3299896859
dimwishlist:item=1361871430&perks=3250572790,2108812838,3017780555,3047969693
dimwishlist:item=1361871430&perks=3250572790,2108812838,3017780555,624891305
dimwishlist:item=1361871430&perks=3250572790,2108812838,4223976499,2109543898
dimwishlist:item=1361871430&perks=3250572790,2108812838,4223976499,2799030358
dimwishlist:item=1361871430&perks=3250572790,2108812838,4223976499,3215448563
dimwishlist:item=1361871430&perks=3250572790,2108812838,4223976499,3299896859
dimwishlist:item=1361871430&perks=3250572790,2108812838,4223976499,3047969693
dimwishlist:item=1361871430&perks=3250572790,2108812838,4223976499,624891305
dimwishlist:item=1361871430&perks=3250572790,2108812838,2172504645,2109543898
dimwishlist:item=1361871430&perks=3250572790,2108812838,2172504645,2799030358
dimwishlist:item=1361871430&perks=3250572790,2108812838,2172504645,3215448563
dimwishlist:item=1361871430&perks=3250572790,2108812838,2172504645,3299896859
dimwishlist:item=1361871430&perks=3250572790,2108812838,2172504645,3047969693
dimwishlist:item=1361871430&perks=3250572790,2108812838,2172504645,624891305
dimwishlist:item=1361871430&perks=3250572790,2108812838,1172098417,2109543898
dimwishlist:item=1361871430&perks=3250572790,2108812838,1172098417,2799030358
dimwishlist:item=1361871430&perks=3250572790,2108812838,1172098417,3215448563
dimwishlist:item=1361871430&perks=3250572790,2108812838,1172098417,3299896859
dimwishlist:item=1361871430&perks=3250572790,2108812838,1172098417,3047969693
dimwishlist:item=1361871430&perks=3250572790,2108812838,1172098417,624891305
dimwishlist:item=1361871430&perks=3250572790,1380253176,1421772400,2109543898
dimwishlist:item=1361871430&perks=3250572790,1380253176,1421772400,2799030358
dimwishlist:item=1361871430&perks=3250572790,1380253176,1421772400,3215448563
dimwishlist:item=1361871430&perks=3250572790,1380253176,1421772400,3299896859
dimwishlist:item=1361871430&perks=3250572790,1380253176,1421772400,3047969693
dimwishlist:item=1361871430&perks=3250572790,1380253176,1421772400,624891305
dimwishlist:item=1361871430&perks=3250572790,1380253176,3291427296,2109543898
dimwishlist:item=1361871430&perks=3250572790,1380253176,3291427296,2799030358
dimwishlist:item=1361871430&perks=3250572790,1380253176,3291427296,3215448563
dimwishlist:item=1361871430&perks=3250572790,1380253176,3291427296,3299896859
dimwishlist:item=1361871430&perks=3250572790,1380253176,3291427296,3047969693
dimwishlist:item=1361871430&perks=3250572790,1380253176,3291427296,624891305
dimwishlist:item=1361871430&perks=3250572790,1380253176,3017780555,2109543898
dimwishlist:item=1361871430&perks=3250572790,1380253176,3017780555,2799030358
dimwishlist:item=1361871430&perks=3250572790,1380253176,3017780555,3215448563
dimwishlist:item=1361871430&perks=3250572790,1380253176,3017780555,3299896859
dimwishlist:item=1361871430&perks=3250572790,1380253176,3017780555,3047969693
dimwishlist:item=1361871430&perks=3250572790,1380253176,3017780555,624891305
dimwishlist:item=1361871430&perks=3250572790,1380253176,4223976499,2109543898
dimwishlist:item=1361871430&perks=3250572790,1380253176,4223976499,2799030358
dimwishlist:item=1361871430&perks=3250572790,1380253176,4223976499,3215448563
dimwishlist:item=1361871430&perks=3250572790,1380253176,4223976499,3299896859
dimwishlist:item=1361871430&perks=3250572790,1380253176,4223976499,3047969693
dimwishlist:item=1361871430&perks=3250572790,1380253176,4223976499,624891305
dimwishlist:item=1361871430&perks=3250572790,1380253176,2172504645,2109543898
dimwishlist:item=1361871430&perks=3250572790,1380253176,2172504645,2799030358
dimwishlist:item=1361871430&perks=3250572790,1380253176,2172504645,3215448563
dimwishlist:item=1361871430&perks=3250572790,1380253176,2172504645,3299896859
dimwishlist:item=1361871430&perks=3250572790,1380253176,2172504645,3047969693
dimwishlist:item=1361871430&perks=3250572790,1380253176,2172504645,624891305
dimwishlist:item=1361871430&perks=3250572790,1380253176,1172098417,2109543898
dimwishlist:item=1361871430&perks=3250572790,1380253176,1172098417,2799030358
dimwishlist:item=1361871430&perks=3250572790,1380253176,1172098417,3215448563
dimwishlist:item=1361871430&perks=3250572790,1380253176,1172098417,3299896859
dimwishlist:item=1361871430&perks=3250572790,1380253176,1172098417,3047969693
dimwishlist:item=1361871430&perks=3250572790,1380253176,1172098417,624891305
dimwishlist:item=1361871430&perks=3250572790,3781548872,1421772400,2109543898
dimwishlist:item=1361871430&perks=3250572790,3781548872,1421772400,2799030358
dimwishlist:item=1361871430&perks=3250572790,3781548872,1421772400,3215448563
dimwishlist:item=1361871430&perks=3250572790,3781548872,1421772400,3299896859
dimwishlist:item=1361871430&perks=3250572790,3781548872,1421772400,3047969693
dimwishlist:item=1361871430&perks=3250572790,3781548872,1421772400,624891305
dimwishlist:item=1361871430&perks=3250572790,3781548872,3291427296,2109543898
dimwishlist:item=1361871430&perks=3250572790,3781548872,3291427296,2799030358
dimwishlist:item=1361871430&perks=3250572790,3781548872,3291427296,3215448563
dimwishlist:item=1361871430&perks=3250572790,3781548872,3291427296,3299896859
dimwishlist:item=1361871430&perks=3250572790,3781548872,3291427296,3047969693
dimwishlist:item=1361871430&perks=3250572790,3781548872,3291427296,624891305
dimwishlist:item=1361871430&perks=3250572790,3781548872,3017780555,2109543898
dimwishlist:item=1361871430&perks=3250572790,3781548872,3017780555,2799030358
dimwishlist:item=1361871430&perks=3250572790,3781548872,3017780555,3215448563
dimwishlist:item=1361871430&perks=3250572790,3781548872,3017780555,3299896859
dimwishlist:item=1361871430&perks=3250572790,3781548872,3017780555,3047969693
dimwishlist:item=1361871430&perks=3250572790,3781548872,3017780555,624891305
dimwishlist:item=1361871430&perks=3250572790,3781548872,4223976499,2109543898
dimwishlist:item=1361871430&perks=3250572790,3781548872,4223976499,2799030358
dimwishlist:item=1361871430&perks=3250572790,3781548872,4223976499,3215448563
dimwishlist:item=1361871430&perks=3250572790,3781548872,4223976499,3299896859
dimwishlist:item=1361871430&perks=3250572790,3781548872,4223976499,3047969693
dimwishlist:item=1361871430&perks=3250572790,3781548872,4223976499,624891305
dimwishlist:item=1361871430&perks=3250572790,3781548872,2172504645,2109543898
dimwishlist:item=1361871430&perks=3250572790,3781548872,2172504645,2799030358
dimwishlist:item=1361871430&perks=3250572790,3781548872,2172504645,3215448563
dimwishlist:item=1361871430&perks=3250572790,3781548872,2172504645,3299896859
dimwishlist:item=1361871430&perks=3250572790,3781548872,2172504645,3047969693
dimwishlist:item=1361871430&perks=3250572790,3781548872,2172504645,624891305
dimwishlist:item=1361871430&perks=3250572790,3781548872,1172098417,2109543898
dimwishlist:item=1361871430&perks=3250572790,3781548872,1172098417,2799030358
dimwishlist:item=1361871430&perks=3250572790,3781548872,1172098417,3215448563
dimwishlist:item=1361871430&perks=3250572790,3781548872,1172098417,3299896859
dimwishlist:item=1361871430&perks=3250572790,3781548872,1172098417,3047969693
dimwishlist:item=1361871430&perks=3250572790,3781548872,1172098417,624891305
dimwishlist:item=406384293&perks=3525010810,2822142346,1421772400,2109543898
dimwishlist:item=406384293&perks=3525010810,2822142346,1421772400,2799030358
dimwishlist:item=406384293&perks=3525010810,2822142346,1421772400,3215448563
dimwishlist:item=406384293&perks=3525010810,2822142346,1421772400,3299896859
dimwishlist:item=406384293&perks=3525010810,2822142346,1421772400,3047969693
dimwishlist:item=406384293&perks=3525010810,2822142346,1421772400,624891305
dimwishlist:item=406384293&perks=3525010810,2822142346,3291427296,2109543898
dimwishlist:item=406384293&perks=3525010810,2822142346,3291427296,2799030358
dimwishlist:item=406384293&perks=3525010810,2822142346,3291427296,3215448563
dimwishlist:item=406384293&perks=3525010810,2822142346,3291427296,3299896859
dimwishlist:item=406384293&perks=3525010810,2822142346,3291427296,3047969693
dimwishlist:item=406384293&perks=3525010810,2822142346,3291427296,624891305
dimwishlist:item=406384293&perks=3525010810,2822142346,3017780555,2109543898
dimwishlist:item=406384293&perks=3525010810,2822142346,3017780555,2799030358
dimwishlist:item=406384293&perks=3525010810,2822142346,3017780555,3215448563
dimwishlist:item=406384293&perks=3525010810,2822142346,3017780555,3299896859
dimwishlist:item=406384293&perks=3525010810,2822142346,3017780555,3047969693
dimwishlist:item=406384293&perks=3525010810,2822142346,3017780555,624891305
dimwishlist:item=406384293&perks=3525010810,2822142346,4223976499,2109543898
dimwishlist:item=406384293&perks=3525010810,2822142346,4223976499,2799030358
dimwishlist:item=406384293&perks=3525010810,2822142346,4223976499,3215448563
dimwishlist:item=406384293&perks=3525010810,2822142346,4223976499,3299896859
dimwishlist:item=406384293&perks=3525010810,2822142346,4223976499,3047969693
dimwishlist:item=406384293&perks=3525010810,2822142346,4223976499,624891305
dimwishlist:item=406384293&perks=3525010810,2822142346,2172504645,2109543898
dimwishlist:item=406384293&perks=3525010810,2822142346,2172504645,2799030358
dimwishlist:item=406384293&perks=3525010810,2822142346,2172504645,3215448563
dimwishlist:item=406384293&perks=3525010810,2822142346,2172504645,3299896859
dimwishlist:item=406384293&perks=3525010810,2822142346,2172504645,3047969693
dimwishlist:item=406384293&perks=3525010810,2822142346,2172504645,624891305
dimwishlist:item=406384293&perks=3525010810,2822142346,1172098417,2109543898
dimwishlist:item=406384293&perks=3525010810,2822142346,1172098417,2799030358
dimwishlist:item=406384293&perks=3525010810,2822142346,1172098417,3215448563
dimwishlist:item=406384293&perks=3525010810,2822142346,1172098417,3299896859
dimwishlist:item=406384293&perks=3525010810,2822142346,1172098417,3047969693
dimwishlist:item=406384293&perks=3525010810,2822142346,1172098417,624891305
dimwishlist:item=406384293&perks=3525010810,2108812838,1421772400,2109543898
dimwishlist:item=406384293&perks=3525010810,2108812838,1421772400,2799030358
dimwishlist:item=406384293&perks=3525010810,2108812838,1421772400,3215448563
dimwishlist:item=406384293&perks=3525010810,2108812838,1421772400,3299896859
dimwishlist:item=406384293&perks=3525010810,2108812838,1421772400,3047969693
dimwishlist:item=406384293&perks=3525010810,2108812838,1421772400,624891305
dimwishlist:item=406384293&perks=3525010810,2108812838,3291427296,2109543898
dimwishlist:item=406384293&perks=3525010810,2108812838,3291427296,2799030358
dimwishlist:item=406384293&perks=3525010810,2108812838,3291427296,3215448563
dimwishlist:item=406384293&perks=3525010810,2108812838,3291427296,3299896859
dimwishlist:item=406384293&perks=3525010810,2108812838,3291427296,3047969693
dimwishlist:item=406384293&perks=3525010810,2108812838,3291427296,624891305
dimwishlist:item=406384293&perks=3525010810,2108812838,3017780555,2109543898
dimwishlist:item=406384293&perks=3525010810,2108812838,3017780555,2799030358
dimwishlist:item=406384293&perks=3525010810,2108812838,3017780555,3215448563
dimwishlist:item=406384293&perks=3525010810,2108812838,3017780555,3299896859
dimwishlist:item=406384293&perks=3525010810,2108812838,3017780555,3047969693
dimwishlist:item=406384293&perks=3525010810,2108812838,3017780555,624891305
dimwishlist:item=406384293&perks=3525010810,2108812838,4223976499,2109543898
dimwishlist:item=406384293&perks=3525010810,2108812838,4223976499,2799030358
dimwishlist:item=406384293&perks=3525010810,2108812838,4223976499,3215448563
dimwishlist:item=406384293&perks=3525010810,2108812838,4223976499,3299896859
dimwishlist:item=406384293&perks=3525010810,2108812838,4223976499,3047969693
dimwishlist:item=406384293&perks=3525010810,2108812838,4223976499,624891305
dimwishlist:item=406384293&perks=3525010810,2108812838,2172504645,2109543898
dimwishlist:item=406384293&perks=3525010810,2108812838,2172504645,2799030358
dimwishlist:item=406384293&perks=3525010810,2108812838,2172504645,3215448563
dimwishlist:item=406384293&perks=3525010810,2108812838,2172504645,3299896859
dimwishlist:item=406384293&perks=3525010810,2108812838,2172504645,3047969693
dimwishlist:item=406384293&perks=3525010810,2108812838,2172504645,624891305
dimwishlist:item=406384293&perks=3525010810,2108812838,1172098417,2109543898
dimwishlist:item=406384293&perks=3525010810,2108812838,1172098417,2799030358
dimwishlist:item=406384293&perks=3525010810,2108812838,1172098417,3215448563
dimwishlist:item=406384293&perks=3525010810,2108812838,1172098417,3299896859
dimwishlist:item=406384293&perks=3525010810,2108812838,1172098417,3047969693
dimwishlist:item=406384293&perks=3525010810,2108812838,1172098417,624891305
dimwishlist:item=406384293&perks=3525010810,1380253176,1421772400,2109543898
dimwishlist:item=406384293&perks=3525010810,1380253176,1421772400,2799030358
dimwishlist:item=406384293&perks=3525010810,1380253176,1421772400,3215448563
dimwishlist:item=406384293&perks=3525010810,1380253176,1421772400,3299896859
dimwishlist:item=406384293&perks=3525010810,1380253176,1421772400,3047969693
dimwishlist:item=406384293&perks=3525010810,1380253176,1421772400,624891305
dimwishlist:item=406384293&perks=3525010810,1380253176,3291427296,2109543898
dimwishlist:item=406384293&perks=3525010810,1380253176,3291427296,2799030358
dimwishlist:item=406384293&perks=3525010810,1380253176,3291427296,3215448563
dimwishlist:item=406384293&perks=3525010810,1380253176,3291427296,3299896859
dimwishlist:item=406384293&perks=3525010810,1380253176,3291427296,3047969693
dimwishlist:item=406384293&perks=3525010810,1380253176,3291427296,624891305
dimwishlist:item=406384293&perks=3525010810,1380253176,3017780555,2109543898
dimwishlist:item=406384293&perks=3525010810,1380253176,3017780555,2799030358
dimwishlist:item=406384293&perks=3525010810,1380253176,3017780555,3215448563
dimwishlist:item=406384293&perks=3525010810,1380253176,3017780555,3299896859
dimwishlist:item=406384293&perks=3525010810,1380253176,3017780555,3047969693
dimwishlist:item=406384293&perks=3525010810,1380253176,3017780555,624891305
dimwishlist:item=406384293&perks=3525010810,1380253176,4223976499,2109543898
dimwishlist:item=406384293&perks=3525010810,1380253176,4223976499,2799030358
dimwishlist:item=406384293&perks=3525010810,1380253176,4223976499,3215448563
dimwishlist:item=406384293&perks=3525010810,1380253176,4223976499,3299896859
dimwishlist:item=406384293&perks=3525010810,1380253176,4223976499,3047969693
dimwishlist:item=406384293&perks=3525010810,1380253176,4223976499,624891305
dimwishlist:item=406384293&perks=3525010810,1380253176,2172504645,2109543898
dimwishlist:item=406384293&perks=3525010810,1380253176,2172504645,2799030358
dimwishlist:item=406384293&perks=3525010810,1380253176,2172504645,3215448563
dimwishlist:item=406384293&perks=3525010810,1380253176,2172504645,3299896859
dimwishlist:item=406384293&perks=3525010810,1380253176,2172504645,3047969693
dimwishlist:item=406384293&perks=3525010810,1380253176,2172504645,624891305
dimwishlist:item=406384293&perks=3525010810,1380253176,1172098417,2109543898
dimwishlist:item=406384293&perks=3525010810,1380253176,1172098417,2799030358
dimwishlist:item=406384293&perks=3525010810,1380253176,1172098417,3215448563
dimwishlist:item=406384293&perks=3525010810,1380253176,1172098417,3299896859
dimwishlist:item=406384293&perks=3525010810,1380253176,1172098417,3047969693
dimwishlist:item=406384293&perks=3525010810,1380253176,1172098417,624891305
dimwishlist:item=406384293&perks=3525010810,3781548872,1421772400,2109543898
dimwishlist:item=406384293&perks=3525010810,3781548872,1421772400,2799030358
dimwishlist:item=406384293&perks=3525010810,3781548872,1421772400,3215448563
dimwishlist:item=406384293&perks=3525010810,3781548872,1421772400,3299896859
dimwishlist:item=406384293&perks=3525010810,3781548872,1421772400,3047969693
dimwishlist:item=406384293&perks=3525010810,3781548872,1421772400,624891305
dimwishlist:item=406384293&perks=3525010810,3781548872,3291427296,2109543898
dimwishlist:item=406384293&perks=3525010810,3781548872,3291427296,2799030358
dimwishlist:item=406384293&perks=3525010810,3781548872,3291427296,3215448563
dimwishlist:item=406384293&perks=3525010810,3781548872,3291427296,3299896859
dimwishlist:item=406384293&perks=3525010810,3781548872,3291427296,3047969693
dimwishlist:item=406384293&perks=3525010810,3781548872,3291427296,624891305
dimwishlist:item=406384293&perks=3525010810,3781548872,3017780555,2109543898
dimwishlist:item=406384293&perks=3525010810,3781548872,3017780555,2799030358
dimwishlist:item=406384293&perks=3525010810,3781548872,3017780555,3215448563
dimwishlist:item=406384293&perks=3525010810,3781548872,3017780555,3299896859
dimwishlist:item=406384293&perks=3525010810,3781548872,3017780555,3047969693
dimwishlist:item=406384293&perks=3525010810,3781548872,3017780555,624891305
dimwishlist:item=406384293&perks=3525010810,3781548872,4223976499,2109543898
dimwishlist:item=406384293&perks=3525010810,3781548872,4223976499,2799030358
dimwishlist:item=406384293&perks=3525010810,3781548872,4223976499,3215448563
dimwishlist:item=406384293&perks=3525010810,3781548872,4223976499,3299896859
dimwishlist:item=406384293&perks=3525010810,3781548872,4223976499,3047969693
dimwishlist:item=406384293&perks=3525010810,3781548872,4223976499,624891305
dimwishlist:item=406384293&perks=3525010810,3781548872,2172504645,2109543898
dimwishlist:item=406384293&perks=3525010810,3781548872,2172504645,2799030358
dimwishlist:item=406384293&perks=3525010810,3781548872,2172504645,3215448563
dimwishlist:item=406384293&perks=3525010810,3781548872,2172504645,3299896859
dimwishlist:item=406384293&perks=3525010810,3781548872,2172504645,3047969693
dimwishlist:item=406384293&perks=3525010810,3781548872,2172504645,624891305
dimwishlist:item=406384293&perks=3525010810,3781548872,1172098417,2109543898
dimwishlist:item=406384293&perks=3525010810,3781548872,1172098417,2799030358
dimwishlist:item=406384293&perks=3525010810,3781548872,1172098417,3215448563
dimwishlist:item=406384293&perks=3525010810,3781548872,1172098417,3299896859
dimwishlist:item=406384293&perks=3525010810,3781548872,1172098417,3047969693
dimwishlist:item=406384293&perks=3525010810,3781548872,1172098417,624891305
dimwishlist:item=406384293&perks=3250572790,2822142346,1421772400,2109543898
dimwishlist:item=406384293&perks=3250572790,2822142346,1421772400,2799030358
dimwishlist:item=406384293&perks=3250572790,2822142346,1421772400,3215448563
dimwishlist:item=406384293&perks=3250572790,2822142346,1421772400,3299896859
dimwishlist:item=406384293&perks=3250572790,2822142346,1421772400,3047969693
dimwishlist:item=406384293&perks=3250572790,2822142346,1421772400,624891305
dimwishlist:item=406384293&perks=3250572790,2822142346,3291427296,2109543898
dimwishlist:item=406384293&perks=3250572790,2822142346,3291427296,2799030358
dimwishlist:item=406384293&perks=3250572790,2822142346,3291427296,3215448563
dimwishlist:item=406384293&perks=3250572790,2822142346,3291427296,3299896859
dimwishlist:item=406384293&perks=3250572790,2822142346,3291427296,3047969693
dimwishlist:item=406384293&perks=3250572790,2822142346,3291427296,624891305
dimwishlist:item=406384293&perks=3250572790,2822142346,3017780555,2109543898
dimwishlist:item=406384293&perks=3250572790,2822142346,3017780555,2799030358
dimwishlist:item=406384293&perks=3250572790,2822142346,3017780555,3215448563
dimwishlist:item=406384293&perks=3250572790,2822142346,3017780555,3299896859
dimwishlist:item=406384293&perks=3250572790,2822142346,3017780555,3047969693
dimwishlist:item=406384293&perks=3250572790,2822142346,3017780555,624891305
dimwishlist:item=406384293&perks=3250572790,2822142346,4223976499,2109543898
dimwishlist:item=406384293&perks=3250572790,2822142346,4223976499,2799030358
dimwishlist:item=406384293&perks=3250572790,2822142346,4223976499,3215448563
dimwishlist:item=406384293&perks=3250572790,2822142346,4223976499,3299896859
dimwishlist:item=406384293&perks=3250572790,2822142346,4223976499,3047969693
dimwishlist:item=406384293&perks=3250572790,2822142346,4223976499,624891305
dimwishlist:item=406384293&perks=3250572790,2822142346,2172504645,2109543898
dimwishlist:item=406384293&perks=3250572790,2822142346,2172504645,2799030358
dimwishlist:item=406384293&perks=3250572790,2822142346,2172504645,3215448563
dimwishlist:item=406384293&perks=3250572790,2822142346,2172504645,3299896859
dimwishlist:item=406384293&perks=3250572790,2822142346,2172504645,3047969693
dimwishlist:item=406384293&perks=3250572790,2822142346,2172504645,624891305
dimwishlist:item=406384293&perks=3250572790,2822142346,1172098417,2109543898
dimwishlist:item=406384293&perks=3250572790,2822142346,1172098417,2799030358
dimwishlist:item=406384293&perks=3250572790,2822142346,1172098417,3215448563
dimwishlist:item=406384293&perks=3250572790,2822142346,1172098417,3299896859
dimwishlist:item=406384293&perks=3250572790,2822142346,1172098417,3047969693
dimwishlist:item=406384293&perks=3250572790,2822142346,1172098417,624891305
dimwishlist:item=406384293&perks=3250572790,2108812838,1421772400,2109543898
dimwishlist:item=406384293&perks=3250572790,2108812838,1421772400,2799030358
dimwishlist:item=406384293&perks=3250572790,2108812838,1421772400,3215448563
dimwishlist:item=406384293&perks=3250572790,2108812838,1421772400,3299896859
dimwishlist:item=406384293&perks=3250572790,2108812838,1421772400,3047969693
dimwishlist:item=406384293&perks=3250572790,2108812838,1421772400,624891305
dimwishlist:item=406384293&perks=3250572790,2108812838,3291427296,2109543898
dimwishlist:item=406384293&perks=3250572790,2108812838,3291427296,2799030358
dimwishlist:item=406384293&perks=3250572790,2108812838,3291427296,3215448563
dimwishlist:item=406384293&perks=3250572790,2108812838,3291427296,3299896859
dimwishlist:item=406384293&perks=3250572790,2108812838,3291427296,3047969693
dimwishlist:item=406384293&perks=3250572790,2108812838,3291427296,624891305
dimwishlist:item=406384293&perks=3250572790,2108812838,3017780555,2109543898
dimwishlist:item=406384293&perks=3250572790,2108812838,3017780555,2799030358
dimwishlist:item=406384293&perks=3250572790,2108812838,3017780555,3215448563
dimwishlist:item=406384293&perks=3250572790,2108812838,3017780555,3299896859
dimwishlist:item=406384293&perks=3250572790,2108812838,3017780555,3047969693
dimwishlist:item=406384293&perks=3250572790,2108812838,3017780555,624891305
dimwishlist:item=406384293&perks=3250572790,2108812838,4223976499,2109543898
dimwishlist:item=406384293&perks=3250572790,2108812838,4223976499,2799030358
dimwishlist:item=406384293&perks=3250572790,2108812838,4223976499,3215448563
dimwishlist:item=406384293&perks=3250572790,2108812838,4223976499,3299896859
dimwishlist:item=406384293&perks=3250572790,2108812838,4223976499,3047969693
dimwishlist:item=406384293&perks=3250572790,2108812838,4223976499,624891305
dimwishlist:item=406384293&perks=3250572790,2108812838,2172504645,2109543898
dimwishlist:item=406384293&perks=3250572790,2108812838,2172504645,2799030358
dimwishlist:item=406384293&perks=3250572790,2108812838,2172504645,3215448563
dimwishlist:item=406384293&perks=3250572790,2108812838,2172504645,3299896859
dimwishlist:item=406384293&perks=3250572790,2108812838,2172504645,3047969693
dimwishlist:item=406384293&perks=3250572790,2108812838,2172504645,624891305
dimwishlist:item=406384293&perks=3250572790,2108812838,1172098417,2109543898
dimwishlist:item=406384293&perks=3250572790,2108812838,1172098417,2799030358
dimwishlist:item=406384293&perks=3250572790,2108812838,1172098417,3215448563
dimwishlist:item=406384293&perks=3250572790,2108812838,1172098417,3299896859
dimwishlist:item=406384293&perks=3250572790,2108812838,1172098417,3047969693
dimwishlist:item=406384293&perks=3250572790,2108812838,1172098417,624891305
dimwishlist:item=406384293&perks=3250572790,1380253176,1421772400,2109543898
dimwishlist:item=406384293&perks=3250572790,1380253176,1421772400,2799030358
dimwishlist:item=406384293&perks=3250572790,1380253176,1421772400,3215448563
dimwishlist:item=406384293&perks=3250572790,1380253176,1421772400,3299896859
dimwishlist:item=406384293&perks=3250572790,1380253176,1421772400,3047969693
dimwishlist:item=406384293&perks=3250572790,1380253176,1421772400,624891305
dimwishlist:item=406384293&perks=3250572790,1380253176,3291427296,2109543898
dimwishlist:item=406384293&perks=3250572790,1380253176,3291427296,2799030358
dimwishlist:item=406384293&perks=3250572790,1380253176,3291427296,3215448563
dimwishlist:item=406384293&perks=3250572790,1380253176,3291427296,3299896859
dimwishlist:item=406384293&perks=3250572790,1380253176,3291427296,3047969693
dimwishlist:item=406384293&perks=3250572790,1380253176,3291427296,624891305
dimwishlist:item=406384293&perks=3250572790,1380253176,3017780555,2109543898
dimwishlist:item=406384293&perks=3250572790,1380253176,3017780555,2799030358
dimwishlist:item=406384293&perks=3250572790,1380253176,3017780555,3215448563
dimwishlist:item=406384293&perks=3250572790,1380253176,3017780555,3299896859
dimwishlist:item=406384293&perks=3250572790,1380253176,3017780555,3047969693
dimwishlist:item=406384293&perks=3250572790,1380253176,3017780555,624891305
dimwishlist:item=406384293&perks=3250572790,1380253176,4223976499,2109543898
dimwishlist:item=406384293&perks=3250572790,1380253176,4223976499,2799030358
dimwishlist:item=406384293&perks=3250572790,1380253176,4223976499,3215448563
dimwishlist:item=406384293&perks=3250572790,1380253176,4223976499,3299896859
dimwishlist:item=406384293&perks=3250572790,1380253176,4223976499,3047969693
dimwishlist:item=406384293&perks=3250572790,1380253176,4223976499,624891305
dimwishlist:item=406384293&perks=3250572790,1380253176,2172504645,2109543898
dimwishlist:item=406384293&perks=3250572790,1380253176,2172504645,2799030358
dimwishlist:item=406384293&perks=3250572790,1380253176,2172504645,3215448563
dimwishlist:item=406384293&perks=3250572790,1380253176,2172504645,3299896859
dimwishlist:item=406384293&perks=3250572790,1380253176,2172504645,3047969693
dimwishlist:item=406384293&perks=3250572790,1380253176,2172504645,624891305
dimwishlist:item=406384293&perks=3250572790,1380253176,1172098417,2109543898
dimwishlist:item=406384293&perks=3250572790,1380253176,1172098417,2799030358
dimwishlist:item=406384293&perks=3250572790,1380253176,1172098417,3215448563
dimwishlist:item=406384293&perks=3250572790,1380253176,1172098417,3299896859
dimwishlist:item=406384293&perks=3250572790,1380253176,1172098417,3047969693
dimwishlist:item=406384293&perks=3250572790,1380253176,1172098417,624891305
dimwishlist:item=406384293&perks=3250572790,3781548872,1421772400,2109543898
dimwishlist:item=406384293&perks=3250572790,3781548872,1421772400,2799030358
dimwishlist:item=406384293&perks=3250572790,3781548872,1421772400,3215448563
dimwishlist:item=406384293&perks=3250572790,3781548872,1421772400,3299896859
dimwishlist:item=406384293&perks=3250572790,3781548872,1421772400,3047969693
dimwishlist:item=406384293&perks=3250572790,3781548872,1421772400,624891305
dimwishlist:item=406384293&perks=3250572790,3781548872,3291427296,2109543898
dimwishlist:item=406384293&perks=3250572790,3781548872,3291427296,2799030358
dimwishlist:item=406384293&perks=3250572790,3781548872,3291427296,3215448563
dimwishlist:item=406384293&perks=3250572790,3781548872,3291427296,3299896859
dimwishlist:item=406384293&perks=3250572790,3781548872,3291427296,3047969693
dimwishlist:item=406384293&perks=3250572790,3781548872,3291427296,624891305
dimwishlist:item=406384293&perks=3250572790,3781548872,3017780555,2109543898
dimwishlist:item=406384293&perks=3250572790,3781548872,3017780555,2799030358
dimwishlist:item=406384293&perks=3250572790,3781548872,3017780555,3215448563
dimwishlist:item=406384293&perks=3250572790,3781548872,3017780555,3299896859
dimwishlist:item=406384293&perks=3250572790,3781548872,3017780555,3047969693
dimwishlist:item=406384293&perks=3250572790,3781548872,3017780555,624891305
dimwishlist:item=406384293&perks=3250572790,3781548872,4223976499,2109543898
dimwishlist:item=406384293&perks=3250572790,3781548872,4223976499,2799030358
dimwishlist:item=406384293&perks=3250572790,3781548872,4223976499,3215448563
dimwishlist:item=406384293&perks=3250572790,3781548872,4223976499,3299896859
dimwishlist:item=406384293&perks=3250572790,3781548872,4223976499,3047969693
dimwishlist:item=406384293&perks=3250572790,3781548872,4223976499,624891305
dimwishlist:item=406384293&perks=3250572790,3781548872,2172504645,2109543898
dimwishlist:item=406384293&perks=3250572790,3781548872,2172504645,2799030358
dimwishlist:item=406384293&perks=3250572790,3781548872,2172504645,3215448563
dimwishlist:item=406384293&perks=3250572790,3781548872,2172504645,3299896859
dimwishlist:item=406384293&perks=3250572790,3781548872,2172504645,3047969693
dimwishlist:item=406384293&perks=3250572790,3781548872,2172504645,624891305
dimwishlist:item=406384293&perks=3250572790,3781548872,1172098417,2109543898
dimwishlist:item=406384293&perks=3250572790,3781548872,1172098417,2799030358
dimwishlist:item=406384293&perks=3250572790,3781548872,1172098417,3215448563
dimwishlist:item=406384293&perks=3250572790,3781548872,1172098417,3299896859
dimwishlist:item=406384293&perks=3250572790,3781548872,1172098417,3047969693
dimwishlist:item=406384293&perks=3250572790,3781548872,1172098417,624891305


//Volta Bracket
//notes:Aegis Speedrun Shopping #2 (Universal use) -> QoL ammo pickups
dimwishlist:item=3920310144&perks=1840239774,106909392,3700496672,3038247973
dimwishlist:item=3920310144&perks=1840239774,106909392,3700496672,64866129
dimwishlist:item=3920310144&perks=1840239774,106909392,2840833776,3038247973
dimwishlist:item=3920310144&perks=1840239774,106909392,2840833776,64866129
dimwishlist:item=3920310144&perks=1840239774,1783397184,3700496672,3038247973
dimwishlist:item=3920310144&perks=1840239774,1783397184,3700496672,64866129
dimwishlist:item=3920310144&perks=1840239774,1783397184,2840833776,3038247973
dimwishlist:item=3920310144&perks=1840239774,1783397184,2840833776,64866129
dimwishlist:item=3920310144&perks=1124871858,106909392,3700496672,3038247973
dimwishlist:item=3920310144&perks=1124871858,106909392,3700496672,64866129
dimwishlist:item=3920310144&perks=1124871858,106909392,2840833776,3038247973
dimwishlist:item=3920310144&perks=1124871858,106909392,2840833776,64866129
dimwishlist:item=3920310144&perks=1124871858,1783397184,3700496672,3038247973
dimwishlist:item=3920310144&perks=1124871858,1783397184,3700496672,64866129
dimwishlist:item=3920310144&perks=1124871858,1783397184,2840833776,3038247973
dimwishlist:item=3920310144&perks=1124871858,1783397184,2840833776,64866129


//VS Velocity Baton
//notes:Aegis Speedrun Shopping #2 (Universal use) -> Add clear
dimwishlist:item=1762785663&perks=3525010810,2822142346,3523296417,2048641572
dimwishlist:item=1762785663&perks=3525010810,2822142346,3523296417,1926441324
dimwishlist:item=1762785663&perks=3525010810,2822142346,3523296417,243981275
dimwishlist:item=1762785663&perks=3525010810,2822142346,3523296417,984655331
dimwishlist:item=1762785663&perks=3525010810,2822142346,3523296417,
dimwishlist:item=1762785663&perks=3525010810,2822142346,1906147653,2048641572
dimwishlist:item=1762785663&perks=3525010810,2822142346,1906147653,1926441324
dimwishlist:item=1762785663&perks=3525010810,2822142346,1906147653,243981275
dimwishlist:item=1762785663&perks=3525010810,2822142346,1906147653,984655331
dimwishlist:item=1762785663&perks=3525010810,2822142346,1906147653,
dimwishlist:item=1762785663&perks=3525010810,2822142346,776531651,2048641572
dimwishlist:item=1762785663&perks=3525010810,2822142346,776531651,1926441324
dimwishlist:item=1762785663&perks=3525010810,2822142346,776531651,243981275
dimwishlist:item=1762785663&perks=3525010810,2822142346,776531651,984655331
dimwishlist:item=1762785663&perks=3525010810,2822142346,776531651,
dimwishlist:item=1762785663&perks=3525010810,2822142346,2541826827,2048641572
dimwishlist:item=1762785663&perks=3525010810,2822142346,2541826827,1926441324
dimwishlist:item=1762785663&perks=3525010810,2822142346,2541826827,243981275
dimwishlist:item=1762785663&perks=3525010810,2822142346,2541826827,984655331
dimwishlist:item=1762785663&perks=3525010810,2822142346,2541826827,
dimwishlist:item=1762785663&perks=3525010810,2108812838,3523296417,2048641572
dimwishlist:item=1762785663&perks=3525010810,2108812838,3523296417,1926441324
dimwishlist:item=1762785663&perks=3525010810,2108812838,3523296417,243981275
dimwishlist:item=1762785663&perks=3525010810,2108812838,3523296417,984655331
dimwishlist:item=1762785663&perks=3525010810,2108812838,3523296417,
dimwishlist:item=1762785663&perks=3525010810,2108812838,1906147653,2048641572
dimwishlist:item=1762785663&perks=3525010810,2108812838,1906147653,1926441324
dimwishlist:item=1762785663&perks=3525010810,2108812838,1906147653,243981275
dimwishlist:item=1762785663&perks=3525010810,2108812838,1906147653,984655331
dimwishlist:item=1762785663&perks=3525010810,2108812838,1906147653,
dimwishlist:item=1762785663&perks=3525010810,2108812838,776531651,2048641572
dimwishlist:item=1762785663&perks=3525010810,2108812838,776531651,1926441324
dimwishlist:item=1762785663&perks=3525010810,2108812838,776531651,243981275
dimwishlist:item=1762785663&perks=3525010810,2108812838,776531651,984655331
dimwishlist:item=1762785663&perks=3525010810,2108812838,776531651,
dimwishlist:item=1762785663&perks=3525010810,2108812838,2541826827,2048641572
dimwishlist:item=1762785663&perks=3525010810,2108812838,2541826827,1926441324
dimwishlist:item=1762785663&perks=3525010810,2108812838,2541826827,243981275
dimwishlist:item=1762785663&perks=3525010810,2108812838,2541826827,984655331
dimwishlist:item=1762785663&perks=3525010810,2108812838,2541826827,
dimwishlist:item=1762785663&perks=3250572790,2822142346,3523296417,2048641572
dimwishlist:item=1762785663&perks=3250572790,2822142346,3523296417,1926441324
dimwishlist:item=1762785663&perks=3250572790,2822142346,3523296417,243981275
dimwishlist:item=1762785663&perks=3250572790,2822142346,3523296417,984655331
dimwishlist:item=1762785663&perks=3250572790,2822142346,3523296417,
dimwishlist:item=1762785663&perks=3250572790,2822142346,1906147653,2048641572
dimwishlist:item=1762785663&perks=3250572790,2822142346,1906147653,1926441324
dimwishlist:item=1762785663&perks=3250572790,2822142346,1906147653,243981275
dimwishlist:item=1762785663&perks=3250572790,2822142346,1906147653,984655331
dimwishlist:item=1762785663&perks=3250572790,2822142346,1906147653,
dimwishlist:item=1762785663&perks=3250572790,2822142346,776531651,2048641572
dimwishlist:item=1762785663&perks=3250572790,2822142346,776531651,1926441324
dimwishlist:item=1762785663&perks=3250572790,2822142346,776531651,243981275
dimwishlist:item=1762785663&perks=3250572790,2822142346,776531651,984655331
dimwishlist:item=1762785663&perks=3250572790,2822142346,776531651,
dimwishlist:item=1762785663&perks=3250572790,2822142346,2541826827,2048641572
dimwishlist:item=1762785663&perks=3250572790,2822142346,2541826827,1926441324
dimwishlist:item=1762785663&perks=3250572790,2822142346,2541826827,243981275
dimwishlist:item=1762785663&perks=3250572790,2822142346,2541826827,984655331
dimwishlist:item=1762785663&perks=3250572790,2822142346,2541826827,
dimwishlist:item=1762785663&perks=3250572790,2108812838,3523296417,2048641572
dimwishlist:item=1762785663&perks=3250572790,2108812838,3523296417,1926441324
dimwishlist:item=1762785663&perks=3250572790,2108812838,3523296417,243981275
dimwishlist:item=1762785663&perks=3250572790,2108812838,3523296417,984655331
dimwishlist:item=1762785663&perks=3250572790,2108812838,3523296417,
dimwishlist:item=1762785663&perks=3250572790,2108812838,1906147653,2048641572
dimwishlist:item=1762785663&perks=3250572790,2108812838,1906147653,1926441324
dimwishlist:item=1762785663&perks=3250572790,2108812838,1906147653,243981275
dimwishlist:item=1762785663&perks=3250572790,2108812838,1906147653,984655331
dimwishlist:item=1762785663&perks=3250572790,2108812838,1906147653,
dimwishlist:item=1762785663&perks=3250572790,2108812838,776531651,2048641572
dimwishlist:item=1762785663&perks=3250572790,2108812838,776531651,1926441324
dimwishlist:item=1762785663&perks=3250572790,2108812838,776531651,243981275
dimwishlist:item=1762785663&perks=3250572790,2108812838,776531651,984655331
dimwishlist:item=1762785663&perks=3250572790,2108812838,776531651,
dimwishlist:item=1762785663&perks=3250572790,2108812838,2541826827,2048641572
dimwishlist:item=1762785663&perks=3250572790,2108812838,2541826827,1926441324
dimwishlist:item=1762785663&perks=3250572790,2108812838,2541826827,243981275
dimwishlist:item=1762785663&perks=3250572790,2108812838,2541826827,984655331
dimwishlist:item=1762785663&perks=3250572790,2108812838,2541826827,
dimwishlist:item=2452936816&perks=3525010810,2822142346,3523296417,2396489472
dimwishlist:item=2452936816&perks=3525010810,2822142346,3523296417,598607952
dimwishlist:item=2452936816&perks=3525010810,2822142346,3523296417,2048641572
dimwishlist:item=2452936816&perks=3525010810,2822142346,3523296417,1926441324
dimwishlist:item=2452936816&perks=3525010810,2822142346,3523296417,243981275
dimwishlist:item=2452936816&perks=3525010810,2822142346,3523296417,984655331
dimwishlist:item=2452936816&perks=3525010810,2822142346,3523296417,1089671869
dimwishlist:item=2452936816&perks=3525010810,2822142346,3523296417,496047945
dimwishlist:item=2452936816&perks=3525010810,2822142346,3523296417,
dimwishlist:item=2452936816&perks=3525010810,2822142346,1906147653,2396489472
dimwishlist:item=2452936816&perks=3525010810,2822142346,1906147653,598607952
dimwishlist:item=2452936816&perks=3525010810,2822142346,1906147653,2048641572
dimwishlist:item=2452936816&perks=3525010810,2822142346,1906147653,1926441324
dimwishlist:item=2452936816&perks=3525010810,2822142346,1906147653,243981275
dimwishlist:item=2452936816&perks=3525010810,2822142346,1906147653,984655331
dimwishlist:item=2452936816&perks=3525010810,2822142346,1906147653,1089671869
dimwishlist:item=2452936816&perks=3525010810,2822142346,1906147653,496047945
dimwishlist:item=2452936816&perks=3525010810,2822142346,1906147653,
dimwishlist:item=2452936816&perks=3525010810,2822142346,776531651,2396489472
dimwishlist:item=2452936816&perks=3525010810,2822142346,776531651,598607952
dimwishlist:item=2452936816&perks=3525010810,2822142346,776531651,2048641572
dimwishlist:item=2452936816&perks=3525010810,2822142346,776531651,1926441324
dimwishlist:item=2452936816&perks=3525010810,2822142346,776531651,243981275
dimwishlist:item=2452936816&perks=3525010810,2822142346,776531651,984655331
dimwishlist:item=2452936816&perks=3525010810,2822142346,776531651,1089671869
dimwishlist:item=2452936816&perks=3525010810,2822142346,776531651,496047945
dimwishlist:item=2452936816&perks=3525010810,2822142346,776531651,
dimwishlist:item=2452936816&perks=3525010810,2822142346,2541826827,2396489472
dimwishlist:item=2452936816&perks=3525010810,2822142346,2541826827,598607952
dimwishlist:item=2452936816&perks=3525010810,2822142346,2541826827,2048641572
dimwishlist:item=2452936816&perks=3525010810,2822142346,2541826827,1926441324
dimwishlist:item=2452936816&perks=3525010810,2822142346,2541826827,243981275
dimwishlist:item=2452936816&perks=3525010810,2822142346,2541826827,984655331
dimwishlist:item=2452936816&perks=3525010810,2822142346,2541826827,1089671869
dimwishlist:item=2452936816&perks=3525010810,2822142346,2541826827,496047945
dimwishlist:item=2452936816&perks=3525010810,2822142346,2541826827,
dimwishlist:item=2452936816&perks=3525010810,2822142346,3987942396,2396489472
dimwishlist:item=2452936816&perks=3525010810,2822142346,3987942396,598607952
dimwishlist:item=2452936816&perks=3525010810,2822142346,3987942396,2048641572
dimwishlist:item=2452936816&perks=3525010810,2822142346,3987942396,1926441324
dimwishlist:item=2452936816&perks=3525010810,2822142346,3987942396,243981275
dimwishlist:item=2452936816&perks=3525010810,2822142346,3987942396,984655331
dimwishlist:item=2452936816&perks=3525010810,2822142346,3987942396,1089671869
dimwishlist:item=2452936816&perks=3525010810,2822142346,3987942396,496047945
dimwishlist:item=2452936816&perks=3525010810,2822142346,3987942396,
dimwishlist:item=2452936816&perks=3525010810,2822142346,2817499044,2396489472
dimwishlist:item=2452936816&perks=3525010810,2822142346,2817499044,598607952
dimwishlist:item=2452936816&perks=3525010810,2822142346,2817499044,2048641572
dimwishlist:item=2452936816&perks=3525010810,2822142346,2817499044,1926441324
dimwishlist:item=2452936816&perks=3525010810,2822142346,2817499044,243981275
dimwishlist:item=2452936816&perks=3525010810,2822142346,2817499044,984655331
dimwishlist:item=2452936816&perks=3525010810,2822142346,2817499044,1089671869
dimwishlist:item=2452936816&perks=3525010810,2822142346,2817499044,496047945
dimwishlist:item=2452936816&perks=3525010810,2822142346,2817499044,
dimwishlist:item=2452936816&perks=3525010810,2108812838,3523296417,2396489472
dimwishlist:item=2452936816&perks=3525010810,2108812838,3523296417,598607952
dimwishlist:item=2452936816&perks=3525010810,2108812838,3523296417,2048641572
dimwishlist:item=2452936816&perks=3525010810,2108812838,3523296417,1926441324
dimwishlist:item=2452936816&perks=3525010810,2108812838,3523296417,243981275
dimwishlist:item=2452936816&perks=3525010810,2108812838,3523296417,984655331
dimwishlist:item=2452936816&perks=3525010810,2108812838,3523296417,1089671869
dimwishlist:item=2452936816&perks=3525010810,2108812838,3523296417,496047945
dimwishlist:item=2452936816&perks=3525010810,2108812838,3523296417,
dimwishlist:item=2452936816&perks=3525010810,2108812838,1906147653,2396489472
dimwishlist:item=2452936816&perks=3525010810,2108812838,1906147653,598607952
dimwishlist:item=2452936816&perks=3525010810,2108812838,1906147653,2048641572
dimwishlist:item=2452936816&perks=3525010810,2108812838,1906147653,1926441324
dimwishlist:item=2452936816&perks=3525010810,2108812838,1906147653,243981275
dimwishlist:item=2452936816&perks=3525010810,2108812838,1906147653,984655331
dimwishlist:item=2452936816&perks=3525010810,2108812838,1906147653,1089671869
dimwishlist:item=2452936816&perks=3525010810,2108812838,1906147653,496047945
dimwishlist:item=2452936816&perks=3525010810,2108812838,1906147653,
dimwishlist:item=2452936816&perks=3525010810,2108812838,776531651,2396489472
dimwishlist:item=2452936816&perks=3525010810,2108812838,776531651,598607952
dimwishlist:item=2452936816&perks=3525010810,2108812838,776531651,2048641572
dimwishlist:item=2452936816&perks=3525010810,2108812838,776531651,1926441324
dimwishlist:item=2452936816&perks=3525010810,2108812838,776531651,243981275
dimwishlist:item=2452936816&perks=3525010810,2108812838,776531651,984655331
dimwishlist:item=2452936816&perks=3525010810,2108812838,776531651,1089671869
dimwishlist:item=2452936816&perks=3525010810,2108812838,776531651,496047945
dimwishlist:item=2452936816&perks=3525010810,2108812838,776531651,
dimwishlist:item=2452936816&perks=3525010810,2108812838,2541826827,2396489472
dimwishlist:item=2452936816&perks=3525010810,2108812838,2541826827,598607952
dimwishlist:item=2452936816&perks=3525010810,2108812838,2541826827,2048641572
dimwishlist:item=2452936816&perks=3525010810,2108812838,2541826827,1926441324
dimwishlist:item=2452936816&perks=3525010810,2108812838,2541826827,243981275
dimwishlist:item=2452936816&perks=3525010810,2108812838,2541826827,984655331
dimwishlist:item=2452936816&perks=3525010810,2108812838,2541826827,1089671869
dimwishlist:item=2452936816&perks=3525010810,2108812838,2541826827,496047945
dimwishlist:item=2452936816&perks=3525010810,2108812838,2541826827,
dimwishlist:item=2452936816&perks=3525010810,2108812838,3987942396,2396489472
dimwishlist:item=2452936816&perks=3525010810,2108812838,3987942396,598607952
dimwishlist:item=2452936816&perks=3525010810,2108812838,3987942396,2048641572
dimwishlist:item=2452936816&perks=3525010810,2108812838,3987942396,1926441324
dimwishlist:item=2452936816&perks=3525010810,2108812838,3987942396,243981275
dimwishlist:item=2452936816&perks=3525010810,2108812838,3987942396,984655331
dimwishlist:item=2452936816&perks=3525010810,2108812838,3987942396,1089671869
dimwishlist:item=2452936816&perks=3525010810,2108812838,3987942396,496047945
dimwishlist:item=2452936816&perks=3525010810,2108812838,3987942396,
dimwishlist:item=2452936816&perks=3525010810,2108812838,2817499044,2396489472
dimwishlist:item=2452936816&perks=3525010810,2108812838,2817499044,598607952
dimwishlist:item=2452936816&perks=3525010810,2108812838,2817499044,2048641572
dimwishlist:item=2452936816&perks=3525010810,2108812838,2817499044,1926441324
dimwishlist:item=2452936816&perks=3525010810,2108812838,2817499044,243981275
dimwishlist:item=2452936816&perks=3525010810,2108812838,2817499044,984655331
dimwishlist:item=2452936816&perks=3525010810,2108812838,2817499044,1089671869
dimwishlist:item=2452936816&perks=3525010810,2108812838,2817499044,496047945
dimwishlist:item=2452936816&perks=3525010810,2108812838,2817499044,
dimwishlist:item=2452936816&perks=3250572790,2822142346,3523296417,2396489472
dimwishlist:item=2452936816&perks=3250572790,2822142346,3523296417,598607952
dimwishlist:item=2452936816&perks=3250572790,2822142346,3523296417,2048641572
dimwishlist:item=2452936816&perks=3250572790,2822142346,3523296417,1926441324
dimwishlist:item=2452936816&perks=3250572790,2822142346,3523296417,243981275
dimwishlist:item=2452936816&perks=3250572790,2822142346,3523296417,984655331
dimwishlist:item=2452936816&perks=3250572790,2822142346,3523296417,1089671869
dimwishlist:item=2452936816&perks=3250572790,2822142346,3523296417,496047945
dimwishlist:item=2452936816&perks=3250572790,2822142346,3523296417,
dimwishlist:item=2452936816&perks=3250572790,2822142346,1906147653,2396489472
dimwishlist:item=2452936816&perks=3250572790,2822142346,1906147653,598607952
dimwishlist:item=2452936816&perks=3250572790,2822142346,1906147653,2048641572
dimwishlist:item=2452936816&perks=3250572790,2822142346,1906147653,1926441324
dimwishlist:item=2452936816&perks=3250572790,2822142346,1906147653,243981275
dimwishlist:item=2452936816&perks=3250572790,2822142346,1906147653,984655331
dimwishlist:item=2452936816&perks=3250572790,2822142346,1906147653,1089671869
dimwishlist:item=2452936816&perks=3250572790,2822142346,1906147653,496047945
dimwishlist:item=2452936816&perks=3250572790,2822142346,1906147653,
dimwishlist:item=2452936816&perks=3250572790,2822142346,776531651,2396489472
dimwishlist:item=2452936816&perks=3250572790,2822142346,776531651,598607952
dimwishlist:item=2452936816&perks=3250572790,2822142346,776531651,2048641572
dimwishlist:item=2452936816&perks=3250572790,2822142346,776531651,1926441324
dimwishlist:item=2452936816&perks=3250572790,2822142346,776531651,243981275
dimwishlist:item=2452936816&perks=3250572790,2822142346,776531651,984655331
dimwishlist:item=2452936816&perks=3250572790,2822142346,776531651,1089671869
dimwishlist:item=2452936816&perks=3250572790,2822142346,776531651,496047945
dimwishlist:item=2452936816&perks=3250572790,2822142346,776531651,
dimwishlist:item=2452936816&perks=3250572790,2822142346,2541826827,2396489472
dimwishlist:item=2452936816&perks=3250572790,2822142346,2541826827,598607952
dimwishlist:item=2452936816&perks=3250572790,2822142346,2541826827,2048641572
dimwishlist:item=2452936816&perks=3250572790,2822142346,2541826827,1926441324
dimwishlist:item=2452936816&perks=3250572790,2822142346,2541826827,243981275
dimwishlist:item=2452936816&perks=3250572790,2822142346,2541826827,984655331
dimwishlist:item=2452936816&perks=3250572790,2822142346,2541826827,1089671869
dimwishlist:item=2452936816&perks=3250572790,2822142346,2541826827,496047945
dimwishlist:item=2452936816&perks=3250572790,2822142346,2541826827,
dimwishlist:item=2452936816&perks=3250572790,2822142346,3987942396,2396489472
dimwishlist:item=2452936816&perks=3250572790,2822142346,3987942396,598607952
dimwishlist:item=2452936816&perks=3250572790,2822142346,3987942396,2048641572
dimwishlist:item=2452936816&perks=3250572790,2822142346,3987942396,1926441324
dimwishlist:item=2452936816&perks=3250572790,2822142346,3987942396,243981275
dimwishlist:item=2452936816&perks=3250572790,2822142346,3987942396,984655331
dimwishlist:item=2452936816&perks=3250572790,2822142346,3987942396,1089671869
dimwishlist:item=2452936816&perks=3250572790,2822142346,3987942396,496047945
dimwishlist:item=2452936816&perks=3250572790,2822142346,3987942396,
dimwishlist:item=2452936816&perks=3250572790,2822142346,2817499044,2396489472
dimwishlist:item=2452936816&perks=3250572790,2822142346,2817499044,598607952
dimwishlist:item=2452936816&perks=3250572790,2822142346,2817499044,2048641572
dimwishlist:item=2452936816&perks=3250572790,2822142346,2817499044,1926441324
dimwishlist:item=2452936816&perks=3250572790,2822142346,2817499044,243981275
dimwishlist:item=2452936816&perks=3250572790,2822142346,2817499044,984655331
dimwishlist:item=2452936816&perks=3250572790,2822142346,2817499044,1089671869
dimwishlist:item=2452936816&perks=3250572790,2822142346,2817499044,496047945
dimwishlist:item=2452936816&perks=3250572790,2822142346,2817499044,
dimwishlist:item=2452936816&perks=3250572790,2108812838,3523296417,2396489472
dimwishlist:item=2452936816&perks=3250572790,2108812838,3523296417,598607952
dimwishlist:item=2452936816&perks=3250572790,2108812838,3523296417,2048641572
dimwishlist:item=2452936816&perks=3250572790,2108812838,3523296417,1926441324
dimwishlist:item=2452936816&perks=3250572790,2108812838,3523296417,243981275
dimwishlist:item=2452936816&perks=3250572790,2108812838,3523296417,984655331
dimwishlist:item=2452936816&perks=3250572790,2108812838,3523296417,1089671869
dimwishlist:item=2452936816&perks=3250572790,2108812838,3523296417,496047945
dimwishlist:item=2452936816&perks=3250572790,2108812838,3523296417,
dimwishlist:item=2452936816&perks=3250572790,2108812838,1906147653,2396489472
dimwishlist:item=2452936816&perks=3250572790,2108812838,1906147653,598607952
dimwishlist:item=2452936816&perks=3250572790,2108812838,1906147653,2048641572
dimwishlist:item=2452936816&perks=3250572790,2108812838,1906147653,1926441324
dimwishlist:item=2452936816&perks=3250572790,2108812838,1906147653,243981275
dimwishlist:item=2452936816&perks=3250572790,2108812838,1906147653,984655331
dimwishlist:item=2452936816&perks=3250572790,2108812838,1906147653,1089671869
dimwishlist:item=2452936816&perks=3250572790,2108812838,1906147653,496047945
dimwishlist:item=2452936816&perks=3250572790,2108812838,1906147653,
dimwishlist:item=2452936816&perks=3250572790,2108812838,776531651,2396489472
dimwishlist:item=2452936816&perks=3250572790,2108812838,776531651,598607952
dimwishlist:item=2452936816&perks=3250572790,2108812838,776531651,2048641572
dimwishlist:item=2452936816&perks=3250572790,2108812838,776531651,1926441324
dimwishlist:item=2452936816&perks=3250572790,2108812838,776531651,243981275
dimwishlist:item=2452936816&perks=3250572790,2108812838,776531651,984655331
dimwishlist:item=2452936816&perks=3250572790,2108812838,776531651,1089671869
dimwishlist:item=2452936816&perks=3250572790,2108812838,776531651,496047945
dimwishlist:item=2452936816&perks=3250572790,2108812838,776531651,
dimwishlist:item=2452936816&perks=3250572790,2108812838,2541826827,2396489472
dimwishlist:item=2452936816&perks=3250572790,2108812838,2541826827,598607952
dimwishlist:item=2452936816&perks=3250572790,2108812838,2541826827,2048641572
dimwishlist:item=2452936816&perks=3250572790,2108812838,2541826827,1926441324
dimwishlist:item=2452936816&perks=3250572790,2108812838,2541826827,243981275
dimwishlist:item=2452936816&perks=3250572790,2108812838,2541826827,984655331
dimwishlist:item=2452936816&perks=3250572790,2108812838,2541826827,1089671869
dimwishlist:item=2452936816&perks=3250572790,2108812838,2541826827,496047945
dimwishlist:item=2452936816&perks=3250572790,2108812838,2541826827,
dimwishlist:item=2452936816&perks=3250572790,2108812838,3987942396,2396489472
dimwishlist:item=2452936816&perks=3250572790,2108812838,3987942396,598607952
dimwishlist:item=2452936816&perks=3250572790,2108812838,3987942396,2048641572
dimwishlist:item=2452936816&perks=3250572790,2108812838,3987942396,1926441324
dimwishlist:item=2452936816&perks=3250572790,2108812838,3987942396,243981275
dimwishlist:item=2452936816&perks=3250572790,2108812838,3987942396,984655331
dimwishlist:item=2452936816&perks=3250572790,2108812838,3987942396,1089671869
dimwishlist:item=2452936816&perks=3250572790,2108812838,3987942396,496047945
dimwishlist:item=2452936816&perks=3250572790,2108812838,3987942396,
dimwishlist:item=2452936816&perks=3250572790,2108812838,2817499044,2396489472
dimwishlist:item=2452936816&perks=3250572790,2108812838,2817499044,598607952
dimwishlist:item=2452936816&perks=3250572790,2108812838,2817499044,2048641572
dimwishlist:item=2452936816&perks=3250572790,2108812838,2817499044,1926441324
dimwishlist:item=2452936816&perks=3250572790,2108812838,2817499044,243981275
dimwishlist:item=2452936816&perks=3250572790,2108812838,2817499044,984655331
dimwishlist:item=2452936816&perks=3250572790,2108812838,2817499044,1089671869
dimwishlist:item=2452936816&perks=3250572790,2108812838,2817499044,496047945
dimwishlist:item=2452936816&perks=3250572790,2108812838,2817499044,


//Worldline Zero
//notes:Aegis Speedrun Shopping #2 (LW, KF use) -> Movement
dimwishlist:item=1864563948&perks=,,,


//A Sudden Death
//notes:Aegis Speedrun Shopping #3 (Universal use) -> Burst damage
dimwishlist:item=1976481399&perks=1300023272,791862061,2679249093,2360754333
dimwishlist:item=1976481399&perks=1300023272,791862061,2679249093,2459015849
dimwishlist:item=1976481399&perks=1300023272,791862061,788178929,2360754333
dimwishlist:item=1976481399&perks=1300023272,791862061,788178929,2459015849
dimwishlist:item=1976481399&perks=1300023272,1488599449,2679249093,2360754333
dimwishlist:item=1976481399&perks=1300023272,1488599449,2679249093,2459015849
dimwishlist:item=1976481399&perks=1300023272,1488599449,788178929,2360754333
dimwishlist:item=1976481399&perks=1300023272,1488599449,788178929,2459015849
dimwishlist:item=1976481399&perks=2371713880,791862061,2679249093,2360754333
dimwishlist:item=1976481399&perks=2371713880,791862061,2679249093,2459015849
dimwishlist:item=1976481399&perks=2371713880,791862061,788178929,2360754333
dimwishlist:item=1976481399&perks=2371713880,791862061,788178929,2459015849
dimwishlist:item=1976481399&perks=2371713880,1488599449,2679249093,2360754333
dimwishlist:item=1976481399&perks=2371713880,1488599449,2679249093,2459015849
dimwishlist:item=1976481399&perks=2371713880,1488599449,788178929,2360754333
dimwishlist:item=1976481399&perks=2371713880,1488599449,788178929,2459015849
dimwishlist:item=1626437786&perks=1300023272,791862061,2679249093,2360754333
dimwishlist:item=1626437786&perks=1300023272,791862061,2679249093,2459015849
dimwishlist:item=1626437786&perks=1300023272,791862061,788178929,2360754333
dimwishlist:item=1626437786&perks=1300023272,791862061,788178929,2459015849
dimwishlist:item=1626437786&perks=1300023272,1488599449,2679249093,2360754333
dimwishlist:item=1626437786&perks=1300023272,1488599449,2679249093,2459015849
dimwishlist:item=1626437786&perks=1300023272,1488599449,788178929,2360754333
dimwishlist:item=1626437786&perks=1300023272,1488599449,788178929,2459015849
dimwishlist:item=1626437786&perks=2371713880,791862061,2679249093,2360754333
dimwishlist:item=1626437786&perks=2371713880,791862061,2679249093,2459015849
dimwishlist:item=1626437786&perks=2371713880,791862061,788178929,2360754333
dimwishlist:item=1626437786&perks=2371713880,791862061,788178929,2459015849
dimwishlist:item=1626437786&perks=2371713880,1488599449,2679249093,2360754333
dimwishlist:item=1626437786&perks=2371713880,1488599449,2679249093,2459015849
dimwishlist:item=1626437786&perks=2371713880,1488599449,788178929,2360754333
dimwishlist:item=1626437786&perks=2371713880,1488599449,788178929,2459015849
dimwishlist:item=1904170910&perks=1300023272,791862061,2679249093,2360754333
dimwishlist:item=1904170910&perks=1300023272,791862061,2679249093,2459015849
dimwishlist:item=1904170910&perks=1300023272,791862061,788178929,2360754333
dimwishlist:item=1904170910&perks=1300023272,791862061,788178929,2459015849
dimwishlist:item=1904170910&perks=1300023272,1488599449,2679249093,2360754333
dimwishlist:item=1904170910&perks=1300023272,1488599449,2679249093,2459015849
dimwishlist:item=1904170910&perks=1300023272,1488599449,788178929,2360754333
dimwishlist:item=1904170910&perks=1300023272,1488599449,788178929,2459015849
dimwishlist:item=1904170910&perks=2371713880,791862061,2679249093,2360754333
dimwishlist:item=1904170910&perks=2371713880,791862061,2679249093,2459015849
dimwishlist:item=1904170910&perks=2371713880,791862061,788178929,2360754333
dimwishlist:item=1904170910&perks=2371713880,791862061,788178929,2459015849
dimwishlist:item=1904170910&perks=2371713880,1488599449,2679249093,2360754333
dimwishlist:item=1904170910&perks=2371713880,1488599449,2679249093,2459015849
dimwishlist:item=1904170910&perks=2371713880,1488599449,788178929,2360754333
dimwishlist:item=1904170910&perks=2371713880,1488599449,788178929,2459015849
dimwishlist:item=2764074355&perks=1300023272,791862061,2679249093,2360754333
dimwishlist:item=2764074355&perks=1300023272,791862061,2679249093,2459015849
dimwishlist:item=2764074355&perks=1300023272,791862061,788178929,2360754333
dimwishlist:item=2764074355&perks=1300023272,791862061,788178929,2459015849
dimwishlist:item=2764074355&perks=1300023272,1488599449,2679249093,2360754333
dimwishlist:item=2764074355&perks=1300023272,1488599449,2679249093,2459015849
dimwishlist:item=2764074355&perks=1300023272,1488599449,788178929,2360754333
dimwishlist:item=2764074355&perks=1300023272,1488599449,788178929,2459015849
dimwishlist:item=2764074355&perks=2371713880,791862061,2679249093,2360754333
dimwishlist:item=2764074355&perks=2371713880,791862061,2679249093,2459015849
dimwishlist:item=2764074355&perks=2371713880,791862061,788178929,2360754333
dimwishlist:item=2764074355&perks=2371713880,791862061,788178929,2459015849
dimwishlist:item=2764074355&perks=2371713880,1488599449,2679249093,2360754333
dimwishlist:item=2764074355&perks=2371713880,1488599449,2679249093,2459015849
dimwishlist:item=2764074355&perks=2371713880,1488599449,788178929,2360754333
dimwishlist:item=2764074355&perks=2371713880,1488599449,788178929,2459015849
dimwishlist:item=2489016648&perks=1300023272,791862061,2679249093,2360754333
dimwishlist:item=2489016648&perks=1300023272,791862061,2679249093,2459015849
dimwishlist:item=2489016648&perks=1300023272,791862061,2679249093,1089671869
dimwishlist:item=2489016648&perks=1300023272,791862061,2679249093,496047945
dimwishlist:item=2489016648&perks=1300023272,791862061,788178929,2360754333
dimwishlist:item=2489016648&perks=1300023272,791862061,788178929,2459015849
dimwishlist:item=2489016648&perks=1300023272,791862061,788178929,1089671869
dimwishlist:item=2489016648&perks=1300023272,791862061,788178929,496047945
dimwishlist:item=2489016648&perks=1300023272,791862061,1523832109,2360754333
dimwishlist:item=2489016648&perks=1300023272,791862061,1523832109,2459015849
dimwishlist:item=2489016648&perks=1300023272,791862061,1523832109,1089671869
dimwishlist:item=2489016648&perks=1300023272,791862061,1523832109,496047945
dimwishlist:item=2489016648&perks=1300023272,791862061,461595545,2360754333
dimwishlist:item=2489016648&perks=1300023272,791862061,461595545,2459015849
dimwishlist:item=2489016648&perks=1300023272,791862061,461595545,1089671869
dimwishlist:item=2489016648&perks=1300023272,791862061,461595545,496047945
dimwishlist:item=2489016648&perks=1300023272,1488599449,2679249093,2360754333
dimwishlist:item=2489016648&perks=1300023272,1488599449,2679249093,2459015849
dimwishlist:item=2489016648&perks=1300023272,1488599449,2679249093,1089671869
dimwishlist:item=2489016648&perks=1300023272,1488599449,2679249093,496047945
dimwishlist:item=2489016648&perks=1300023272,1488599449,788178929,2360754333
dimwishlist:item=2489016648&perks=1300023272,1488599449,788178929,2459015849
dimwishlist:item=2489016648&perks=1300023272,1488599449,788178929,1089671869
dimwishlist:item=2489016648&perks=1300023272,1488599449,788178929,496047945
dimwishlist:item=2489016648&perks=1300023272,1488599449,1523832109,2360754333
dimwishlist:item=2489016648&perks=1300023272,1488599449,1523832109,2459015849
dimwishlist:item=2489016648&perks=1300023272,1488599449,1523832109,1089671869
dimwishlist:item=2489016648&perks=1300023272,1488599449,1523832109,496047945
dimwishlist:item=2489016648&perks=1300023272,1488599449,461595545,2360754333
dimwishlist:item=2489016648&perks=1300023272,1488599449,461595545,2459015849
dimwishlist:item=2489016648&perks=1300023272,1488599449,461595545,1089671869
dimwishlist:item=2489016648&perks=1300023272,1488599449,461595545,496047945
dimwishlist:item=2489016648&perks=2371713880,791862061,2679249093,2360754333
dimwishlist:item=2489016648&perks=2371713880,791862061,2679249093,2459015849
dimwishlist:item=2489016648&perks=2371713880,791862061,2679249093,1089671869
dimwishlist:item=2489016648&perks=2371713880,791862061,2679249093,496047945
dimwishlist:item=2489016648&perks=2371713880,791862061,788178929,2360754333
dimwishlist:item=2489016648&perks=2371713880,791862061,788178929,2459015849
dimwishlist:item=2489016648&perks=2371713880,791862061,788178929,1089671869
dimwishlist:item=2489016648&perks=2371713880,791862061,788178929,496047945
dimwishlist:item=2489016648&perks=2371713880,791862061,1523832109,2360754333
dimwishlist:item=2489016648&perks=2371713880,791862061,1523832109,2459015849
dimwishlist:item=2489016648&perks=2371713880,791862061,1523832109,1089671869
dimwishlist:item=2489016648&perks=2371713880,791862061,1523832109,496047945
dimwishlist:item=2489016648&perks=2371713880,791862061,461595545,2360754333
dimwishlist:item=2489016648&perks=2371713880,791862061,461595545,2459015849
dimwishlist:item=2489016648&perks=2371713880,791862061,461595545,1089671869
dimwishlist:item=2489016648&perks=2371713880,791862061,461595545,496047945
dimwishlist:item=2489016648&perks=2371713880,1488599449,2679249093,2360754333
dimwishlist:item=2489016648&perks=2371713880,1488599449,2679249093,2459015849
dimwishlist:item=2489016648&perks=2371713880,1488599449,2679249093,1089671869
dimwishlist:item=2489016648&perks=2371713880,1488599449,2679249093,496047945
dimwishlist:item=2489016648&perks=2371713880,1488599449,788178929,2360754333
dimwishlist:item=2489016648&perks=2371713880,1488599449,788178929,2459015849
dimwishlist:item=2489016648&perks=2371713880,1488599449,788178929,1089671869
dimwishlist:item=2489016648&perks=2371713880,1488599449,788178929,496047945
dimwishlist:item=2489016648&perks=2371713880,1488599449,1523832109,2360754333
dimwishlist:item=2489016648&perks=2371713880,1488599449,1523832109,2459015849
dimwishlist:item=2489016648&perks=2371713880,1488599449,1523832109,1089671869
dimwishlist:item=2489016648&perks=2371713880,1488599449,1523832109,496047945
dimwishlist:item=2489016648&perks=2371713880,1488599449,461595545,2360754333
dimwishlist:item=2489016648&perks=2371713880,1488599449,461595545,2459015849
dimwishlist:item=2489016648&perks=2371713880,1488599449,461595545,1089671869
dimwishlist:item=2489016648&perks=2371713880,1488599449,461595545,496047945


//Arcane Embrace
//notes:Aegis Speedrun Shopping #3 (Universal use) -> Boss damage
dimwishlist:item=3649985571&perks=1840239774,1087426260,1354429876,3708227201
dimwishlist:item=3649985571&perks=1840239774,1087426260,1354429876,781192741
dimwishlist:item=3649985571&perks=1840239774,1087426260,848860060,3708227201
dimwishlist:item=3649985571&perks=1840239774,1087426260,848860060,781192741
dimwishlist:item=3649985571&perks=1840239774,1087426260,1631667848,3708227201
dimwishlist:item=3649985571&perks=1840239774,1087426260,1631667848,781192741
dimwishlist:item=3649985571&perks=1840239774,1087426260,402033656,3708227201
dimwishlist:item=3649985571&perks=1840239774,1087426260,402033656,781192741
dimwishlist:item=3649985571&perks=1840239774,1065371964,1354429876,3708227201
dimwishlist:item=3649985571&perks=1840239774,1065371964,1354429876,781192741
dimwishlist:item=3649985571&perks=1840239774,1065371964,848860060,3708227201
dimwishlist:item=3649985571&perks=1840239774,1065371964,848860060,781192741
dimwishlist:item=3649985571&perks=1840239774,1065371964,1631667848,3708227201
dimwishlist:item=3649985571&perks=1840239774,1065371964,1631667848,781192741
dimwishlist:item=3649985571&perks=1840239774,1065371964,402033656,3708227201
dimwishlist:item=3649985571&perks=1840239774,1065371964,402033656,781192741
dimwishlist:item=3649985571&perks=1124871858,1087426260,1354429876,3708227201
dimwishlist:item=3649985571&perks=1124871858,1087426260,1354429876,781192741
dimwishlist:item=3649985571&perks=1124871858,1087426260,848860060,3708227201
dimwishlist:item=3649985571&perks=1124871858,1087426260,848860060,781192741
dimwishlist:item=3649985571&perks=1124871858,1087426260,1631667848,3708227201
dimwishlist:item=3649985571&perks=1124871858,1087426260,1631667848,781192741
dimwishlist:item=3649985571&perks=1124871858,1087426260,402033656,3708227201
dimwishlist:item=3649985571&perks=1124871858,1087426260,402033656,781192741
dimwishlist:item=3649985571&perks=1124871858,1065371964,1354429876,3708227201
dimwishlist:item=3649985571&perks=1124871858,1065371964,1354429876,781192741
dimwishlist:item=3649985571&perks=1124871858,1065371964,848860060,3708227201
dimwishlist:item=3649985571&perks=1124871858,1065371964,848860060,781192741
dimwishlist:item=3649985571&perks=1124871858,1065371964,1631667848,3708227201
dimwishlist:item=3649985571&perks=1124871858,1065371964,1631667848,781192741
dimwishlist:item=3649985571&perks=1124871858,1065371964,402033656,3708227201
dimwishlist:item=3649985571&perks=1124871858,1065371964,402033656,781192741
dimwishlist:item=3328019216&perks=1840239774,1087426260,1354429876,3764420437
dimwishlist:item=3328019216&perks=1840239774,1087426260,1354429876,3192447905
dimwishlist:item=3328019216&perks=1840239774,1087426260,1354429876,3708227201
dimwishlist:item=3328019216&perks=1840239774,1087426260,1354429876,781192741
dimwishlist:item=3328019216&perks=1840239774,1087426260,848860060,3764420437
dimwishlist:item=3328019216&perks=1840239774,1087426260,848860060,3192447905
dimwishlist:item=3328019216&perks=1840239774,1087426260,848860060,3708227201
dimwishlist:item=3328019216&perks=1840239774,1087426260,848860060,781192741
dimwishlist:item=3328019216&perks=1840239774,1087426260,1523832109,3764420437
dimwishlist:item=3328019216&perks=1840239774,1087426260,1523832109,3192447905
dimwishlist:item=3328019216&perks=1840239774,1087426260,1523832109,3708227201
dimwishlist:item=3328019216&perks=1840239774,1087426260,1523832109,781192741
dimwishlist:item=3328019216&perks=1840239774,1087426260,461595545,3764420437
dimwishlist:item=3328019216&perks=1840239774,1087426260,461595545,3192447905
dimwishlist:item=3328019216&perks=1840239774,1087426260,461595545,3708227201
dimwishlist:item=3328019216&perks=1840239774,1087426260,461595545,781192741
dimwishlist:item=3328019216&perks=1840239774,1087426260,1631667848,3764420437
dimwishlist:item=3328019216&perks=1840239774,1087426260,1631667848,3192447905
dimwishlist:item=3328019216&perks=1840239774,1087426260,1631667848,3708227201
dimwishlist:item=3328019216&perks=1840239774,1087426260,1631667848,781192741
dimwishlist:item=3328019216&perks=1840239774,1087426260,402033656,3764420437
dimwishlist:item=3328019216&perks=1840239774,1087426260,402033656,3192447905
dimwishlist:item=3328019216&perks=1840239774,1087426260,402033656,3708227201
dimwishlist:item=3328019216&perks=1840239774,1087426260,402033656,781192741
dimwishlist:item=3328019216&perks=1840239774,1065371964,1354429876,3764420437
dimwishlist:item=3328019216&perks=1840239774,1065371964,1354429876,3192447905
dimwishlist:item=3328019216&perks=1840239774,1065371964,1354429876,3708227201
dimwishlist:item=3328019216&perks=1840239774,1065371964,1354429876,781192741
dimwishlist:item=3328019216&perks=1840239774,1065371964,848860060,3764420437
dimwishlist:item=3328019216&perks=1840239774,1065371964,848860060,3192447905
dimwishlist:item=3328019216&perks=1840239774,1065371964,848860060,3708227201
dimwishlist:item=3328019216&perks=1840239774,1065371964,848860060,781192741
dimwishlist:item=3328019216&perks=1840239774,1065371964,1523832109,3764420437
dimwishlist:item=3328019216&perks=1840239774,1065371964,1523832109,3192447905
dimwishlist:item=3328019216&perks=1840239774,1065371964,1523832109,3708227201
dimwishlist:item=3328019216&perks=1840239774,1065371964,1523832109,781192741
dimwishlist:item=3328019216&perks=1840239774,1065371964,461595545,3764420437
dimwishlist:item=3328019216&perks=1840239774,1065371964,461595545,3192447905
dimwishlist:item=3328019216&perks=1840239774,1065371964,461595545,3708227201
dimwishlist:item=3328019216&perks=1840239774,1065371964,461595545,781192741
dimwishlist:item=3328019216&perks=1840239774,1065371964,1631667848,3764420437
dimwishlist:item=3328019216&perks=1840239774,1065371964,1631667848,3192447905
dimwishlist:item=3328019216&perks=1840239774,1065371964,1631667848,3708227201
dimwishlist:item=3328019216&perks=1840239774,1065371964,1631667848,781192741
dimwishlist:item=3328019216&perks=1840239774,1065371964,402033656,3764420437
dimwishlist:item=3328019216&perks=1840239774,1065371964,402033656,3192447905
dimwishlist:item=3328019216&perks=1840239774,1065371964,402033656,3708227201
dimwishlist:item=3328019216&perks=1840239774,1065371964,402033656,781192741
dimwishlist:item=3328019216&perks=1124871858,1087426260,1354429876,3764420437
dimwishlist:item=3328019216&perks=1124871858,1087426260,1354429876,3192447905
dimwishlist:item=3328019216&perks=1124871858,1087426260,1354429876,3708227201
dimwishlist:item=3328019216&perks=1124871858,1087426260,1354429876,781192741
dimwishlist:item=3328019216&perks=1124871858,1087426260,848860060,3764420437
dimwishlist:item=3328019216&perks=1124871858,1087426260,848860060,3192447905
dimwishlist:item=3328019216&perks=1124871858,1087426260,848860060,3708227201
dimwishlist:item=3328019216&perks=1124871858,1087426260,848860060,781192741
dimwishlist:item=3328019216&perks=1124871858,1087426260,1523832109,3764420437
dimwishlist:item=3328019216&perks=1124871858,1087426260,1523832109,3192447905
dimwishlist:item=3328019216&perks=1124871858,1087426260,1523832109,3708227201
dimwishlist:item=3328019216&perks=1124871858,1087426260,1523832109,781192741
dimwishlist:item=3328019216&perks=1124871858,1087426260,461595545,3764420437
dimwishlist:item=3328019216&perks=1124871858,1087426260,461595545,3192447905
dimwishlist:item=3328019216&perks=1124871858,1087426260,461595545,3708227201
dimwishlist:item=3328019216&perks=1124871858,1087426260,461595545,781192741
dimwishlist:item=3328019216&perks=1124871858,1087426260,1631667848,3764420437
dimwishlist:item=3328019216&perks=1124871858,1087426260,1631667848,3192447905
dimwishlist:item=3328019216&perks=1124871858,1087426260,1631667848,3708227201
dimwishlist:item=3328019216&perks=1124871858,1087426260,1631667848,781192741
dimwishlist:item=3328019216&perks=1124871858,1087426260,402033656,3764420437
dimwishlist:item=3328019216&perks=1124871858,1087426260,402033656,3192447905
dimwishlist:item=3328019216&perks=1124871858,1087426260,402033656,3708227201
dimwishlist:item=3328019216&perks=1124871858,1087426260,402033656,781192741
dimwishlist:item=3328019216&perks=1124871858,1065371964,1354429876,3764420437
dimwishlist:item=3328019216&perks=1124871858,1065371964,1354429876,3192447905
dimwishlist:item=3328019216&perks=1124871858,1065371964,1354429876,3708227201
dimwishlist:item=3328019216&perks=1124871858,1065371964,1354429876,781192741
dimwishlist:item=3328019216&perks=1124871858,1065371964,848860060,3764420437
dimwishlist:item=3328019216&perks=1124871858,1065371964,848860060,3192447905
dimwishlist:item=3328019216&perks=1124871858,1065371964,848860060,3708227201
dimwishlist:item=3328019216&perks=1124871858,1065371964,848860060,781192741
dimwishlist:item=3328019216&perks=1124871858,1065371964,1523832109,3764420437
dimwishlist:item=3328019216&perks=1124871858,1065371964,1523832109,3192447905
dimwishlist:item=3328019216&perks=1124871858,1065371964,1523832109,3708227201
dimwishlist:item=3328019216&perks=1124871858,1065371964,1523832109,781192741
dimwishlist:item=3328019216&perks=1124871858,1065371964,461595545,3764420437
dimwishlist:item=3328019216&perks=1124871858,1065371964,461595545,3192447905
dimwishlist:item=3328019216&perks=1124871858,1065371964,461595545,3708227201
dimwishlist:item=3328019216&perks=1124871858,1065371964,461595545,781192741
dimwishlist:item=3328019216&perks=1124871858,1065371964,1631667848,3764420437
dimwishlist:item=3328019216&perks=1124871858,1065371964,1631667848,3192447905
dimwishlist:item=3328019216&perks=1124871858,1065371964,1631667848,3708227201
dimwishlist:item=3328019216&perks=1124871858,1065371964,1631667848,781192741
dimwishlist:item=3328019216&perks=1124871858,1065371964,402033656,3764420437
dimwishlist:item=3328019216&perks=1124871858,1065371964,402033656,3192447905
dimwishlist:item=3328019216&perks=1124871858,1065371964,402033656,3708227201
dimwishlist:item=3328019216&perks=1124871858,1065371964,402033656,781192741
dimwishlist:item=1813474267&perks=1840239774,1087426260,1354429876,3764420437
dimwishlist:item=1813474267&perks=1840239774,1087426260,1354429876,3192447905
dimwishlist:item=1813474267&perks=1840239774,1087426260,1354429876,3708227201
dimwishlist:item=1813474267&perks=1840239774,1087426260,1354429876,781192741
dimwishlist:item=1813474267&perks=1840239774,1087426260,848860060,3764420437
dimwishlist:item=1813474267&perks=1840239774,1087426260,848860060,3192447905
dimwishlist:item=1813474267&perks=1840239774,1087426260,848860060,3708227201
dimwishlist:item=1813474267&perks=1840239774,1087426260,848860060,781192741
dimwishlist:item=1813474267&perks=1840239774,1087426260,1523832109,3764420437
dimwishlist:item=1813474267&perks=1840239774,1087426260,1523832109,3192447905
dimwishlist:item=1813474267&perks=1840239774,1087426260,1523832109,3708227201
dimwishlist:item=1813474267&perks=1840239774,1087426260,1523832109,781192741
dimwishlist:item=1813474267&perks=1840239774,1087426260,461595545,3764420437
dimwishlist:item=1813474267&perks=1840239774,1087426260,461595545,3192447905
dimwishlist:item=1813474267&perks=1840239774,1087426260,461595545,3708227201
dimwishlist:item=1813474267&perks=1840239774,1087426260,461595545,781192741
dimwishlist:item=1813474267&perks=1840239774,1087426260,1631667848,3764420437
dimwishlist:item=1813474267&perks=1840239774,1087426260,1631667848,3192447905
dimwishlist:item=1813474267&perks=1840239774,1087426260,1631667848,3708227201
dimwishlist:item=1813474267&perks=1840239774,1087426260,1631667848,781192741
dimwishlist:item=1813474267&perks=1840239774,1087426260,402033656,3764420437
dimwishlist:item=1813474267&perks=1840239774,1087426260,402033656,3192447905
dimwishlist:item=1813474267&perks=1840239774,1087426260,402033656,3708227201
dimwishlist:item=1813474267&perks=1840239774,1087426260,402033656,781192741
dimwishlist:item=1813474267&perks=1840239774,1065371964,1354429876,3764420437
dimwishlist:item=1813474267&perks=1840239774,1065371964,1354429876,3192447905
dimwishlist:item=1813474267&perks=1840239774,1065371964,1354429876,3708227201
dimwishlist:item=1813474267&perks=1840239774,1065371964,1354429876,781192741
dimwishlist:item=1813474267&perks=1840239774,1065371964,848860060,3764420437
dimwishlist:item=1813474267&perks=1840239774,1065371964,848860060,3192447905
dimwishlist:item=1813474267&perks=1840239774,1065371964,848860060,3708227201
dimwishlist:item=1813474267&perks=1840239774,1065371964,848860060,781192741
dimwishlist:item=1813474267&perks=1840239774,1065371964,1523832109,3764420437
dimwishlist:item=1813474267&perks=1840239774,1065371964,1523832109,3192447905
dimwishlist:item=1813474267&perks=1840239774,1065371964,1523832109,3708227201
dimwishlist:item=1813474267&perks=1840239774,1065371964,1523832109,781192741
dimwishlist:item=1813474267&perks=1840239774,1065371964,461595545,3764420437
dimwishlist:item=1813474267&perks=1840239774,1065371964,461595545,3192447905
dimwishlist:item=1813474267&perks=1840239774,1065371964,461595545,3708227201
dimwishlist:item=1813474267&perks=1840239774,1065371964,461595545,781192741
dimwishlist:item=1813474267&perks=1840239774,1065371964,1631667848,3764420437
dimwishlist:item=1813474267&perks=1840239774,1065371964,1631667848,3192447905
dimwishlist:item=1813474267&perks=1840239774,1065371964,1631667848,3708227201
dimwishlist:item=1813474267&perks=1840239774,1065371964,1631667848,781192741
dimwishlist:item=1813474267&perks=1840239774,1065371964,402033656,3764420437
dimwishlist:item=1813474267&perks=1840239774,1065371964,402033656,3192447905
dimwishlist:item=1813474267&perks=1840239774,1065371964,402033656,3708227201
dimwishlist:item=1813474267&perks=1840239774,1065371964,402033656,781192741
dimwishlist:item=1813474267&perks=1124871858,1087426260,1354429876,3764420437
dimwishlist:item=1813474267&perks=1124871858,1087426260,1354429876,3192447905
dimwishlist:item=1813474267&perks=1124871858,1087426260,1354429876,3708227201
dimwishlist:item=1813474267&perks=1124871858,1087426260,1354429876,781192741
dimwishlist:item=1813474267&perks=1124871858,1087426260,848860060,3764420437
dimwishlist:item=1813474267&perks=1124871858,1087426260,848860060,3192447905
dimwishlist:item=1813474267&perks=1124871858,1087426260,848860060,3708227201
dimwishlist:item=1813474267&perks=1124871858,1087426260,848860060,781192741
dimwishlist:item=1813474267&perks=1124871858,1087426260,1523832109,3764420437
dimwishlist:item=1813474267&perks=1124871858,1087426260,1523832109,3192447905
dimwishlist:item=1813474267&perks=1124871858,1087426260,1523832109,3708227201
dimwishlist:item=1813474267&perks=1124871858,1087426260,1523832109,781192741
dimwishlist:item=1813474267&perks=1124871858,1087426260,461595545,3764420437
dimwishlist:item=1813474267&perks=1124871858,1087426260,461595545,3192447905
dimwishlist:item=1813474267&perks=1124871858,1087426260,461595545,3708227201
dimwishlist:item=1813474267&perks=1124871858,1087426260,461595545,781192741
dimwishlist:item=1813474267&perks=1124871858,1087426260,1631667848,3764420437
dimwishlist:item=1813474267&perks=1124871858,1087426260,1631667848,3192447905
dimwishlist:item=1813474267&perks=1124871858,1087426260,1631667848,3708227201
dimwishlist:item=1813474267&perks=1124871858,1087426260,1631667848,781192741
dimwishlist:item=1813474267&perks=1124871858,1087426260,402033656,3764420437
dimwishlist:item=1813474267&perks=1124871858,1087426260,402033656,3192447905
dimwishlist:item=1813474267&perks=1124871858,1087426260,402033656,3708227201
dimwishlist:item=1813474267&perks=1124871858,1087426260,402033656,781192741
dimwishlist:item=1813474267&perks=1124871858,1065371964,1354429876,3764420437
dimwishlist:item=1813474267&perks=1124871858,1065371964,1354429876,3192447905
dimwishlist:item=1813474267&perks=1124871858,1065371964,1354429876,3708227201
dimwishlist:item=1813474267&perks=1124871858,1065371964,1354429876,781192741
dimwishlist:item=1813474267&perks=1124871858,1065371964,848860060,3764420437
dimwishlist:item=1813474267&perks=1124871858,1065371964,848860060,3192447905
dimwishlist:item=1813474267&perks=1124871858,1065371964,848860060,3708227201
dimwishlist:item=1813474267&perks=1124871858,1065371964,848860060,781192741
dimwishlist:item=1813474267&perks=1124871858,1065371964,1523832109,3764420437
dimwishlist:item=1813474267&perks=1124871858,1065371964,1523832109,3192447905
dimwishlist:item=1813474267&perks=1124871858,1065371964,1523832109,3708227201
dimwishlist:item=1813474267&perks=1124871858,1065371964,1523832109,781192741
dimwishlist:item=1813474267&perks=1124871858,1065371964,461595545,3764420437
dimwishlist:item=1813474267&perks=1124871858,1065371964,461595545,3192447905
dimwishlist:item=1813474267&perks=1124871858,1065371964,461595545,3708227201
dimwishlist:item=1813474267&perks=1124871858,1065371964,461595545,781192741
dimwishlist:item=1813474267&perks=1124871858,1065371964,1631667848,3764420437
dimwishlist:item=1813474267&perks=1124871858,1065371964,1631667848,3192447905
dimwishlist:item=1813474267&perks=1124871858,1065371964,1631667848,3708227201
dimwishlist:item=1813474267&perks=1124871858,1065371964,1631667848,781192741
dimwishlist:item=1813474267&perks=1124871858,1065371964,402033656,3764420437
dimwishlist:item=1813474267&perks=1124871858,1065371964,402033656,3192447905
dimwishlist:item=1813474267&perks=1124871858,1065371964,402033656,3708227201
dimwishlist:item=1813474267&perks=1124871858,1065371964,402033656,781192741


//Dead Messenger
//notes:Aegis Speedrun Shopping #3 (Universal use) -> Add clear
dimwishlist:item=46125926&perks=3525010810,2822142346,3523296417,


//Divinity
//notes:Aegis Speedrun Shopping #3 (Universal use) -> Damage debuff
dimwishlist:item=4103414242&perks=,,,


//Edge of Action
//notes:Aegis Speedrun Shopping #3 (Universal use) -> Damage buff
dimwishlist:item=2535142413&perks=594346985,1087426260,,1067908860
dimwishlist:item=2535142413&perks=594346985,1065371964,,1067908860
dimwishlist:item=2535142413&perks=2364577709,1087426260,,1067908860
dimwishlist:item=2535142413&perks=2364577709,1065371964,,1067908860


//Edge Transit
//notes:Aegis Speedrun Shopping #3 (BRAVE version) (Universal use) -> Burst damage
dimwishlist:item=568611923&perks=3525010810,3373736292,3751912585,3194351027
dimwishlist:item=568611923&perks=3525010810,3373736292,3751912585,2275087323
dimwishlist:item=568611923&perks=3525010810,3373736292,331667533,3194351027
dimwishlist:item=568611923&perks=3525010810,3373736292,331667533,2275087323
dimwishlist:item=568611923&perks=3525010810,3061646252,3751912585,3194351027
dimwishlist:item=568611923&perks=3525010810,3061646252,3751912585,2275087323
dimwishlist:item=568611923&perks=3525010810,3061646252,331667533,3194351027
dimwishlist:item=568611923&perks=3525010810,3061646252,331667533,2275087323
dimwishlist:item=568611923&perks=3525010810,3301904089,3751912585,3194351027
dimwishlist:item=568611923&perks=3525010810,3301904089,3751912585,2275087323
dimwishlist:item=568611923&perks=3525010810,3301904089,331667533,3194351027
dimwishlist:item=568611923&perks=3525010810,3301904089,331667533,2275087323
dimwishlist:item=568611923&perks=3525010810,409713597,3751912585,3194351027
dimwishlist:item=568611923&perks=3525010810,409713597,3751912585,2275087323
dimwishlist:item=568611923&perks=3525010810,409713597,331667533,3194351027
dimwishlist:item=568611923&perks=3525010810,409713597,331667533,2275087323
dimwishlist:item=568611923&perks=3250572790,3373736292,3751912585,3194351027
dimwishlist:item=568611923&perks=3250572790,3373736292,3751912585,2275087323
dimwishlist:item=568611923&perks=3250572790,3373736292,331667533,3194351027
dimwishlist:item=568611923&perks=3250572790,3373736292,331667533,2275087323
dimwishlist:item=568611923&perks=3250572790,3061646252,3751912585,3194351027
dimwishlist:item=568611923&perks=3250572790,3061646252,3751912585,2275087323
dimwishlist:item=568611923&perks=3250572790,3061646252,331667533,3194351027
dimwishlist:item=568611923&perks=3250572790,3061646252,331667533,2275087323
dimwishlist:item=568611923&perks=3250572790,3301904089,3751912585,3194351027
dimwishlist:item=568611923&perks=3250572790,3301904089,3751912585,2275087323
dimwishlist:item=568611923&perks=3250572790,3301904089,331667533,3194351027
dimwishlist:item=568611923&perks=3250572790,3301904089,331667533,2275087323
dimwishlist:item=568611923&perks=3250572790,409713597,3751912585,3194351027
dimwishlist:item=568611923&perks=3250572790,409713597,3751912585,2275087323
dimwishlist:item=568611923&perks=3250572790,409713597,331667533,3194351027
dimwishlist:item=568611923&perks=3250572790,409713597,331667533,2275087323
dimwishlist:item=2228325504&perks=3525010810,3373736292,3751912585,3194351027
dimwishlist:item=2228325504&perks=3525010810,3373736292,3751912585,2275087323
dimwishlist:item=2228325504&perks=3525010810,3373736292,331667533,3194351027
dimwishlist:item=2228325504&perks=3525010810,3373736292,331667533,2275087323
dimwishlist:item=2228325504&perks=3525010810,3061646252,3751912585,3194351027
dimwishlist:item=2228325504&perks=3525010810,3061646252,3751912585,2275087323
dimwishlist:item=2228325504&perks=3525010810,3061646252,331667533,3194351027
dimwishlist:item=2228325504&perks=3525010810,3061646252,331667533,2275087323
dimwishlist:item=2228325504&perks=3525010810,3301904089,3751912585,3194351027
dimwishlist:item=2228325504&perks=3525010810,3301904089,3751912585,2275087323
dimwishlist:item=2228325504&perks=3525010810,3301904089,331667533,3194351027
dimwishlist:item=2228325504&perks=3525010810,3301904089,331667533,2275087323
dimwishlist:item=2228325504&perks=3525010810,409713597,3751912585,3194351027
dimwishlist:item=2228325504&perks=3525010810,409713597,3751912585,2275087323
dimwishlist:item=2228325504&perks=3525010810,409713597,331667533,3194351027
dimwishlist:item=2228325504&perks=3525010810,409713597,331667533,2275087323
dimwishlist:item=2228325504&perks=3250572790,3373736292,3751912585,3194351027
dimwishlist:item=2228325504&perks=3250572790,3373736292,3751912585,2275087323
dimwishlist:item=2228325504&perks=3250572790,3373736292,331667533,3194351027
dimwishlist:item=2228325504&perks=3250572790,3373736292,331667533,2275087323
dimwishlist:item=2228325504&perks=3250572790,3061646252,3751912585,3194351027
dimwishlist:item=2228325504&perks=3250572790,3061646252,3751912585,2275087323
dimwishlist:item=2228325504&perks=3250572790,3061646252,331667533,3194351027
dimwishlist:item=2228325504&perks=3250572790,3061646252,331667533,2275087323
dimwishlist:item=2228325504&perks=3250572790,3301904089,3751912585,3194351027
dimwishlist:item=2228325504&perks=3250572790,3301904089,3751912585,2275087323
dimwishlist:item=2228325504&perks=3250572790,3301904089,331667533,3194351027
dimwishlist:item=2228325504&perks=3250572790,3301904089,331667533,2275087323
dimwishlist:item=2228325504&perks=3250572790,409713597,3751912585,3194351027
dimwishlist:item=2228325504&perks=3250572790,409713597,3751912585,2275087323
dimwishlist:item=2228325504&perks=3250572790,409713597,331667533,3194351027
dimwishlist:item=2228325504&perks=3250572790,409713597,331667533,2275087323
dimwishlist:item=3736001863&perks=3525010810,3373736292,3751912585,3194351027
dimwishlist:item=3736001863&perks=3525010810,3373736292,3751912585,2275087323
dimwishlist:item=3736001863&perks=3525010810,3373736292,3751912585,1089671869
dimwishlist:item=3736001863&perks=3525010810,3373736292,3751912585,496047945
dimwishlist:item=3736001863&perks=3525010810,3373736292,331667533,3194351027
dimwishlist:item=3736001863&perks=3525010810,3373736292,331667533,2275087323
dimwishlist:item=3736001863&perks=3525010810,3373736292,331667533,1089671869
dimwishlist:item=3736001863&perks=3525010810,3373736292,331667533,496047945
dimwishlist:item=3736001863&perks=3525010810,3061646252,3751912585,3194351027
dimwishlist:item=3736001863&perks=3525010810,3061646252,3751912585,2275087323
dimwishlist:item=3736001863&perks=3525010810,3061646252,3751912585,1089671869
dimwishlist:item=3736001863&perks=3525010810,3061646252,3751912585,496047945
dimwishlist:item=3736001863&perks=3525010810,3061646252,331667533,3194351027
dimwishlist:item=3736001863&perks=3525010810,3061646252,331667533,2275087323
dimwishlist:item=3736001863&perks=3525010810,3061646252,331667533,1089671869
dimwishlist:item=3736001863&perks=3525010810,3061646252,331667533,496047945
dimwishlist:item=3736001863&perks=3525010810,3301904089,3751912585,3194351027
dimwishlist:item=3736001863&perks=3525010810,3301904089,3751912585,2275087323
dimwishlist:item=3736001863&perks=3525010810,3301904089,3751912585,1089671869
dimwishlist:item=3736001863&perks=3525010810,3301904089,3751912585,496047945
dimwishlist:item=3736001863&perks=3525010810,3301904089,331667533,3194351027
dimwishlist:item=3736001863&perks=3525010810,3301904089,331667533,2275087323
dimwishlist:item=3736001863&perks=3525010810,3301904089,331667533,1089671869
dimwishlist:item=3736001863&perks=3525010810,3301904089,331667533,496047945
dimwishlist:item=3736001863&perks=3525010810,409713597,3751912585,3194351027
dimwishlist:item=3736001863&perks=3525010810,409713597,3751912585,2275087323
dimwishlist:item=3736001863&perks=3525010810,409713597,3751912585,1089671869
dimwishlist:item=3736001863&perks=3525010810,409713597,3751912585,496047945
dimwishlist:item=3736001863&perks=3525010810,409713597,331667533,3194351027
dimwishlist:item=3736001863&perks=3525010810,409713597,331667533,2275087323
dimwishlist:item=3736001863&perks=3525010810,409713597,331667533,1089671869
dimwishlist:item=3736001863&perks=3525010810,409713597,331667533,496047945
dimwishlist:item=3736001863&perks=3250572790,3373736292,3751912585,3194351027
dimwishlist:item=3736001863&perks=3250572790,3373736292,3751912585,2275087323
dimwishlist:item=3736001863&perks=3250572790,3373736292,3751912585,1089671869
dimwishlist:item=3736001863&perks=3250572790,3373736292,3751912585,496047945
dimwishlist:item=3736001863&perks=3250572790,3373736292,331667533,3194351027
dimwishlist:item=3736001863&perks=3250572790,3373736292,331667533,2275087323
dimwishlist:item=3736001863&perks=3250572790,3373736292,331667533,1089671869
dimwishlist:item=3736001863&perks=3250572790,3373736292,331667533,496047945
dimwishlist:item=3736001863&perks=3250572790,3061646252,3751912585,3194351027
dimwishlist:item=3736001863&perks=3250572790,3061646252,3751912585,2275087323
dimwishlist:item=3736001863&perks=3250572790,3061646252,3751912585,1089671869
dimwishlist:item=3736001863&perks=3250572790,3061646252,3751912585,496047945
dimwishlist:item=3736001863&perks=3250572790,3061646252,331667533,3194351027
dimwishlist:item=3736001863&perks=3250572790,3061646252,331667533,2275087323
dimwishlist:item=3736001863&perks=3250572790,3061646252,331667533,1089671869
dimwishlist:item=3736001863&perks=3250572790,3061646252,331667533,496047945
dimwishlist:item=3736001863&perks=3250572790,3301904089,3751912585,3194351027
dimwishlist:item=3736001863&perks=3250572790,3301904089,3751912585,2275087323
dimwishlist:item=3736001863&perks=3250572790,3301904089,3751912585,1089671869
dimwishlist:item=3736001863&perks=3250572790,3301904089,3751912585,496047945
dimwishlist:item=3736001863&perks=3250572790,3301904089,331667533,3194351027
dimwishlist:item=3736001863&perks=3250572790,3301904089,331667533,2275087323
dimwishlist:item=3736001863&perks=3250572790,3301904089,331667533,1089671869
dimwishlist:item=3736001863&perks=3250572790,3301904089,331667533,496047945
dimwishlist:item=3736001863&perks=3250572790,409713597,3751912585,3194351027
dimwishlist:item=3736001863&perks=3250572790,409713597,3751912585,2275087323
dimwishlist:item=3736001863&perks=3250572790,409713597,3751912585,1089671869
dimwishlist:item=3736001863&perks=3250572790,409713597,3751912585,496047945
dimwishlist:item=3736001863&perks=3250572790,409713597,331667533,3194351027
dimwishlist:item=3736001863&perks=3250572790,409713597,331667533,2275087323
dimwishlist:item=3736001863&perks=3250572790,409713597,331667533,1089671869
dimwishlist:item=3736001863&perks=3250572790,409713597,331667533,496047945


//Eriana's Vow
//notes:Aegis Speedrun Shopping #3 (VoG, Duality, VotD use) -> Oracles ; Add clear
dimwishlist:item=3524313097&perks=,,,


//Ex Diris
//notes:Aegis Speedrun Shopping #3 (Universal use) -> Dying
dimwishlist:item=3821409356&perks=,,,


//Fafnir
//notes:Aegis Speedrun Shopping #3 (Universal use) -> Damage debuff
dimwishlist:item=2197778303&perks=,,,


//Finality's Auger
//notes:Aegis Speedrun Shopping #3 (VoG use) -> Add clear
dimwishlist:item=331231237&perks=,,,


//Gunnora's Axe
//notes:Aegis Speedrun Shopping #3 (Universal use) -> Dying
dimwishlist:item=218787951&perks=1840239774,1885400500,2579169598,47981717
dimwishlist:item=218787951&perks=1840239774,1885400500,2579169598,1370847713
dimwishlist:item=218787951&perks=1840239774,1885400500,2579169598,3751912585
dimwishlist:item=218787951&perks=1840239774,1885400500,2579169598,331667533
dimwishlist:item=218787951&perks=1840239774,1885400500,2073244114,47981717
dimwishlist:item=218787951&perks=1840239774,1885400500,2073244114,1370847713
dimwishlist:item=218787951&perks=1840239774,1885400500,2073244114,3751912585
dimwishlist:item=218787951&perks=1840239774,1885400500,2073244114,331667533
dimwishlist:item=218787951&perks=1840239774,1968098204,2579169598,47981717
dimwishlist:item=218787951&perks=1840239774,1968098204,2579169598,1370847713
dimwishlist:item=218787951&perks=1840239774,1968098204,2579169598,3751912585
dimwishlist:item=218787951&perks=1840239774,1968098204,2579169598,331667533
dimwishlist:item=218787951&perks=1840239774,1968098204,2073244114,47981717
dimwishlist:item=218787951&perks=1840239774,1968098204,2073244114,1370847713
dimwishlist:item=218787951&perks=1840239774,1968098204,2073244114,3751912585
dimwishlist:item=218787951&perks=1840239774,1968098204,2073244114,331667533
dimwishlist:item=218787951&perks=1124871858,1885400500,2579169598,47981717
dimwishlist:item=218787951&perks=1124871858,1885400500,2579169598,1370847713
dimwishlist:item=218787951&perks=1124871858,1885400500,2579169598,3751912585
dimwishlist:item=218787951&perks=1124871858,1885400500,2579169598,331667533
dimwishlist:item=218787951&perks=1124871858,1885400500,2073244114,47981717
dimwishlist:item=218787951&perks=1124871858,1885400500,2073244114,1370847713
dimwishlist:item=218787951&perks=1124871858,1885400500,2073244114,3751912585
dimwishlist:item=218787951&perks=1124871858,1885400500,2073244114,331667533
dimwishlist:item=218787951&perks=1124871858,1968098204,2579169598,47981717
dimwishlist:item=218787951&perks=1124871858,1968098204,2579169598,1370847713
dimwishlist:item=218787951&perks=1124871858,1968098204,2579169598,3751912585
dimwishlist:item=218787951&perks=1124871858,1968098204,2579169598,331667533
dimwishlist:item=218787951&perks=1124871858,1968098204,2073244114,47981717
dimwishlist:item=218787951&perks=1124871858,1968098204,2073244114,1370847713
dimwishlist:item=218787951&perks=1124871858,1968098204,2073244114,3751912585
dimwishlist:item=218787951&perks=1124871858,1968098204,2073244114,331667533


//Heritage
//notes:Aegis Speedrun Shopping #3 (Universal use) -> Burst damage
dimwishlist:item=4248569242&perks=1840239774,791862061,3201496230,469285294
dimwishlist:item=4248569242&perks=1840239774,791862061,3201496230,3335686050
dimwishlist:item=4248569242&perks=1840239774,791862061,3201496230,3751912585
dimwishlist:item=4248569242&perks=1840239774,791862061,3201496230,331667533
dimwishlist:item=4248569242&perks=1840239774,791862061,1545231802,469285294
dimwishlist:item=4248569242&perks=1840239774,791862061,1545231802,3335686050
dimwishlist:item=4248569242&perks=1840239774,791862061,1545231802,3751912585
dimwishlist:item=4248569242&perks=1840239774,791862061,1545231802,331667533
dimwishlist:item=4248569242&perks=1840239774,1488599449,3201496230,469285294
dimwishlist:item=4248569242&perks=1840239774,1488599449,3201496230,3335686050
dimwishlist:item=4248569242&perks=1840239774,1488599449,3201496230,3751912585
dimwishlist:item=4248569242&perks=1840239774,1488599449,3201496230,331667533
dimwishlist:item=4248569242&perks=1840239774,1488599449,1545231802,469285294
dimwishlist:item=4248569242&perks=1840239774,1488599449,1545231802,3335686050
dimwishlist:item=4248569242&perks=1840239774,1488599449,1545231802,3751912585
dimwishlist:item=4248569242&perks=1840239774,1488599449,1545231802,331667533
dimwishlist:item=4248569242&perks=1124871858,791862061,3201496230,469285294
dimwishlist:item=4248569242&perks=1124871858,791862061,3201496230,3335686050
dimwishlist:item=4248569242&perks=1124871858,791862061,3201496230,3751912585
dimwishlist:item=4248569242&perks=1124871858,791862061,3201496230,331667533
dimwishlist:item=4248569242&perks=1124871858,791862061,1545231802,469285294
dimwishlist:item=4248569242&perks=1124871858,791862061,1545231802,3335686050
dimwishlist:item=4248569242&perks=1124871858,791862061,1545231802,3751912585
dimwishlist:item=4248569242&perks=1124871858,791862061,1545231802,331667533
dimwishlist:item=4248569242&perks=1124871858,1488599449,3201496230,469285294
dimwishlist:item=4248569242&perks=1124871858,1488599449,3201496230,3335686050
dimwishlist:item=4248569242&perks=1124871858,1488599449,3201496230,3751912585
dimwishlist:item=4248569242&perks=1124871858,1488599449,3201496230,331667533
dimwishlist:item=4248569242&perks=1124871858,1488599449,1545231802,469285294
dimwishlist:item=4248569242&perks=1124871858,1488599449,1545231802,3335686050
dimwishlist:item=4248569242&perks=1124871858,1488599449,1545231802,3751912585
dimwishlist:item=4248569242&perks=1124871858,1488599449,1545231802,331667533


//Hierarchy of Needs
//notes:Aegis Speedrun Shopping #3 (Universal use) -> Boss damage
dimwishlist:item=4174431791&perks=,,,


//High Albedo
//notes:Aegis Speedrun Shopping #3 (Universal use) -> Add clear ; Dying
dimwishlist:item=2662459958&perks=3525010810,2822142346,951095735,469285294
dimwishlist:item=2662459958&perks=3525010810,2822142346,951095735,3335686050
dimwishlist:item=2662459958&perks=3525010810,2822142346,951095735,4104185692
dimwishlist:item=2662459958&perks=3525010810,2822142346,951095735,3007133316
dimwishlist:item=2662459958&perks=3525010810,2822142346,3878366039,469285294
dimwishlist:item=2662459958&perks=3525010810,2822142346,3878366039,3335686050
dimwishlist:item=2662459958&perks=3525010810,2822142346,3878366039,4104185692
dimwishlist:item=2662459958&perks=3525010810,2822142346,3878366039,3007133316
dimwishlist:item=2662459958&perks=3525010810,2822142346,1517798362,469285294
dimwishlist:item=2662459958&perks=3525010810,2822142346,1517798362,3335686050
dimwishlist:item=2662459958&perks=3525010810,2822142346,1517798362,4104185692
dimwishlist:item=2662459958&perks=3525010810,2822142346,1517798362,3007133316
dimwishlist:item=2662459958&perks=3525010810,2822142346,1011551830,469285294
dimwishlist:item=2662459958&perks=3525010810,2822142346,1011551830,3335686050
dimwishlist:item=2662459958&perks=3525010810,2822142346,1011551830,4104185692
dimwishlist:item=2662459958&perks=3525010810,2822142346,1011551830,3007133316
dimwishlist:item=2662459958&perks=3525010810,2108812838,951095735,469285294
dimwishlist:item=2662459958&perks=3525010810,2108812838,951095735,3335686050
dimwishlist:item=2662459958&perks=3525010810,2108812838,951095735,4104185692
dimwishlist:item=2662459958&perks=3525010810,2108812838,951095735,3007133316
dimwishlist:item=2662459958&perks=3525010810,2108812838,3878366039,469285294
dimwishlist:item=2662459958&perks=3525010810,2108812838,3878366039,3335686050
dimwishlist:item=2662459958&perks=3525010810,2108812838,3878366039,4104185692
dimwishlist:item=2662459958&perks=3525010810,2108812838,3878366039,3007133316
dimwishlist:item=2662459958&perks=3525010810,2108812838,1517798362,469285294
dimwishlist:item=2662459958&perks=3525010810,2108812838,1517798362,3335686050
dimwishlist:item=2662459958&perks=3525010810,2108812838,1517798362,4104185692
dimwishlist:item=2662459958&perks=3525010810,2108812838,1517798362,3007133316
dimwishlist:item=2662459958&perks=3525010810,2108812838,1011551830,469285294
dimwishlist:item=2662459958&perks=3525010810,2108812838,1011551830,3335686050
dimwishlist:item=2662459958&perks=3525010810,2108812838,1011551830,4104185692
dimwishlist:item=2662459958&perks=3525010810,2108812838,1011551830,3007133316
dimwishlist:item=2662459958&perks=3250572790,2822142346,951095735,469285294
dimwishlist:item=2662459958&perks=3250572790,2822142346,951095735,3335686050
dimwishlist:item=2662459958&perks=3250572790,2822142346,951095735,4104185692
dimwishlist:item=2662459958&perks=3250572790,2822142346,951095735,3007133316
dimwishlist:item=2662459958&perks=3250572790,2822142346,3878366039,469285294
dimwishlist:item=2662459958&perks=3250572790,2822142346,3878366039,3335686050
dimwishlist:item=2662459958&perks=3250572790,2822142346,3878366039,4104185692
dimwishlist:item=2662459958&perks=3250572790,2822142346,3878366039,3007133316
dimwishlist:item=2662459958&perks=3250572790,2822142346,1517798362,469285294
dimwishlist:item=2662459958&perks=3250572790,2822142346,1517798362,3335686050
dimwishlist:item=2662459958&perks=3250572790,2822142346,1517798362,4104185692
dimwishlist:item=2662459958&perks=3250572790,2822142346,1517798362,3007133316
dimwishlist:item=2662459958&perks=3250572790,2822142346,1011551830,469285294
dimwishlist:item=2662459958&perks=3250572790,2822142346,1011551830,3335686050
dimwishlist:item=2662459958&perks=3250572790,2822142346,1011551830,4104185692
dimwishlist:item=2662459958&perks=3250572790,2822142346,1011551830,3007133316
dimwishlist:item=2662459958&perks=3250572790,2108812838,951095735,469285294
dimwishlist:item=2662459958&perks=3250572790,2108812838,951095735,3335686050
dimwishlist:item=2662459958&perks=3250572790,2108812838,951095735,4104185692
dimwishlist:item=2662459958&perks=3250572790,2108812838,951095735,3007133316
dimwishlist:item=2662459958&perks=3250572790,2108812838,3878366039,469285294
dimwishlist:item=2662459958&perks=3250572790,2108812838,3878366039,3335686050
dimwishlist:item=2662459958&perks=3250572790,2108812838,3878366039,4104185692
dimwishlist:item=2662459958&perks=3250572790,2108812838,3878366039,3007133316
dimwishlist:item=2662459958&perks=3250572790,2108812838,1517798362,469285294
dimwishlist:item=2662459958&perks=3250572790,2108812838,1517798362,3335686050
dimwishlist:item=2662459958&perks=3250572790,2108812838,1517798362,4104185692
dimwishlist:item=2662459958&perks=3250572790,2108812838,1517798362,3007133316
dimwishlist:item=2662459958&perks=3250572790,2108812838,1011551830,469285294
dimwishlist:item=2662459958&perks=3250572790,2108812838,1011551830,3335686050
dimwishlist:item=2662459958&perks=3250572790,2108812838,1011551830,4104185692
dimwishlist:item=2662459958&perks=3250572790,2108812838,1011551830,3007133316


//Ice Breaker
//notes:Aegis Speedrun Shopping #3 (Universal use) -> Ammo generation
dimwishlist:item=1111334348&perks=,,,


//IKELOS_SG_V1.0.3
//notes:Aegis Speedrun Shopping #3 (Universal use) -> Boss damage
dimwishlist:item=1168625549&perks=1300023272,106909392,1631667848,2679249093
dimwishlist:item=1168625549&perks=1300023272,106909392,1631667848,788178929
dimwishlist:item=1168625549&perks=1300023272,106909392,1631667848,3708227201
dimwishlist:item=1168625549&perks=1300023272,106909392,1631667848,781192741
dimwishlist:item=1168625549&perks=1300023272,106909392,1631667848,3751912585
dimwishlist:item=1168625549&perks=1300023272,106909392,1631667848,331667533
dimwishlist:item=1168625549&perks=1300023272,106909392,402033656,2679249093
dimwishlist:item=1168625549&perks=1300023272,106909392,402033656,788178929
dimwishlist:item=1168625549&perks=1300023272,106909392,402033656,3708227201
dimwishlist:item=1168625549&perks=1300023272,106909392,402033656,781192741
dimwishlist:item=1168625549&perks=1300023272,106909392,402033656,3751912585
dimwishlist:item=1168625549&perks=1300023272,106909392,402033656,331667533
dimwishlist:item=1168625549&perks=1300023272,106909392,691659142,2679249093
dimwishlist:item=1168625549&perks=1300023272,106909392,691659142,788178929
dimwishlist:item=1168625549&perks=1300023272,106909392,691659142,3708227201
dimwishlist:item=1168625549&perks=1300023272,106909392,691659142,781192741
dimwishlist:item=1168625549&perks=1300023272,106909392,691659142,3751912585
dimwishlist:item=1168625549&perks=1300023272,106909392,691659142,331667533
dimwishlist:item=1168625549&perks=1300023272,106909392,536173722,2679249093
dimwishlist:item=1168625549&perks=1300023272,106909392,536173722,788178929
dimwishlist:item=1168625549&perks=1300023272,106909392,536173722,3708227201
dimwishlist:item=1168625549&perks=1300023272,106909392,536173722,781192741
dimwishlist:item=1168625549&perks=1300023272,106909392,536173722,3751912585
dimwishlist:item=1168625549&perks=1300023272,106909392,536173722,331667533
dimwishlist:item=1168625549&perks=1300023272,106909392,4071163871,2679249093
dimwishlist:item=1168625549&perks=1300023272,106909392,4071163871,788178929
dimwishlist:item=1168625549&perks=1300023272,106909392,4071163871,3708227201
dimwishlist:item=1168625549&perks=1300023272,106909392,4071163871,781192741
dimwishlist:item=1168625549&perks=1300023272,106909392,4071163871,3751912585
dimwishlist:item=1168625549&perks=1300023272,106909392,4071163871,331667533
dimwishlist:item=1168625549&perks=1300023272,106909392,494941759,2679249093
dimwishlist:item=1168625549&perks=1300023272,106909392,494941759,788178929
dimwishlist:item=1168625549&perks=1300023272,106909392,494941759,3708227201
dimwishlist:item=1168625549&perks=1300023272,106909392,494941759,781192741
dimwishlist:item=1168625549&perks=1300023272,106909392,494941759,3751912585
dimwishlist:item=1168625549&perks=1300023272,106909392,494941759,331667533
dimwishlist:item=1168625549&perks=1300023272,1783397184,1631667848,2679249093
dimwishlist:item=1168625549&perks=1300023272,1783397184,1631667848,788178929
dimwishlist:item=1168625549&perks=1300023272,1783397184,1631667848,3708227201
dimwishlist:item=1168625549&perks=1300023272,1783397184,1631667848,781192741
dimwishlist:item=1168625549&perks=1300023272,1783397184,1631667848,3751912585
dimwishlist:item=1168625549&perks=1300023272,1783397184,1631667848,331667533
dimwishlist:item=1168625549&perks=1300023272,1783397184,402033656,2679249093
dimwishlist:item=1168625549&perks=1300023272,1783397184,402033656,788178929
dimwishlist:item=1168625549&perks=1300023272,1783397184,402033656,3708227201
dimwishlist:item=1168625549&perks=1300023272,1783397184,402033656,781192741
dimwishlist:item=1168625549&perks=1300023272,1783397184,402033656,3751912585
dimwishlist:item=1168625549&perks=1300023272,1783397184,402033656,331667533
dimwishlist:item=1168625549&perks=1300023272,1783397184,691659142,2679249093
dimwishlist:item=1168625549&perks=1300023272,1783397184,691659142,788178929
dimwishlist:item=1168625549&perks=1300023272,1783397184,691659142,3708227201
dimwishlist:item=1168625549&perks=1300023272,1783397184,691659142,781192741
dimwishlist:item=1168625549&perks=1300023272,1783397184,691659142,3751912585
dimwishlist:item=1168625549&perks=1300023272,1783397184,691659142,331667533
dimwishlist:item=1168625549&perks=1300023272,1783397184,536173722,2679249093
dimwishlist:item=1168625549&perks=1300023272,1783397184,536173722,788178929
dimwishlist:item=1168625549&perks=1300023272,1783397184,536173722,3708227201
dimwishlist:item=1168625549&perks=1300023272,1783397184,536173722,781192741
dimwishlist:item=1168625549&perks=1300023272,1783397184,536173722,3751912585
dimwishlist:item=1168625549&perks=1300023272,1783397184,536173722,331667533
dimwishlist:item=1168625549&perks=1300023272,1783397184,4071163871,2679249093
dimwishlist:item=1168625549&perks=1300023272,1783397184,4071163871,788178929
dimwishlist:item=1168625549&perks=1300023272,1783397184,4071163871,3708227201
dimwishlist:item=1168625549&perks=1300023272,1783397184,4071163871,781192741
dimwishlist:item=1168625549&perks=1300023272,1783397184,4071163871,3751912585
dimwishlist:item=1168625549&perks=1300023272,1783397184,4071163871,331667533
dimwishlist:item=1168625549&perks=1300023272,1783397184,494941759,2679249093
dimwishlist:item=1168625549&perks=1300023272,1783397184,494941759,788178929
dimwishlist:item=1168625549&perks=1300023272,1783397184,494941759,3708227201
dimwishlist:item=1168625549&perks=1300023272,1783397184,494941759,781192741
dimwishlist:item=1168625549&perks=1300023272,1783397184,494941759,3751912585
dimwishlist:item=1168625549&perks=1300023272,1783397184,494941759,331667533
dimwishlist:item=1168625549&perks=2371713880,106909392,1631667848,2679249093
dimwishlist:item=1168625549&perks=2371713880,106909392,1631667848,788178929
dimwishlist:item=1168625549&perks=2371713880,106909392,1631667848,3708227201
dimwishlist:item=1168625549&perks=2371713880,106909392,1631667848,781192741
dimwishlist:item=1168625549&perks=2371713880,106909392,1631667848,3751912585
dimwishlist:item=1168625549&perks=2371713880,106909392,1631667848,331667533
dimwishlist:item=1168625549&perks=2371713880,106909392,402033656,2679249093
dimwishlist:item=1168625549&perks=2371713880,106909392,402033656,788178929
dimwishlist:item=1168625549&perks=2371713880,106909392,402033656,3708227201
dimwishlist:item=1168625549&perks=2371713880,106909392,402033656,781192741
dimwishlist:item=1168625549&perks=2371713880,106909392,402033656,3751912585
dimwishlist:item=1168625549&perks=2371713880,106909392,402033656,331667533
dimwishlist:item=1168625549&perks=2371713880,106909392,691659142,2679249093
dimwishlist:item=1168625549&perks=2371713880,106909392,691659142,788178929
dimwishlist:item=1168625549&perks=2371713880,106909392,691659142,3708227201
dimwishlist:item=1168625549&perks=2371713880,106909392,691659142,781192741
dimwishlist:item=1168625549&perks=2371713880,106909392,691659142,3751912585
dimwishlist:item=1168625549&perks=2371713880,106909392,691659142,331667533
dimwishlist:item=1168625549&perks=2371713880,106909392,536173722,2679249093
dimwishlist:item=1168625549&perks=2371713880,106909392,536173722,788178929
dimwishlist:item=1168625549&perks=2371713880,106909392,536173722,3708227201
dimwishlist:item=1168625549&perks=2371713880,106909392,536173722,781192741
dimwishlist:item=1168625549&perks=2371713880,106909392,536173722,3751912585
dimwishlist:item=1168625549&perks=2371713880,106909392,536173722,331667533
dimwishlist:item=1168625549&perks=2371713880,106909392,4071163871,2679249093
dimwishlist:item=1168625549&perks=2371713880,106909392,4071163871,788178929
dimwishlist:item=1168625549&perks=2371713880,106909392,4071163871,3708227201
dimwishlist:item=1168625549&perks=2371713880,106909392,4071163871,781192741
dimwishlist:item=1168625549&perks=2371713880,106909392,4071163871,3751912585
dimwishlist:item=1168625549&perks=2371713880,106909392,4071163871,331667533
dimwishlist:item=1168625549&perks=2371713880,106909392,494941759,2679249093
dimwishlist:item=1168625549&perks=2371713880,106909392,494941759,788178929
dimwishlist:item=1168625549&perks=2371713880,106909392,494941759,3708227201
dimwishlist:item=1168625549&perks=2371713880,106909392,494941759,781192741
dimwishlist:item=1168625549&perks=2371713880,106909392,494941759,3751912585
dimwishlist:item=1168625549&perks=2371713880,106909392,494941759,331667533
dimwishlist:item=1168625549&perks=2371713880,1783397184,1631667848,2679249093
dimwishlist:item=1168625549&perks=2371713880,1783397184,1631667848,788178929
dimwishlist:item=1168625549&perks=2371713880,1783397184,1631667848,3708227201
dimwishlist:item=1168625549&perks=2371713880,1783397184,1631667848,781192741
dimwishlist:item=1168625549&perks=2371713880,1783397184,1631667848,3751912585
dimwishlist:item=1168625549&perks=2371713880,1783397184,1631667848,331667533
dimwishlist:item=1168625549&perks=2371713880,1783397184,402033656,2679249093
dimwishlist:item=1168625549&perks=2371713880,1783397184,402033656,788178929
dimwishlist:item=1168625549&perks=2371713880,1783397184,402033656,3708227201
dimwishlist:item=1168625549&perks=2371713880,1783397184,402033656,781192741
dimwishlist:item=1168625549&perks=2371713880,1783397184,402033656,3751912585
dimwishlist:item=1168625549&perks=2371713880,1783397184,402033656,331667533
dimwishlist:item=1168625549&perks=2371713880,1783397184,691659142,2679249093
dimwishlist:item=1168625549&perks=2371713880,1783397184,691659142,788178929
dimwishlist:item=1168625549&perks=2371713880,1783397184,691659142,3708227201
dimwishlist:item=1168625549&perks=2371713880,1783397184,691659142,781192741
dimwishlist:item=1168625549&perks=2371713880,1783397184,691659142,3751912585
dimwishlist:item=1168625549&perks=2371713880,1783397184,691659142,331667533
dimwishlist:item=1168625549&perks=2371713880,1783397184,536173722,2679249093
dimwishlist:item=1168625549&perks=2371713880,1783397184,536173722,788178929
dimwishlist:item=1168625549&perks=2371713880,1783397184,536173722,3708227201
dimwishlist:item=1168625549&perks=2371713880,1783397184,536173722,781192741
dimwishlist:item=1168625549&perks=2371713880,1783397184,536173722,3751912585
dimwishlist:item=1168625549&perks=2371713880,1783397184,536173722,331667533
dimwishlist:item=1168625549&perks=2371713880,1783397184,4071163871,2679249093
dimwishlist:item=1168625549&perks=2371713880,1783397184,4071163871,788178929
dimwishlist:item=1168625549&perks=2371713880,1783397184,4071163871,3708227201
dimwishlist:item=1168625549&perks=2371713880,1783397184,4071163871,781192741
dimwishlist:item=1168625549&perks=2371713880,1783397184,4071163871,3751912585
dimwishlist:item=1168625549&perks=2371713880,1783397184,4071163871,331667533
dimwishlist:item=1168625549&perks=2371713880,1783397184,494941759,2679249093
dimwishlist:item=1168625549&perks=2371713880,1783397184,494941759,788178929
dimwishlist:item=1168625549&perks=2371713880,1783397184,494941759,3708227201
dimwishlist:item=1168625549&perks=2371713880,1783397184,494941759,781192741
dimwishlist:item=1168625549&perks=2371713880,1783397184,494941759,3751912585
dimwishlist:item=1168625549&perks=2371713880,1783397184,494941759,331667533


//Imperial Decree
//notes:Aegis Speedrun Shopping #3 (Universal use) -> Burst damage
dimwishlist:item=318443586&perks=1300023272,791862061,3300816228,2360754333
dimwishlist:item=318443586&perks=1300023272,791862061,3300816228,2459015849
dimwishlist:item=318443586&perks=1300023272,791862061,3300816228,3708227201
dimwishlist:item=318443586&perks=1300023272,791862061,3300816228,781192741
dimwishlist:item=318443586&perks=1300023272,791862061,3528046508,2360754333
dimwishlist:item=318443586&perks=1300023272,791862061,3528046508,2459015849
dimwishlist:item=318443586&perks=1300023272,791862061,3528046508,3708227201
dimwishlist:item=318443586&perks=1300023272,791862061,3528046508,781192741
dimwishlist:item=318443586&perks=1300023272,1488599449,3300816228,2360754333
dimwishlist:item=318443586&perks=1300023272,1488599449,3300816228,2459015849
dimwishlist:item=318443586&perks=1300023272,1488599449,3300816228,3708227201
dimwishlist:item=318443586&perks=1300023272,1488599449,3300816228,781192741
dimwishlist:item=318443586&perks=1300023272,1488599449,3528046508,2360754333
dimwishlist:item=318443586&perks=1300023272,1488599449,3528046508,2459015849
dimwishlist:item=318443586&perks=1300023272,1488599449,3528046508,3708227201
dimwishlist:item=318443586&perks=1300023272,1488599449,3528046508,781192741
dimwishlist:item=318443586&perks=2371713880,791862061,3300816228,2360754333
dimwishlist:item=318443586&perks=2371713880,791862061,3300816228,2459015849
dimwishlist:item=318443586&perks=2371713880,791862061,3300816228,3708227201
dimwishlist:item=318443586&perks=2371713880,791862061,3300816228,781192741
dimwishlist:item=318443586&perks=2371713880,791862061,3528046508,2360754333
dimwishlist:item=318443586&perks=2371713880,791862061,3528046508,2459015849
dimwishlist:item=318443586&perks=2371713880,791862061,3528046508,3708227201
dimwishlist:item=318443586&perks=2371713880,791862061,3528046508,781192741
dimwishlist:item=318443586&perks=2371713880,1488599449,3300816228,2360754333
dimwishlist:item=318443586&perks=2371713880,1488599449,3300816228,2459015849
dimwishlist:item=318443586&perks=2371713880,1488599449,3300816228,3708227201
dimwishlist:item=318443586&perks=2371713880,1488599449,3300816228,781192741
dimwishlist:item=318443586&perks=2371713880,1488599449,3528046508,2360754333
dimwishlist:item=318443586&perks=2371713880,1488599449,3528046508,2459015849
dimwishlist:item=318443586&perks=2371713880,1488599449,3528046508,3708227201
dimwishlist:item=318443586&perks=2371713880,1488599449,3528046508,781192741


//Indebted Kindness
//notes:Aegis Speedrun Shopping #3 (Universal use) -> Add clear ; Dying
dimwishlist:item=3381450498&perks=3525010810,2822142346,951095735,2173046394
dimwishlist:item=3381450498&perks=3525010810,2822142346,951095735,3708227201
dimwishlist:item=3381450498&perks=3525010810,2822142346,951095735,243981275
dimwishlist:item=3381450498&perks=3525010810,2822142346,2859149211,2173046394
dimwishlist:item=3381450498&perks=3525010810,2822142346,2859149211,3708227201
dimwishlist:item=3381450498&perks=3525010810,2822142346,2859149211,243981275
dimwishlist:item=3381450498&perks=3525010810,2108812838,951095735,2173046394
dimwishlist:item=3381450498&perks=3525010810,2108812838,951095735,3708227201
dimwishlist:item=3381450498&perks=3525010810,2108812838,951095735,243981275
dimwishlist:item=3381450498&perks=3525010810,2108812838,2859149211,2173046394
dimwishlist:item=3381450498&perks=3525010810,2108812838,2859149211,3708227201
dimwishlist:item=3381450498&perks=3525010810,2108812838,2859149211,243981275
dimwishlist:item=3381450498&perks=3250572790,2822142346,951095735,2173046394
dimwishlist:item=3381450498&perks=3250572790,2822142346,951095735,3708227201
dimwishlist:item=3381450498&perks=3250572790,2822142346,951095735,243981275
dimwishlist:item=3381450498&perks=3250572790,2822142346,2859149211,2173046394
dimwishlist:item=3381450498&perks=3250572790,2822142346,2859149211,3708227201
dimwishlist:item=3381450498&perks=3250572790,2822142346,2859149211,243981275
dimwishlist:item=3381450498&perks=3250572790,2108812838,951095735,2173046394
dimwishlist:item=3381450498&perks=3250572790,2108812838,951095735,3708227201
dimwishlist:item=3381450498&perks=3250572790,2108812838,951095735,243981275
dimwishlist:item=3381450498&perks=3250572790,2108812838,2859149211,2173046394
dimwishlist:item=3381450498&perks=3250572790,2108812838,2859149211,3708227201
dimwishlist:item=3381450498&perks=3250572790,2108812838,2859149211,243981275
dimwishlist:item=2554513694&perks=3525010810,2822142346,951095735,2396489472
dimwishlist:item=2554513694&perks=3525010810,2822142346,951095735,598607952
dimwishlist:item=2554513694&perks=3525010810,2822142346,951095735,2173046394
dimwishlist:item=2554513694&perks=3525010810,2822142346,951095735,1720528630
dimwishlist:item=2554513694&perks=3525010810,2822142346,951095735,3708227201
dimwishlist:item=2554513694&perks=3525010810,2822142346,951095735,781192741
dimwishlist:item=2554513694&perks=3525010810,2822142346,951095735,243981275
dimwishlist:item=2554513694&perks=3525010810,2822142346,951095735,984655331
dimwishlist:item=2554513694&perks=3525010810,2822142346,3878366039,2396489472
dimwishlist:item=2554513694&perks=3525010810,2822142346,3878366039,598607952
dimwishlist:item=2554513694&perks=3525010810,2822142346,3878366039,2173046394
dimwishlist:item=2554513694&perks=3525010810,2822142346,3878366039,1720528630
dimwishlist:item=2554513694&perks=3525010810,2822142346,3878366039,3708227201
dimwishlist:item=2554513694&perks=3525010810,2822142346,3878366039,781192741
dimwishlist:item=2554513694&perks=3525010810,2822142346,3878366039,243981275
dimwishlist:item=2554513694&perks=3525010810,2822142346,3878366039,984655331
dimwishlist:item=2554513694&perks=3525010810,2822142346,1421772400,2396489472
dimwishlist:item=2554513694&perks=3525010810,2822142346,1421772400,598607952
dimwishlist:item=2554513694&perks=3525010810,2822142346,1421772400,2173046394
dimwishlist:item=2554513694&perks=3525010810,2822142346,1421772400,1720528630
dimwishlist:item=2554513694&perks=3525010810,2822142346,1421772400,3708227201
dimwishlist:item=2554513694&perks=3525010810,2822142346,1421772400,781192741
dimwishlist:item=2554513694&perks=3525010810,2822142346,1421772400,243981275
dimwishlist:item=2554513694&perks=3525010810,2822142346,1421772400,984655331
dimwishlist:item=2554513694&perks=3525010810,2822142346,3291427296,2396489472
dimwishlist:item=2554513694&perks=3525010810,2822142346,3291427296,598607952
dimwishlist:item=2554513694&perks=3525010810,2822142346,3291427296,2173046394
dimwishlist:item=2554513694&perks=3525010810,2822142346,3291427296,1720528630
dimwishlist:item=2554513694&perks=3525010810,2822142346,3291427296,3708227201
dimwishlist:item=2554513694&perks=3525010810,2822142346,3291427296,781192741
dimwishlist:item=2554513694&perks=3525010810,2822142346,3291427296,243981275
dimwishlist:item=2554513694&perks=3525010810,2822142346,3291427296,984655331
dimwishlist:item=2554513694&perks=3525010810,2822142346,2859149211,2396489472
dimwishlist:item=2554513694&perks=3525010810,2822142346,2859149211,598607952
dimwishlist:item=2554513694&perks=3525010810,2822142346,2859149211,2173046394
dimwishlist:item=2554513694&perks=3525010810,2822142346,2859149211,1720528630
dimwishlist:item=2554513694&perks=3525010810,2822142346,2859149211,3708227201
dimwishlist:item=2554513694&perks=3525010810,2822142346,2859149211,781192741
dimwishlist:item=2554513694&perks=3525010810,2822142346,2859149211,243981275
dimwishlist:item=2554513694&perks=3525010810,2822142346,2859149211,984655331
dimwishlist:item=2554513694&perks=3525010810,2822142346,1135494563,2396489472
dimwishlist:item=2554513694&perks=3525010810,2822142346,1135494563,598607952
dimwishlist:item=2554513694&perks=3525010810,2822142346,1135494563,2173046394
dimwishlist:item=2554513694&perks=3525010810,2822142346,1135494563,1720528630
dimwishlist:item=2554513694&perks=3525010810,2822142346,1135494563,3708227201
dimwishlist:item=2554513694&perks=3525010810,2822142346,1135494563,781192741
dimwishlist:item=2554513694&perks=3525010810,2822142346,1135494563,243981275
dimwishlist:item=2554513694&perks=3525010810,2822142346,1135494563,984655331
dimwishlist:item=2554513694&perks=3525010810,2108812838,951095735,2396489472
dimwishlist:item=2554513694&perks=3525010810,2108812838,951095735,598607952
dimwishlist:item=2554513694&perks=3525010810,2108812838,951095735,2173046394
dimwishlist:item=2554513694&perks=3525010810,2108812838,951095735,1720528630
dimwishlist:item=2554513694&perks=3525010810,2108812838,951095735,3708227201
dimwishlist:item=2554513694&perks=3525010810,2108812838,951095735,781192741
dimwishlist:item=2554513694&perks=3525010810,2108812838,951095735,243981275
dimwishlist:item=2554513694&perks=3525010810,2108812838,951095735,984655331
dimwishlist:item=2554513694&perks=3525010810,2108812838,3878366039,2396489472
dimwishlist:item=2554513694&perks=3525010810,2108812838,3878366039,598607952
dimwishlist:item=2554513694&perks=3525010810,2108812838,3878366039,2173046394
dimwishlist:item=2554513694&perks=3525010810,2108812838,3878366039,1720528630
dimwishlist:item=2554513694&perks=3525010810,2108812838,3878366039,3708227201
dimwishlist:item=2554513694&perks=3525010810,2108812838,3878366039,781192741
dimwishlist:item=2554513694&perks=3525010810,2108812838,3878366039,243981275
dimwishlist:item=2554513694&perks=3525010810,2108812838,3878366039,984655331
dimwishlist:item=2554513694&perks=3525010810,2108812838,1421772400,2396489472
dimwishlist:item=2554513694&perks=3525010810,2108812838,1421772400,598607952
dimwishlist:item=2554513694&perks=3525010810,2108812838,1421772400,2173046394
dimwishlist:item=2554513694&perks=3525010810,2108812838,1421772400,1720528630
dimwishlist:item=2554513694&perks=3525010810,2108812838,1421772400,3708227201
dimwishlist:item=2554513694&perks=3525010810,2108812838,1421772400,781192741
dimwishlist:item=2554513694&perks=3525010810,2108812838,1421772400,243981275
dimwishlist:item=2554513694&perks=3525010810,2108812838,1421772400,984655331
dimwishlist:item=2554513694&perks=3525010810,2108812838,3291427296,2396489472
dimwishlist:item=2554513694&perks=3525010810,2108812838,3291427296,598607952
dimwishlist:item=2554513694&perks=3525010810,2108812838,3291427296,2173046394
dimwishlist:item=2554513694&perks=3525010810,2108812838,3291427296,1720528630
dimwishlist:item=2554513694&perks=3525010810,2108812838,3291427296,3708227201
dimwishlist:item=2554513694&perks=3525010810,2108812838,3291427296,781192741
dimwishlist:item=2554513694&perks=3525010810,2108812838,3291427296,243981275
dimwishlist:item=2554513694&perks=3525010810,2108812838,3291427296,984655331
dimwishlist:item=2554513694&perks=3525010810,2108812838,2859149211,2396489472
dimwishlist:item=2554513694&perks=3525010810,2108812838,2859149211,598607952
dimwishlist:item=2554513694&perks=3525010810,2108812838,2859149211,2173046394
dimwishlist:item=2554513694&perks=3525010810,2108812838,2859149211,1720528630
dimwishlist:item=2554513694&perks=3525010810,2108812838,2859149211,3708227201
dimwishlist:item=2554513694&perks=3525010810,2108812838,2859149211,781192741
dimwishlist:item=2554513694&perks=3525010810,2108812838,2859149211,243981275
dimwishlist:item=2554513694&perks=3525010810,2108812838,2859149211,984655331
dimwishlist:item=2554513694&perks=3525010810,2108812838,1135494563,2396489472
dimwishlist:item=2554513694&perks=3525010810,2108812838,1135494563,598607952
dimwishlist:item=2554513694&perks=3525010810,2108812838,1135494563,2173046394
dimwishlist:item=2554513694&perks=3525010810,2108812838,1135494563,1720528630
dimwishlist:item=2554513694&perks=3525010810,2108812838,1135494563,3708227201
dimwishlist:item=2554513694&perks=3525010810,2108812838,1135494563,781192741
dimwishlist:item=2554513694&perks=3525010810,2108812838,1135494563,243981275
dimwishlist:item=2554513694&perks=3525010810,2108812838,1135494563,984655331
dimwishlist:item=2554513694&perks=3250572790,2822142346,951095735,2396489472
dimwishlist:item=2554513694&perks=3250572790,2822142346,951095735,598607952
dimwishlist:item=2554513694&perks=3250572790,2822142346,951095735,2173046394
dimwishlist:item=2554513694&perks=3250572790,2822142346,951095735,1720528630
dimwishlist:item=2554513694&perks=3250572790,2822142346,951095735,3708227201
dimwishlist:item=2554513694&perks=3250572790,2822142346,951095735,781192741
dimwishlist:item=2554513694&perks=3250572790,2822142346,951095735,243981275
dimwishlist:item=2554513694&perks=3250572790,2822142346,951095735,984655331
dimwishlist:item=2554513694&perks=3250572790,2822142346,3878366039,2396489472
dimwishlist:item=2554513694&perks=3250572790,2822142346,3878366039,598607952
dimwishlist:item=2554513694&perks=3250572790,2822142346,3878366039,2173046394
dimwishlist:item=2554513694&perks=3250572790,2822142346,3878366039,1720528630
dimwishlist:item=2554513694&perks=3250572790,2822142346,3878366039,3708227201
dimwishlist:item=2554513694&perks=3250572790,2822142346,3878366039,781192741
dimwishlist:item=2554513694&perks=3250572790,2822142346,3878366039,243981275
dimwishlist:item=2554513694&perks=3250572790,2822142346,3878366039,984655331
dimwishlist:item=2554513694&perks=3250572790,2822142346,1421772400,2396489472
dimwishlist:item=2554513694&perks=3250572790,2822142346,1421772400,598607952
dimwishlist:item=2554513694&perks=3250572790,2822142346,1421772400,2173046394
dimwishlist:item=2554513694&perks=3250572790,2822142346,1421772400,1720528630
dimwishlist:item=2554513694&perks=3250572790,2822142346,1421772400,3708227201
dimwishlist:item=2554513694&perks=3250572790,2822142346,1421772400,781192741
dimwishlist:item=2554513694&perks=3250572790,2822142346,1421772400,243981275
dimwishlist:item=2554513694&perks=3250572790,2822142346,1421772400,984655331
dimwishlist:item=2554513694&perks=3250572790,2822142346,3291427296,2396489472
dimwishlist:item=2554513694&perks=3250572790,2822142346,3291427296,598607952
dimwishlist:item=2554513694&perks=3250572790,2822142346,3291427296,2173046394
dimwishlist:item=2554513694&perks=3250572790,2822142346,3291427296,1720528630
dimwishlist:item=2554513694&perks=3250572790,2822142346,3291427296,3708227201
dimwishlist:item=2554513694&perks=3250572790,2822142346,3291427296,781192741
dimwishlist:item=2554513694&perks=3250572790,2822142346,3291427296,243981275
dimwishlist:item=2554513694&perks=3250572790,2822142346,3291427296,984655331
dimwishlist:item=2554513694&perks=3250572790,2822142346,2859149211,2396489472
dimwishlist:item=2554513694&perks=3250572790,2822142346,2859149211,598607952
dimwishlist:item=2554513694&perks=3250572790,2822142346,2859149211,2173046394
dimwishlist:item=2554513694&perks=3250572790,2822142346,2859149211,1720528630
dimwishlist:item=2554513694&perks=3250572790,2822142346,2859149211,3708227201
dimwishlist:item=2554513694&perks=3250572790,2822142346,2859149211,781192741
dimwishlist:item=2554513694&perks=3250572790,2822142346,2859149211,243981275
dimwishlist:item=2554513694&perks=3250572790,2822142346,2859149211,984655331
dimwishlist:item=2554513694&perks=3250572790,2822142346,1135494563,2396489472
dimwishlist:item=2554513694&perks=3250572790,2822142346,1135494563,598607952
dimwishlist:item=2554513694&perks=3250572790,2822142346,1135494563,2173046394
dimwishlist:item=2554513694&perks=3250572790,2822142346,1135494563,1720528630
dimwishlist:item=2554513694&perks=3250572790,2822142346,1135494563,3708227201
dimwishlist:item=2554513694&perks=3250572790,2822142346,1135494563,781192741
dimwishlist:item=2554513694&perks=3250572790,2822142346,1135494563,243981275
dimwishlist:item=2554513694&perks=3250572790,2822142346,1135494563,984655331
dimwishlist:item=2554513694&perks=3250572790,2108812838,951095735,2396489472
dimwishlist:item=2554513694&perks=3250572790,2108812838,951095735,598607952
dimwishlist:item=2554513694&perks=3250572790,2108812838,951095735,2173046394
dimwishlist:item=2554513694&perks=3250572790,2108812838,951095735,1720528630
dimwishlist:item=2554513694&perks=3250572790,2108812838,951095735,3708227201
dimwishlist:item=2554513694&perks=3250572790,2108812838,951095735,781192741
dimwishlist:item=2554513694&perks=3250572790,2108812838,951095735,243981275
dimwishlist:item=2554513694&perks=3250572790,2108812838,951095735,984655331
dimwishlist:item=2554513694&perks=3250572790,2108812838,3878366039,2396489472
dimwishlist:item=2554513694&perks=3250572790,2108812838,3878366039,598607952
dimwishlist:item=2554513694&perks=3250572790,2108812838,3878366039,2173046394
dimwishlist:item=2554513694&perks=3250572790,2108812838,3878366039,1720528630
dimwishlist:item=2554513694&perks=3250572790,2108812838,3878366039,3708227201
dimwishlist:item=2554513694&perks=3250572790,2108812838,3878366039,781192741
dimwishlist:item=2554513694&perks=3250572790,2108812838,3878366039,243981275
dimwishlist:item=2554513694&perks=3250572790,2108812838,3878366039,984655331
dimwishlist:item=2554513694&perks=3250572790,2108812838,1421772400,2396489472
dimwishlist:item=2554513694&perks=3250572790,2108812838,1421772400,598607952
dimwishlist:item=2554513694&perks=3250572790,2108812838,1421772400,2173046394
dimwishlist:item=2554513694&perks=3250572790,2108812838,1421772400,1720528630
dimwishlist:item=2554513694&perks=3250572790,2108812838,1421772400,3708227201
dimwishlist:item=2554513694&perks=3250572790,2108812838,1421772400,781192741
dimwishlist:item=2554513694&perks=3250572790,2108812838,1421772400,243981275
dimwishlist:item=2554513694&perks=3250572790,2108812838,1421772400,984655331
dimwishlist:item=2554513694&perks=3250572790,2108812838,3291427296,2396489472
dimwishlist:item=2554513694&perks=3250572790,2108812838,3291427296,598607952
dimwishlist:item=2554513694&perks=3250572790,2108812838,3291427296,2173046394
dimwishlist:item=2554513694&perks=3250572790,2108812838,3291427296,1720528630
dimwishlist:item=2554513694&perks=3250572790,2108812838,3291427296,3708227201
dimwishlist:item=2554513694&perks=3250572790,2108812838,3291427296,781192741
dimwishlist:item=2554513694&perks=3250572790,2108812838,3291427296,243981275
dimwishlist:item=2554513694&perks=3250572790,2108812838,3291427296,984655331
dimwishlist:item=2554513694&perks=3250572790,2108812838,2859149211,2396489472
dimwishlist:item=2554513694&perks=3250572790,2108812838,2859149211,598607952
dimwishlist:item=2554513694&perks=3250572790,2108812838,2859149211,2173046394
dimwishlist:item=2554513694&perks=3250572790,2108812838,2859149211,1720528630
dimwishlist:item=2554513694&perks=3250572790,2108812838,2859149211,3708227201
dimwishlist:item=2554513694&perks=3250572790,2108812838,2859149211,781192741
dimwishlist:item=2554513694&perks=3250572790,2108812838,2859149211,243981275
dimwishlist:item=2554513694&perks=3250572790,2108812838,2859149211,984655331
dimwishlist:item=2554513694&perks=3250572790,2108812838,1135494563,2396489472
dimwishlist:item=2554513694&perks=3250572790,2108812838,1135494563,598607952
dimwishlist:item=2554513694&perks=3250572790,2108812838,1135494563,2173046394
dimwishlist:item=2554513694&perks=3250572790,2108812838,1135494563,1720528630
dimwishlist:item=2554513694&perks=3250572790,2108812838,1135494563,3708227201
dimwishlist:item=2554513694&perks=3250572790,2108812838,1135494563,781192741
dimwishlist:item=2554513694&perks=3250572790,2108812838,1135494563,243981275
dimwishlist:item=2554513694&perks=3250572790,2108812838,1135494563,984655331


//Kindled Orchid
//notes:Aegis Speedrun Shopping #3 (Universal use) -> QoL ammo pickups
dimwishlist:item=3961462214&perks=1840239774,3177308360,3700496672,3038247973
dimwishlist:item=3961462214&perks=1840239774,3177308360,3700496672,64866129
dimwishlist:item=3961462214&perks=1840239774,3177308360,2840833776,3038247973
dimwishlist:item=3961462214&perks=1840239774,3177308360,2840833776,64866129
dimwishlist:item=3961462214&perks=1840239774,1002206008,3700496672,3038247973
dimwishlist:item=3961462214&perks=1840239774,1002206008,3700496672,64866129
dimwishlist:item=3961462214&perks=1840239774,1002206008,2840833776,3038247973
dimwishlist:item=3961462214&perks=1840239774,1002206008,2840833776,64866129
dimwishlist:item=3961462214&perks=1840239774,2420895100,3700496672,3038247973
dimwishlist:item=3961462214&perks=1840239774,2420895100,3700496672,64866129
dimwishlist:item=3961462214&perks=1840239774,2420895100,2840833776,3038247973
dimwishlist:item=3961462214&perks=1840239774,2420895100,2840833776,64866129
dimwishlist:item=3961462214&perks=1840239774,1890997540,3700496672,3038247973
dimwishlist:item=3961462214&perks=1840239774,1890997540,3700496672,64866129
dimwishlist:item=3961462214&perks=1840239774,1890997540,2840833776,3038247973
dimwishlist:item=3961462214&perks=1840239774,1890997540,2840833776,64866129
dimwishlist:item=3961462214&perks=1124871858,3177308360,3700496672,3038247973
dimwishlist:item=3961462214&perks=1124871858,3177308360,3700496672,64866129
dimwishlist:item=3961462214&perks=1124871858,3177308360,2840833776,3038247973
dimwishlist:item=3961462214&perks=1124871858,3177308360,2840833776,64866129
dimwishlist:item=3961462214&perks=1124871858,1002206008,3700496672,3038247973
dimwishlist:item=3961462214&perks=1124871858,1002206008,3700496672,64866129
dimwishlist:item=3961462214&perks=1124871858,1002206008,2840833776,3038247973
dimwishlist:item=3961462214&perks=1124871858,1002206008,2840833776,64866129
dimwishlist:item=3961462214&perks=1124871858,2420895100,3700496672,3038247973
dimwishlist:item=3961462214&perks=1124871858,2420895100,3700496672,64866129
dimwishlist:item=3961462214&perks=1124871858,2420895100,2840833776,3038247973
dimwishlist:item=3961462214&perks=1124871858,2420895100,2840833776,64866129
dimwishlist:item=3961462214&perks=1124871858,1890997540,3700496672,3038247973
dimwishlist:item=3961462214&perks=1124871858,1890997540,3700496672,64866129
dimwishlist:item=3961462214&perks=1124871858,1890997540,2840833776,3038247973
dimwishlist:item=3961462214&perks=1124871858,1890997540,2840833776,64866129
dimwishlist:item=334964261&perks=1840239774,3177308360,3700496672,3038247973
dimwishlist:item=334964261&perks=1840239774,3177308360,3700496672,64866129
dimwishlist:item=334964261&perks=1840239774,3177308360,2840833776,3038247973
dimwishlist:item=334964261&perks=1840239774,3177308360,2840833776,64866129
dimwishlist:item=334964261&perks=1840239774,1002206008,3700496672,3038247973
dimwishlist:item=334964261&perks=1840239774,1002206008,3700496672,64866129
dimwishlist:item=334964261&perks=1840239774,1002206008,2840833776,3038247973
dimwishlist:item=334964261&perks=1840239774,1002206008,2840833776,64866129
dimwishlist:item=334964261&perks=1840239774,2420895100,3700496672,3038247973
dimwishlist:item=334964261&perks=1840239774,2420895100,3700496672,64866129
dimwishlist:item=334964261&perks=1840239774,2420895100,2840833776,3038247973
dimwishlist:item=334964261&perks=1840239774,2420895100,2840833776,64866129
dimwishlist:item=334964261&perks=1840239774,1890997540,3700496672,3038247973
dimwishlist:item=334964261&perks=1840239774,1890997540,3700496672,64866129
dimwishlist:item=334964261&perks=1840239774,1890997540,2840833776,3038247973
dimwishlist:item=334964261&perks=1840239774,1890997540,2840833776,64866129
dimwishlist:item=334964261&perks=1124871858,3177308360,3700496672,3038247973
dimwishlist:item=334964261&perks=1124871858,3177308360,3700496672,64866129
dimwishlist:item=334964261&perks=1124871858,3177308360,2840833776,3038247973
dimwishlist:item=334964261&perks=1124871858,3177308360,2840833776,64866129
dimwishlist:item=334964261&perks=1124871858,1002206008,3700496672,3038247973
dimwishlist:item=334964261&perks=1124871858,1002206008,3700496672,64866129
dimwishlist:item=334964261&perks=1124871858,1002206008,2840833776,3038247973
dimwishlist:item=334964261&perks=1124871858,1002206008,2840833776,64866129
dimwishlist:item=334964261&perks=1124871858,2420895100,3700496672,3038247973
dimwishlist:item=334964261&perks=1124871858,2420895100,3700496672,64866129
dimwishlist:item=334964261&perks=1124871858,2420895100,2840833776,3038247973
dimwishlist:item=334964261&perks=1124871858,2420895100,2840833776,64866129
dimwishlist:item=334964261&perks=1124871858,1890997540,3700496672,3038247973
dimwishlist:item=334964261&perks=1124871858,1890997540,3700496672,64866129
dimwishlist:item=334964261&perks=1124871858,1890997540,2840833776,3038247973
dimwishlist:item=334964261&perks=1124871858,1890997540,2840833776,64866129


//Leviathan's Breath
//notes:Aegis Speedrun Shopping #3 (Universal use) -> Boss damage
dimwishlist:item=2591746970&perks=,,,


//Lumina
//notes:Aegis Speedrun Shopping #3 (Universal use) -> Movement ; Damage buff
dimwishlist:item=3512014804&perks=,,,


//Merciless
//notes:Aegis Speedrun Shopping #3 (Universal use) -> Burst damage
dimwishlist:item=4190156464&perks=,,,


//New Malpais
//notes:Aegis Speedrun Shopping #3 (TST, SotW use) -> Add clear ; Sticking objectives
dimwishlist:item=1736135946&perks=,,,


//One Small Step
//notes:Aegis Speedrun Shopping #3 (Universal use) -> Boss damage
dimwishlist:item=1016668089&perks=1300023272,106909392,1631667848,2679249093
dimwishlist:item=1016668089&perks=1300023272,106909392,1631667848,2360754333
dimwishlist:item=1016668089&perks=1300023272,106909392,3300816228,2679249093
dimwishlist:item=1016668089&perks=1300023272,106909392,3300816228,2360754333
dimwishlist:item=1016668089&perks=1300023272,1783397184,1631667848,2679249093
dimwishlist:item=1016668089&perks=1300023272,1783397184,1631667848,2360754333
dimwishlist:item=1016668089&perks=1300023272,1783397184,3300816228,2679249093
dimwishlist:item=1016668089&perks=1300023272,1783397184,3300816228,2360754333
dimwishlist:item=1016668089&perks=2371713880,106909392,1631667848,2679249093
dimwishlist:item=1016668089&perks=2371713880,106909392,1631667848,2360754333
dimwishlist:item=1016668089&perks=2371713880,106909392,3300816228,2679249093
dimwishlist:item=1016668089&perks=2371713880,106909392,3300816228,2360754333
dimwishlist:item=1016668089&perks=2371713880,1783397184,1631667848,2679249093
dimwishlist:item=1016668089&perks=2371713880,1783397184,1631667848,2360754333
dimwishlist:item=1016668089&perks=2371713880,1783397184,3300816228,2679249093
dimwishlist:item=1016668089&perks=2371713880,1783397184,3300816228,2360754333
dimwishlist:item=2527058296&perks=1300023272,106909392,1631667848,2679249093
dimwishlist:item=2527058296&perks=1300023272,106909392,1631667848,788178929
dimwishlist:item=2527058296&perks=1300023272,106909392,1631667848,2360754333
dimwishlist:item=2527058296&perks=1300023272,106909392,1631667848,2459015849
dimwishlist:item=2527058296&perks=1300023272,106909392,402033656,2679249093
dimwishlist:item=2527058296&perks=1300023272,106909392,402033656,788178929
dimwishlist:item=2527058296&perks=1300023272,106909392,402033656,2360754333
dimwishlist:item=2527058296&perks=1300023272,106909392,402033656,2459015849
dimwishlist:item=2527058296&perks=1300023272,106909392,3300816228,2679249093
dimwishlist:item=2527058296&perks=1300023272,106909392,3300816228,788178929
dimwishlist:item=2527058296&perks=1300023272,106909392,3300816228,2360754333
dimwishlist:item=2527058296&perks=1300023272,106909392,3300816228,2459015849
dimwishlist:item=2527058296&perks=1300023272,106909392,3528046508,2679249093
dimwishlist:item=2527058296&perks=1300023272,106909392,3528046508,788178929
dimwishlist:item=2527058296&perks=1300023272,106909392,3528046508,2360754333
dimwishlist:item=2527058296&perks=1300023272,106909392,3528046508,2459015849
dimwishlist:item=2527058296&perks=1300023272,1783397184,1631667848,2679249093
dimwishlist:item=2527058296&perks=1300023272,1783397184,1631667848,788178929
dimwishlist:item=2527058296&perks=1300023272,1783397184,1631667848,2360754333
dimwishlist:item=2527058296&perks=1300023272,1783397184,1631667848,2459015849
dimwishlist:item=2527058296&perks=1300023272,1783397184,402033656,2679249093
dimwishlist:item=2527058296&perks=1300023272,1783397184,402033656,788178929
dimwishlist:item=2527058296&perks=1300023272,1783397184,402033656,2360754333
dimwishlist:item=2527058296&perks=1300023272,1783397184,402033656,2459015849
dimwishlist:item=2527058296&perks=1300023272,1783397184,3300816228,2679249093
dimwishlist:item=2527058296&perks=1300023272,1783397184,3300816228,788178929
dimwishlist:item=2527058296&perks=1300023272,1783397184,3300816228,2360754333
dimwishlist:item=2527058296&perks=1300023272,1783397184,3300816228,2459015849
dimwishlist:item=2527058296&perks=1300023272,1783397184,3528046508,2679249093
dimwishlist:item=2527058296&perks=1300023272,1783397184,3528046508,788178929
dimwishlist:item=2527058296&perks=1300023272,1783397184,3528046508,2360754333
dimwishlist:item=2527058296&perks=1300023272,1783397184,3528046508,2459015849
dimwishlist:item=2527058296&perks=2371713880,106909392,1631667848,2679249093
dimwishlist:item=2527058296&perks=2371713880,106909392,1631667848,788178929
dimwishlist:item=2527058296&perks=2371713880,106909392,1631667848,2360754333
dimwishlist:item=2527058296&perks=2371713880,106909392,1631667848,2459015849
dimwishlist:item=2527058296&perks=2371713880,106909392,402033656,2679249093
dimwishlist:item=2527058296&perks=2371713880,106909392,402033656,788178929
dimwishlist:item=2527058296&perks=2371713880,106909392,402033656,2360754333
dimwishlist:item=2527058296&perks=2371713880,106909392,402033656,2459015849
dimwishlist:item=2527058296&perks=2371713880,106909392,3300816228,2679249093
dimwishlist:item=2527058296&perks=2371713880,106909392,3300816228,788178929
dimwishlist:item=2527058296&perks=2371713880,106909392,3300816228,2360754333
dimwishlist:item=2527058296&perks=2371713880,106909392,3300816228,2459015849
dimwishlist:item=2527058296&perks=2371713880,106909392,3528046508,2679249093
dimwishlist:item=2527058296&perks=2371713880,106909392,3528046508,788178929
dimwishlist:item=2527058296&perks=2371713880,106909392,3528046508,2360754333
dimwishlist:item=2527058296&perks=2371713880,106909392,3528046508,2459015849
dimwishlist:item=2527058296&perks=2371713880,1783397184,1631667848,2679249093
dimwishlist:item=2527058296&perks=2371713880,1783397184,1631667848,788178929
dimwishlist:item=2527058296&perks=2371713880,1783397184,1631667848,2360754333
dimwishlist:item=2527058296&perks=2371713880,1783397184,1631667848,2459015849
dimwishlist:item=2527058296&perks=2371713880,1783397184,402033656,2679249093
dimwishlist:item=2527058296&perks=2371713880,1783397184,402033656,788178929
dimwishlist:item=2527058296&perks=2371713880,1783397184,402033656,2360754333
dimwishlist:item=2527058296&perks=2371713880,1783397184,402033656,2459015849
dimwishlist:item=2527058296&perks=2371713880,1783397184,3300816228,2679249093
dimwishlist:item=2527058296&perks=2371713880,1783397184,3300816228,788178929
dimwishlist:item=2527058296&perks=2371713880,1783397184,3300816228,2360754333
dimwishlist:item=2527058296&perks=2371713880,1783397184,3300816228,2459015849
dimwishlist:item=2527058296&perks=2371713880,1783397184,3528046508,2679249093
dimwishlist:item=2527058296&perks=2371713880,1783397184,3528046508,788178929
dimwishlist:item=2527058296&perks=2371713880,1783397184,3528046508,2360754333
dimwishlist:item=2527058296&perks=2371713880,1783397184,3528046508,2459015849


//Parasite
//notes:Aegis Speedrun Shopping #3 (Universal use) -> Burst damage
dimwishlist:item=2812324400&perks=,,,


//Prometheus Lens
//notes:Aegis Speedrun Shopping #3 (Universal use) -> Super generation
dimwishlist:item=19024058&perks=,,,


//Refurbished A499
//notes:Aegis Speedrun Shopping #3 (Universal use) -> Burst damage
dimwishlist:item=3661051060&perks=1840239774,3230963543,2579169598,3764420437
dimwishlist:item=3661051060&perks=1840239774,3230963543,2579169598,3192447905
dimwishlist:item=3661051060&perks=1840239774,3230963543,2579169598,968510818
dimwishlist:item=3661051060&perks=1840239774,3230963543,2579169598,424370782
dimwishlist:item=3661051060&perks=1840239774,3230963543,2073244114,3764420437
dimwishlist:item=3661051060&perks=1840239774,3230963543,2073244114,3192447905
dimwishlist:item=3661051060&perks=1840239774,3230963543,2073244114,968510818
dimwishlist:item=3661051060&perks=1840239774,3230963543,2073244114,424370782
dimwishlist:item=3661051060&perks=1840239774,3230963543,957782887,3764420437
dimwishlist:item=3661051060&perks=1840239774,3230963543,957782887,3192447905
dimwishlist:item=3661051060&perks=1840239774,3230963543,957782887,968510818
dimwishlist:item=3661051060&perks=1840239774,3230963543,957782887,424370782
dimwishlist:item=3661051060&perks=1840239774,3230963543,4116820839,3764420437
dimwishlist:item=3661051060&perks=1840239774,3230963543,4116820839,3192447905
dimwishlist:item=3661051060&perks=1840239774,3230963543,4116820839,968510818
dimwishlist:item=3661051060&perks=1840239774,3230963543,4116820839,424370782
dimwishlist:item=3661051060&perks=1840239774,3230963543,1365187766,3764420437
dimwishlist:item=3661051060&perks=1840239774,3230963543,1365187766,3192447905
dimwishlist:item=3661051060&perks=1840239774,3230963543,1365187766,968510818
dimwishlist:item=3661051060&perks=1840239774,3230963543,1365187766,424370782
dimwishlist:item=3661051060&perks=1840239774,3230963543,4200236906,3764420437
dimwishlist:item=3661051060&perks=1840239774,3230963543,4200236906,3192447905
dimwishlist:item=3661051060&perks=1840239774,3230963543,4200236906,968510818
dimwishlist:item=3661051060&perks=1840239774,3230963543,4200236906,424370782
dimwishlist:item=3661051060&perks=1840239774,1709045111,2579169598,3764420437
dimwishlist:item=3661051060&perks=1840239774,1709045111,2579169598,3192447905
dimwishlist:item=3661051060&perks=1840239774,1709045111,2579169598,968510818
dimwishlist:item=3661051060&perks=1840239774,1709045111,2579169598,424370782
dimwishlist:item=3661051060&perks=1840239774,1709045111,2073244114,3764420437
dimwishlist:item=3661051060&perks=1840239774,1709045111,2073244114,3192447905
dimwishlist:item=3661051060&perks=1840239774,1709045111,2073244114,968510818
dimwishlist:item=3661051060&perks=1840239774,1709045111,2073244114,424370782
dimwishlist:item=3661051060&perks=1840239774,1709045111,957782887,3764420437
dimwishlist:item=3661051060&perks=1840239774,1709045111,957782887,3192447905
dimwishlist:item=3661051060&perks=1840239774,1709045111,957782887,968510818
dimwishlist:item=3661051060&perks=1840239774,1709045111,957782887,424370782
dimwishlist:item=3661051060&perks=1840239774,1709045111,4116820839,3764420437
dimwishlist:item=3661051060&perks=1840239774,1709045111,4116820839,3192447905
dimwishlist:item=3661051060&perks=1840239774,1709045111,4116820839,968510818
dimwishlist:item=3661051060&perks=1840239774,1709045111,4116820839,424370782
dimwishlist:item=3661051060&perks=1840239774,1709045111,1365187766,3764420437
dimwishlist:item=3661051060&perks=1840239774,1709045111,1365187766,3192447905
dimwishlist:item=3661051060&perks=1840239774,1709045111,1365187766,968510818
dimwishlist:item=3661051060&perks=1840239774,1709045111,1365187766,424370782
dimwishlist:item=3661051060&perks=1840239774,1709045111,4200236906,3764420437
dimwishlist:item=3661051060&perks=1840239774,1709045111,4200236906,3192447905
dimwishlist:item=3661051060&perks=1840239774,1709045111,4200236906,968510818
dimwishlist:item=3661051060&perks=1840239774,1709045111,4200236906,424370782
dimwishlist:item=3661051060&perks=1124871858,3230963543,2579169598,3764420437
dimwishlist:item=3661051060&perks=1124871858,3230963543,2579169598,3192447905
dimwishlist:item=3661051060&perks=1124871858,3230963543,2579169598,968510818
dimwishlist:item=3661051060&perks=1124871858,3230963543,2579169598,424370782
dimwishlist:item=3661051060&perks=1124871858,3230963543,2073244114,3764420437
dimwishlist:item=3661051060&perks=1124871858,3230963543,2073244114,3192447905
dimwishlist:item=3661051060&perks=1124871858,3230963543,2073244114,968510818
dimwishlist:item=3661051060&perks=1124871858,3230963543,2073244114,424370782
dimwishlist:item=3661051060&perks=1124871858,3230963543,957782887,3764420437
dimwishlist:item=3661051060&perks=1124871858,3230963543,957782887,3192447905
dimwishlist:item=3661051060&perks=1124871858,3230963543,957782887,968510818
dimwishlist:item=3661051060&perks=1124871858,3230963543,957782887,424370782
dimwishlist:item=3661051060&perks=1124871858,3230963543,4116820839,3764420437
dimwishlist:item=3661051060&perks=1124871858,3230963543,4116820839,3192447905
dimwishlist:item=3661051060&perks=1124871858,3230963543,4116820839,968510818
dimwishlist:item=3661051060&perks=1124871858,3230963543,4116820839,424370782
dimwishlist:item=3661051060&perks=1124871858,3230963543,1365187766,3764420437
dimwishlist:item=3661051060&perks=1124871858,3230963543,1365187766,3192447905
dimwishlist:item=3661051060&perks=1124871858,3230963543,1365187766,968510818
dimwishlist:item=3661051060&perks=1124871858,3230963543,1365187766,424370782
dimwishlist:item=3661051060&perks=1124871858,3230963543,4200236906,3764420437
dimwishlist:item=3661051060&perks=1124871858,3230963543,4200236906,3192447905
dimwishlist:item=3661051060&perks=1124871858,3230963543,4200236906,968510818
dimwishlist:item=3661051060&perks=1124871858,3230963543,4200236906,424370782
dimwishlist:item=3661051060&perks=1124871858,1709045111,2579169598,3764420437
dimwishlist:item=3661051060&perks=1124871858,1709045111,2579169598,3192447905
dimwishlist:item=3661051060&perks=1124871858,1709045111,2579169598,968510818
dimwishlist:item=3661051060&perks=1124871858,1709045111,2579169598,424370782
dimwishlist:item=3661051060&perks=1124871858,1709045111,2073244114,3764420437
dimwishlist:item=3661051060&perks=1124871858,1709045111,2073244114,3192447905
dimwishlist:item=3661051060&perks=1124871858,1709045111,2073244114,968510818
dimwishlist:item=3661051060&perks=1124871858,1709045111,2073244114,424370782
dimwishlist:item=3661051060&perks=1124871858,1709045111,957782887,3764420437
dimwishlist:item=3661051060&perks=1124871858,1709045111,957782887,3192447905
dimwishlist:item=3661051060&perks=1124871858,1709045111,957782887,968510818
dimwishlist:item=3661051060&perks=1124871858,1709045111,957782887,424370782
dimwishlist:item=3661051060&perks=1124871858,1709045111,4116820839,3764420437
dimwishlist:item=3661051060&perks=1124871858,1709045111,4116820839,3192447905
dimwishlist:item=3661051060&perks=1124871858,1709045111,4116820839,968510818
dimwishlist:item=3661051060&perks=1124871858,1709045111,4116820839,424370782
dimwishlist:item=3661051060&perks=1124871858,1709045111,1365187766,3764420437
dimwishlist:item=3661051060&perks=1124871858,1709045111,1365187766,3192447905
dimwishlist:item=3661051060&perks=1124871858,1709045111,1365187766,968510818
dimwishlist:item=3661051060&perks=1124871858,1709045111,1365187766,424370782
dimwishlist:item=3661051060&perks=1124871858,1709045111,4200236906,3764420437
dimwishlist:item=3661051060&perks=1124871858,1709045111,4200236906,3192447905
dimwishlist:item=3661051060&perks=1124871858,1709045111,4200236906,968510818
dimwishlist:item=3661051060&perks=1124871858,1709045111,4200236906,424370782
dimwishlist:item=593808239&perks=1840239774,3230963543,2579169598,3764420437
dimwishlist:item=593808239&perks=1840239774,3230963543,2579169598,3192447905
dimwishlist:item=593808239&perks=1840239774,3230963543,2579169598,968510818
dimwishlist:item=593808239&perks=1840239774,3230963543,2579169598,424370782
dimwishlist:item=593808239&perks=1840239774,3230963543,2073244114,3764420437
dimwishlist:item=593808239&perks=1840239774,3230963543,2073244114,3192447905
dimwishlist:item=593808239&perks=1840239774,3230963543,2073244114,968510818
dimwishlist:item=593808239&perks=1840239774,3230963543,2073244114,424370782
dimwishlist:item=593808239&perks=1840239774,3230963543,957782887,3764420437
dimwishlist:item=593808239&perks=1840239774,3230963543,957782887,3192447905
dimwishlist:item=593808239&perks=1840239774,3230963543,957782887,968510818
dimwishlist:item=593808239&perks=1840239774,3230963543,957782887,424370782
dimwishlist:item=593808239&perks=1840239774,3230963543,4116820839,3764420437
dimwishlist:item=593808239&perks=1840239774,3230963543,4116820839,3192447905
dimwishlist:item=593808239&perks=1840239774,3230963543,4116820839,968510818
dimwishlist:item=593808239&perks=1840239774,3230963543,4116820839,424370782
dimwishlist:item=593808239&perks=1840239774,3230963543,1365187766,3764420437
dimwishlist:item=593808239&perks=1840239774,3230963543,1365187766,3192447905
dimwishlist:item=593808239&perks=1840239774,3230963543,1365187766,968510818
dimwishlist:item=593808239&perks=1840239774,3230963543,1365187766,424370782
dimwishlist:item=593808239&perks=1840239774,3230963543,4200236906,3764420437
dimwishlist:item=593808239&perks=1840239774,3230963543,4200236906,3192447905
dimwishlist:item=593808239&perks=1840239774,3230963543,4200236906,968510818
dimwishlist:item=593808239&perks=1840239774,3230963543,4200236906,424370782
dimwishlist:item=593808239&perks=1840239774,1709045111,2579169598,3764420437
dimwishlist:item=593808239&perks=1840239774,1709045111,2579169598,3192447905
dimwishlist:item=593808239&perks=1840239774,1709045111,2579169598,968510818
dimwishlist:item=593808239&perks=1840239774,1709045111,2579169598,424370782
dimwishlist:item=593808239&perks=1840239774,1709045111,2073244114,3764420437
dimwishlist:item=593808239&perks=1840239774,1709045111,2073244114,3192447905
dimwishlist:item=593808239&perks=1840239774,1709045111,2073244114,968510818
dimwishlist:item=593808239&perks=1840239774,1709045111,2073244114,424370782
dimwishlist:item=593808239&perks=1840239774,1709045111,957782887,3764420437
dimwishlist:item=593808239&perks=1840239774,1709045111,957782887,3192447905
dimwishlist:item=593808239&perks=1840239774,1709045111,957782887,968510818
dimwishlist:item=593808239&perks=1840239774,1709045111,957782887,424370782
dimwishlist:item=593808239&perks=1840239774,1709045111,4116820839,3764420437
dimwishlist:item=593808239&perks=1840239774,1709045111,4116820839,3192447905
dimwishlist:item=593808239&perks=1840239774,1709045111,4116820839,968510818
dimwishlist:item=593808239&perks=1840239774,1709045111,4116820839,424370782
dimwishlist:item=593808239&perks=1840239774,1709045111,1365187766,3764420437
dimwishlist:item=593808239&perks=1840239774,1709045111,1365187766,3192447905
dimwishlist:item=593808239&perks=1840239774,1709045111,1365187766,968510818
dimwishlist:item=593808239&perks=1840239774,1709045111,1365187766,424370782
dimwishlist:item=593808239&perks=1840239774,1709045111,4200236906,3764420437
dimwishlist:item=593808239&perks=1840239774,1709045111,4200236906,3192447905
dimwishlist:item=593808239&perks=1840239774,1709045111,4200236906,968510818
dimwishlist:item=593808239&perks=1840239774,1709045111,4200236906,424370782
dimwishlist:item=593808239&perks=1124871858,3230963543,2579169598,3764420437
dimwishlist:item=593808239&perks=1124871858,3230963543,2579169598,3192447905
dimwishlist:item=593808239&perks=1124871858,3230963543,2579169598,968510818
dimwishlist:item=593808239&perks=1124871858,3230963543,2579169598,424370782
dimwishlist:item=593808239&perks=1124871858,3230963543,2073244114,3764420437
dimwishlist:item=593808239&perks=1124871858,3230963543,2073244114,3192447905
dimwishlist:item=593808239&perks=1124871858,3230963543,2073244114,968510818
dimwishlist:item=593808239&perks=1124871858,3230963543,2073244114,424370782
dimwishlist:item=593808239&perks=1124871858,3230963543,957782887,3764420437
dimwishlist:item=593808239&perks=1124871858,3230963543,957782887,3192447905
dimwishlist:item=593808239&perks=1124871858,3230963543,957782887,968510818
dimwishlist:item=593808239&perks=1124871858,3230963543,957782887,424370782
dimwishlist:item=593808239&perks=1124871858,3230963543,4116820839,3764420437
dimwishlist:item=593808239&perks=1124871858,3230963543,4116820839,3192447905
dimwishlist:item=593808239&perks=1124871858,3230963543,4116820839,968510818
dimwishlist:item=593808239&perks=1124871858,3230963543,4116820839,424370782
dimwishlist:item=593808239&perks=1124871858,3230963543,1365187766,3764420437
dimwishlist:item=593808239&perks=1124871858,3230963543,1365187766,3192447905
dimwishlist:item=593808239&perks=1124871858,3230963543,1365187766,968510818
dimwishlist:item=593808239&perks=1124871858,3230963543,1365187766,424370782
dimwishlist:item=593808239&perks=1124871858,3230963543,4200236906,3764420437
dimwishlist:item=593808239&perks=1124871858,3230963543,4200236906,3192447905
dimwishlist:item=593808239&perks=1124871858,3230963543,4200236906,968510818
dimwishlist:item=593808239&perks=1124871858,3230963543,4200236906,424370782
dimwishlist:item=593808239&perks=1124871858,1709045111,2579169598,3764420437
dimwishlist:item=593808239&perks=1124871858,1709045111,2579169598,3192447905
dimwishlist:item=593808239&perks=1124871858,1709045111,2579169598,968510818
dimwishlist:item=593808239&perks=1124871858,1709045111,2579169598,424370782
dimwishlist:item=593808239&perks=1124871858,1709045111,2073244114,3764420437
dimwishlist:item=593808239&perks=1124871858,1709045111,2073244114,3192447905
dimwishlist:item=593808239&perks=1124871858,1709045111,2073244114,968510818
dimwishlist:item=593808239&perks=1124871858,1709045111,2073244114,424370782
dimwishlist:item=593808239&perks=1124871858,1709045111,957782887,3764420437
dimwishlist:item=593808239&perks=1124871858,1709045111,957782887,3192447905
dimwishlist:item=593808239&perks=1124871858,1709045111,957782887,968510818
dimwishlist:item=593808239&perks=1124871858,1709045111,957782887,424370782
dimwishlist:item=593808239&perks=1124871858,1709045111,4116820839,3764420437
dimwishlist:item=593808239&perks=1124871858,1709045111,4116820839,3192447905
dimwishlist:item=593808239&perks=1124871858,1709045111,4116820839,968510818
dimwishlist:item=593808239&perks=1124871858,1709045111,4116820839,424370782
dimwishlist:item=593808239&perks=1124871858,1709045111,1365187766,3764420437
dimwishlist:item=593808239&perks=1124871858,1709045111,1365187766,3192447905
dimwishlist:item=593808239&perks=1124871858,1709045111,1365187766,968510818
dimwishlist:item=593808239&perks=1124871858,1709045111,1365187766,424370782
dimwishlist:item=593808239&perks=1124871858,1709045111,4200236906,3764420437
dimwishlist:item=593808239&perks=1124871858,1709045111,4200236906,3192447905
dimwishlist:item=593808239&perks=1124871858,1709045111,4200236906,968510818
dimwishlist:item=593808239&perks=1124871858,1709045111,4200236906,424370782


//Returned Memory
//notes:Aegis Speedrun Shopping #3 (Universal use) -> Add clear ; Dying
dimwishlist:item=4049127142&perks=3525010810,2822142346,951095735,3201496230
dimwishlist:item=4049127142&perks=3525010810,2822142346,951095735,1545231802
dimwishlist:item=4049127142&perks=3525010810,2822142346,3878366039,3201496230
dimwishlist:item=4049127142&perks=3525010810,2822142346,3878366039,1545231802
dimwishlist:item=4049127142&perks=3525010810,2822142346,2859149211,3201496230
dimwishlist:item=4049127142&perks=3525010810,2822142346,2859149211,1545231802
dimwishlist:item=4049127142&perks=3525010810,2822142346,1135494563,3201496230
dimwishlist:item=4049127142&perks=3525010810,2822142346,1135494563,1545231802
dimwishlist:item=4049127142&perks=3525010810,2108812838,951095735,3201496230
dimwishlist:item=4049127142&perks=3525010810,2108812838,951095735,1545231802
dimwishlist:item=4049127142&perks=3525010810,2108812838,3878366039,3201496230
dimwishlist:item=4049127142&perks=3525010810,2108812838,3878366039,1545231802
dimwishlist:item=4049127142&perks=3525010810,2108812838,2859149211,3201496230
dimwishlist:item=4049127142&perks=3525010810,2108812838,2859149211,1545231802
dimwishlist:item=4049127142&perks=3525010810,2108812838,1135494563,3201496230
dimwishlist:item=4049127142&perks=3525010810,2108812838,1135494563,1545231802
dimwishlist:item=4049127142&perks=3250572790,2822142346,951095735,3201496230
dimwishlist:item=4049127142&perks=3250572790,2822142346,951095735,1545231802
dimwishlist:item=4049127142&perks=3250572790,2822142346,3878366039,3201496230
dimwishlist:item=4049127142&perks=3250572790,2822142346,3878366039,1545231802
dimwishlist:item=4049127142&perks=3250572790,2822142346,2859149211,3201496230
dimwishlist:item=4049127142&perks=3250572790,2822142346,2859149211,1545231802
dimwishlist:item=4049127142&perks=3250572790,2822142346,1135494563,3201496230
dimwishlist:item=4049127142&perks=3250572790,2822142346,1135494563,1545231802
dimwishlist:item=4049127142&perks=3250572790,2108812838,951095735,3201496230
dimwishlist:item=4049127142&perks=3250572790,2108812838,951095735,1545231802
dimwishlist:item=4049127142&perks=3250572790,2108812838,3878366039,3201496230
dimwishlist:item=4049127142&perks=3250572790,2108812838,3878366039,1545231802
dimwishlist:item=4049127142&perks=3250572790,2108812838,2859149211,3201496230
dimwishlist:item=4049127142&perks=3250572790,2108812838,2859149211,1545231802
dimwishlist:item=4049127142&perks=3250572790,2108812838,1135494563,3201496230
dimwishlist:item=4049127142&perks=3250572790,2108812838,1135494563,1545231802


//Service Revolver
//notes:Aegis Speedrun Shopping #3 (Universal use) -> QoL ammo pickups
dimwishlist:item=3796682229&perks=1840239774,3177308360,3700496672,3038247973
dimwishlist:item=3796682229&perks=1840239774,3177308360,3700496672,64866129
dimwishlist:item=3796682229&perks=1840239774,3177308360,2840833776,3038247973
dimwishlist:item=3796682229&perks=1840239774,3177308360,2840833776,64866129
dimwishlist:item=3796682229&perks=1840239774,1002206008,3700496672,3038247973
dimwishlist:item=3796682229&perks=1840239774,1002206008,3700496672,64866129
dimwishlist:item=3796682229&perks=1840239774,1002206008,2840833776,3038247973
dimwishlist:item=3796682229&perks=1840239774,1002206008,2840833776,64866129
dimwishlist:item=3796682229&perks=1840239774,2420895100,3700496672,3038247973
dimwishlist:item=3796682229&perks=1840239774,2420895100,3700496672,64866129
dimwishlist:item=3796682229&perks=1840239774,2420895100,2840833776,3038247973
dimwishlist:item=3796682229&perks=1840239774,2420895100,2840833776,64866129
dimwishlist:item=3796682229&perks=1840239774,1890997540,3700496672,3038247973
dimwishlist:item=3796682229&perks=1840239774,1890997540,3700496672,64866129
dimwishlist:item=3796682229&perks=1840239774,1890997540,2840833776,3038247973
dimwishlist:item=3796682229&perks=1840239774,1890997540,2840833776,64866129
dimwishlist:item=3796682229&perks=1124871858,3177308360,3700496672,3038247973
dimwishlist:item=3796682229&perks=1124871858,3177308360,3700496672,64866129
dimwishlist:item=3796682229&perks=1124871858,3177308360,2840833776,3038247973
dimwishlist:item=3796682229&perks=1124871858,3177308360,2840833776,64866129
dimwishlist:item=3796682229&perks=1124871858,1002206008,3700496672,3038247973
dimwishlist:item=3796682229&perks=1124871858,1002206008,3700496672,64866129
dimwishlist:item=3796682229&perks=1124871858,1002206008,2840833776,3038247973
dimwishlist:item=3796682229&perks=1124871858,1002206008,2840833776,64866129
dimwishlist:item=3796682229&perks=1124871858,2420895100,3700496672,3038247973
dimwishlist:item=3796682229&perks=1124871858,2420895100,3700496672,64866129
dimwishlist:item=3796682229&perks=1124871858,2420895100,2840833776,3038247973
dimwishlist:item=3796682229&perks=1124871858,2420895100,2840833776,64866129
dimwishlist:item=3796682229&perks=1124871858,1890997540,3700496672,3038247973
dimwishlist:item=3796682229&perks=1124871858,1890997540,3700496672,64866129
dimwishlist:item=3796682229&perks=1124871858,1890997540,2840833776,3038247973
dimwishlist:item=3796682229&perks=1124871858,1890997540,2840833776,64866129
dimwishlist:item=59060498&perks=1840239774,3177308360,3700496672,3038247973
dimwishlist:item=59060498&perks=1840239774,3177308360,3700496672,64866129
dimwishlist:item=59060498&perks=1840239774,3177308360,2840833776,3038247973
dimwishlist:item=59060498&perks=1840239774,3177308360,2840833776,64866129
dimwishlist:item=59060498&perks=1840239774,1002206008,3700496672,3038247973
dimwishlist:item=59060498&perks=1840239774,1002206008,3700496672,64866129
dimwishlist:item=59060498&perks=1840239774,1002206008,2840833776,3038247973
dimwishlist:item=59060498&perks=1840239774,1002206008,2840833776,64866129
dimwishlist:item=59060498&perks=1840239774,2420895100,3700496672,3038247973
dimwishlist:item=59060498&perks=1840239774,2420895100,3700496672,64866129
dimwishlist:item=59060498&perks=1840239774,2420895100,2840833776,3038247973
dimwishlist:item=59060498&perks=1840239774,2420895100,2840833776,64866129
dimwishlist:item=59060498&perks=1840239774,1890997540,3700496672,3038247973
dimwishlist:item=59060498&perks=1840239774,1890997540,3700496672,64866129
dimwishlist:item=59060498&perks=1840239774,1890997540,2840833776,3038247973
dimwishlist:item=59060498&perks=1840239774,1890997540,2840833776,64866129
dimwishlist:item=59060498&perks=1124871858,3177308360,3700496672,3038247973
dimwishlist:item=59060498&perks=1124871858,3177308360,3700496672,64866129
dimwishlist:item=59060498&perks=1124871858,3177308360,2840833776,3038247973
dimwishlist:item=59060498&perks=1124871858,3177308360,2840833776,64866129
dimwishlist:item=59060498&perks=1124871858,1002206008,3700496672,3038247973
dimwishlist:item=59060498&perks=1124871858,1002206008,3700496672,64866129
dimwishlist:item=59060498&perks=1124871858,1002206008,2840833776,3038247973
dimwishlist:item=59060498&perks=1124871858,1002206008,2840833776,64866129
dimwishlist:item=59060498&perks=1124871858,2420895100,3700496672,3038247973
dimwishlist:item=59060498&perks=1124871858,2420895100,3700496672,64866129
dimwishlist:item=59060498&perks=1124871858,2420895100,2840833776,3038247973
dimwishlist:item=59060498&perks=1124871858,2420895100,2840833776,64866129
dimwishlist:item=59060498&perks=1124871858,1890997540,3700496672,3038247973
dimwishlist:item=59060498&perks=1124871858,1890997540,3700496672,64866129
dimwishlist:item=59060498&perks=1124871858,1890997540,2840833776,3038247973
dimwishlist:item=59060498&perks=1124871858,1890997540,2840833776,64866129


//Seventh Seraph Officer Revolver
//notes:Aegis Speedrun Shopping #3 (Universal use) -> QoL ammo pickups
dimwishlist:item=3490736392&perks=1840239774,3177308360,3700496672,3038247973
dimwishlist:item=3490736392&perks=1840239774,3177308360,3700496672,64866129
dimwishlist:item=3490736392&perks=1840239774,3177308360,2840833776,3038247973
dimwishlist:item=3490736392&perks=1840239774,3177308360,2840833776,64866129
dimwishlist:item=3490736392&perks=1840239774,1002206008,3700496672,3038247973
dimwishlist:item=3490736392&perks=1840239774,1002206008,3700496672,64866129
dimwishlist:item=3490736392&perks=1840239774,1002206008,2840833776,3038247973
dimwishlist:item=3490736392&perks=1840239774,1002206008,2840833776,64866129
dimwishlist:item=3490736392&perks=1840239774,2420895100,3700496672,3038247973
dimwishlist:item=3490736392&perks=1840239774,2420895100,3700496672,64866129
dimwishlist:item=3490736392&perks=1840239774,2420895100,2840833776,3038247973
dimwishlist:item=3490736392&perks=1840239774,2420895100,2840833776,64866129
dimwishlist:item=3490736392&perks=1840239774,1890997540,3700496672,3038247973
dimwishlist:item=3490736392&perks=1840239774,1890997540,3700496672,64866129
dimwishlist:item=3490736392&perks=1840239774,1890997540,2840833776,3038247973
dimwishlist:item=3490736392&perks=1840239774,1890997540,2840833776,64866129
dimwishlist:item=3490736392&perks=1124871858,3177308360,3700496672,3038247973
dimwishlist:item=3490736392&perks=1124871858,3177308360,3700496672,64866129
dimwishlist:item=3490736392&perks=1124871858,3177308360,2840833776,3038247973
dimwishlist:item=3490736392&perks=1124871858,3177308360,2840833776,64866129
dimwishlist:item=3490736392&perks=1124871858,1002206008,3700496672,3038247973
dimwishlist:item=3490736392&perks=1124871858,1002206008,3700496672,64866129
dimwishlist:item=3490736392&perks=1124871858,1002206008,2840833776,3038247973
dimwishlist:item=3490736392&perks=1124871858,1002206008,2840833776,64866129
dimwishlist:item=3490736392&perks=1124871858,2420895100,3700496672,3038247973
dimwishlist:item=3490736392&perks=1124871858,2420895100,3700496672,64866129
dimwishlist:item=3490736392&perks=1124871858,2420895100,2840833776,3038247973
dimwishlist:item=3490736392&perks=1124871858,2420895100,2840833776,64866129
dimwishlist:item=3490736392&perks=1124871858,1890997540,3700496672,3038247973
dimwishlist:item=3490736392&perks=1124871858,1890997540,3700496672,64866129
dimwishlist:item=3490736392&perks=1124871858,1890997540,2840833776,3038247973
dimwishlist:item=3490736392&perks=1124871858,1890997540,2840833776,64866129


//Stryker's Sure-Hand
//notes:Aegis Speedrun Shopping #3 (CE use) -> Burst damage
dimwishlist:item=2490460292&perks=3666208348,269888150,3425386926,3201496230
dimwishlist:item=2490460292&perks=3666208348,269888150,3425386926,1545231802
dimwishlist:item=2490460292&perks=3666208348,269888150,288411554,3201496230
dimwishlist:item=2490460292&perks=3666208348,269888150,288411554,1545231802
dimwishlist:item=2490460292&perks=3666208348,125241418,3425386926,3201496230
dimwishlist:item=2490460292&perks=3666208348,125241418,3425386926,1545231802
dimwishlist:item=2490460292&perks=3666208348,125241418,288411554,3201496230
dimwishlist:item=2490460292&perks=3666208348,125241418,288411554,1545231802
dimwishlist:item=2490460292&perks=3959569796,269888150,3425386926,3201496230
dimwishlist:item=2490460292&perks=3959569796,269888150,3425386926,1545231802
dimwishlist:item=2490460292&perks=3959569796,269888150,288411554,3201496230
dimwishlist:item=2490460292&perks=3959569796,269888150,288411554,1545231802
dimwishlist:item=2490460292&perks=3959569796,125241418,3425386926,3201496230
dimwishlist:item=2490460292&perks=3959569796,125241418,3425386926,1545231802
dimwishlist:item=2490460292&perks=3959569796,125241418,288411554,3201496230
dimwishlist:item=2490460292&perks=3959569796,125241418,288411554,1545231802
dimwishlist:item=2158575991&perks=3666208348,269888150,3425386926,3201496230
dimwishlist:item=2158575991&perks=3666208348,269888150,3425386926,1545231802
dimwishlist:item=2158575991&perks=3666208348,269888150,288411554,3201496230
dimwishlist:item=2158575991&perks=3666208348,269888150,288411554,1545231802
dimwishlist:item=2158575991&perks=3666208348,125241418,3425386926,3201496230
dimwishlist:item=2158575991&perks=3666208348,125241418,3425386926,1545231802
dimwishlist:item=2158575991&perks=3666208348,125241418,288411554,3201496230
dimwishlist:item=2158575991&perks=3666208348,125241418,288411554,1545231802
dimwishlist:item=2158575991&perks=3959569796,269888150,3425386926,3201496230
dimwishlist:item=2158575991&perks=3959569796,269888150,3425386926,1545231802
dimwishlist:item=2158575991&perks=3959569796,269888150,288411554,3201496230
dimwishlist:item=2158575991&perks=3959569796,269888150,288411554,1545231802
dimwishlist:item=2158575991&perks=3959569796,125241418,3425386926,3201496230
dimwishlist:item=2158575991&perks=3959569796,125241418,3425386926,1545231802
dimwishlist:item=2158575991&perks=3959569796,125241418,288411554,3201496230
dimwishlist:item=2158575991&perks=3959569796,125241418,288411554,1545231802


//The Call
//notes:Aegis Speedrun Shopping #3 (Universal use) -> Add clear ; Super generation ; Dying
dimwishlist:item=3947966653&perks=3525010810,2822142346,923806249,831391274
dimwishlist:item=3947966653&perks=3525010810,2822142346,923806249,102912326
dimwishlist:item=3947966653&perks=3525010810,2822142346,923806249,3640170453
dimwishlist:item=3947966653&perks=3525010810,2822142346,923806249,1817983009
dimwishlist:item=3947966653&perks=3525010810,2822142346,923806249,2109543898
dimwishlist:item=3947966653&perks=3525010810,2822142346,923806249,2799030358
dimwishlist:item=3947966653&perks=3525010810,2822142346,3422796781,831391274
dimwishlist:item=3947966653&perks=3525010810,2822142346,3422796781,102912326
dimwishlist:item=3947966653&perks=3525010810,2822142346,3422796781,3640170453
dimwishlist:item=3947966653&perks=3525010810,2822142346,3422796781,1817983009
dimwishlist:item=3947966653&perks=3525010810,2822142346,3422796781,2109543898
dimwishlist:item=3947966653&perks=3525010810,2822142346,3422796781,2799030358
dimwishlist:item=3947966653&perks=3525010810,2822142346,951095735,831391274
dimwishlist:item=3947966653&perks=3525010810,2822142346,951095735,102912326
dimwishlist:item=3947966653&perks=3525010810,2822142346,951095735,3640170453
dimwishlist:item=3947966653&perks=3525010810,2822142346,951095735,1817983009
dimwishlist:item=3947966653&perks=3525010810,2822142346,951095735,2109543898
dimwishlist:item=3947966653&perks=3525010810,2822142346,951095735,2799030358
dimwishlist:item=3947966653&perks=3525010810,2822142346,3878366039,831391274
dimwishlist:item=3947966653&perks=3525010810,2822142346,3878366039,102912326
dimwishlist:item=3947966653&perks=3525010810,2822142346,3878366039,3640170453
dimwishlist:item=3947966653&perks=3525010810,2822142346,3878366039,1817983009
dimwishlist:item=3947966653&perks=3525010810,2822142346,3878366039,2109543898
dimwishlist:item=3947966653&perks=3525010810,2822142346,3878366039,2799030358
dimwishlist:item=3947966653&perks=3525010810,2822142346,2859149211,831391274
dimwishlist:item=3947966653&perks=3525010810,2822142346,2859149211,102912326
dimwishlist:item=3947966653&perks=3525010810,2822142346,2859149211,3640170453
dimwishlist:item=3947966653&perks=3525010810,2822142346,2859149211,1817983009
dimwishlist:item=3947966653&perks=3525010810,2822142346,2859149211,2109543898
dimwishlist:item=3947966653&perks=3525010810,2822142346,2859149211,2799030358
dimwishlist:item=3947966653&perks=3525010810,2822142346,1135494563,831391274
dimwishlist:item=3947966653&perks=3525010810,2822142346,1135494563,102912326
dimwishlist:item=3947966653&perks=3525010810,2822142346,1135494563,3640170453
dimwishlist:item=3947966653&perks=3525010810,2822142346,1135494563,1817983009
dimwishlist:item=3947966653&perks=3525010810,2822142346,1135494563,2109543898
dimwishlist:item=3947966653&perks=3525010810,2822142346,1135494563,2799030358
dimwishlist:item=3947966653&perks=3525010810,2108812838,923806249,831391274
dimwishlist:item=3947966653&perks=3525010810,2108812838,923806249,102912326
dimwishlist:item=3947966653&perks=3525010810,2108812838,923806249,3640170453
dimwishlist:item=3947966653&perks=3525010810,2108812838,923806249,1817983009
dimwishlist:item=3947966653&perks=3525010810,2108812838,923806249,2109543898
dimwishlist:item=3947966653&perks=3525010810,2108812838,923806249,2799030358
dimwishlist:item=3947966653&perks=3525010810,2108812838,3422796781,831391274
dimwishlist:item=3947966653&perks=3525010810,2108812838,3422796781,102912326
dimwishlist:item=3947966653&perks=3525010810,2108812838,3422796781,3640170453
dimwishlist:item=3947966653&perks=3525010810,2108812838,3422796781,1817983009
dimwishlist:item=3947966653&perks=3525010810,2108812838,3422796781,2109543898
dimwishlist:item=3947966653&perks=3525010810,2108812838,3422796781,2799030358
dimwishlist:item=3947966653&perks=3525010810,2108812838,951095735,831391274
dimwishlist:item=3947966653&perks=3525010810,2108812838,951095735,102912326
dimwishlist:item=3947966653&perks=3525010810,2108812838,951095735,3640170453
dimwishlist:item=3947966653&perks=3525010810,2108812838,951095735,1817983009
dimwishlist:item=3947966653&perks=3525010810,2108812838,951095735,2109543898
dimwishlist:item=3947966653&perks=3525010810,2108812838,951095735,2799030358
dimwishlist:item=3947966653&perks=3525010810,2108812838,3878366039,831391274
dimwishlist:item=3947966653&perks=3525010810,2108812838,3878366039,102912326
dimwishlist:item=3947966653&perks=3525010810,2108812838,3878366039,3640170453
dimwishlist:item=3947966653&perks=3525010810,2108812838,3878366039,1817983009
dimwishlist:item=3947966653&perks=3525010810,2108812838,3878366039,2109543898
dimwishlist:item=3947966653&perks=3525010810,2108812838,3878366039,2799030358
dimwishlist:item=3947966653&perks=3525010810,2108812838,2859149211,831391274
dimwishlist:item=3947966653&perks=3525010810,2108812838,2859149211,102912326
dimwishlist:item=3947966653&perks=3525010810,2108812838,2859149211,3640170453
dimwishlist:item=3947966653&perks=3525010810,2108812838,2859149211,1817983009
dimwishlist:item=3947966653&perks=3525010810,2108812838,2859149211,2109543898
dimwishlist:item=3947966653&perks=3525010810,2108812838,2859149211,2799030358
dimwishlist:item=3947966653&perks=3525010810,2108812838,1135494563,831391274
dimwishlist:item=3947966653&perks=3525010810,2108812838,1135494563,102912326
dimwishlist:item=3947966653&perks=3525010810,2108812838,1135494563,3640170453
dimwishlist:item=3947966653&perks=3525010810,2108812838,1135494563,1817983009
dimwishlist:item=3947966653&perks=3525010810,2108812838,1135494563,2109543898
dimwishlist:item=3947966653&perks=3525010810,2108812838,1135494563,2799030358
dimwishlist:item=3947966653&perks=3250572790,2822142346,923806249,831391274
dimwishlist:item=3947966653&perks=3250572790,2822142346,923806249,102912326
dimwishlist:item=3947966653&perks=3250572790,2822142346,923806249,3640170453
dimwishlist:item=3947966653&perks=3250572790,2822142346,923806249,1817983009
dimwishlist:item=3947966653&perks=3250572790,2822142346,923806249,2109543898
dimwishlist:item=3947966653&perks=3250572790,2822142346,923806249,2799030358
dimwishlist:item=3947966653&perks=3250572790,2822142346,3422796781,831391274
dimwishlist:item=3947966653&perks=3250572790,2822142346,3422796781,102912326
dimwishlist:item=3947966653&perks=3250572790,2822142346,3422796781,3640170453
dimwishlist:item=3947966653&perks=3250572790,2822142346,3422796781,1817983009
dimwishlist:item=3947966653&perks=3250572790,2822142346,3422796781,2109543898
dimwishlist:item=3947966653&perks=3250572790,2822142346,3422796781,2799030358
dimwishlist:item=3947966653&perks=3250572790,2822142346,951095735,831391274
dimwishlist:item=3947966653&perks=3250572790,2822142346,951095735,102912326
dimwishlist:item=3947966653&perks=3250572790,2822142346,951095735,3640170453
dimwishlist:item=3947966653&perks=3250572790,2822142346,951095735,1817983009
dimwishlist:item=3947966653&perks=3250572790,2822142346,951095735,2109543898
dimwishlist:item=3947966653&perks=3250572790,2822142346,951095735,2799030358
dimwishlist:item=3947966653&perks=3250572790,2822142346,3878366039,831391274
dimwishlist:item=3947966653&perks=3250572790,2822142346,3878366039,102912326
dimwishlist:item=3947966653&perks=3250572790,2822142346,3878366039,3640170453
dimwishlist:item=3947966653&perks=3250572790,2822142346,3878366039,1817983009
dimwishlist:item=3947966653&perks=3250572790,2822142346,3878366039,2109543898
dimwishlist:item=3947966653&perks=3250572790,2822142346,3878366039,2799030358
dimwishlist:item=3947966653&perks=3250572790,2822142346,2859149211,831391274
dimwishlist:item=3947966653&perks=3250572790,2822142346,2859149211,102912326
dimwishlist:item=3947966653&perks=3250572790,2822142346,2859149211,3640170453
dimwishlist:item=3947966653&perks=3250572790,2822142346,2859149211,1817983009
dimwishlist:item=3947966653&perks=3250572790,2822142346,2859149211,2109543898
dimwishlist:item=3947966653&perks=3250572790,2822142346,2859149211,2799030358
dimwishlist:item=3947966653&perks=3250572790,2822142346,1135494563,831391274
dimwishlist:item=3947966653&perks=3250572790,2822142346,1135494563,102912326
dimwishlist:item=3947966653&perks=3250572790,2822142346,1135494563,3640170453
dimwishlist:item=3947966653&perks=3250572790,2822142346,1135494563,1817983009
dimwishlist:item=3947966653&perks=3250572790,2822142346,1135494563,2109543898
dimwishlist:item=3947966653&perks=3250572790,2822142346,1135494563,2799030358
dimwishlist:item=3947966653&perks=3250572790,2108812838,923806249,831391274
dimwishlist:item=3947966653&perks=3250572790,2108812838,923806249,102912326
dimwishlist:item=3947966653&perks=3250572790,2108812838,923806249,3640170453
dimwishlist:item=3947966653&perks=3250572790,2108812838,923806249,1817983009
dimwishlist:item=3947966653&perks=3250572790,2108812838,923806249,2109543898
dimwishlist:item=3947966653&perks=3250572790,2108812838,923806249,2799030358
dimwishlist:item=3947966653&perks=3250572790,2108812838,3422796781,831391274
dimwishlist:item=3947966653&perks=3250572790,2108812838,3422796781,102912326
dimwishlist:item=3947966653&perks=3250572790,2108812838,3422796781,3640170453
dimwishlist:item=3947966653&perks=3250572790,2108812838,3422796781,1817983009
dimwishlist:item=3947966653&perks=3250572790,2108812838,3422796781,2109543898
dimwishlist:item=3947966653&perks=3250572790,2108812838,3422796781,2799030358
dimwishlist:item=3947966653&perks=3250572790,2108812838,951095735,831391274
dimwishlist:item=3947966653&perks=3250572790,2108812838,951095735,102912326
dimwishlist:item=3947966653&perks=3250572790,2108812838,951095735,3640170453
dimwishlist:item=3947966653&perks=3250572790,2108812838,951095735,1817983009
dimwishlist:item=3947966653&perks=3250572790,2108812838,951095735,2109543898
dimwishlist:item=3947966653&perks=3250572790,2108812838,951095735,2799030358
dimwishlist:item=3947966653&perks=3250572790,2108812838,3878366039,831391274
dimwishlist:item=3947966653&perks=3250572790,2108812838,3878366039,102912326
dimwishlist:item=3947966653&perks=3250572790,2108812838,3878366039,3640170453
dimwishlist:item=3947966653&perks=3250572790,2108812838,3878366039,1817983009
dimwishlist:item=3947966653&perks=3250572790,2108812838,3878366039,2109543898
dimwishlist:item=3947966653&perks=3250572790,2108812838,3878366039,2799030358
dimwishlist:item=3947966653&perks=3250572790,2108812838,2859149211,831391274
dimwishlist:item=3947966653&perks=3250572790,2108812838,2859149211,102912326
dimwishlist:item=3947966653&perks=3250572790,2108812838,2859149211,3640170453
dimwishlist:item=3947966653&perks=3250572790,2108812838,2859149211,1817983009
dimwishlist:item=3947966653&perks=3250572790,2108812838,2859149211,2109543898
dimwishlist:item=3947966653&perks=3250572790,2108812838,2859149211,2799030358
dimwishlist:item=3947966653&perks=3250572790,2108812838,1135494563,831391274
dimwishlist:item=3947966653&perks=3250572790,2108812838,1135494563,102912326
dimwishlist:item=3947966653&perks=3250572790,2108812838,1135494563,3640170453
dimwishlist:item=3947966653&perks=3250572790,2108812838,1135494563,1817983009
dimwishlist:item=3947966653&perks=3250572790,2108812838,1135494563,2109543898
dimwishlist:item=3947966653&perks=3250572790,2108812838,1135494563,2799030358


//The Fourth Horseman
//notes:Aegis Speedrun Shopping #3 (Universal use) -> Burst damage
dimwishlist:item=1665952087&perks=,,,


//The Helmsman
//notes:Aegis Speedrun Shopping #3 (Universal use) -> Burst damage
dimwishlist:item=2325078119&perks=1840239774,106909392,957782887,1546637391
dimwishlist:item=2325078119&perks=1840239774,106909392,957782887,3418165135
dimwishlist:item=2325078119&perks=1840239774,106909392,957782887,2551157718
dimwishlist:item=2325078119&perks=1840239774,106909392,957782887,23371658
dimwishlist:item=2325078119&perks=1840239774,106909392,957782887,654512643
dimwishlist:item=2325078119&perks=1840239774,106909392,957782887,4065965131
dimwishlist:item=2325078119&perks=1840239774,106909392,4116820839,1546637391
dimwishlist:item=2325078119&perks=1840239774,106909392,4116820839,3418165135
dimwishlist:item=2325078119&perks=1840239774,106909392,4116820839,2551157718
dimwishlist:item=2325078119&perks=1840239774,106909392,4116820839,23371658
dimwishlist:item=2325078119&perks=1840239774,106909392,4116820839,654512643
dimwishlist:item=2325078119&perks=1840239774,106909392,4116820839,4065965131
dimwishlist:item=2325078119&perks=1840239774,1783397184,957782887,1546637391
dimwishlist:item=2325078119&perks=1840239774,1783397184,957782887,3418165135
dimwishlist:item=2325078119&perks=1840239774,1783397184,957782887,2551157718
dimwishlist:item=2325078119&perks=1840239774,1783397184,957782887,23371658
dimwishlist:item=2325078119&perks=1840239774,1783397184,957782887,654512643
dimwishlist:item=2325078119&perks=1840239774,1783397184,957782887,4065965131
dimwishlist:item=2325078119&perks=1840239774,1783397184,4116820839,1546637391
dimwishlist:item=2325078119&perks=1840239774,1783397184,4116820839,3418165135
dimwishlist:item=2325078119&perks=1840239774,1783397184,4116820839,2551157718
dimwishlist:item=2325078119&perks=1840239774,1783397184,4116820839,23371658
dimwishlist:item=2325078119&perks=1840239774,1783397184,4116820839,654512643
dimwishlist:item=2325078119&perks=1840239774,1783397184,4116820839,4065965131
dimwishlist:item=2325078119&perks=1124871858,106909392,957782887,1546637391
dimwishlist:item=2325078119&perks=1124871858,106909392,957782887,3418165135
dimwishlist:item=2325078119&perks=1124871858,106909392,957782887,2551157718
dimwishlist:item=2325078119&perks=1124871858,106909392,957782887,23371658
dimwishlist:item=2325078119&perks=1124871858,106909392,957782887,654512643
dimwishlist:item=2325078119&perks=1124871858,106909392,957782887,4065965131
dimwishlist:item=2325078119&perks=1124871858,106909392,4116820839,1546637391
dimwishlist:item=2325078119&perks=1124871858,106909392,4116820839,3418165135
dimwishlist:item=2325078119&perks=1124871858,106909392,4116820839,2551157718
dimwishlist:item=2325078119&perks=1124871858,106909392,4116820839,23371658
dimwishlist:item=2325078119&perks=1124871858,106909392,4116820839,654512643
dimwishlist:item=2325078119&perks=1124871858,106909392,4116820839,4065965131
dimwishlist:item=2325078119&perks=1124871858,1783397184,957782887,1546637391
dimwishlist:item=2325078119&perks=1124871858,1783397184,957782887,3418165135
dimwishlist:item=2325078119&perks=1124871858,1783397184,957782887,2551157718
dimwishlist:item=2325078119&perks=1124871858,1783397184,957782887,23371658
dimwishlist:item=2325078119&perks=1124871858,1783397184,957782887,654512643
dimwishlist:item=2325078119&perks=1124871858,1783397184,957782887,4065965131
dimwishlist:item=2325078119&perks=1124871858,1783397184,4116820839,1546637391
dimwishlist:item=2325078119&perks=1124871858,1783397184,4116820839,3418165135
dimwishlist:item=2325078119&perks=1124871858,1783397184,4116820839,2551157718
dimwishlist:item=2325078119&perks=1124871858,1783397184,4116820839,23371658
dimwishlist:item=2325078119&perks=1124871858,1783397184,4116820839,654512643
dimwishlist:item=2325078119&perks=1124871858,1783397184,4116820839,4065965131
dimwishlist:item=3215649176&perks=1840239774,106909392,957782887,1546637391
dimwishlist:item=3215649176&perks=1840239774,106909392,957782887,3418165135
dimwishlist:item=3215649176&perks=1840239774,106909392,957782887,2551157718
dimwishlist:item=3215649176&perks=1840239774,106909392,957782887,23371658
dimwishlist:item=3215649176&perks=1840239774,106909392,957782887,654512643
dimwishlist:item=3215649176&perks=1840239774,106909392,957782887,4065965131
dimwishlist:item=3215649176&perks=1840239774,106909392,4116820839,1546637391
dimwishlist:item=3215649176&perks=1840239774,106909392,4116820839,3418165135
dimwishlist:item=3215649176&perks=1840239774,106909392,4116820839,2551157718
dimwishlist:item=3215649176&perks=1840239774,106909392,4116820839,23371658
dimwishlist:item=3215649176&perks=1840239774,106909392,4116820839,654512643
dimwishlist:item=3215649176&perks=1840239774,106909392,4116820839,4065965131
dimwishlist:item=3215649176&perks=1840239774,1783397184,957782887,1546637391
dimwishlist:item=3215649176&perks=1840239774,1783397184,957782887,3418165135
dimwishlist:item=3215649176&perks=1840239774,1783397184,957782887,2551157718
dimwishlist:item=3215649176&perks=1840239774,1783397184,957782887,23371658
dimwishlist:item=3215649176&perks=1840239774,1783397184,957782887,654512643
dimwishlist:item=3215649176&perks=1840239774,1783397184,957782887,4065965131
dimwishlist:item=3215649176&perks=1840239774,1783397184,4116820839,1546637391
dimwishlist:item=3215649176&perks=1840239774,1783397184,4116820839,3418165135
dimwishlist:item=3215649176&perks=1840239774,1783397184,4116820839,2551157718
dimwishlist:item=3215649176&perks=1840239774,1783397184,4116820839,23371658
dimwishlist:item=3215649176&perks=1840239774,1783397184,4116820839,654512643
dimwishlist:item=3215649176&perks=1840239774,1783397184,4116820839,4065965131
dimwishlist:item=3215649176&perks=1124871858,106909392,957782887,1546637391
dimwishlist:item=3215649176&perks=1124871858,106909392,957782887,3418165135
dimwishlist:item=3215649176&perks=1124871858,106909392,957782887,2551157718
dimwishlist:item=3215649176&perks=1124871858,106909392,957782887,23371658
dimwishlist:item=3215649176&perks=1124871858,106909392,957782887,654512643
dimwishlist:item=3215649176&perks=1124871858,106909392,957782887,4065965131
dimwishlist:item=3215649176&perks=1124871858,106909392,4116820839,1546637391
dimwishlist:item=3215649176&perks=1124871858,106909392,4116820839,3418165135
dimwishlist:item=3215649176&perks=1124871858,106909392,4116820839,2551157718
dimwishlist:item=3215649176&perks=1124871858,106909392,4116820839,23371658
dimwishlist:item=3215649176&perks=1124871858,106909392,4116820839,654512643
dimwishlist:item=3215649176&perks=1124871858,106909392,4116820839,4065965131
dimwishlist:item=3215649176&perks=1124871858,1783397184,957782887,1546637391
dimwishlist:item=3215649176&perks=1124871858,1783397184,957782887,3418165135
dimwishlist:item=3215649176&perks=1124871858,1783397184,957782887,2551157718
dimwishlist:item=3215649176&perks=1124871858,1783397184,957782887,23371658
dimwishlist:item=3215649176&perks=1124871858,1783397184,957782887,654512643
dimwishlist:item=3215649176&perks=1124871858,1783397184,957782887,4065965131
dimwishlist:item=3215649176&perks=1124871858,1783397184,4116820839,1546637391
dimwishlist:item=3215649176&perks=1124871858,1783397184,4116820839,3418165135
dimwishlist:item=3215649176&perks=1124871858,1783397184,4116820839,2551157718
dimwishlist:item=3215649176&perks=1124871858,1783397184,4116820839,23371658
dimwishlist:item=3215649176&perks=1124871858,1783397184,4116820839,654512643
dimwishlist:item=3215649176&perks=1124871858,1783397184,4116820839,4065965131


//The Mountaintop
//notes:Aegis Speedrun Shopping #3 (BRAVE version) (Universal use) -> Movement ; Burst damage
dimwishlist:item=568611922&perks=3525010810,2822142346,951095735,4104185692
dimwishlist:item=568611922&perks=3525010810,2822142346,951095735,3007133316
dimwishlist:item=568611922&perks=3525010810,2822142346,951095735,469285294
dimwishlist:item=568611922&perks=3525010810,2822142346,951095735,3335686050
dimwishlist:item=568611922&perks=3525010810,2822142346,3878366039,4104185692
dimwishlist:item=568611922&perks=3525010810,2822142346,3878366039,3007133316
dimwishlist:item=568611922&perks=3525010810,2822142346,3878366039,469285294
dimwishlist:item=568611922&perks=3525010810,2822142346,3878366039,3335686050
dimwishlist:item=568611922&perks=3525010810,2822142346,3300816228,4104185692
dimwishlist:item=568611922&perks=3525010810,2822142346,3300816228,3007133316
dimwishlist:item=568611922&perks=3525010810,2822142346,3300816228,469285294
dimwishlist:item=568611922&perks=3525010810,2822142346,3300816228,3335686050
dimwishlist:item=568611922&perks=3525010810,2822142346,3528046508,4104185692
dimwishlist:item=568611922&perks=3525010810,2822142346,3528046508,3007133316
dimwishlist:item=568611922&perks=3525010810,2822142346,3528046508,469285294
dimwishlist:item=568611922&perks=3525010810,2822142346,3528046508,3335686050
dimwishlist:item=568611922&perks=3525010810,2822142346,3643424744,4104185692
dimwishlist:item=568611922&perks=3525010810,2822142346,3643424744,3007133316
dimwishlist:item=568611922&perks=3525010810,2822142346,3643424744,469285294
dimwishlist:item=568611922&perks=3525010810,2822142346,3643424744,3335686050
dimwishlist:item=568611922&perks=3525010810,2822142346,2682205016,4104185692
dimwishlist:item=568611922&perks=3525010810,2822142346,2682205016,3007133316
dimwishlist:item=568611922&perks=3525010810,2822142346,2682205016,469285294
dimwishlist:item=568611922&perks=3525010810,2822142346,2682205016,3335686050
dimwishlist:item=568611922&perks=3525010810,2108812838,951095735,4104185692
dimwishlist:item=568611922&perks=3525010810,2108812838,951095735,3007133316
dimwishlist:item=568611922&perks=3525010810,2108812838,951095735,469285294
dimwishlist:item=568611922&perks=3525010810,2108812838,951095735,3335686050
dimwishlist:item=568611922&perks=3525010810,2108812838,3878366039,4104185692
dimwishlist:item=568611922&perks=3525010810,2108812838,3878366039,3007133316
dimwishlist:item=568611922&perks=3525010810,2108812838,3878366039,469285294
dimwishlist:item=568611922&perks=3525010810,2108812838,3878366039,3335686050
dimwishlist:item=568611922&perks=3525010810,2108812838,3300816228,4104185692
dimwishlist:item=568611922&perks=3525010810,2108812838,3300816228,3007133316
dimwishlist:item=568611922&perks=3525010810,2108812838,3300816228,469285294
dimwishlist:item=568611922&perks=3525010810,2108812838,3300816228,3335686050
dimwishlist:item=568611922&perks=3525010810,2108812838,3528046508,4104185692
dimwishlist:item=568611922&perks=3525010810,2108812838,3528046508,3007133316
dimwishlist:item=568611922&perks=3525010810,2108812838,3528046508,469285294
dimwishlist:item=568611922&perks=3525010810,2108812838,3528046508,3335686050
dimwishlist:item=568611922&perks=3525010810,2108812838,3643424744,4104185692
dimwishlist:item=568611922&perks=3525010810,2108812838,3643424744,3007133316
dimwishlist:item=568611922&perks=3525010810,2108812838,3643424744,469285294
dimwishlist:item=568611922&perks=3525010810,2108812838,3643424744,3335686050
dimwishlist:item=568611922&perks=3525010810,2108812838,2682205016,4104185692
dimwishlist:item=568611922&perks=3525010810,2108812838,2682205016,3007133316
dimwishlist:item=568611922&perks=3525010810,2108812838,2682205016,469285294
dimwishlist:item=568611922&perks=3525010810,2108812838,2682205016,3335686050
dimwishlist:item=568611922&perks=3525010810,3301904089,951095735,4104185692
dimwishlist:item=568611922&perks=3525010810,3301904089,951095735,3007133316
dimwishlist:item=568611922&perks=3525010810,3301904089,951095735,469285294
dimwishlist:item=568611922&perks=3525010810,3301904089,951095735,3335686050
dimwishlist:item=568611922&perks=3525010810,3301904089,3878366039,4104185692
dimwishlist:item=568611922&perks=3525010810,3301904089,3878366039,3007133316
dimwishlist:item=568611922&perks=3525010810,3301904089,3878366039,469285294
dimwishlist:item=568611922&perks=3525010810,3301904089,3878366039,3335686050
dimwishlist:item=568611922&perks=3525010810,3301904089,3300816228,4104185692
dimwishlist:item=568611922&perks=3525010810,3301904089,3300816228,3007133316
dimwishlist:item=568611922&perks=3525010810,3301904089,3300816228,469285294
dimwishlist:item=568611922&perks=3525010810,3301904089,3300816228,3335686050
dimwishlist:item=568611922&perks=3525010810,3301904089,3528046508,4104185692
dimwishlist:item=568611922&perks=3525010810,3301904089,3528046508,3007133316
dimwishlist:item=568611922&perks=3525010810,3301904089,3528046508,469285294
dimwishlist:item=568611922&perks=3525010810,3301904089,3528046508,3335686050
dimwishlist:item=568611922&perks=3525010810,3301904089,3643424744,4104185692
dimwishlist:item=568611922&perks=3525010810,3301904089,3643424744,3007133316
dimwishlist:item=568611922&perks=3525010810,3301904089,3643424744,469285294
dimwishlist:item=568611922&perks=3525010810,3301904089,3643424744,3335686050
dimwishlist:item=568611922&perks=3525010810,3301904089,2682205016,4104185692
dimwishlist:item=568611922&perks=3525010810,3301904089,2682205016,3007133316
dimwishlist:item=568611922&perks=3525010810,3301904089,2682205016,469285294
dimwishlist:item=568611922&perks=3525010810,3301904089,2682205016,3335686050
dimwishlist:item=568611922&perks=3525010810,409713597,951095735,4104185692
dimwishlist:item=568611922&perks=3525010810,409713597,951095735,3007133316
dimwishlist:item=568611922&perks=3525010810,409713597,951095735,469285294
dimwishlist:item=568611922&perks=3525010810,409713597,951095735,3335686050
dimwishlist:item=568611922&perks=3525010810,409713597,3878366039,4104185692
dimwishlist:item=568611922&perks=3525010810,409713597,3878366039,3007133316
dimwishlist:item=568611922&perks=3525010810,409713597,3878366039,469285294
dimwishlist:item=568611922&perks=3525010810,409713597,3878366039,3335686050
dimwishlist:item=568611922&perks=3525010810,409713597,3300816228,4104185692
dimwishlist:item=568611922&perks=3525010810,409713597,3300816228,3007133316
dimwishlist:item=568611922&perks=3525010810,409713597,3300816228,469285294
dimwishlist:item=568611922&perks=3525010810,409713597,3300816228,3335686050
dimwishlist:item=568611922&perks=3525010810,409713597,3528046508,4104185692
dimwishlist:item=568611922&perks=3525010810,409713597,3528046508,3007133316
dimwishlist:item=568611922&perks=3525010810,409713597,3528046508,469285294
dimwishlist:item=568611922&perks=3525010810,409713597,3528046508,3335686050
dimwishlist:item=568611922&perks=3525010810,409713597,3643424744,4104185692
dimwishlist:item=568611922&perks=3525010810,409713597,3643424744,3007133316
dimwishlist:item=568611922&perks=3525010810,409713597,3643424744,469285294
dimwishlist:item=568611922&perks=3525010810,409713597,3643424744,3335686050
dimwishlist:item=568611922&perks=3525010810,409713597,2682205016,4104185692
dimwishlist:item=568611922&perks=3525010810,409713597,2682205016,3007133316
dimwishlist:item=568611922&perks=3525010810,409713597,2682205016,469285294
dimwishlist:item=568611922&perks=3525010810,409713597,2682205016,3335686050
dimwishlist:item=568611922&perks=3250572790,2822142346,951095735,4104185692
dimwishlist:item=568611922&perks=3250572790,2822142346,951095735,3007133316
dimwishlist:item=568611922&perks=3250572790,2822142346,951095735,469285294
dimwishlist:item=568611922&perks=3250572790,2822142346,951095735,3335686050
dimwishlist:item=568611922&perks=3250572790,2822142346,3878366039,4104185692
dimwishlist:item=568611922&perks=3250572790,2822142346,3878366039,3007133316
dimwishlist:item=568611922&perks=3250572790,2822142346,3878366039,469285294
dimwishlist:item=568611922&perks=3250572790,2822142346,3878366039,3335686050
dimwishlist:item=568611922&perks=3250572790,2822142346,3300816228,4104185692
dimwishlist:item=568611922&perks=3250572790,2822142346,3300816228,3007133316
dimwishlist:item=568611922&perks=3250572790,2822142346,3300816228,469285294
dimwishlist:item=568611922&perks=3250572790,2822142346,3300816228,3335686050
dimwishlist:item=568611922&perks=3250572790,2822142346,3528046508,4104185692
dimwishlist:item=568611922&perks=3250572790,2822142346,3528046508,3007133316
dimwishlist:item=568611922&perks=3250572790,2822142346,3528046508,469285294
dimwishlist:item=568611922&perks=3250572790,2822142346,3528046508,3335686050
dimwishlist:item=568611922&perks=3250572790,2822142346,3643424744,4104185692
dimwishlist:item=568611922&perks=3250572790,2822142346,3643424744,3007133316
dimwishlist:item=568611922&perks=3250572790,2822142346,3643424744,469285294
dimwishlist:item=568611922&perks=3250572790,2822142346,3643424744,3335686050
dimwishlist:item=568611922&perks=3250572790,2822142346,2682205016,4104185692
dimwishlist:item=568611922&perks=3250572790,2822142346,2682205016,3007133316
dimwishlist:item=568611922&perks=3250572790,2822142346,2682205016,469285294
dimwishlist:item=568611922&perks=3250572790,2822142346,2682205016,3335686050
dimwishlist:item=568611922&perks=3250572790,2108812838,951095735,4104185692
dimwishlist:item=568611922&perks=3250572790,2108812838,951095735,3007133316
dimwishlist:item=568611922&perks=3250572790,2108812838,951095735,469285294
dimwishlist:item=568611922&perks=3250572790,2108812838,951095735,3335686050
dimwishlist:item=568611922&perks=3250572790,2108812838,3878366039,4104185692
dimwishlist:item=568611922&perks=3250572790,2108812838,3878366039,3007133316
dimwishlist:item=568611922&perks=3250572790,2108812838,3878366039,469285294
dimwishlist:item=568611922&perks=3250572790,2108812838,3878366039,3335686050
dimwishlist:item=568611922&perks=3250572790,2108812838,3300816228,4104185692
dimwishlist:item=568611922&perks=3250572790,2108812838,3300816228,3007133316
dimwishlist:item=568611922&perks=3250572790,2108812838,3300816228,469285294
dimwishlist:item=568611922&perks=3250572790,2108812838,3300816228,3335686050
dimwishlist:item=568611922&perks=3250572790,2108812838,3528046508,4104185692
dimwishlist:item=568611922&perks=3250572790,2108812838,3528046508,3007133316
dimwishlist:item=568611922&perks=3250572790,2108812838,3528046508,469285294
dimwishlist:item=568611922&perks=3250572790,2108812838,3528046508,3335686050
dimwishlist:item=568611922&perks=3250572790,2108812838,3643424744,4104185692
dimwishlist:item=568611922&perks=3250572790,2108812838,3643424744,3007133316
dimwishlist:item=568611922&perks=3250572790,2108812838,3643424744,469285294
dimwishlist:item=568611922&perks=3250572790,2108812838,3643424744,3335686050
dimwishlist:item=568611922&perks=3250572790,2108812838,2682205016,4104185692
dimwishlist:item=568611922&perks=3250572790,2108812838,2682205016,3007133316
dimwishlist:item=568611922&perks=3250572790,2108812838,2682205016,469285294
dimwishlist:item=568611922&perks=3250572790,2108812838,2682205016,3335686050
dimwishlist:item=568611922&perks=3250572790,3301904089,951095735,4104185692
dimwishlist:item=568611922&perks=3250572790,3301904089,951095735,3007133316
dimwishlist:item=568611922&perks=3250572790,3301904089,951095735,469285294
dimwishlist:item=568611922&perks=3250572790,3301904089,951095735,3335686050
dimwishlist:item=568611922&perks=3250572790,3301904089,3878366039,4104185692
dimwishlist:item=568611922&perks=3250572790,3301904089,3878366039,3007133316
dimwishlist:item=568611922&perks=3250572790,3301904089,3878366039,469285294
dimwishlist:item=568611922&perks=3250572790,3301904089,3878366039,3335686050
dimwishlist:item=568611922&perks=3250572790,3301904089,3300816228,4104185692
dimwishlist:item=568611922&perks=3250572790,3301904089,3300816228,3007133316
dimwishlist:item=568611922&perks=3250572790,3301904089,3300816228,469285294
dimwishlist:item=568611922&perks=3250572790,3301904089,3300816228,3335686050
dimwishlist:item=568611922&perks=3250572790,3301904089,3528046508,4104185692
dimwishlist:item=568611922&perks=3250572790,3301904089,3528046508,3007133316
dimwishlist:item=568611922&perks=3250572790,3301904089,3528046508,469285294
dimwishlist:item=568611922&perks=3250572790,3301904089,3528046508,3335686050
dimwishlist:item=568611922&perks=3250572790,3301904089,3643424744,4104185692
dimwishlist:item=568611922&perks=3250572790,3301904089,3643424744,3007133316
dimwishlist:item=568611922&perks=3250572790,3301904089,3643424744,469285294
dimwishlist:item=568611922&perks=3250572790,3301904089,3643424744,3335686050
dimwishlist:item=568611922&perks=3250572790,3301904089,2682205016,4104185692
dimwishlist:item=568611922&perks=3250572790,3301904089,2682205016,3007133316
dimwishlist:item=568611922&perks=3250572790,3301904089,2682205016,469285294
dimwishlist:item=568611922&perks=3250572790,3301904089,2682205016,3335686050
dimwishlist:item=568611922&perks=3250572790,409713597,951095735,4104185692
dimwishlist:item=568611922&perks=3250572790,409713597,951095735,3007133316
dimwishlist:item=568611922&perks=3250572790,409713597,951095735,469285294
dimwishlist:item=568611922&perks=3250572790,409713597,951095735,3335686050
dimwishlist:item=568611922&perks=3250572790,409713597,3878366039,4104185692
dimwishlist:item=568611922&perks=3250572790,409713597,3878366039,3007133316
dimwishlist:item=568611922&perks=3250572790,409713597,3878366039,469285294
dimwishlist:item=568611922&perks=3250572790,409713597,3878366039,3335686050
dimwishlist:item=568611922&perks=3250572790,409713597,3300816228,4104185692
dimwishlist:item=568611922&perks=3250572790,409713597,3300816228,3007133316
dimwishlist:item=568611922&perks=3250572790,409713597,3300816228,469285294
dimwishlist:item=568611922&perks=3250572790,409713597,3300816228,3335686050
dimwishlist:item=568611922&perks=3250572790,409713597,3528046508,4104185692
dimwishlist:item=568611922&perks=3250572790,409713597,3528046508,3007133316
dimwishlist:item=568611922&perks=3250572790,409713597,3528046508,469285294
dimwishlist:item=568611922&perks=3250572790,409713597,3528046508,3335686050
dimwishlist:item=568611922&perks=3250572790,409713597,3643424744,4104185692
dimwishlist:item=568611922&perks=3250572790,409713597,3643424744,3007133316
dimwishlist:item=568611922&perks=3250572790,409713597,3643424744,469285294
dimwishlist:item=568611922&perks=3250572790,409713597,3643424744,3335686050
dimwishlist:item=568611922&perks=3250572790,409713597,2682205016,4104185692
dimwishlist:item=568611922&perks=3250572790,409713597,2682205016,3007133316
dimwishlist:item=568611922&perks=3250572790,409713597,2682205016,469285294
dimwishlist:item=568611922&perks=3250572790,409713597,2682205016,3335686050
dimwishlist:item=4043921923&perks=3525010810,2822142346,951095735,4104185692
dimwishlist:item=4043921923&perks=3525010810,2822142346,951095735,3007133316
dimwishlist:item=4043921923&perks=3525010810,2822142346,951095735,469285294
dimwishlist:item=4043921923&perks=3525010810,2822142346,951095735,3335686050
dimwishlist:item=4043921923&perks=3525010810,2822142346,3878366039,4104185692
dimwishlist:item=4043921923&perks=3525010810,2822142346,3878366039,3007133316
dimwishlist:item=4043921923&perks=3525010810,2822142346,3878366039,469285294
dimwishlist:item=4043921923&perks=3525010810,2822142346,3878366039,3335686050
dimwishlist:item=4043921923&perks=3525010810,2822142346,3300816228,4104185692
dimwishlist:item=4043921923&perks=3525010810,2822142346,3300816228,3007133316
dimwishlist:item=4043921923&perks=3525010810,2822142346,3300816228,469285294
dimwishlist:item=4043921923&perks=3525010810,2822142346,3300816228,3335686050
dimwishlist:item=4043921923&perks=3525010810,2822142346,3528046508,4104185692
dimwishlist:item=4043921923&perks=3525010810,2822142346,3528046508,3007133316
dimwishlist:item=4043921923&perks=3525010810,2822142346,3528046508,469285294
dimwishlist:item=4043921923&perks=3525010810,2822142346,3528046508,3335686050
dimwishlist:item=4043921923&perks=3525010810,2822142346,3643424744,4104185692
dimwishlist:item=4043921923&perks=3525010810,2822142346,3643424744,3007133316
dimwishlist:item=4043921923&perks=3525010810,2822142346,3643424744,469285294
dimwishlist:item=4043921923&perks=3525010810,2822142346,3643424744,3335686050
dimwishlist:item=4043921923&perks=3525010810,2822142346,2682205016,4104185692
dimwishlist:item=4043921923&perks=3525010810,2822142346,2682205016,3007133316
dimwishlist:item=4043921923&perks=3525010810,2822142346,2682205016,469285294
dimwishlist:item=4043921923&perks=3525010810,2822142346,2682205016,3335686050
dimwishlist:item=4043921923&perks=3525010810,2108812838,951095735,4104185692
dimwishlist:item=4043921923&perks=3525010810,2108812838,951095735,3007133316
dimwishlist:item=4043921923&perks=3525010810,2108812838,951095735,469285294
dimwishlist:item=4043921923&perks=3525010810,2108812838,951095735,3335686050
dimwishlist:item=4043921923&perks=3525010810,2108812838,3878366039,4104185692
dimwishlist:item=4043921923&perks=3525010810,2108812838,3878366039,3007133316
dimwishlist:item=4043921923&perks=3525010810,2108812838,3878366039,469285294
dimwishlist:item=4043921923&perks=3525010810,2108812838,3878366039,3335686050
dimwishlist:item=4043921923&perks=3525010810,2108812838,3300816228,4104185692
dimwishlist:item=4043921923&perks=3525010810,2108812838,3300816228,3007133316
dimwishlist:item=4043921923&perks=3525010810,2108812838,3300816228,469285294
dimwishlist:item=4043921923&perks=3525010810,2108812838,3300816228,3335686050
dimwishlist:item=4043921923&perks=3525010810,2108812838,3528046508,4104185692
dimwishlist:item=4043921923&perks=3525010810,2108812838,3528046508,3007133316
dimwishlist:item=4043921923&perks=3525010810,2108812838,3528046508,469285294
dimwishlist:item=4043921923&perks=3525010810,2108812838,3528046508,3335686050
dimwishlist:item=4043921923&perks=3525010810,2108812838,3643424744,4104185692
dimwishlist:item=4043921923&perks=3525010810,2108812838,3643424744,3007133316
dimwishlist:item=4043921923&perks=3525010810,2108812838,3643424744,469285294
dimwishlist:item=4043921923&perks=3525010810,2108812838,3643424744,3335686050
dimwishlist:item=4043921923&perks=3525010810,2108812838,2682205016,4104185692
dimwishlist:item=4043921923&perks=3525010810,2108812838,2682205016,3007133316
dimwishlist:item=4043921923&perks=3525010810,2108812838,2682205016,469285294
dimwishlist:item=4043921923&perks=3525010810,2108812838,2682205016,3335686050
dimwishlist:item=4043921923&perks=3525010810,3301904089,951095735,4104185692
dimwishlist:item=4043921923&perks=3525010810,3301904089,951095735,3007133316
dimwishlist:item=4043921923&perks=3525010810,3301904089,951095735,469285294
dimwishlist:item=4043921923&perks=3525010810,3301904089,951095735,3335686050
dimwishlist:item=4043921923&perks=3525010810,3301904089,3878366039,4104185692
dimwishlist:item=4043921923&perks=3525010810,3301904089,3878366039,3007133316
dimwishlist:item=4043921923&perks=3525010810,3301904089,3878366039,469285294
dimwishlist:item=4043921923&perks=3525010810,3301904089,3878366039,3335686050
dimwishlist:item=4043921923&perks=3525010810,3301904089,3300816228,4104185692
dimwishlist:item=4043921923&perks=3525010810,3301904089,3300816228,3007133316
dimwishlist:item=4043921923&perks=3525010810,3301904089,3300816228,469285294
dimwishlist:item=4043921923&perks=3525010810,3301904089,3300816228,3335686050
dimwishlist:item=4043921923&perks=3525010810,3301904089,3528046508,4104185692
dimwishlist:item=4043921923&perks=3525010810,3301904089,3528046508,3007133316
dimwishlist:item=4043921923&perks=3525010810,3301904089,3528046508,469285294
dimwishlist:item=4043921923&perks=3525010810,3301904089,3528046508,3335686050
dimwishlist:item=4043921923&perks=3525010810,3301904089,3643424744,4104185692
dimwishlist:item=4043921923&perks=3525010810,3301904089,3643424744,3007133316
dimwishlist:item=4043921923&perks=3525010810,3301904089,3643424744,469285294
dimwishlist:item=4043921923&perks=3525010810,3301904089,3643424744,3335686050
dimwishlist:item=4043921923&perks=3525010810,3301904089,2682205016,4104185692
dimwishlist:item=4043921923&perks=3525010810,3301904089,2682205016,3007133316
dimwishlist:item=4043921923&perks=3525010810,3301904089,2682205016,469285294
dimwishlist:item=4043921923&perks=3525010810,3301904089,2682205016,3335686050
dimwishlist:item=4043921923&perks=3525010810,409713597,951095735,4104185692
dimwishlist:item=4043921923&perks=3525010810,409713597,951095735,3007133316
dimwishlist:item=4043921923&perks=3525010810,409713597,951095735,469285294
dimwishlist:item=4043921923&perks=3525010810,409713597,951095735,3335686050
dimwishlist:item=4043921923&perks=3525010810,409713597,3878366039,4104185692
dimwishlist:item=4043921923&perks=3525010810,409713597,3878366039,3007133316
dimwishlist:item=4043921923&perks=3525010810,409713597,3878366039,469285294
dimwishlist:item=4043921923&perks=3525010810,409713597,3878366039,3335686050
dimwishlist:item=4043921923&perks=3525010810,409713597,3300816228,4104185692
dimwishlist:item=4043921923&perks=3525010810,409713597,3300816228,3007133316
dimwishlist:item=4043921923&perks=3525010810,409713597,3300816228,469285294
dimwishlist:item=4043921923&perks=3525010810,409713597,3300816228,3335686050
dimwishlist:item=4043921923&perks=3525010810,409713597,3528046508,4104185692
dimwishlist:item=4043921923&perks=3525010810,409713597,3528046508,3007133316
dimwishlist:item=4043921923&perks=3525010810,409713597,3528046508,469285294
dimwishlist:item=4043921923&perks=3525010810,409713597,3528046508,3335686050
dimwishlist:item=4043921923&perks=3525010810,409713597,3643424744,4104185692
dimwishlist:item=4043921923&perks=3525010810,409713597,3643424744,3007133316
dimwishlist:item=4043921923&perks=3525010810,409713597,3643424744,469285294
dimwishlist:item=4043921923&perks=3525010810,409713597,3643424744,3335686050
dimwishlist:item=4043921923&perks=3525010810,409713597,2682205016,4104185692
dimwishlist:item=4043921923&perks=3525010810,409713597,2682205016,3007133316
dimwishlist:item=4043921923&perks=3525010810,409713597,2682205016,469285294
dimwishlist:item=4043921923&perks=3525010810,409713597,2682205016,3335686050
dimwishlist:item=4043921923&perks=3250572790,2822142346,951095735,4104185692
dimwishlist:item=4043921923&perks=3250572790,2822142346,951095735,3007133316
dimwishlist:item=4043921923&perks=3250572790,2822142346,951095735,469285294
dimwishlist:item=4043921923&perks=3250572790,2822142346,951095735,3335686050
dimwishlist:item=4043921923&perks=3250572790,2822142346,3878366039,4104185692
dimwishlist:item=4043921923&perks=3250572790,2822142346,3878366039,3007133316
dimwishlist:item=4043921923&perks=3250572790,2822142346,3878366039,469285294
dimwishlist:item=4043921923&perks=3250572790,2822142346,3878366039,3335686050
dimwishlist:item=4043921923&perks=3250572790,2822142346,3300816228,4104185692
dimwishlist:item=4043921923&perks=3250572790,2822142346,3300816228,3007133316
dimwishlist:item=4043921923&perks=3250572790,2822142346,3300816228,469285294
dimwishlist:item=4043921923&perks=3250572790,2822142346,3300816228,3335686050
dimwishlist:item=4043921923&perks=3250572790,2822142346,3528046508,4104185692
dimwishlist:item=4043921923&perks=3250572790,2822142346,3528046508,3007133316
dimwishlist:item=4043921923&perks=3250572790,2822142346,3528046508,469285294
dimwishlist:item=4043921923&perks=3250572790,2822142346,3528046508,3335686050
dimwishlist:item=4043921923&perks=3250572790,2822142346,3643424744,4104185692
dimwishlist:item=4043921923&perks=3250572790,2822142346,3643424744,3007133316
dimwishlist:item=4043921923&perks=3250572790,2822142346,3643424744,469285294
dimwishlist:item=4043921923&perks=3250572790,2822142346,3643424744,3335686050
dimwishlist:item=4043921923&perks=3250572790,2822142346,2682205016,4104185692
dimwishlist:item=4043921923&perks=3250572790,2822142346,2682205016,3007133316
dimwishlist:item=4043921923&perks=3250572790,2822142346,2682205016,469285294
dimwishlist:item=4043921923&perks=3250572790,2822142346,2682205016,3335686050
dimwishlist:item=4043921923&perks=3250572790,2108812838,951095735,4104185692
dimwishlist:item=4043921923&perks=3250572790,2108812838,951095735,3007133316
dimwishlist:item=4043921923&perks=3250572790,2108812838,951095735,469285294
dimwishlist:item=4043921923&perks=3250572790,2108812838,951095735,3335686050
dimwishlist:item=4043921923&perks=3250572790,2108812838,3878366039,4104185692
dimwishlist:item=4043921923&perks=3250572790,2108812838,3878366039,3007133316
dimwishlist:item=4043921923&perks=3250572790,2108812838,3878366039,469285294
dimwishlist:item=4043921923&perks=3250572790,2108812838,3878366039,3335686050
dimwishlist:item=4043921923&perks=3250572790,2108812838,3300816228,4104185692
dimwishlist:item=4043921923&perks=3250572790,2108812838,3300816228,3007133316
dimwishlist:item=4043921923&perks=3250572790,2108812838,3300816228,469285294
dimwishlist:item=4043921923&perks=3250572790,2108812838,3300816228,3335686050
dimwishlist:item=4043921923&perks=3250572790,2108812838,3528046508,4104185692
dimwishlist:item=4043921923&perks=3250572790,2108812838,3528046508,3007133316
dimwishlist:item=4043921923&perks=3250572790,2108812838,3528046508,469285294
dimwishlist:item=4043921923&perks=3250572790,2108812838,3528046508,3335686050
dimwishlist:item=4043921923&perks=3250572790,2108812838,3643424744,4104185692
dimwishlist:item=4043921923&perks=3250572790,2108812838,3643424744,3007133316
dimwishlist:item=4043921923&perks=3250572790,2108812838,3643424744,469285294
dimwishlist:item=4043921923&perks=3250572790,2108812838,3643424744,3335686050
dimwishlist:item=4043921923&perks=3250572790,2108812838,2682205016,4104185692
dimwishlist:item=4043921923&perks=3250572790,2108812838,2682205016,3007133316
dimwishlist:item=4043921923&perks=3250572790,2108812838,2682205016,469285294
dimwishlist:item=4043921923&perks=3250572790,2108812838,2682205016,3335686050
dimwishlist:item=4043921923&perks=3250572790,3301904089,951095735,4104185692
dimwishlist:item=4043921923&perks=3250572790,3301904089,951095735,3007133316
dimwishlist:item=4043921923&perks=3250572790,3301904089,951095735,469285294
dimwishlist:item=4043921923&perks=3250572790,3301904089,951095735,3335686050
dimwishlist:item=4043921923&perks=3250572790,3301904089,3878366039,4104185692
dimwishlist:item=4043921923&perks=3250572790,3301904089,3878366039,3007133316
dimwishlist:item=4043921923&perks=3250572790,3301904089,3878366039,469285294
dimwishlist:item=4043921923&perks=3250572790,3301904089,3878366039,3335686050
dimwishlist:item=4043921923&perks=3250572790,3301904089,3300816228,4104185692
dimwishlist:item=4043921923&perks=3250572790,3301904089,3300816228,3007133316
dimwishlist:item=4043921923&perks=3250572790,3301904089,3300816228,469285294
dimwishlist:item=4043921923&perks=3250572790,3301904089,3300816228,3335686050
dimwishlist:item=4043921923&perks=3250572790,3301904089,3528046508,4104185692
dimwishlist:item=4043921923&perks=3250572790,3301904089,3528046508,3007133316
dimwishlist:item=4043921923&perks=3250572790,3301904089,3528046508,469285294
dimwishlist:item=4043921923&perks=3250572790,3301904089,3528046508,3335686050
dimwishlist:item=4043921923&perks=3250572790,3301904089,3643424744,4104185692
dimwishlist:item=4043921923&perks=3250572790,3301904089,3643424744,3007133316
dimwishlist:item=4043921923&perks=3250572790,3301904089,3643424744,469285294
dimwishlist:item=4043921923&perks=3250572790,3301904089,3643424744,3335686050
dimwishlist:item=4043921923&perks=3250572790,3301904089,2682205016,4104185692
dimwishlist:item=4043921923&perks=3250572790,3301904089,2682205016,3007133316
dimwishlist:item=4043921923&perks=3250572790,3301904089,2682205016,469285294
dimwishlist:item=4043921923&perks=3250572790,3301904089,2682205016,3335686050
dimwishlist:item=4043921923&perks=3250572790,409713597,951095735,4104185692
dimwishlist:item=4043921923&perks=3250572790,409713597,951095735,3007133316
dimwishlist:item=4043921923&perks=3250572790,409713597,951095735,469285294
dimwishlist:item=4043921923&perks=3250572790,409713597,951095735,3335686050
dimwishlist:item=4043921923&perks=3250572790,409713597,3878366039,4104185692
dimwishlist:item=4043921923&perks=3250572790,409713597,3878366039,3007133316
dimwishlist:item=4043921923&perks=3250572790,409713597,3878366039,469285294
dimwishlist:item=4043921923&perks=3250572790,409713597,3878366039,3335686050
dimwishlist:item=4043921923&perks=3250572790,409713597,3300816228,4104185692
dimwishlist:item=4043921923&perks=3250572790,409713597,3300816228,3007133316
dimwishlist:item=4043921923&perks=3250572790,409713597,3300816228,469285294
dimwishlist:item=4043921923&perks=3250572790,409713597,3300816228,3335686050
dimwishlist:item=4043921923&perks=3250572790,409713597,3528046508,4104185692
dimwishlist:item=4043921923&perks=3250572790,409713597,3528046508,3007133316
dimwishlist:item=4043921923&perks=3250572790,409713597,3528046508,469285294
dimwishlist:item=4043921923&perks=3250572790,409713597,3528046508,3335686050
dimwishlist:item=4043921923&perks=3250572790,409713597,3643424744,4104185692
dimwishlist:item=4043921923&perks=3250572790,409713597,3643424744,3007133316
dimwishlist:item=4043921923&perks=3250572790,409713597,3643424744,469285294
dimwishlist:item=4043921923&perks=3250572790,409713597,3643424744,3335686050
dimwishlist:item=4043921923&perks=3250572790,409713597,2682205016,4104185692
dimwishlist:item=4043921923&perks=3250572790,409713597,2682205016,3007133316
dimwishlist:item=4043921923&perks=3250572790,409713597,2682205016,469285294
dimwishlist:item=4043921923&perks=3250572790,409713597,2682205016,3335686050
dimwishlist:item=3736001861&perks=3525010810,2822142346,951095735,4104185692
dimwishlist:item=3736001861&perks=3525010810,2822142346,951095735,3007133316
dimwishlist:item=3736001861&perks=3525010810,2822142346,951095735,469285294
dimwishlist:item=3736001861&perks=3525010810,2822142346,951095735,3335686050
dimwishlist:item=3736001861&perks=3525010810,2822142346,3878366039,4104185692
dimwishlist:item=3736001861&perks=3525010810,2822142346,3878366039,3007133316
dimwishlist:item=3736001861&perks=3525010810,2822142346,3878366039,469285294
dimwishlist:item=3736001861&perks=3525010810,2822142346,3878366039,3335686050
dimwishlist:item=3736001861&perks=3525010810,2822142346,3300816228,4104185692
dimwishlist:item=3736001861&perks=3525010810,2822142346,3300816228,3007133316
dimwishlist:item=3736001861&perks=3525010810,2822142346,3300816228,469285294
dimwishlist:item=3736001861&perks=3525010810,2822142346,3300816228,3335686050
dimwishlist:item=3736001861&perks=3525010810,2822142346,3528046508,4104185692
dimwishlist:item=3736001861&perks=3525010810,2822142346,3528046508,3007133316
dimwishlist:item=3736001861&perks=3525010810,2822142346,3528046508,469285294
dimwishlist:item=3736001861&perks=3525010810,2822142346,3528046508,3335686050
dimwishlist:item=3736001861&perks=3525010810,2822142346,3643424744,4104185692
dimwishlist:item=3736001861&perks=3525010810,2822142346,3643424744,3007133316
dimwishlist:item=3736001861&perks=3525010810,2822142346,3643424744,469285294
dimwishlist:item=3736001861&perks=3525010810,2822142346,3643424744,3335686050
dimwishlist:item=3736001861&perks=3525010810,2822142346,2682205016,4104185692
dimwishlist:item=3736001861&perks=3525010810,2822142346,2682205016,3007133316
dimwishlist:item=3736001861&perks=3525010810,2822142346,2682205016,469285294
dimwishlist:item=3736001861&perks=3525010810,2822142346,2682205016,3335686050
dimwishlist:item=3736001861&perks=3525010810,2108812838,951095735,4104185692
dimwishlist:item=3736001861&perks=3525010810,2108812838,951095735,3007133316
dimwishlist:item=3736001861&perks=3525010810,2108812838,951095735,469285294
dimwishlist:item=3736001861&perks=3525010810,2108812838,951095735,3335686050
dimwishlist:item=3736001861&perks=3525010810,2108812838,3878366039,4104185692
dimwishlist:item=3736001861&perks=3525010810,2108812838,3878366039,3007133316
dimwishlist:item=3736001861&perks=3525010810,2108812838,3878366039,469285294
dimwishlist:item=3736001861&perks=3525010810,2108812838,3878366039,3335686050
dimwishlist:item=3736001861&perks=3525010810,2108812838,3300816228,4104185692
dimwishlist:item=3736001861&perks=3525010810,2108812838,3300816228,3007133316
dimwishlist:item=3736001861&perks=3525010810,2108812838,3300816228,469285294
dimwishlist:item=3736001861&perks=3525010810,2108812838,3300816228,3335686050
dimwishlist:item=3736001861&perks=3525010810,2108812838,3528046508,4104185692
dimwishlist:item=3736001861&perks=3525010810,2108812838,3528046508,3007133316
dimwishlist:item=3736001861&perks=3525010810,2108812838,3528046508,469285294
dimwishlist:item=3736001861&perks=3525010810,2108812838,3528046508,3335686050
dimwishlist:item=3736001861&perks=3525010810,2108812838,3643424744,4104185692
dimwishlist:item=3736001861&perks=3525010810,2108812838,3643424744,3007133316
dimwishlist:item=3736001861&perks=3525010810,2108812838,3643424744,469285294
dimwishlist:item=3736001861&perks=3525010810,2108812838,3643424744,3335686050
dimwishlist:item=3736001861&perks=3525010810,2108812838,2682205016,4104185692
dimwishlist:item=3736001861&perks=3525010810,2108812838,2682205016,3007133316
dimwishlist:item=3736001861&perks=3525010810,2108812838,2682205016,469285294
dimwishlist:item=3736001861&perks=3525010810,2108812838,2682205016,3335686050
dimwishlist:item=3736001861&perks=3525010810,3301904089,951095735,4104185692
dimwishlist:item=3736001861&perks=3525010810,3301904089,951095735,3007133316
dimwishlist:item=3736001861&perks=3525010810,3301904089,951095735,469285294
dimwishlist:item=3736001861&perks=3525010810,3301904089,951095735,3335686050
dimwishlist:item=3736001861&perks=3525010810,3301904089,3878366039,4104185692
dimwishlist:item=3736001861&perks=3525010810,3301904089,3878366039,3007133316
dimwishlist:item=3736001861&perks=3525010810,3301904089,3878366039,469285294
dimwishlist:item=3736001861&perks=3525010810,3301904089,3878366039,3335686050
dimwishlist:item=3736001861&perks=3525010810,3301904089,3300816228,4104185692
dimwishlist:item=3736001861&perks=3525010810,3301904089,3300816228,3007133316
dimwishlist:item=3736001861&perks=3525010810,3301904089,3300816228,469285294
dimwishlist:item=3736001861&perks=3525010810,3301904089,3300816228,3335686050
dimwishlist:item=3736001861&perks=3525010810,3301904089,3528046508,4104185692
dimwishlist:item=3736001861&perks=3525010810,3301904089,3528046508,3007133316
dimwishlist:item=3736001861&perks=3525010810,3301904089,3528046508,469285294
dimwishlist:item=3736001861&perks=3525010810,3301904089,3528046508,3335686050
dimwishlist:item=3736001861&perks=3525010810,3301904089,3643424744,4104185692
dimwishlist:item=3736001861&perks=3525010810,3301904089,3643424744,3007133316
dimwishlist:item=3736001861&perks=3525010810,3301904089,3643424744,469285294
dimwishlist:item=3736001861&perks=3525010810,3301904089,3643424744,3335686050
dimwishlist:item=3736001861&perks=3525010810,3301904089,2682205016,4104185692
dimwishlist:item=3736001861&perks=3525010810,3301904089,2682205016,3007133316
dimwishlist:item=3736001861&perks=3525010810,3301904089,2682205016,469285294
dimwishlist:item=3736001861&perks=3525010810,3301904089,2682205016,3335686050
dimwishlist:item=3736001861&perks=3525010810,409713597,951095735,4104185692
dimwishlist:item=3736001861&perks=3525010810,409713597,951095735,3007133316
dimwishlist:item=3736001861&perks=3525010810,409713597,951095735,469285294
dimwishlist:item=3736001861&perks=3525010810,409713597,951095735,3335686050
dimwishlist:item=3736001861&perks=3525010810,409713597,3878366039,4104185692
dimwishlist:item=3736001861&perks=3525010810,409713597,3878366039,3007133316
dimwishlist:item=3736001861&perks=3525010810,409713597,3878366039,469285294
dimwishlist:item=3736001861&perks=3525010810,409713597,3878366039,3335686050
dimwishlist:item=3736001861&perks=3525010810,409713597,3300816228,4104185692
dimwishlist:item=3736001861&perks=3525010810,409713597,3300816228,3007133316
dimwishlist:item=3736001861&perks=3525010810,409713597,3300816228,469285294
dimwishlist:item=3736001861&perks=3525010810,409713597,3300816228,3335686050
dimwishlist:item=3736001861&perks=3525010810,409713597,3528046508,4104185692
dimwishlist:item=3736001861&perks=3525010810,409713597,3528046508,3007133316
dimwishlist:item=3736001861&perks=3525010810,409713597,3528046508,469285294
dimwishlist:item=3736001861&perks=3525010810,409713597,3528046508,3335686050
dimwishlist:item=3736001861&perks=3525010810,409713597,3643424744,4104185692
dimwishlist:item=3736001861&perks=3525010810,409713597,3643424744,3007133316
dimwishlist:item=3736001861&perks=3525010810,409713597,3643424744,469285294
dimwishlist:item=3736001861&perks=3525010810,409713597,3643424744,3335686050
dimwishlist:item=3736001861&perks=3525010810,409713597,2682205016,4104185692
dimwishlist:item=3736001861&perks=3525010810,409713597,2682205016,3007133316
dimwishlist:item=3736001861&perks=3525010810,409713597,2682205016,469285294
dimwishlist:item=3736001861&perks=3525010810,409713597,2682205016,3335686050
dimwishlist:item=3736001861&perks=3250572790,2822142346,951095735,4104185692
dimwishlist:item=3736001861&perks=3250572790,2822142346,951095735,3007133316
dimwishlist:item=3736001861&perks=3250572790,2822142346,951095735,469285294
dimwishlist:item=3736001861&perks=3250572790,2822142346,951095735,3335686050
dimwishlist:item=3736001861&perks=3250572790,2822142346,3878366039,4104185692
dimwishlist:item=3736001861&perks=3250572790,2822142346,3878366039,3007133316
dimwishlist:item=3736001861&perks=3250572790,2822142346,3878366039,469285294
dimwishlist:item=3736001861&perks=3250572790,2822142346,3878366039,3335686050
dimwishlist:item=3736001861&perks=3250572790,2822142346,3300816228,4104185692
dimwishlist:item=3736001861&perks=3250572790,2822142346,3300816228,3007133316
dimwishlist:item=3736001861&perks=3250572790,2822142346,3300816228,469285294
dimwishlist:item=3736001861&perks=3250572790,2822142346,3300816228,3335686050
dimwishlist:item=3736001861&perks=3250572790,2822142346,3528046508,4104185692
dimwishlist:item=3736001861&perks=3250572790,2822142346,3528046508,3007133316
dimwishlist:item=3736001861&perks=3250572790,2822142346,3528046508,469285294
dimwishlist:item=3736001861&perks=3250572790,2822142346,3528046508,3335686050
dimwishlist:item=3736001861&perks=3250572790,2822142346,3643424744,4104185692
dimwishlist:item=3736001861&perks=3250572790,2822142346,3643424744,3007133316
dimwishlist:item=3736001861&perks=3250572790,2822142346,3643424744,469285294
dimwishlist:item=3736001861&perks=3250572790,2822142346,3643424744,3335686050
dimwishlist:item=3736001861&perks=3250572790,2822142346,2682205016,4104185692
dimwishlist:item=3736001861&perks=3250572790,2822142346,2682205016,3007133316
dimwishlist:item=3736001861&perks=3250572790,2822142346,2682205016,469285294
dimwishlist:item=3736001861&perks=3250572790,2822142346,2682205016,3335686050
dimwishlist:item=3736001861&perks=3250572790,2108812838,951095735,4104185692
dimwishlist:item=3736001861&perks=3250572790,2108812838,951095735,3007133316
dimwishlist:item=3736001861&perks=3250572790,2108812838,951095735,469285294
dimwishlist:item=3736001861&perks=3250572790,2108812838,951095735,3335686050
dimwishlist:item=3736001861&perks=3250572790,2108812838,3878366039,4104185692
dimwishlist:item=3736001861&perks=3250572790,2108812838,3878366039,3007133316
dimwishlist:item=3736001861&perks=3250572790,2108812838,3878366039,469285294
dimwishlist:item=3736001861&perks=3250572790,2108812838,3878366039,3335686050
dimwishlist:item=3736001861&perks=3250572790,2108812838,3300816228,4104185692
dimwishlist:item=3736001861&perks=3250572790,2108812838,3300816228,3007133316
dimwishlist:item=3736001861&perks=3250572790,2108812838,3300816228,469285294
dimwishlist:item=3736001861&perks=3250572790,2108812838,3300816228,3335686050
dimwishlist:item=3736001861&perks=3250572790,2108812838,3528046508,4104185692
dimwishlist:item=3736001861&perks=3250572790,2108812838,3528046508,3007133316
dimwishlist:item=3736001861&perks=3250572790,2108812838,3528046508,469285294
dimwishlist:item=3736001861&perks=3250572790,2108812838,3528046508,3335686050
dimwishlist:item=3736001861&perks=3250572790,2108812838,3643424744,4104185692
dimwishlist:item=3736001861&perks=3250572790,2108812838,3643424744,3007133316
dimwishlist:item=3736001861&perks=3250572790,2108812838,3643424744,469285294
dimwishlist:item=3736001861&perks=3250572790,2108812838,3643424744,3335686050
dimwishlist:item=3736001861&perks=3250572790,2108812838,2682205016,4104185692
dimwishlist:item=3736001861&perks=3250572790,2108812838,2682205016,3007133316
dimwishlist:item=3736001861&perks=3250572790,2108812838,2682205016,469285294
dimwishlist:item=3736001861&perks=3250572790,2108812838,2682205016,3335686050
dimwishlist:item=3736001861&perks=3250572790,3301904089,951095735,4104185692
dimwishlist:item=3736001861&perks=3250572790,3301904089,951095735,3007133316
dimwishlist:item=3736001861&perks=3250572790,3301904089,951095735,469285294
dimwishlist:item=3736001861&perks=3250572790,3301904089,951095735,3335686050
dimwishlist:item=3736001861&perks=3250572790,3301904089,3878366039,4104185692
dimwishlist:item=3736001861&perks=3250572790,3301904089,3878366039,3007133316
dimwishlist:item=3736001861&perks=3250572790,3301904089,3878366039,469285294
dimwishlist:item=3736001861&perks=3250572790,3301904089,3878366039,3335686050
dimwishlist:item=3736001861&perks=3250572790,3301904089,3300816228,4104185692
dimwishlist:item=3736001861&perks=3250572790,3301904089,3300816228,3007133316
dimwishlist:item=3736001861&perks=3250572790,3301904089,3300816228,469285294
dimwishlist:item=3736001861&perks=3250572790,3301904089,3300816228,3335686050
dimwishlist:item=3736001861&perks=3250572790,3301904089,3528046508,4104185692
dimwishlist:item=3736001861&perks=3250572790,3301904089,3528046508,3007133316
dimwishlist:item=3736001861&perks=3250572790,3301904089,3528046508,469285294
dimwishlist:item=3736001861&perks=3250572790,3301904089,3528046508,3335686050
dimwishlist:item=3736001861&perks=3250572790,3301904089,3643424744,4104185692
dimwishlist:item=3736001861&perks=3250572790,3301904089,3643424744,3007133316
dimwishlist:item=3736001861&perks=3250572790,3301904089,3643424744,469285294
dimwishlist:item=3736001861&perks=3250572790,3301904089,3643424744,3335686050
dimwishlist:item=3736001861&perks=3250572790,3301904089,2682205016,4104185692
dimwishlist:item=3736001861&perks=3250572790,3301904089,2682205016,3007133316
dimwishlist:item=3736001861&perks=3250572790,3301904089,2682205016,469285294
dimwishlist:item=3736001861&perks=3250572790,3301904089,2682205016,3335686050
dimwishlist:item=3736001861&perks=3250572790,409713597,951095735,4104185692
dimwishlist:item=3736001861&perks=3250572790,409713597,951095735,3007133316
dimwishlist:item=3736001861&perks=3250572790,409713597,951095735,469285294
dimwishlist:item=3736001861&perks=3250572790,409713597,951095735,3335686050
dimwishlist:item=3736001861&perks=3250572790,409713597,3878366039,4104185692
dimwishlist:item=3736001861&perks=3250572790,409713597,3878366039,3007133316
dimwishlist:item=3736001861&perks=3250572790,409713597,3878366039,469285294
dimwishlist:item=3736001861&perks=3250572790,409713597,3878366039,3335686050
dimwishlist:item=3736001861&perks=3250572790,409713597,3300816228,4104185692
dimwishlist:item=3736001861&perks=3250572790,409713597,3300816228,3007133316
dimwishlist:item=3736001861&perks=3250572790,409713597,3300816228,469285294
dimwishlist:item=3736001861&perks=3250572790,409713597,3300816228,3335686050
dimwishlist:item=3736001861&perks=3250572790,409713597,3528046508,4104185692
dimwishlist:item=3736001861&perks=3250572790,409713597,3528046508,3007133316
dimwishlist:item=3736001861&perks=3250572790,409713597,3528046508,469285294
dimwishlist:item=3736001861&perks=3250572790,409713597,3528046508,3335686050
dimwishlist:item=3736001861&perks=3250572790,409713597,3643424744,4104185692
dimwishlist:item=3736001861&perks=3250572790,409713597,3643424744,3007133316
dimwishlist:item=3736001861&perks=3250572790,409713597,3643424744,469285294
dimwishlist:item=3736001861&perks=3250572790,409713597,3643424744,3335686050
dimwishlist:item=3736001861&perks=3250572790,409713597,2682205016,4104185692
dimwishlist:item=3736001861&perks=3250572790,409713597,2682205016,3007133316
dimwishlist:item=3736001861&perks=3250572790,409713597,2682205016,469285294
dimwishlist:item=3736001861&perks=3250572790,409713597,2682205016,3335686050


//The Navigator
//notes:Aegis Speedrun Shopping #3 (Universal use) -> Movement
dimwishlist:item=1441805468&perks=,,,


//The Wardcliff Coil
//notes:Aegis Speedrun Shopping #3 (The Scarlet Keep, TST use) -> Boss damage
dimwishlist:item=1508896098&perks=,,,


//Tinasha's Mastery
//notes:Aegis Speedrun Shopping #3 (Universal use) -> Add clear ; Dying
dimwishlist:item=480368036&perks=3525010810,2822142346,951095735,3708227201
dimwishlist:item=480368036&perks=3525010810,2822142346,951095735,781192741
dimwishlist:item=480368036&perks=3525010810,2822142346,951095735,2978966579
dimwishlist:item=480368036&perks=3525010810,2822142346,951095735,344235611
dimwishlist:item=480368036&perks=3525010810,2822142346,951095735,2109543898
dimwishlist:item=480368036&perks=3525010810,2822142346,951095735,2799030358
dimwishlist:item=480368036&perks=3525010810,2822142346,3878366039,3708227201
dimwishlist:item=480368036&perks=3525010810,2822142346,3878366039,781192741
dimwishlist:item=480368036&perks=3525010810,2822142346,3878366039,2978966579
dimwishlist:item=480368036&perks=3525010810,2822142346,3878366039,344235611
dimwishlist:item=480368036&perks=3525010810,2822142346,3878366039,2109543898
dimwishlist:item=480368036&perks=3525010810,2822142346,3878366039,2799030358
dimwishlist:item=480368036&perks=3525010810,2822142346,1421772400,3708227201
dimwishlist:item=480368036&perks=3525010810,2822142346,1421772400,781192741
dimwishlist:item=480368036&perks=3525010810,2822142346,1421772400,2978966579
dimwishlist:item=480368036&perks=3525010810,2822142346,1421772400,344235611
dimwishlist:item=480368036&perks=3525010810,2822142346,1421772400,2109543898
dimwishlist:item=480368036&perks=3525010810,2822142346,1421772400,2799030358
dimwishlist:item=480368036&perks=3525010810,2822142346,3291427296,3708227201
dimwishlist:item=480368036&perks=3525010810,2822142346,3291427296,781192741
dimwishlist:item=480368036&perks=3525010810,2822142346,3291427296,2978966579
dimwishlist:item=480368036&perks=3525010810,2822142346,3291427296,344235611
dimwishlist:item=480368036&perks=3525010810,2822142346,3291427296,2109543898
dimwishlist:item=480368036&perks=3525010810,2822142346,3291427296,2799030358
dimwishlist:item=480368036&perks=3525010810,2822142346,3993379141,3708227201
dimwishlist:item=480368036&perks=3525010810,2822142346,3993379141,781192741
dimwishlist:item=480368036&perks=3525010810,2822142346,3993379141,2978966579
dimwishlist:item=480368036&perks=3525010810,2822142346,3993379141,344235611
dimwishlist:item=480368036&perks=3525010810,2822142346,3993379141,2109543898
dimwishlist:item=480368036&perks=3525010810,2822142346,3993379141,2799030358
dimwishlist:item=480368036&perks=3525010810,2822142346,1164602481,3708227201
dimwishlist:item=480368036&perks=3525010810,2822142346,1164602481,781192741
dimwishlist:item=480368036&perks=3525010810,2822142346,1164602481,2978966579
dimwishlist:item=480368036&perks=3525010810,2822142346,1164602481,344235611
dimwishlist:item=480368036&perks=3525010810,2822142346,1164602481,2109543898
dimwishlist:item=480368036&perks=3525010810,2822142346,1164602481,2799030358
dimwishlist:item=480368036&perks=3525010810,2108812838,951095735,3708227201
dimwishlist:item=480368036&perks=3525010810,2108812838,951095735,781192741
dimwishlist:item=480368036&perks=3525010810,2108812838,951095735,2978966579
dimwishlist:item=480368036&perks=3525010810,2108812838,951095735,344235611
dimwishlist:item=480368036&perks=3525010810,2108812838,951095735,2109543898
dimwishlist:item=480368036&perks=3525010810,2108812838,951095735,2799030358
dimwishlist:item=480368036&perks=3525010810,2108812838,3878366039,3708227201
dimwishlist:item=480368036&perks=3525010810,2108812838,3878366039,781192741
dimwishlist:item=480368036&perks=3525010810,2108812838,3878366039,2978966579
dimwishlist:item=480368036&perks=3525010810,2108812838,3878366039,344235611
dimwishlist:item=480368036&perks=3525010810,2108812838,3878366039,2109543898
dimwishlist:item=480368036&perks=3525010810,2108812838,3878366039,2799030358
dimwishlist:item=480368036&perks=3525010810,2108812838,1421772400,3708227201
dimwishlist:item=480368036&perks=3525010810,2108812838,1421772400,781192741
dimwishlist:item=480368036&perks=3525010810,2108812838,1421772400,2978966579
dimwishlist:item=480368036&perks=3525010810,2108812838,1421772400,344235611
dimwishlist:item=480368036&perks=3525010810,2108812838,1421772400,2109543898
dimwishlist:item=480368036&perks=3525010810,2108812838,1421772400,2799030358
dimwishlist:item=480368036&perks=3525010810,2108812838,3291427296,3708227201
dimwishlist:item=480368036&perks=3525010810,2108812838,3291427296,781192741
dimwishlist:item=480368036&perks=3525010810,2108812838,3291427296,2978966579
dimwishlist:item=480368036&perks=3525010810,2108812838,3291427296,344235611
dimwishlist:item=480368036&perks=3525010810,2108812838,3291427296,2109543898
dimwishlist:item=480368036&perks=3525010810,2108812838,3291427296,2799030358
dimwishlist:item=480368036&perks=3525010810,2108812838,3993379141,3708227201
dimwishlist:item=480368036&perks=3525010810,2108812838,3993379141,781192741
dimwishlist:item=480368036&perks=3525010810,2108812838,3993379141,2978966579
dimwishlist:item=480368036&perks=3525010810,2108812838,3993379141,344235611
dimwishlist:item=480368036&perks=3525010810,2108812838,3993379141,2109543898
dimwishlist:item=480368036&perks=3525010810,2108812838,3993379141,2799030358
dimwishlist:item=480368036&perks=3525010810,2108812838,1164602481,3708227201
dimwishlist:item=480368036&perks=3525010810,2108812838,1164602481,781192741
dimwishlist:item=480368036&perks=3525010810,2108812838,1164602481,2978966579
dimwishlist:item=480368036&perks=3525010810,2108812838,1164602481,344235611
dimwishlist:item=480368036&perks=3525010810,2108812838,1164602481,2109543898
dimwishlist:item=480368036&perks=3525010810,2108812838,1164602481,2799030358
dimwishlist:item=480368036&perks=3250572790,2822142346,951095735,3708227201
dimwishlist:item=480368036&perks=3250572790,2822142346,951095735,781192741
dimwishlist:item=480368036&perks=3250572790,2822142346,951095735,2978966579
dimwishlist:item=480368036&perks=3250572790,2822142346,951095735,344235611
dimwishlist:item=480368036&perks=3250572790,2822142346,951095735,2109543898
dimwishlist:item=480368036&perks=3250572790,2822142346,951095735,2799030358
dimwishlist:item=480368036&perks=3250572790,2822142346,3878366039,3708227201
dimwishlist:item=480368036&perks=3250572790,2822142346,3878366039,781192741
dimwishlist:item=480368036&perks=3250572790,2822142346,3878366039,2978966579
dimwishlist:item=480368036&perks=3250572790,2822142346,3878366039,344235611
dimwishlist:item=480368036&perks=3250572790,2822142346,3878366039,2109543898
dimwishlist:item=480368036&perks=3250572790,2822142346,3878366039,2799030358
dimwishlist:item=480368036&perks=3250572790,2822142346,1421772400,3708227201
dimwishlist:item=480368036&perks=3250572790,2822142346,1421772400,781192741
dimwishlist:item=480368036&perks=3250572790,2822142346,1421772400,2978966579
dimwishlist:item=480368036&perks=3250572790,2822142346,1421772400,344235611
dimwishlist:item=480368036&perks=3250572790,2822142346,1421772400,2109543898
dimwishlist:item=480368036&perks=3250572790,2822142346,1421772400,2799030358
dimwishlist:item=480368036&perks=3250572790,2822142346,3291427296,3708227201
dimwishlist:item=480368036&perks=3250572790,2822142346,3291427296,781192741
dimwishlist:item=480368036&perks=3250572790,2822142346,3291427296,2978966579
dimwishlist:item=480368036&perks=3250572790,2822142346,3291427296,344235611
dimwishlist:item=480368036&perks=3250572790,2822142346,3291427296,2109543898
dimwishlist:item=480368036&perks=3250572790,2822142346,3291427296,2799030358
dimwishlist:item=480368036&perks=3250572790,2822142346,3993379141,3708227201
dimwishlist:item=480368036&perks=3250572790,2822142346,3993379141,781192741
dimwishlist:item=480368036&perks=3250572790,2822142346,3993379141,2978966579
dimwishlist:item=480368036&perks=3250572790,2822142346,3993379141,344235611
dimwishlist:item=480368036&perks=3250572790,2822142346,3993379141,2109543898
dimwishlist:item=480368036&perks=3250572790,2822142346,3993379141,2799030358
dimwishlist:item=480368036&perks=3250572790,2822142346,1164602481,3708227201
dimwishlist:item=480368036&perks=3250572790,2822142346,1164602481,781192741
dimwishlist:item=480368036&perks=3250572790,2822142346,1164602481,2978966579
dimwishlist:item=480368036&perks=3250572790,2822142346,1164602481,344235611
dimwishlist:item=480368036&perks=3250572790,2822142346,1164602481,2109543898
dimwishlist:item=480368036&perks=3250572790,2822142346,1164602481,2799030358
dimwishlist:item=480368036&perks=3250572790,2108812838,951095735,3708227201
dimwishlist:item=480368036&perks=3250572790,2108812838,951095735,781192741
dimwishlist:item=480368036&perks=3250572790,2108812838,951095735,2978966579
dimwishlist:item=480368036&perks=3250572790,2108812838,951095735,344235611
dimwishlist:item=480368036&perks=3250572790,2108812838,951095735,2109543898
dimwishlist:item=480368036&perks=3250572790,2108812838,951095735,2799030358
dimwishlist:item=480368036&perks=3250572790,2108812838,3878366039,3708227201
dimwishlist:item=480368036&perks=3250572790,2108812838,3878366039,781192741
dimwishlist:item=480368036&perks=3250572790,2108812838,3878366039,2978966579
dimwishlist:item=480368036&perks=3250572790,2108812838,3878366039,344235611
dimwishlist:item=480368036&perks=3250572790,2108812838,3878366039,2109543898
dimwishlist:item=480368036&perks=3250572790,2108812838,3878366039,2799030358
dimwishlist:item=480368036&perks=3250572790,2108812838,1421772400,3708227201
dimwishlist:item=480368036&perks=3250572790,2108812838,1421772400,781192741
dimwishlist:item=480368036&perks=3250572790,2108812838,1421772400,2978966579
dimwishlist:item=480368036&perks=3250572790,2108812838,1421772400,344235611
dimwishlist:item=480368036&perks=3250572790,2108812838,1421772400,2109543898
dimwishlist:item=480368036&perks=3250572790,2108812838,1421772400,2799030358
dimwishlist:item=480368036&perks=3250572790,2108812838,3291427296,3708227201
dimwishlist:item=480368036&perks=3250572790,2108812838,3291427296,781192741
dimwishlist:item=480368036&perks=3250572790,2108812838,3291427296,2978966579
dimwishlist:item=480368036&perks=3250572790,2108812838,3291427296,344235611
dimwishlist:item=480368036&perks=3250572790,2108812838,3291427296,2109543898
dimwishlist:item=480368036&perks=3250572790,2108812838,3291427296,2799030358
dimwishlist:item=480368036&perks=3250572790,2108812838,3993379141,3708227201
dimwishlist:item=480368036&perks=3250572790,2108812838,3993379141,781192741
dimwishlist:item=480368036&perks=3250572790,2108812838,3993379141,2978966579
dimwishlist:item=480368036&perks=3250572790,2108812838,3993379141,344235611
dimwishlist:item=480368036&perks=3250572790,2108812838,3993379141,2109543898
dimwishlist:item=480368036&perks=3250572790,2108812838,3993379141,2799030358
dimwishlist:item=480368036&perks=3250572790,2108812838,1164602481,3708227201
dimwishlist:item=480368036&perks=3250572790,2108812838,1164602481,781192741
dimwishlist:item=480368036&perks=3250572790,2108812838,1164602481,2978966579
dimwishlist:item=480368036&perks=3250572790,2108812838,1164602481,344235611
dimwishlist:item=480368036&perks=3250572790,2108812838,1164602481,2109543898
dimwishlist:item=480368036&perks=3250572790,2108812838,1164602481,2799030358
dimwishlist:item=247984828&perks=3525010810,2822142346,951095735,3708227201
dimwishlist:item=247984828&perks=3525010810,2822142346,951095735,781192741
dimwishlist:item=247984828&perks=3525010810,2822142346,951095735,2978966579
dimwishlist:item=247984828&perks=3525010810,2822142346,951095735,344235611
dimwishlist:item=247984828&perks=3525010810,2822142346,951095735,2109543898
dimwishlist:item=247984828&perks=3525010810,2822142346,951095735,2799030358
dimwishlist:item=247984828&perks=3525010810,2822142346,3878366039,3708227201
dimwishlist:item=247984828&perks=3525010810,2822142346,3878366039,781192741
dimwishlist:item=247984828&perks=3525010810,2822142346,3878366039,2978966579
dimwishlist:item=247984828&perks=3525010810,2822142346,3878366039,344235611
dimwishlist:item=247984828&perks=3525010810,2822142346,3878366039,2109543898
dimwishlist:item=247984828&perks=3525010810,2822142346,3878366039,2799030358
dimwishlist:item=247984828&perks=3525010810,2822142346,1421772400,3708227201
dimwishlist:item=247984828&perks=3525010810,2822142346,1421772400,781192741
dimwishlist:item=247984828&perks=3525010810,2822142346,1421772400,2978966579
dimwishlist:item=247984828&perks=3525010810,2822142346,1421772400,344235611
dimwishlist:item=247984828&perks=3525010810,2822142346,1421772400,2109543898
dimwishlist:item=247984828&perks=3525010810,2822142346,1421772400,2799030358
dimwishlist:item=247984828&perks=3525010810,2822142346,3291427296,3708227201
dimwishlist:item=247984828&perks=3525010810,2822142346,3291427296,781192741
dimwishlist:item=247984828&perks=3525010810,2822142346,3291427296,2978966579
dimwishlist:item=247984828&perks=3525010810,2822142346,3291427296,344235611
dimwishlist:item=247984828&perks=3525010810,2822142346,3291427296,2109543898
dimwishlist:item=247984828&perks=3525010810,2822142346,3291427296,2799030358
dimwishlist:item=247984828&perks=3525010810,2822142346,3993379141,3708227201
dimwishlist:item=247984828&perks=3525010810,2822142346,3993379141,781192741
dimwishlist:item=247984828&perks=3525010810,2822142346,3993379141,2978966579
dimwishlist:item=247984828&perks=3525010810,2822142346,3993379141,344235611
dimwishlist:item=247984828&perks=3525010810,2822142346,3993379141,2109543898
dimwishlist:item=247984828&perks=3525010810,2822142346,3993379141,2799030358
dimwishlist:item=247984828&perks=3525010810,2822142346,1164602481,3708227201
dimwishlist:item=247984828&perks=3525010810,2822142346,1164602481,781192741
dimwishlist:item=247984828&perks=3525010810,2822142346,1164602481,2978966579
dimwishlist:item=247984828&perks=3525010810,2822142346,1164602481,344235611
dimwishlist:item=247984828&perks=3525010810,2822142346,1164602481,2109543898
dimwishlist:item=247984828&perks=3525010810,2822142346,1164602481,2799030358
dimwishlist:item=247984828&perks=3525010810,2108812838,951095735,3708227201
dimwishlist:item=247984828&perks=3525010810,2108812838,951095735,781192741
dimwishlist:item=247984828&perks=3525010810,2108812838,951095735,2978966579
dimwishlist:item=247984828&perks=3525010810,2108812838,951095735,344235611
dimwishlist:item=247984828&perks=3525010810,2108812838,951095735,2109543898
dimwishlist:item=247984828&perks=3525010810,2108812838,951095735,2799030358
dimwishlist:item=247984828&perks=3525010810,2108812838,3878366039,3708227201
dimwishlist:item=247984828&perks=3525010810,2108812838,3878366039,781192741
dimwishlist:item=247984828&perks=3525010810,2108812838,3878366039,2978966579
dimwishlist:item=247984828&perks=3525010810,2108812838,3878366039,344235611
dimwishlist:item=247984828&perks=3525010810,2108812838,3878366039,2109543898
dimwishlist:item=247984828&perks=3525010810,2108812838,3878366039,2799030358
dimwishlist:item=247984828&perks=3525010810,2108812838,1421772400,3708227201
dimwishlist:item=247984828&perks=3525010810,2108812838,1421772400,781192741
dimwishlist:item=247984828&perks=3525010810,2108812838,1421772400,2978966579
dimwishlist:item=247984828&perks=3525010810,2108812838,1421772400,344235611
dimwishlist:item=247984828&perks=3525010810,2108812838,1421772400,2109543898
dimwishlist:item=247984828&perks=3525010810,2108812838,1421772400,2799030358
dimwishlist:item=247984828&perks=3525010810,2108812838,3291427296,3708227201
dimwishlist:item=247984828&perks=3525010810,2108812838,3291427296,781192741
dimwishlist:item=247984828&perks=3525010810,2108812838,3291427296,2978966579
dimwishlist:item=247984828&perks=3525010810,2108812838,3291427296,344235611
dimwishlist:item=247984828&perks=3525010810,2108812838,3291427296,2109543898
dimwishlist:item=247984828&perks=3525010810,2108812838,3291427296,2799030358
dimwishlist:item=247984828&perks=3525010810,2108812838,3993379141,3708227201
dimwishlist:item=247984828&perks=3525010810,2108812838,3993379141,781192741
dimwishlist:item=247984828&perks=3525010810,2108812838,3993379141,2978966579
dimwishlist:item=247984828&perks=3525010810,2108812838,3993379141,344235611
dimwishlist:item=247984828&perks=3525010810,2108812838,3993379141,2109543898
dimwishlist:item=247984828&perks=3525010810,2108812838,3993379141,2799030358
dimwishlist:item=247984828&perks=3525010810,2108812838,1164602481,3708227201
dimwishlist:item=247984828&perks=3525010810,2108812838,1164602481,781192741
dimwishlist:item=247984828&perks=3525010810,2108812838,1164602481,2978966579
dimwishlist:item=247984828&perks=3525010810,2108812838,1164602481,344235611
dimwishlist:item=247984828&perks=3525010810,2108812838,1164602481,2109543898
dimwishlist:item=247984828&perks=3525010810,2108812838,1164602481,2799030358
dimwishlist:item=247984828&perks=3250572790,2822142346,951095735,3708227201
dimwishlist:item=247984828&perks=3250572790,2822142346,951095735,781192741
dimwishlist:item=247984828&perks=3250572790,2822142346,951095735,2978966579
dimwishlist:item=247984828&perks=3250572790,2822142346,951095735,344235611
dimwishlist:item=247984828&perks=3250572790,2822142346,951095735,2109543898
dimwishlist:item=247984828&perks=3250572790,2822142346,951095735,2799030358
dimwishlist:item=247984828&perks=3250572790,2822142346,3878366039,3708227201
dimwishlist:item=247984828&perks=3250572790,2822142346,3878366039,781192741
dimwishlist:item=247984828&perks=3250572790,2822142346,3878366039,2978966579
dimwishlist:item=247984828&perks=3250572790,2822142346,3878366039,344235611
dimwishlist:item=247984828&perks=3250572790,2822142346,3878366039,2109543898
dimwishlist:item=247984828&perks=3250572790,2822142346,3878366039,2799030358
dimwishlist:item=247984828&perks=3250572790,2822142346,1421772400,3708227201
dimwishlist:item=247984828&perks=3250572790,2822142346,1421772400,781192741
dimwishlist:item=247984828&perks=3250572790,2822142346,1421772400,2978966579
dimwishlist:item=247984828&perks=3250572790,2822142346,1421772400,344235611
dimwishlist:item=247984828&perks=3250572790,2822142346,1421772400,2109543898
dimwishlist:item=247984828&perks=3250572790,2822142346,1421772400,2799030358
dimwishlist:item=247984828&perks=3250572790,2822142346,3291427296,3708227201
dimwishlist:item=247984828&perks=3250572790,2822142346,3291427296,781192741
dimwishlist:item=247984828&perks=3250572790,2822142346,3291427296,2978966579
dimwishlist:item=247984828&perks=3250572790,2822142346,3291427296,344235611
dimwishlist:item=247984828&perks=3250572790,2822142346,3291427296,2109543898
dimwishlist:item=247984828&perks=3250572790,2822142346,3291427296,2799030358
dimwishlist:item=247984828&perks=3250572790,2822142346,3993379141,3708227201
dimwishlist:item=247984828&perks=3250572790,2822142346,3993379141,781192741
dimwishlist:item=247984828&perks=3250572790,2822142346,3993379141,2978966579
dimwishlist:item=247984828&perks=3250572790,2822142346,3993379141,344235611
dimwishlist:item=247984828&perks=3250572790,2822142346,3993379141,2109543898
dimwishlist:item=247984828&perks=3250572790,2822142346,3993379141,2799030358
dimwishlist:item=247984828&perks=3250572790,2822142346,1164602481,3708227201
dimwishlist:item=247984828&perks=3250572790,2822142346,1164602481,781192741
dimwishlist:item=247984828&perks=3250572790,2822142346,1164602481,2978966579
dimwishlist:item=247984828&perks=3250572790,2822142346,1164602481,344235611
dimwishlist:item=247984828&perks=3250572790,2822142346,1164602481,2109543898
dimwishlist:item=247984828&perks=3250572790,2822142346,1164602481,2799030358
dimwishlist:item=247984828&perks=3250572790,2108812838,951095735,3708227201
dimwishlist:item=247984828&perks=3250572790,2108812838,951095735,781192741
dimwishlist:item=247984828&perks=3250572790,2108812838,951095735,2978966579
dimwishlist:item=247984828&perks=3250572790,2108812838,951095735,344235611
dimwishlist:item=247984828&perks=3250572790,2108812838,951095735,2109543898
dimwishlist:item=247984828&perks=3250572790,2108812838,951095735,2799030358
dimwishlist:item=247984828&perks=3250572790,2108812838,3878366039,3708227201
dimwishlist:item=247984828&perks=3250572790,2108812838,3878366039,781192741
dimwishlist:item=247984828&perks=3250572790,2108812838,3878366039,2978966579
dimwishlist:item=247984828&perks=3250572790,2108812838,3878366039,344235611
dimwishlist:item=247984828&perks=3250572790,2108812838,3878366039,2109543898
dimwishlist:item=247984828&perks=3250572790,2108812838,3878366039,2799030358
dimwishlist:item=247984828&perks=3250572790,2108812838,1421772400,3708227201
dimwishlist:item=247984828&perks=3250572790,2108812838,1421772400,781192741
dimwishlist:item=247984828&perks=3250572790,2108812838,1421772400,2978966579
dimwishlist:item=247984828&perks=3250572790,2108812838,1421772400,344235611
dimwishlist:item=247984828&perks=3250572790,2108812838,1421772400,2109543898
dimwishlist:item=247984828&perks=3250572790,2108812838,1421772400,2799030358
dimwishlist:item=247984828&perks=3250572790,2108812838,3291427296,3708227201
dimwishlist:item=247984828&perks=3250572790,2108812838,3291427296,781192741
dimwishlist:item=247984828&perks=3250572790,2108812838,3291427296,2978966579
dimwishlist:item=247984828&perks=3250572790,2108812838,3291427296,344235611
dimwishlist:item=247984828&perks=3250572790,2108812838,3291427296,2109543898
dimwishlist:item=247984828&perks=3250572790,2108812838,3291427296,2799030358
dimwishlist:item=247984828&perks=3250572790,2108812838,3993379141,3708227201
dimwishlist:item=247984828&perks=3250572790,2108812838,3993379141,781192741
dimwishlist:item=247984828&perks=3250572790,2108812838,3993379141,2978966579
dimwishlist:item=247984828&perks=3250572790,2108812838,3993379141,344235611
dimwishlist:item=247984828&perks=3250572790,2108812838,3993379141,2109543898
dimwishlist:item=247984828&perks=3250572790,2108812838,3993379141,2799030358
dimwishlist:item=247984828&perks=3250572790,2108812838,1164602481,3708227201
dimwishlist:item=247984828&perks=3250572790,2108812838,1164602481,781192741
dimwishlist:item=247984828&perks=3250572790,2108812838,1164602481,2978966579
dimwishlist:item=247984828&perks=3250572790,2108812838,1164602481,344235611
dimwishlist:item=247984828&perks=3250572790,2108812838,1164602481,2109543898
dimwishlist:item=247984828&perks=3250572790,2108812838,1164602481,2799030358


//Trinity Ghoul
//notes:Aegis Speedrun Shopping #3 (Universal use) -> Add clear
dimwishlist:item=814876685&perks=,,,


//Truth
//notes:Aegis Speedrun Shopping #3 (Universal use) -> Boss damage
dimwishlist:item=1201830623&perks=,,,


//Turncoat
//notes:Aegis Speedrun Shopping #3 (Universal use) -> Damage buff
dimwishlist:item=253843484&perks=,,,


//Uncivil Discourse
//notes:Aegis Speedrun Shopping #3 (Universal use) -> Add clear
dimwishlist:item=3146657389&perks=1840239774,807993149,706527188,4104185692
dimwishlist:item=3146657389&perks=1840239774,807993149,706527188,3007133316
dimwishlist:item=3146657389&perks=1840239774,807993149,706527188,2109543898
dimwishlist:item=3146657389&perks=1840239774,807993149,706527188,2799030358
dimwishlist:item=3146657389&perks=1840239774,807993149,1961144892,4104185692
dimwishlist:item=3146657389&perks=1840239774,807993149,1961144892,3007133316
dimwishlist:item=3146657389&perks=1840239774,807993149,1961144892,2109543898
dimwishlist:item=3146657389&perks=1840239774,807993149,1961144892,2799030358
dimwishlist:item=3146657389&perks=1840239774,807993149,1421772400,4104185692
dimwishlist:item=3146657389&perks=1840239774,807993149,1421772400,3007133316
dimwishlist:item=3146657389&perks=1840239774,807993149,1421772400,2109543898
dimwishlist:item=3146657389&perks=1840239774,807993149,1421772400,2799030358
dimwishlist:item=3146657389&perks=1840239774,807993149,3291427296,4104185692
dimwishlist:item=3146657389&perks=1840239774,807993149,3291427296,3007133316
dimwishlist:item=3146657389&perks=1840239774,807993149,3291427296,2109543898
dimwishlist:item=3146657389&perks=1840239774,807993149,3291427296,2799030358
dimwishlist:item=3146657389&perks=1840239774,1454612425,706527188,4104185692
dimwishlist:item=3146657389&perks=1840239774,1454612425,706527188,3007133316
dimwishlist:item=3146657389&perks=1840239774,1454612425,706527188,2109543898
dimwishlist:item=3146657389&perks=1840239774,1454612425,706527188,2799030358
dimwishlist:item=3146657389&perks=1840239774,1454612425,1961144892,4104185692
dimwishlist:item=3146657389&perks=1840239774,1454612425,1961144892,3007133316
dimwishlist:item=3146657389&perks=1840239774,1454612425,1961144892,2109543898
dimwishlist:item=3146657389&perks=1840239774,1454612425,1961144892,2799030358
dimwishlist:item=3146657389&perks=1840239774,1454612425,1421772400,4104185692
dimwishlist:item=3146657389&perks=1840239774,1454612425,1421772400,3007133316
dimwishlist:item=3146657389&perks=1840239774,1454612425,1421772400,2109543898
dimwishlist:item=3146657389&perks=1840239774,1454612425,1421772400,2799030358
dimwishlist:item=3146657389&perks=1840239774,1454612425,3291427296,4104185692
dimwishlist:item=3146657389&perks=1840239774,1454612425,3291427296,3007133316
dimwishlist:item=3146657389&perks=1840239774,1454612425,3291427296,2109543898
dimwishlist:item=3146657389&perks=1840239774,1454612425,3291427296,2799030358
dimwishlist:item=3146657389&perks=1124871858,807993149,706527188,4104185692
dimwishlist:item=3146657389&perks=1124871858,807993149,706527188,3007133316
dimwishlist:item=3146657389&perks=1124871858,807993149,706527188,2109543898
dimwishlist:item=3146657389&perks=1124871858,807993149,706527188,2799030358
dimwishlist:item=3146657389&perks=1124871858,807993149,1961144892,4104185692
dimwishlist:item=3146657389&perks=1124871858,807993149,1961144892,3007133316
dimwishlist:item=3146657389&perks=1124871858,807993149,1961144892,2109543898
dimwishlist:item=3146657389&perks=1124871858,807993149,1961144892,2799030358
dimwishlist:item=3146657389&perks=1124871858,807993149,1421772400,4104185692
dimwishlist:item=3146657389&perks=1124871858,807993149,1421772400,3007133316
dimwishlist:item=3146657389&perks=1124871858,807993149,1421772400,2109543898
dimwishlist:item=3146657389&perks=1124871858,807993149,1421772400,2799030358
dimwishlist:item=3146657389&perks=1124871858,807993149,3291427296,4104185692
dimwishlist:item=3146657389&perks=1124871858,807993149,3291427296,3007133316
dimwishlist:item=3146657389&perks=1124871858,807993149,3291427296,2109543898
dimwishlist:item=3146657389&perks=1124871858,807993149,3291427296,2799030358
dimwishlist:item=3146657389&perks=1124871858,1454612425,706527188,4104185692
dimwishlist:item=3146657389&perks=1124871858,1454612425,706527188,3007133316
dimwishlist:item=3146657389&perks=1124871858,1454612425,706527188,2109543898
dimwishlist:item=3146657389&perks=1124871858,1454612425,706527188,2799030358
dimwishlist:item=3146657389&perks=1124871858,1454612425,1961144892,4104185692
dimwishlist:item=3146657389&perks=1124871858,1454612425,1961144892,3007133316
dimwishlist:item=3146657389&perks=1124871858,1454612425,1961144892,2109543898
dimwishlist:item=3146657389&perks=1124871858,1454612425,1961144892,2799030358
dimwishlist:item=3146657389&perks=1124871858,1454612425,1421772400,4104185692
dimwishlist:item=3146657389&perks=1124871858,1454612425,1421772400,3007133316
dimwishlist:item=3146657389&perks=1124871858,1454612425,1421772400,2109543898
dimwishlist:item=3146657389&perks=1124871858,1454612425,1421772400,2799030358
dimwishlist:item=3146657389&perks=1124871858,1454612425,3291427296,4104185692
dimwishlist:item=3146657389&perks=1124871858,1454612425,3291427296,3007133316
dimwishlist:item=3146657389&perks=1124871858,1454612425,3291427296,2109543898
dimwishlist:item=3146657389&perks=1124871858,1454612425,3291427296,2799030358
dimwishlist:item=2462965802&perks=1840239774,807993149,706527188,4104185692
dimwishlist:item=2462965802&perks=1840239774,807993149,706527188,3007133316
dimwishlist:item=2462965802&perks=1840239774,807993149,706527188,2109543898
dimwishlist:item=2462965802&perks=1840239774,807993149,706527188,2799030358
dimwishlist:item=2462965802&perks=1840239774,807993149,1961144892,4104185692
dimwishlist:item=2462965802&perks=1840239774,807993149,1961144892,3007133316
dimwishlist:item=2462965802&perks=1840239774,807993149,1961144892,2109543898
dimwishlist:item=2462965802&perks=1840239774,807993149,1961144892,2799030358
dimwishlist:item=2462965802&perks=1840239774,807993149,1421772400,4104185692
dimwishlist:item=2462965802&perks=1840239774,807993149,1421772400,3007133316
dimwishlist:item=2462965802&perks=1840239774,807993149,1421772400,2109543898
dimwishlist:item=2462965802&perks=1840239774,807993149,1421772400,2799030358
dimwishlist:item=2462965802&perks=1840239774,807993149,3291427296,4104185692
dimwishlist:item=2462965802&perks=1840239774,807993149,3291427296,3007133316
dimwishlist:item=2462965802&perks=1840239774,807993149,3291427296,2109543898
dimwishlist:item=2462965802&perks=1840239774,807993149,3291427296,2799030358
dimwishlist:item=2462965802&perks=1840239774,1454612425,706527188,4104185692
dimwishlist:item=2462965802&perks=1840239774,1454612425,706527188,3007133316
dimwishlist:item=2462965802&perks=1840239774,1454612425,706527188,2109543898
dimwishlist:item=2462965802&perks=1840239774,1454612425,706527188,2799030358
dimwishlist:item=2462965802&perks=1840239774,1454612425,1961144892,4104185692
dimwishlist:item=2462965802&perks=1840239774,1454612425,1961144892,3007133316
dimwishlist:item=2462965802&perks=1840239774,1454612425,1961144892,2109543898
dimwishlist:item=2462965802&perks=1840239774,1454612425,1961144892,2799030358
dimwishlist:item=2462965802&perks=1840239774,1454612425,1421772400,4104185692
dimwishlist:item=2462965802&perks=1840239774,1454612425,1421772400,3007133316
dimwishlist:item=2462965802&perks=1840239774,1454612425,1421772400,2109543898
dimwishlist:item=2462965802&perks=1840239774,1454612425,1421772400,2799030358
dimwishlist:item=2462965802&perks=1840239774,1454612425,3291427296,4104185692
dimwishlist:item=2462965802&perks=1840239774,1454612425,3291427296,3007133316
dimwishlist:item=2462965802&perks=1840239774,1454612425,3291427296,2109543898
dimwishlist:item=2462965802&perks=1840239774,1454612425,3291427296,2799030358
dimwishlist:item=2462965802&perks=1124871858,807993149,706527188,4104185692
dimwishlist:item=2462965802&perks=1124871858,807993149,706527188,3007133316
dimwishlist:item=2462965802&perks=1124871858,807993149,706527188,2109543898
dimwishlist:item=2462965802&perks=1124871858,807993149,706527188,2799030358
dimwishlist:item=2462965802&perks=1124871858,807993149,1961144892,4104185692
dimwishlist:item=2462965802&perks=1124871858,807993149,1961144892,3007133316
dimwishlist:item=2462965802&perks=1124871858,807993149,1961144892,2109543898
dimwishlist:item=2462965802&perks=1124871858,807993149,1961144892,2799030358
dimwishlist:item=2462965802&perks=1124871858,807993149,1421772400,4104185692
dimwishlist:item=2462965802&perks=1124871858,807993149,1421772400,3007133316
dimwishlist:item=2462965802&perks=1124871858,807993149,1421772400,2109543898
dimwishlist:item=2462965802&perks=1124871858,807993149,1421772400,2799030358
dimwishlist:item=2462965802&perks=1124871858,807993149,3291427296,4104185692
dimwishlist:item=2462965802&perks=1124871858,807993149,3291427296,3007133316
dimwishlist:item=2462965802&perks=1124871858,807993149,3291427296,2109543898
dimwishlist:item=2462965802&perks=1124871858,807993149,3291427296,2799030358
dimwishlist:item=2462965802&perks=1124871858,1454612425,706527188,4104185692
dimwishlist:item=2462965802&perks=1124871858,1454612425,706527188,3007133316
dimwishlist:item=2462965802&perks=1124871858,1454612425,706527188,2109543898
dimwishlist:item=2462965802&perks=1124871858,1454612425,706527188,2799030358
dimwishlist:item=2462965802&perks=1124871858,1454612425,1961144892,4104185692
dimwishlist:item=2462965802&perks=1124871858,1454612425,1961144892,3007133316
dimwishlist:item=2462965802&perks=1124871858,1454612425,1961144892,2109543898
dimwishlist:item=2462965802&perks=1124871858,1454612425,1961144892,2799030358
dimwishlist:item=2462965802&perks=1124871858,1454612425,1421772400,4104185692
dimwishlist:item=2462965802&perks=1124871858,1454612425,1421772400,3007133316
dimwishlist:item=2462965802&perks=1124871858,1454612425,1421772400,2109543898
dimwishlist:item=2462965802&perks=1124871858,1454612425,1421772400,2799030358
dimwishlist:item=2462965802&perks=1124871858,1454612425,3291427296,4104185692
dimwishlist:item=2462965802&perks=1124871858,1454612425,3291427296,3007133316
dimwishlist:item=2462965802&perks=1124871858,1454612425,3291427296,2109543898
dimwishlist:item=2462965802&perks=1124871858,1454612425,3291427296,2799030358


//Unvoiced
//notes:Aegis Speedrun Shopping #3 (Universal use) -> Burst damage
dimwishlist:item=3360937899&perks=1840239774,791862061,3201496230,1089671869
dimwishlist:item=3360937899&perks=1840239774,791862061,3201496230,496047945
dimwishlist:item=3360937899&perks=1840239774,791862061,3201496230,3078487919
dimwishlist:item=3360937899&perks=1840239774,791862061,3201496230,3744057135
dimwishlist:item=3360937899&perks=1840239774,791862061,3201496230,1546637391
dimwishlist:item=3360937899&perks=1840239774,791862061,3201496230,3418165135
dimwishlist:item=3360937899&perks=1840239774,791862061,1545231802,1089671869
dimwishlist:item=3360937899&perks=1840239774,791862061,1545231802,496047945
dimwishlist:item=3360937899&perks=1840239774,791862061,1545231802,3078487919
dimwishlist:item=3360937899&perks=1840239774,791862061,1545231802,3744057135
dimwishlist:item=3360937899&perks=1840239774,791862061,1545231802,1546637391
dimwishlist:item=3360937899&perks=1840239774,791862061,1545231802,3418165135
dimwishlist:item=3360937899&perks=1840239774,1488599449,3201496230,1089671869
dimwishlist:item=3360937899&perks=1840239774,1488599449,3201496230,496047945
dimwishlist:item=3360937899&perks=1840239774,1488599449,3201496230,3078487919
dimwishlist:item=3360937899&perks=1840239774,1488599449,3201496230,3744057135
dimwishlist:item=3360937899&perks=1840239774,1488599449,3201496230,1546637391
dimwishlist:item=3360937899&perks=1840239774,1488599449,3201496230,3418165135
dimwishlist:item=3360937899&perks=1840239774,1488599449,1545231802,1089671869
dimwishlist:item=3360937899&perks=1840239774,1488599449,1545231802,496047945
dimwishlist:item=3360937899&perks=1840239774,1488599449,1545231802,3078487919
dimwishlist:item=3360937899&perks=1840239774,1488599449,1545231802,3744057135
dimwishlist:item=3360937899&perks=1840239774,1488599449,1545231802,1546637391
dimwishlist:item=3360937899&perks=1840239774,1488599449,1545231802,3418165135
dimwishlist:item=3360937899&perks=1124871858,791862061,3201496230,1089671869
dimwishlist:item=3360937899&perks=1124871858,791862061,3201496230,496047945
dimwishlist:item=3360937899&perks=1124871858,791862061,3201496230,3078487919
dimwishlist:item=3360937899&perks=1124871858,791862061,3201496230,3744057135
dimwishlist:item=3360937899&perks=1124871858,791862061,3201496230,1546637391
dimwishlist:item=3360937899&perks=1124871858,791862061,3201496230,3418165135
dimwishlist:item=3360937899&perks=1124871858,791862061,1545231802,1089671869
dimwishlist:item=3360937899&perks=1124871858,791862061,1545231802,496047945
dimwishlist:item=3360937899&perks=1124871858,791862061,1545231802,3078487919
dimwishlist:item=3360937899&perks=1124871858,791862061,1545231802,3744057135
dimwishlist:item=3360937899&perks=1124871858,791862061,1545231802,1546637391
dimwishlist:item=3360937899&perks=1124871858,791862061,1545231802,3418165135
dimwishlist:item=3360937899&perks=1124871858,1488599449,3201496230,1089671869
dimwishlist:item=3360937899&perks=1124871858,1488599449,3201496230,496047945
dimwishlist:item=3360937899&perks=1124871858,1488599449,3201496230,3078487919
dimwishlist:item=3360937899&perks=1124871858,1488599449,3201496230,3744057135
dimwishlist:item=3360937899&perks=1124871858,1488599449,3201496230,1546637391
dimwishlist:item=3360937899&perks=1124871858,1488599449,3201496230,3418165135
dimwishlist:item=3360937899&perks=1124871858,1488599449,1545231802,1089671869
dimwishlist:item=3360937899&perks=1124871858,1488599449,1545231802,496047945
dimwishlist:item=3360937899&perks=1124871858,1488599449,1545231802,3078487919
dimwishlist:item=3360937899&perks=1124871858,1488599449,1545231802,3744057135
dimwishlist:item=3360937899&perks=1124871858,1488599449,1545231802,1546637391
dimwishlist:item=3360937899&perks=1124871858,1488599449,1545231802,3418165135
dimwishlist:item=2213885190&perks=1840239774,791862061,3201496230,3078487919
dimwishlist:item=2213885190&perks=1840239774,791862061,3201496230,3744057135
dimwishlist:item=2213885190&perks=1840239774,791862061,3201496230,1546637391
dimwishlist:item=2213885190&perks=1840239774,791862061,3201496230,3418165135
dimwishlist:item=2213885190&perks=1840239774,791862061,1545231802,3078487919
dimwishlist:item=2213885190&perks=1840239774,791862061,1545231802,3744057135
dimwishlist:item=2213885190&perks=1840239774,791862061,1545231802,1546637391
dimwishlist:item=2213885190&perks=1840239774,791862061,1545231802,3418165135
dimwishlist:item=2213885190&perks=1840239774,1488599449,3201496230,3078487919
dimwishlist:item=2213885190&perks=1840239774,1488599449,3201496230,3744057135
dimwishlist:item=2213885190&perks=1840239774,1488599449,3201496230,1546637391
dimwishlist:item=2213885190&perks=1840239774,1488599449,3201496230,3418165135
dimwishlist:item=2213885190&perks=1840239774,1488599449,1545231802,3078487919
dimwishlist:item=2213885190&perks=1840239774,1488599449,1545231802,3744057135
dimwishlist:item=2213885190&perks=1840239774,1488599449,1545231802,1546637391
dimwishlist:item=2213885190&perks=1840239774,1488599449,1545231802,3418165135
dimwishlist:item=2213885190&perks=1124871858,791862061,3201496230,3078487919
dimwishlist:item=2213885190&perks=1124871858,791862061,3201496230,3744057135
dimwishlist:item=2213885190&perks=1124871858,791862061,3201496230,1546637391
dimwishlist:item=2213885190&perks=1124871858,791862061,3201496230,3418165135
dimwishlist:item=2213885190&perks=1124871858,791862061,1545231802,3078487919
dimwishlist:item=2213885190&perks=1124871858,791862061,1545231802,3744057135
dimwishlist:item=2213885190&perks=1124871858,791862061,1545231802,1546637391
dimwishlist:item=2213885190&perks=1124871858,791862061,1545231802,3418165135
dimwishlist:item=2213885190&perks=1124871858,1488599449,3201496230,3078487919
dimwishlist:item=2213885190&perks=1124871858,1488599449,3201496230,3744057135
dimwishlist:item=2213885190&perks=1124871858,1488599449,3201496230,1546637391
dimwishlist:item=2213885190&perks=1124871858,1488599449,3201496230,3418165135
dimwishlist:item=2213885190&perks=1124871858,1488599449,1545231802,3078487919
dimwishlist:item=2213885190&perks=1124871858,1488599449,1545231802,3744057135
dimwishlist:item=2213885190&perks=1124871858,1488599449,1545231802,1546637391
dimwishlist:item=2213885190&perks=1124871858,1488599449,1545231802,3418165135


//Verglas Curve
//notes:Aegis Speedrun Shopping #3 (KF, RoN use) -> Movement
dimwishlist:item=3659414143&perks=,,,


//VS Chill Inhibitor
//notes:Aegis Speedrun Shopping #3 (Universal use) -> Burst damage
dimwishlist:item=1762785662&perks=3525010810,3301904089,3751912585,3194351027
dimwishlist:item=1762785662&perks=3525010810,3301904089,3751912585,2275087323
dimwishlist:item=1762785662&perks=3525010810,3301904089,3751912585,3708227201
dimwishlist:item=1762785662&perks=3525010810,3301904089,3751912585,781192741
dimwishlist:item=1762785662&perks=3525010810,3301904089,331667533,3194351027
dimwishlist:item=1762785662&perks=3525010810,3301904089,331667533,2275087323
dimwishlist:item=1762785662&perks=3525010810,3301904089,331667533,3708227201
dimwishlist:item=1762785662&perks=3525010810,3301904089,331667533,781192741
dimwishlist:item=1762785662&perks=3525010810,409713597,3751912585,3194351027
dimwishlist:item=1762785662&perks=3525010810,409713597,3751912585,2275087323
dimwishlist:item=1762785662&perks=3525010810,409713597,3751912585,3708227201
dimwishlist:item=1762785662&perks=3525010810,409713597,3751912585,781192741
dimwishlist:item=1762785662&perks=3525010810,409713597,331667533,3194351027
dimwishlist:item=1762785662&perks=3525010810,409713597,331667533,2275087323
dimwishlist:item=1762785662&perks=3525010810,409713597,331667533,3708227201
dimwishlist:item=1762785662&perks=3525010810,409713597,331667533,781192741
dimwishlist:item=1762785662&perks=3250572790,3301904089,3751912585,3194351027
dimwishlist:item=1762785662&perks=3250572790,3301904089,3751912585,2275087323
dimwishlist:item=1762785662&perks=3250572790,3301904089,3751912585,3708227201
dimwishlist:item=1762785662&perks=3250572790,3301904089,3751912585,781192741
dimwishlist:item=1762785662&perks=3250572790,3301904089,331667533,3194351027
dimwishlist:item=1762785662&perks=3250572790,3301904089,331667533,2275087323
dimwishlist:item=1762785662&perks=3250572790,3301904089,331667533,3708227201
dimwishlist:item=1762785662&perks=3250572790,3301904089,331667533,781192741
dimwishlist:item=1762785662&perks=3250572790,409713597,3751912585,3194351027
dimwishlist:item=1762785662&perks=3250572790,409713597,3751912585,2275087323
dimwishlist:item=1762785662&perks=3250572790,409713597,3751912585,3708227201
dimwishlist:item=1762785662&perks=3250572790,409713597,3751912585,781192741
dimwishlist:item=1762785662&perks=3250572790,409713597,331667533,3194351027
dimwishlist:item=1762785662&perks=3250572790,409713597,331667533,2275087323
dimwishlist:item=1762785662&perks=3250572790,409713597,331667533,3708227201
dimwishlist:item=1762785662&perks=3250572790,409713597,331667533,781192741
dimwishlist:item=2452936817&perks=3525010810,3301904089,3751912585,3194351027
dimwishlist:item=2452936817&perks=3525010810,3301904089,3751912585,2275087323
dimwishlist:item=2452936817&perks=3525010810,3301904089,3751912585,3708227201
dimwishlist:item=2452936817&perks=3525010810,3301904089,3751912585,781192741
dimwishlist:item=2452936817&perks=3525010810,3301904089,3751912585,1089671869
dimwishlist:item=2452936817&perks=3525010810,3301904089,3751912585,496047945
dimwishlist:item=2452936817&perks=3525010810,3301904089,3751912585,3764420437
dimwishlist:item=2452936817&perks=3525010810,3301904089,3751912585,3192447905
dimwishlist:item=2452936817&perks=3525010810,3301904089,331667533,3194351027
dimwishlist:item=2452936817&perks=3525010810,3301904089,331667533,2275087323
dimwishlist:item=2452936817&perks=3525010810,3301904089,331667533,3708227201
dimwishlist:item=2452936817&perks=3525010810,3301904089,331667533,781192741
dimwishlist:item=2452936817&perks=3525010810,3301904089,331667533,1089671869
dimwishlist:item=2452936817&perks=3525010810,3301904089,331667533,496047945
dimwishlist:item=2452936817&perks=3525010810,3301904089,331667533,3764420437
dimwishlist:item=2452936817&perks=3525010810,3301904089,331667533,3192447905
dimwishlist:item=2452936817&perks=3525010810,409713597,3751912585,3194351027
dimwishlist:item=2452936817&perks=3525010810,409713597,3751912585,2275087323
dimwishlist:item=2452936817&perks=3525010810,409713597,3751912585,3708227201
dimwishlist:item=2452936817&perks=3525010810,409713597,3751912585,781192741
dimwishlist:item=2452936817&perks=3525010810,409713597,3751912585,1089671869
dimwishlist:item=2452936817&perks=3525010810,409713597,3751912585,496047945
dimwishlist:item=2452936817&perks=3525010810,409713597,3751912585,3764420437
dimwishlist:item=2452936817&perks=3525010810,409713597,3751912585,3192447905
dimwishlist:item=2452936817&perks=3525010810,409713597,331667533,3194351027
dimwishlist:item=2452936817&perks=3525010810,409713597,331667533,2275087323
dimwishlist:item=2452936817&perks=3525010810,409713597,331667533,3708227201
dimwishlist:item=2452936817&perks=3525010810,409713597,331667533,781192741
dimwishlist:item=2452936817&perks=3525010810,409713597,331667533,1089671869
dimwishlist:item=2452936817&perks=3525010810,409713597,331667533,496047945
dimwishlist:item=2452936817&perks=3525010810,409713597,331667533,3764420437
dimwishlist:item=2452936817&perks=3525010810,409713597,331667533,3192447905
dimwishlist:item=2452936817&perks=3250572790,3301904089,3751912585,3194351027
dimwishlist:item=2452936817&perks=3250572790,3301904089,3751912585,2275087323
dimwishlist:item=2452936817&perks=3250572790,3301904089,3751912585,3708227201
dimwishlist:item=2452936817&perks=3250572790,3301904089,3751912585,781192741
dimwishlist:item=2452936817&perks=3250572790,3301904089,3751912585,1089671869
dimwishlist:item=2452936817&perks=3250572790,3301904089,3751912585,496047945
dimwishlist:item=2452936817&perks=3250572790,3301904089,3751912585,3764420437
dimwishlist:item=2452936817&perks=3250572790,3301904089,3751912585,3192447905
dimwishlist:item=2452936817&perks=3250572790,3301904089,331667533,3194351027
dimwishlist:item=2452936817&perks=3250572790,3301904089,331667533,2275087323
dimwishlist:item=2452936817&perks=3250572790,3301904089,331667533,3708227201
dimwishlist:item=2452936817&perks=3250572790,3301904089,331667533,781192741
dimwishlist:item=2452936817&perks=3250572790,3301904089,331667533,1089671869
dimwishlist:item=2452936817&perks=3250572790,3301904089,331667533,496047945
dimwishlist:item=2452936817&perks=3250572790,3301904089,331667533,3764420437
dimwishlist:item=2452936817&perks=3250572790,3301904089,331667533,3192447905
dimwishlist:item=2452936817&perks=3250572790,409713597,3751912585,3194351027
dimwishlist:item=2452936817&perks=3250572790,409713597,3751912585,2275087323
dimwishlist:item=2452936817&perks=3250572790,409713597,3751912585,3708227201
dimwishlist:item=2452936817&perks=3250572790,409713597,3751912585,781192741
dimwishlist:item=2452936817&perks=3250572790,409713597,3751912585,1089671869
dimwishlist:item=2452936817&perks=3250572790,409713597,3751912585,496047945
dimwishlist:item=2452936817&perks=3250572790,409713597,3751912585,3764420437
dimwishlist:item=2452936817&perks=3250572790,409713597,3751912585,3192447905
dimwishlist:item=2452936817&perks=3250572790,409713597,331667533,3194351027
dimwishlist:item=2452936817&perks=3250572790,409713597,331667533,2275087323
dimwishlist:item=2452936817&perks=3250572790,409713597,331667533,3708227201
dimwishlist:item=2452936817&perks=3250572790,409713597,331667533,781192741
dimwishlist:item=2452936817&perks=3250572790,409713597,331667533,1089671869
dimwishlist:item=2452936817&perks=3250572790,409713597,331667533,496047945
dimwishlist:item=2452936817&perks=3250572790,409713597,331667533,3764420437
dimwishlist:item=2452936817&perks=3250572790,409713597,331667533,3192447905


//Vulpecula
//notes:Aegis Speedrun Shopping #3 (Universal use) -> QoL ammo pickups
dimwishlist:item=1622998472&perks=1840239774,3177308360,3700496672,3038247973
dimwishlist:item=1622998472&perks=1840239774,1002206008,3700496672,3038247973
dimwishlist:item=1622998472&perks=1840239774,2420895100,3700496672,3038247973
dimwishlist:item=1622998472&perks=1840239774,1890997540,3700496672,3038247973
dimwishlist:item=1622998472&perks=1124871858,3177308360,3700496672,3038247973
dimwishlist:item=1622998472&perks=1124871858,1002206008,3700496672,3038247973
dimwishlist:item=1622998472&perks=1124871858,2420895100,3700496672,3038247973
dimwishlist:item=1622998472&perks=1124871858,1890997540,3700496672,3038247973
dimwishlist:item=3245446311&perks=1840239774,3177308360,3700496672,3038247973
dimwishlist:item=3245446311&perks=1840239774,3177308360,3700496672,64866129
dimwishlist:item=3245446311&perks=1840239774,3177308360,2840833776,3038247973
dimwishlist:item=3245446311&perks=1840239774,3177308360,2840833776,64866129
dimwishlist:item=3245446311&perks=1840239774,1002206008,3700496672,3038247973
dimwishlist:item=3245446311&perks=1840239774,1002206008,3700496672,64866129
dimwishlist:item=3245446311&perks=1840239774,1002206008,2840833776,3038247973
dimwishlist:item=3245446311&perks=1840239774,1002206008,2840833776,64866129
dimwishlist:item=3245446311&perks=1840239774,2420895100,3700496672,3038247973
dimwishlist:item=3245446311&perks=1840239774,2420895100,3700496672,64866129
dimwishlist:item=3245446311&perks=1840239774,2420895100,2840833776,3038247973
dimwishlist:item=3245446311&perks=1840239774,2420895100,2840833776,64866129
dimwishlist:item=3245446311&perks=1840239774,1890997540,3700496672,3038247973
dimwishlist:item=3245446311&perks=1840239774,1890997540,3700496672,64866129
dimwishlist:item=3245446311&perks=1840239774,1890997540,2840833776,3038247973
dimwishlist:item=3245446311&perks=1840239774,1890997540,2840833776,64866129
dimwishlist:item=3245446311&perks=1124871858,3177308360,3700496672,3038247973
dimwishlist:item=3245446311&perks=1124871858,3177308360,3700496672,64866129
dimwishlist:item=3245446311&perks=1124871858,3177308360,2840833776,3038247973
dimwishlist:item=3245446311&perks=1124871858,3177308360,2840833776,64866129
dimwishlist:item=3245446311&perks=1124871858,1002206008,3700496672,3038247973
dimwishlist:item=3245446311&perks=1124871858,1002206008,3700496672,64866129
dimwishlist:item=3245446311&perks=1124871858,1002206008,2840833776,3038247973
dimwishlist:item=3245446311&perks=1124871858,1002206008,2840833776,64866129
dimwishlist:item=3245446311&perks=1124871858,2420895100,3700496672,3038247973
dimwishlist:item=3245446311&perks=1124871858,2420895100,3700496672,64866129
dimwishlist:item=3245446311&perks=1124871858,2420895100,2840833776,3038247973
dimwishlist:item=3245446311&perks=1124871858,2420895100,2840833776,64866129
dimwishlist:item=3245446311&perks=1124871858,1890997540,3700496672,3038247973
dimwishlist:item=3245446311&perks=1124871858,1890997540,3700496672,64866129
dimwishlist:item=3245446311&perks=1124871858,1890997540,2840833776,3038247973
dimwishlist:item=3245446311&perks=1124871858,1890997540,2840833776,64866129


//Whirling Ovation
//notes:Aegis Speedrun Shopping #3 (RoN use) -> Burst damage
dimwishlist:item=1202007252&perks=,,,


//Wolfsbane
//notes:Aegis Speedrun Shopping #3 (CE use) -> Burst damage
dimwishlist:item=1753923263&perks=2827049491,3666208348,3865920555,


//Xenophage
//notes:Aegis Speedrun Shopping #3 (VoG use) -> Oracles
dimwishlist:item=1395261499&perks=,,,


